CPU pool (32 cores): 1–32
Listening on /tmp/omp-rm.sock (capacity=32, strategy=fair_share)
Accepted connection
Handling client
Request from pid 50634: max_threads=65535, hint_threads=32
[1788485301744] Granted 32 threads to pid 50634 (CPUs 1+32)
Request from pid 50634: max_threads=65535, hint_threads=32
[1788485302207] Granted 32 threads to pid 50634 (CPUs 1+32)
Request from pid 50634: max_threads=65535, hint_threads=32
[1788485302255] Granted 32 threads to pid 50634 (CPUs 1+32)
Request from pid 50634: max_threads=65535, hint_threads=32
[1788485302303] Granted 32 threads to pid 50634 (CPUs 1+32)
Request from pid 50634: max_threads=65535, hint_threads=32
[1788485302350] Granted 32 threads to pid 50634 (CPUs 1+32)
Request from pid 50634: max_threads=65535, hint_threads=32
[1788485302445] Granted 32 threads to pid 50634 (CPUs 1+32)
Request from pid 50634: max_threads=65535, hint_threads=32
[1788485302492] Granted 32 threads to pid 50634 (CPUs 1+32)
Request from pid 50634: max_threads=65535, hint_threads=32
[1788485302539] Granted 32 threads to pid 50634 (CPUs 1+32)
Request from pid 50634: max_threads=65535, hint_threads=32
[1788485302633] Granted 32 threads to pid 50634 (CPUs 1+32)
Request from pid 50634: max_threads=65535, hint_threads=32
[1788485302728] Granted 32 threads to pid 50634 (CPUs 1+32)
Request from pid 50634: max_threads=65535, hint_threads=32
[1788485302822] Granted 32 threads to pid 50634 (CPUs 1+32)
Request from pid 50634: max_threads=65535, hint_threads=32
[1788485302916] Granted 32 threads to pid 50634 (CPUs 1+32)
Request from pid 50634: max_threads=65535, hint_threads=32
[1788485302963] Granted 32 threads to pid 50634 (CPUs 1+32)
Request from pid 50634: max_threads=65535, hint_threads=32
[1788485303057] Granted 32 threads to pid 50634 (CPUs 1+32)
Request from pid 50634: max_threads=65535, hint_threads=32
[1788485303151] Granted 32 threads to pid 50634 (CPUs 1+32)
Request from pid 50634: max_threads=65535, hint_threads=32
[1788485303198] Granted 32 threads to pid 50634 (CPUs 1+32)
Request from pid 50634: max_threads=65535, hint_threads=32
[1788485303245] Granted 32 threads to pid 50634 (CPUs 1+32)
Request from pid 50634: max_threads=65535, hint_threads=32
[1788485303292] Granted 32 threads to pid 50634 (CPUs 1+32)
Request from pid 50634: max_threads=65535, hint_threads=32
[1788485303386] Granted 32 threads to pid 50634 (CPUs 1+32)
Request from pid 50634: max_threads=65535, hint_threads=32
[1788485303433] Granted 32 threads to pid 50634 (CPUs 1+32)
Request from pid 50634: max_threads=65535, hint_threads=32
[1788485303480] Granted 32 threads to pid 50634 (CPUs 1+32)
Request from pid 50634: max_threads=65535, hint_threads=32
[1788485303574] Granted 32 threads to pid 50634 (CPUs 1+32)
Request from pid 50634: max_threads=65535, hint_threads=32
[1788485303669] Granted 32 threads to pid 50634 (CPUs 1+32)
Request from pid 50634: max_threads=65535, hint_threads=32
[1788485303767] Granted 32 threads to pid 50634 (CPUs 1+32)
Request from pid 50634: max_threads=65535, hint_threads=32
[1788485303866] Granted 32 threads to pid 50634 (CPUs 1+32)
Request from pid 50634: max_threads=65535, hint_threads=32
[1788485303914] Granted 32 threads to pid 50634 (CPUs 1+32)
Request from pid 50634: max_threads=65535, hint_threads=32
[1788485304011] Granted 32 threads to pid 50634 (CPUs 1+32)
Request from pid 50634: max_threads=65535, hint_threads=32
[1788485304107] Granted 32 threads to pid 50634 (CPUs 1+32)
Request from pid 50634: max_threads=65535, hint_threads=32
[1788485304156] Granted 32 threads to pid 50634 (CPUs 1+32)
Request from pid 50634: max_threads=65535, hint_threads=32
[1788485304204] Granted 32 threads to pid 50634 (CPUs 1+32)
Request from pid 50634: max_threads=65535, hint_threads=32
[1788485304253] Granted 32 threads to pid 50634 (CPUs 1+32)
Request from pid 50634: max_threads=65535, hint_threads=32
[1788485304349] Granted 32 threads to pid 50634 (CPUs 1+32)
Request from pid 50634: max_threads=65535, hint_threads=32
[1788485304398] Granted 32 threads to pid 50634 (CPUs 1+32)
Request from pid 50634: max_threads=65535, hint_threads=32
[1788485304494] Granted 32 threads to pid 50634 (CPUs 1+32)
Request from pid 50634: max_threads=65535, hint_threads=32
[1788485304591] Granted 32 threads to pid 50634 (CPUs 1+32)
Request from pid 50634: max_threads=65535, hint_threads=32
[1788485304639] Granted 32 threads to pid 50634 (CPUs 1+32)
Request from pid 50634: max_threads=65535, hint_threads=32
[1788485304688] Granted 32 threads to pid 50634 (CPUs 1+32)
Request from pid 50634: max_threads=65535, hint_threads=32
[1788485304784] Granted 32 threads to pid 50634 (CPUs 1+32)
Request from pid 50634: max_threads=65535, hint_threads=32
[1788485304881] Granted 32 threads to pid 50634 (CPUs 1+32)
Request from pid 50634: max_threads=65535, hint_threads=32
[1788485304977] Granted 32 threads to pid 50634 (CPUs 1+32)
Request from pid 50634: max_threads=65535, hint_threads=32
[1788485305074] Granted 32 threads to pid 50634 (CPUs 1+32)
Request from pid 50634: max_threads=65535, hint_threads=32
[1788485305122] Granted 32 threads to pid 50634 (CPUs 1+32)
Request from pid 50634: max_threads=65535, hint_threads=32
[1788485305219] Granted 32 threads to pid 50634 (CPUs 1+32)
Request from pid 50634: max_threads=65535, hint_threads=32
[1788485305268] Granted 32 threads to pid 50634 (CPUs 1+32)
Request from pid 50634: max_threads=65535, hint_threads=32
[1788485305316] Granted 32 threads to pid 50634 (CPUs 1+32)
Request from pid 50634: max_threads=65535, hint_threads=32
[1788485305364] Granted 32 threads to pid 50634 (CPUs 1+32)
Request from pid 50634: max_threads=65535, hint_threads=32
[1788485305461] Granted 32 threads to pid 50634 (CPUs 1+32)
Request from pid 50634: max_threads=65535, hint_threads=32
[1788485305558] Granted 32 threads to pid 50634 (CPUs 1+32)
Request from pid 50634: max_threads=65535, hint_threads=32
[1788485305606] Granted 32 threads to pid 50634 (CPUs 1+32)
Request from pid 50634: max_threads=65535, hint_threads=32
[1788485305707] Granted 32 threads to pid 50634 (CPUs 1+32)
Request from pid 50634: max_threads=65535, hint_threads=32
[1788485305801] Granted 32 threads to pid 50634 (CPUs 1+32)
[1788485305806] Client pid 50634 disconnected — removed from state
Accepted connection
Handling client
Request from pid 50720: max_threads=65535, hint_threads=32
[1788485306330] Granted 32 threads to pid 50720 (CPUs 1+32)
Request from pid 50720: max_threads=65535, hint_threads=32
[1788485306795] Granted 32 threads to pid 50720 (CPUs 1+32)
Request from pid 50720: max_threads=65535, hint_threads=32
[1788485306843] Granted 32 threads to pid 50720 (CPUs 1+32)
Request from pid 50720: max_threads=65535, hint_threads=32
[1788485306892] Granted 32 threads to pid 50720 (CPUs 1+32)
Request from pid 50720: max_threads=65535, hint_threads=32
[1788485306988] Granted 32 threads to pid 50720 (CPUs 1+32)
Request from pid 50720: max_threads=65535, hint_threads=32
[1788485307084] Granted 32 threads to pid 50720 (CPUs 1+32)
Request from pid 50720: max_threads=65535, hint_threads=32
[1788485307180] Granted 32 threads to pid 50720 (CPUs 1+32)
Request from pid 50720: max_threads=65535, hint_threads=32
[1788485307275] Granted 32 threads to pid 50720 (CPUs 1+32)
Request from pid 50720: max_threads=65535, hint_threads=32
[1788485307323] Granted 32 threads to pid 50720 (CPUs 1+32)
Request from pid 50720: max_threads=65535, hint_threads=32
[1788485307419] Granted 32 threads to pid 50720 (CPUs 1+32)
Request from pid 50720: max_threads=65535, hint_threads=32
[1788485307514] Granted 32 threads to pid 50720 (CPUs 1+32)
Request from pid 50720: max_threads=65535, hint_threads=32
[1788485307562] Granted 32 threads to pid 50720 (CPUs 1+32)
Request from pid 50720: max_threads=65535, hint_threads=32
[1788485307658] Granted 32 threads to pid 50720 (CPUs 1+32)
Request from pid 50720: max_threads=65535, hint_threads=32
[1788485307753] Granted 32 threads to pid 50720 (CPUs 1+32)
Request from pid 50720: max_threads=65535, hint_threads=32
[1788485307800] Granted 32 threads to pid 50720 (CPUs 1+32)
Request from pid 50720: max_threads=65535, hint_threads=32
[1788485307896] Granted 32 threads to pid 50720 (CPUs 1+32)
Request from pid 50720: max_threads=65535, hint_threads=32
[1788485307993] Granted 32 threads to pid 50720 (CPUs 1+32)
Request from pid 50720: max_threads=65535, hint_threads=32
[1788485308043] Granted 32 threads to pid 50720 (CPUs 1+32)
Request from pid 50720: max_threads=65535, hint_threads=32
[1788485308143] Granted 32 threads to pid 50720 (CPUs 1+32)
Request from pid 50720: max_threads=65535, hint_threads=32
[1788485308241] Granted 32 threads to pid 50720 (CPUs 1+32)
Request from pid 50720: max_threads=65535, hint_threads=32
[1788485308290] Granted 32 threads to pid 50720 (CPUs 1+32)
Request from pid 50720: max_threads=65535, hint_threads=32
[1788485308388] Granted 32 threads to pid 50720 (CPUs 1+32)
Request from pid 50720: max_threads=65535, hint_threads=32
[1788485308486] Granted 32 threads to pid 50720 (CPUs 1+32)
Request from pid 50720: max_threads=65535, hint_threads=32
[1788485308535] Granted 32 threads to pid 50720 (CPUs 1+32)
Request from pid 50720: max_threads=65535, hint_threads=32
[1788485308634] Granted 32 threads to pid 50720 (CPUs 1+32)
Request from pid 50720: max_threads=65535, hint_threads=32
[1788485308733] Granted 32 threads to pid 50720 (CPUs 1+32)
Request from pid 50720: max_threads=65535, hint_threads=32
[1788485308782] Granted 32 threads to pid 50720 (CPUs 1+32)
Request from pid 50720: max_threads=65535, hint_threads=32
[1788485308880] Granted 32 threads to pid 50720 (CPUs 1+32)
Request from pid 50720: max_threads=65535, hint_threads=32
[1788485308929] Granted 32 threads to pid 50720 (CPUs 1+32)
Request from pid 50720: max_threads=65535, hint_threads=32
[1788485309027] Granted 32 threads to pid 50720 (CPUs 1+32)
Request from pid 50720: max_threads=65535, hint_threads=32
[1788485309125] Granted 32 threads to pid 50720 (CPUs 1+32)
Request from pid 50720: max_threads=65535, hint_threads=32
[1788485309223] Granted 32 threads to pid 50720 (CPUs 1+32)
Request from pid 50720: max_threads=65535, hint_threads=32
[1788485309272] Granted 32 threads to pid 50720 (CPUs 1+32)
Request from pid 50720: max_threads=65535, hint_threads=32
[1788485309371] Granted 32 threads to pid 50720 (CPUs 1+32)
Request from pid 50720: max_threads=65535, hint_threads=32
[1788485309469] Granted 32 threads to pid 50720 (CPUs 1+32)
Request from pid 50720: max_threads=65535, hint_threads=32
[1788485309518] Granted 32 threads to pid 50720 (CPUs 1+32)
Request from pid 50720: max_threads=65535, hint_threads=32
[1788485309616] Granted 32 threads to pid 50720 (CPUs 1+32)
Request from pid 50720: max_threads=65535, hint_threads=32
[1788485309714] Granted 32 threads to pid 50720 (CPUs 1+32)
Request from pid 50720: max_threads=65535, hint_threads=32
[1788485309812] Granted 32 threads to pid 50720 (CPUs 1+32)
Request from pid 50720: max_threads=65535, hint_threads=32
[1788485309910] Granted 32 threads to pid 50720 (CPUs 1+32)
Request from pid 50720: max_threads=65535, hint_threads=32
[1788485310008] Granted 32 threads to pid 50720 (CPUs 1+32)
Request from pid 50720: max_threads=65535, hint_threads=32
[1788485310106] Granted 32 threads to pid 50720 (CPUs 1+32)
Request from pid 50720: max_threads=65535, hint_threads=32
[1788485310205] Granted 32 threads to pid 50720 (CPUs 1+32)
Request from pid 50720: max_threads=65535, hint_threads=32
[1788485310254] Granted 32 threads to pid 50720 (CPUs 1+32)
Request from pid 50720: max_threads=65535, hint_threads=32
[1788485310352] Granted 32 threads to pid 50720 (CPUs 1+32)
Request from pid 50720: max_threads=65535, hint_threads=32
[1788485310401] Granted 32 threads to pid 50720 (CPUs 1+32)
[1788485310455] Client pid 50720 disconnected — removed from state
Accepted connection
Handling client
Request from pid 50802: max_threads=65535, hint_threads=32
[1788485310979] Granted 32 threads to pid 50802 (CPUs 1+32)
Request from pid 50802: max_threads=65535, hint_threads=32
[1788485311446] Granted 32 threads to pid 50802 (CPUs 1+32)
Request from pid 50802: max_threads=65535, hint_threads=32
[1788485311494] Granted 32 threads to pid 50802 (CPUs 1+32)
Request from pid 50802: max_threads=65535, hint_threads=32
[1788485311543] Granted 32 threads to pid 50802 (CPUs 1+32)
Request from pid 50802: max_threads=65535, hint_threads=32
[1788485311639] Granted 32 threads to pid 50802 (CPUs 1+32)
Request from pid 50802: max_threads=65535, hint_threads=32
[1788485311735] Granted 32 threads to pid 50802 (CPUs 1+32)
Accepted connection
Handling client
Request from pid 50882: max_threads=65535, hint_threads=32
[1788485311751] Granted 16 threads to pid 50882 (CPUs 17+16)
Request from pid 50802: max_threads=65535, hint_threads=32
[1788485312082] Granted 16 threads to pid 50802 (CPUs 1+16)
Request from pid 50802: max_threads=65535, hint_threads=32
[1788485312759] Granted 16 threads to pid 50802 (CPUs 1+16)
Request from pid 50802: max_threads=65535, hint_threads=32
[1788485312960] Granted 16 threads to pid 50802 (CPUs 1+16)
Request from pid 50882: max_threads=65535, hint_threads=32
[1788485312977] Granted 16 threads to pid 50882 (CPUs 17+16)
Request from pid 50802: max_threads=65535, hint_threads=32
[1788485313121] Granted 16 threads to pid 50802 (CPUs 1+16)
Request from pid 50882: max_threads=65535, hint_threads=32
[1788485313146] Granted 16 threads to pid 50882 (CPUs 17+16)
Request from pid 50802: max_threads=65535, hint_threads=32
[1788485313246] Granted 16 threads to pid 50802 (CPUs 1+16)
Request from pid 50882: max_threads=65535, hint_threads=32
[1788485313327] Granted 16 threads to pid 50882 (CPUs 17+16)
Request from pid 50802: max_threads=65535, hint_threads=32
[1788485313417] Granted 16 threads to pid 50802 (CPUs 1+16)
Request from pid 50882: max_threads=65535, hint_threads=32
[1788485313502] Granted 16 threads to pid 50882 (CPUs 17+16)
Request from pid 50802: max_threads=65535, hint_threads=32
[1788485313589] Granted 16 threads to pid 50802 (CPUs 1+16)
Request from pid 50882: max_threads=65535, hint_threads=32
[1788485313675] Granted 16 threads to pid 50882 (CPUs 17+16)
Request from pid 50802: max_threads=65535, hint_threads=32
[1788485313675] Granted 16 threads to pid 50802 (CPUs 1+16)
Request from pid 50882: max_threads=65535, hint_threads=32
[1788485313813] Granted 16 threads to pid 50882 (CPUs 17+16)
Request from pid 50802: max_threads=65535, hint_threads=32
[1788485313855] Granted 16 threads to pid 50802 (CPUs 1+16)
Request from pid 50882: max_threads=65535, hint_threads=32
[1788485313910] Granted 16 threads to pid 50882 (CPUs 17+16)
Request from pid 50802: max_threads=65535, hint_threads=32
[1788485314045] Granted 16 threads to pid 50802 (CPUs 1+16)
Request from pid 50882: max_threads=65535, hint_threads=32
[1788485314107] Granted 16 threads to pid 50882 (CPUs 17+16)
Request from pid 50802: max_threads=65535, hint_threads=32
[1788485314143] Granted 16 threads to pid 50802 (CPUs 1+16)
Request from pid 50882: max_threads=65535, hint_threads=32
[1788485314306] Granted 16 threads to pid 50882 (CPUs 17+16)
Request from pid 50802: max_threads=65535, hint_threads=32
[1788485314336] Granted 16 threads to pid 50802 (CPUs 1+16)
Request from pid 50882: max_threads=65535, hint_threads=32
[1788485314405] Granted 16 threads to pid 50882 (CPUs 17+16)
Request from pid 50802: max_threads=65535, hint_threads=32
[1788485314530] Granted 16 threads to pid 50802 (CPUs 1+16)
Request from pid 50882: max_threads=65535, hint_threads=32
[1788485314602] Granted 16 threads to pid 50882 (CPUs 17+16)
Request from pid 50802: max_threads=65535, hint_threads=32
[1788485314627] Granted 16 threads to pid 50802 (CPUs 1+16)
Request from pid 50882: max_threads=65535, hint_threads=32
[1788485314798] Granted 16 threads to pid 50882 (CPUs 17+16)
Request from pid 50802: max_threads=65535, hint_threads=32
[1788485314820] Granted 16 threads to pid 50802 (CPUs 1+16)
Request from pid 50882: max_threads=65535, hint_threads=32
[1788485314896] Granted 16 threads to pid 50882 (CPUs 17+16)
Request from pid 50802: max_threads=65535, hint_threads=32
[1788485315013] Granted 16 threads to pid 50802 (CPUs 1+16)
Request from pid 50882: max_threads=65535, hint_threads=32
[1788485315094] Granted 16 threads to pid 50882 (CPUs 17+16)
Request from pid 50802: max_threads=65535, hint_threads=32
[1788485315112] Granted 16 threads to pid 50802 (CPUs 1+16)
Request from pid 50882: max_threads=65535, hint_threads=32
[1788485315290] Granted 16 threads to pid 50882 (CPUs 17+16)
Request from pid 50802: max_threads=65535, hint_threads=32
[1788485315305] Granted 16 threads to pid 50802 (CPUs 1+16)
Request from pid 50882: max_threads=65535, hint_threads=32
[1788485315389] Granted 16 threads to pid 50882 (CPUs 17+16)
Request from pid 50802: max_threads=65535, hint_threads=32
[1788485315498] Granted 16 threads to pid 50802 (CPUs 1+16)
Request from pid 50882: max_threads=65535, hint_threads=32
[1788485315585] Granted 16 threads to pid 50882 (CPUs 17+16)
Request from pid 50802: max_threads=65535, hint_threads=32
[1788485315596] Granted 16 threads to pid 50802 (CPUs 1+16)
Request from pid 50882: max_threads=65535, hint_threads=32
[1788485315783] Granted 16 threads to pid 50882 (CPUs 17+16)
Request from pid 50802: max_threads=65535, hint_threads=32
[1788485315791] Granted 16 threads to pid 50802 (CPUs 1+16)
Request from pid 50882: max_threads=65535, hint_threads=32
[1788485315980] Granted 16 threads to pid 50882 (CPUs 17+16)
Request from pid 50802: max_threads=65535, hint_threads=32
[1788485315985] Granted 16 threads to pid 50802 (CPUs 1+16)
Request from pid 50802: max_threads=65535, hint_threads=32
[1788485316082] Granted 16 threads to pid 50802 (CPUs 1+16)
Request from pid 50882: max_threads=65535, hint_threads=32
[1788485316177] Granted 16 threads to pid 50882 (CPUs 17+16)
Request from pid 50802: max_threads=65535, hint_threads=32
[1788485316277] Granted 16 threads to pid 50802 (CPUs 1+16)
Request from pid 50882: max_threads=65535, hint_threads=32
[1788485316374] Granted 16 threads to pid 50882 (CPUs 17+16)
Request from pid 50802: max_threads=65535, hint_threads=32
[1788485316472] Granted 16 threads to pid 50802 (CPUs 1+16)
Request from pid 50802: max_threads=65535, hint_threads=32
[1788485316569] Granted 16 threads to pid 50802 (CPUs 1+16)
Request from pid 50882: max_threads=65535, hint_threads=32
[1788485316571] Granted 16 threads to pid 50882 (CPUs 17+16)
Request from pid 50802: max_threads=65535, hint_threads=32
[1788485316765] Granted 16 threads to pid 50802 (CPUs 1+16)
Request from pid 50882: max_threads=65535, hint_threads=32
[1788485316770] Granted 16 threads to pid 50882 (CPUs 17+16)
Request from pid 50882: max_threads=65535, hint_threads=32
[1788485316868] Granted 16 threads to pid 50882 (CPUs 17+16)
Request from pid 50802: max_threads=65535, hint_threads=32
[1788485316959] Granted 16 threads to pid 50802 (CPUs 1+16)
Request from pid 50802: max_threads=65535, hint_threads=32
[1788485317057] Granted 16 threads to pid 50802 (CPUs 1+16)
Request from pid 50882: max_threads=65535, hint_threads=32
[1788485317065] Granted 16 threads to pid 50882 (CPUs 17+16)
Request from pid 50802: max_threads=65535, hint_threads=32
[1788485317251] Granted 16 threads to pid 50802 (CPUs 1+16)
Request from pid 50882: max_threads=65535, hint_threads=32
[1788485317261] Granted 16 threads to pid 50882 (CPUs 17+16)
Request from pid 50882: max_threads=65535, hint_threads=32
[1788485317360] Granted 16 threads to pid 50882 (CPUs 17+16)
Request from pid 50802: max_threads=65535, hint_threads=32
[1788485317447] Granted 16 threads to pid 50802 (CPUs 1+16)
Request from pid 50802: max_threads=65535, hint_threads=32
[1788485317544] Granted 16 threads to pid 50802 (CPUs 1+16)
Request from pid 50882: max_threads=65535, hint_threads=32
[1788485317557] Granted 16 threads to pid 50882 (CPUs 17+16)
Request from pid 50802: max_threads=65535, hint_threads=32
[1788485317738] Granted 16 threads to pid 50802 (CPUs 1+16)
Request from pid 50882: max_threads=65535, hint_threads=32
[1788485317754] Granted 16 threads to pid 50882 (CPUs 17+16)
Request from pid 50882: max_threads=65535, hint_threads=32
[1788485317852] Granted 16 threads to pid 50882 (CPUs 17+16)
Request from pid 50802: max_threads=65535, hint_threads=32
[1788485317932] Granted 16 threads to pid 50802 (CPUs 1+16)
Request from pid 50802: max_threads=65535, hint_threads=32
[1788485318030] Granted 16 threads to pid 50802 (CPUs 1+16)
Request from pid 50882: max_threads=65535, hint_threads=32
[1788485318049] Granted 16 threads to pid 50882 (CPUs 17+16)
Request from pid 50802: max_threads=65535, hint_threads=32
[1788485318224] Granted 16 threads to pid 50802 (CPUs 1+16)
Request from pid 50882: max_threads=65535, hint_threads=32
[1788485318246] Granted 16 threads to pid 50882 (CPUs 17+16)
Request from pid 50882: max_threads=65535, hint_threads=32
[1788485318345] Granted 16 threads to pid 50882 (CPUs 17+16)
Request from pid 50802: max_threads=65535, hint_threads=32
[1788485318419] Granted 16 threads to pid 50802 (CPUs 1+16)
Request from pid 50802: max_threads=65535, hint_threads=32
[1788485318516] Granted 16 threads to pid 50802 (CPUs 1+16)
Request from pid 50882: max_threads=65535, hint_threads=32
[1788485318541] Granted 16 threads to pid 50882 (CPUs 17+16)
Request from pid 50802: max_threads=65535, hint_threads=32
[1788485318711] Granted 16 threads to pid 50802 (CPUs 1+16)
Request from pid 50882: max_threads=65535, hint_threads=32
[1788485318738] Granted 16 threads to pid 50882 (CPUs 17+16)
Request from pid 50882: max_threads=65535, hint_threads=32
[1788485318836] Granted 16 threads to pid 50882 (CPUs 17+16)
Request from pid 50802: max_threads=65535, hint_threads=32
[1788485318905] Granted 16 threads to pid 50802 (CPUs 1+16)
Request from pid 50802: max_threads=65535, hint_threads=32
[1788485319002] Granted 16 threads to pid 50802 (CPUs 1+16)
Request from pid 50882: max_threads=65535, hint_threads=32
[1788485319033] Granted 16 threads to pid 50882 (CPUs 17+16)
Request from pid 50802: max_threads=65535, hint_threads=32
[1788485319197] Granted 16 threads to pid 50802 (CPUs 1+16)
Request from pid 50882: max_threads=65535, hint_threads=32
[1788485319229] Granted 16 threads to pid 50882 (CPUs 17+16)
Request from pid 50882: max_threads=65535, hint_threads=32
[1788485319329] Granted 16 threads to pid 50882 (CPUs 17+16)
Request from pid 50802: max_threads=65535, hint_threads=32
[1788485319391] Granted 16 threads to pid 50802 (CPUs 1+16)
[1788485319396] Client pid 50802 disconnected — removed from state
Request from pid 50882: max_threads=65535, hint_threads=32
[1788485319502] Granted 32 threads to pid 50882 (CPUs 1+32)
Request from pid 50882: max_threads=65535, hint_threads=32
[1788485319638] Granted 32 threads to pid 50882 (CPUs 1+32)
Request from pid 50882: max_threads=65535, hint_threads=32
[1788485319735] Granted 32 threads to pid 50882 (CPUs 1+32)
Request from pid 50882: max_threads=65535, hint_threads=32
[1788485319832] Granted 32 threads to pid 50882 (CPUs 1+32)
Accepted connection
Handling client
Request from pid 50957: max_threads=65535, hint_threads=32
[1788485319927] Granted 16 threads to pid 50957 (CPUs 17+16)
Request from pid 50882: max_threads=65535, hint_threads=32
[1788485319999] Granted 16 threads to pid 50882 (CPUs 1+16)
Request from pid 50882: max_threads=65535, hint_threads=32
[1788485320374] Granted 16 threads to pid 50882 (CPUs 1+16)
Request from pid 50882: max_threads=65535, hint_threads=32
[1788485320711] Granted 16 threads to pid 50882 (CPUs 1+16)
Request from pid 50957: max_threads=65535, hint_threads=32
[1788485321074] Granted 16 threads to pid 50957 (CPUs 17+16)
Request from pid 50882: max_threads=65535, hint_threads=32
[1788485321142] Granted 16 threads to pid 50882 (CPUs 1+16)
[1788485321147] Client pid 50882 disconnected — removed from state
Request from pid 50957: max_threads=65535, hint_threads=32
[1788485321158] Granted 32 threads to pid 50957 (CPUs 1+32)
Request from pid 50957: max_threads=65535, hint_threads=32
[1788485321214] Granted 32 threads to pid 50957 (CPUs 1+32)
Request from pid 50957: max_threads=65535, hint_threads=32
[1788485321310] Granted 32 threads to pid 50957 (CPUs 1+32)
Request from pid 50957: max_threads=65535, hint_threads=32
[1788485321405] Granted 32 threads to pid 50957 (CPUs 1+32)
Request from pid 50957: max_threads=65535, hint_threads=32
[1788485321501] Granted 32 threads to pid 50957 (CPUs 1+32)
Request from pid 50957: max_threads=65535, hint_threads=32
[1788485321597] Granted 32 threads to pid 50957 (CPUs 1+32)
Request from pid 50957: max_threads=65535, hint_threads=32
[1788485321645] Granted 32 threads to pid 50957 (CPUs 1+32)
Accepted connection
Handling client
Request from pid 51000: max_threads=65535, hint_threads=32
[1788485321686] Granted 16 threads to pid 51000 (CPUs 17+16)
Request from pid 50957: max_threads=65535, hint_threads=32
[1788485321771] Granted 16 threads to pid 50957 (CPUs 1+16)
Request from pid 50957: max_threads=65535, hint_threads=32
[1788485322691] Granted 16 threads to pid 50957 (CPUs 1+16)
Request from pid 51000: max_threads=65535, hint_threads=32
[1788485322983] Granted 16 threads to pid 51000 (CPUs 17+16)
Request from pid 51000: max_threads=65535, hint_threads=32
[1788485323110] Granted 16 threads to pid 51000 (CPUs 17+16)
Request from pid 50957: max_threads=65535, hint_threads=32
[1788485323143] Granted 16 threads to pid 50957 (CPUs 1+16)
Request from pid 51000: max_threads=65535, hint_threads=32
[1788485323197] Granted 16 threads to pid 51000 (CPUs 17+16)
Request from pid 50957: max_threads=65535, hint_threads=32
[1788485323318] Granted 16 threads to pid 50957 (CPUs 1+16)
Request from pid 51000: max_threads=65535, hint_threads=32
[1788485323372] Granted 16 threads to pid 51000 (CPUs 17+16)
Request from pid 50957: max_threads=65535, hint_threads=32
[1788485323445] Granted 16 threads to pid 50957 (CPUs 1+16)
Request from pid 51000: max_threads=65535, hint_threads=32
[1788485323563] Granted 16 threads to pid 51000 (CPUs 17+16)
Request from pid 50957: max_threads=65535, hint_threads=32
[1788485323636] Granted 16 threads to pid 50957 (CPUs 1+16)
Request from pid 51000: max_threads=65535, hint_threads=32
[1788485323758] Granted 16 threads to pid 51000 (CPUs 17+16)
Request from pid 50957: max_threads=65535, hint_threads=32
[1788485323827] Granted 16 threads to pid 50957 (CPUs 1+16)
Request from pid 51000: max_threads=65535, hint_threads=32
[1788485323959] Granted 16 threads to pid 51000 (CPUs 17+16)
Request from pid 50957: max_threads=65535, hint_threads=32
[1788485324023] Granted 16 threads to pid 50957 (CPUs 1+16)
Request from pid 51000: max_threads=65535, hint_threads=32
[1788485324061] Granted 16 threads to pid 51000 (CPUs 17+16)
Request from pid 50957: max_threads=65535, hint_threads=32
[1788485324217] Granted 16 threads to pid 50957 (CPUs 1+16)
Request from pid 51000: max_threads=65535, hint_threads=32
[1788485324262] Granted 16 threads to pid 51000 (CPUs 17+16)
Request from pid 50957: max_threads=65535, hint_threads=32
[1788485324410] Granted 16 threads to pid 50957 (CPUs 1+16)
Request from pid 51000: max_threads=65535, hint_threads=32
[1788485324464] Granted 16 threads to pid 51000 (CPUs 17+16)
Request from pid 51000: max_threads=65535, hint_threads=32
[1788485324565] Granted 16 threads to pid 51000 (CPUs 17+16)
Request from pid 50957: max_threads=65535, hint_threads=32
[1788485324602] Granted 16 threads to pid 50957 (CPUs 1+16)
Request from pid 51000: max_threads=65535, hint_threads=32
[1788485324769] Granted 16 threads to pid 51000 (CPUs 17+16)
Request from pid 50957: max_threads=65535, hint_threads=32
[1788485324794] Granted 16 threads to pid 50957 (CPUs 1+16)
Request from pid 51000: max_threads=65535, hint_threads=32
[1788485324972] Granted 16 threads to pid 51000 (CPUs 17+16)
Request from pid 50957: max_threads=65535, hint_threads=32
[1788485324986] Granted 16 threads to pid 50957 (CPUs 1+16)
Request from pid 51000: max_threads=65535, hint_threads=32
[1788485325073] Granted 16 threads to pid 51000 (CPUs 17+16)
Request from pid 50957: max_threads=65535, hint_threads=32
[1788485325178] Granted 16 threads to pid 50957 (CPUs 1+16)
Request from pid 50957: max_threads=65535, hint_threads=32
[1788485325274] Granted 16 threads to pid 50957 (CPUs 1+16)
Request from pid 51000: max_threads=65535, hint_threads=32
[1788485325275] Granted 16 threads to pid 51000 (CPUs 17+16)
Request from pid 50957: max_threads=65535, hint_threads=32
[1788485325466] Granted 16 threads to pid 50957 (CPUs 1+16)
Request from pid 51000: max_threads=65535, hint_threads=32
[1788485325478] Granted 16 threads to pid 51000 (CPUs 17+16)
Request from pid 51000: max_threads=65535, hint_threads=32
[1788485325579] Granted 16 threads to pid 51000 (CPUs 17+16)
Request from pid 50957: max_threads=65535, hint_threads=32
[1788485325658] Granted 16 threads to pid 50957 (CPUs 1+16)
Request from pid 50957: max_threads=65535, hint_threads=32
[1788485325754] Granted 16 threads to pid 50957 (CPUs 1+16)
Request from pid 51000: max_threads=65535, hint_threads=32
[1788485325781] Granted 16 threads to pid 51000 (CPUs 17+16)
Request from pid 50957: max_threads=65535, hint_threads=32
[1788485325946] Granted 16 threads to pid 50957 (CPUs 1+16)
Request from pid 51000: max_threads=65535, hint_threads=32
[1788485325984] Granted 16 threads to pid 51000 (CPUs 17+16)
Request from pid 51000: max_threads=65535, hint_threads=32
[1788485326085] Granted 16 threads to pid 51000 (CPUs 17+16)
Request from pid 50957: max_threads=65535, hint_threads=32
[1788485326137] Granted 16 threads to pid 50957 (CPUs 1+16)
Request from pid 50957: max_threads=65535, hint_threads=32
[1788485326233] Granted 16 threads to pid 50957 (CPUs 1+16)
Request from pid 51000: max_threads=65535, hint_threads=32
[1788485326288] Granted 16 threads to pid 51000 (CPUs 17+16)
Request from pid 50957: max_threads=65535, hint_threads=32
[1788485326425] Granted 16 threads to pid 50957 (CPUs 1+16)
Request from pid 51000: max_threads=65535, hint_threads=32
[1788485326491] Granted 16 threads to pid 51000 (CPUs 17+16)
Request from pid 51000: max_threads=65535, hint_threads=32
[1788485326593] Granted 16 threads to pid 51000 (CPUs 17+16)
Request from pid 50957: max_threads=65535, hint_threads=32
[1788485326616] Granted 16 threads to pid 50957 (CPUs 1+16)
Request from pid 50957: max_threads=65535, hint_threads=32
[1788485326713] Granted 16 threads to pid 50957 (CPUs 1+16)
Request from pid 51000: max_threads=65535, hint_threads=32
[1788485326797] Granted 16 threads to pid 51000 (CPUs 17+16)
Request from pid 50957: max_threads=65535, hint_threads=32
[1788485326906] Granted 16 threads to pid 50957 (CPUs 1+16)
Request from pid 51000: max_threads=65535, hint_threads=32
[1788485327000] Granted 16 threads to pid 51000 (CPUs 17+16)
Request from pid 50957: max_threads=65535, hint_threads=32
[1788485327097] Granted 16 threads to pid 50957 (CPUs 1+16)
Request from pid 51000: max_threads=65535, hint_threads=32
[1788485327202] Granted 16 threads to pid 51000 (CPUs 17+16)
Request from pid 50957: max_threads=65535, hint_threads=32
[1788485327289] Granted 16 threads to pid 50957 (CPUs 1+16)
Request from pid 51000: max_threads=65535, hint_threads=32
[1788485327406] Granted 16 threads to pid 51000 (CPUs 17+16)
Request from pid 50957: max_threads=65535, hint_threads=32
[1788485327480] Granted 16 threads to pid 50957 (CPUs 1+16)
Request from pid 51000: max_threads=65535, hint_threads=32
[1788485327609] Granted 16 threads to pid 51000 (CPUs 17+16)
Request from pid 50957: max_threads=65535, hint_threads=32
[1788485327671] Granted 16 threads to pid 50957 (CPUs 1+16)
Request from pid 51000: max_threads=65535, hint_threads=32
[1788485327811] Granted 16 threads to pid 51000 (CPUs 17+16)
Request from pid 50957: max_threads=65535, hint_threads=32
[1788485327863] Granted 16 threads to pid 50957 (CPUs 1+16)
Request from pid 51000: max_threads=65535, hint_threads=32
[1788485327912] Granted 16 threads to pid 51000 (CPUs 17+16)
Request from pid 50957: max_threads=65535, hint_threads=32
[1788485328055] Granted 16 threads to pid 50957 (CPUs 1+16)
Request from pid 51000: max_threads=65535, hint_threads=32
[1788485328114] Granted 16 threads to pid 51000 (CPUs 17+16)
Request from pid 50957: max_threads=65535, hint_threads=32
[1788485328151] Granted 16 threads to pid 50957 (CPUs 1+16)
Request from pid 51000: max_threads=65535, hint_threads=32
[1788485328316] Granted 16 threads to pid 51000 (CPUs 17+16)
Request from pid 50957: max_threads=65535, hint_threads=32
[1788485328344] Granted 16 threads to pid 50957 (CPUs 1+16)
Request from pid 51000: max_threads=65535, hint_threads=32
[1788485328519] Granted 16 threads to pid 51000 (CPUs 17+16)
Request from pid 50957: max_threads=65535, hint_threads=32
[1788485328536] Granted 16 threads to pid 50957 (CPUs 1+16)
Request from pid 50957: max_threads=65535, hint_threads=32
[1788485328632] Granted 16 threads to pid 50957 (CPUs 1+16)
Request from pid 51000: max_threads=65535, hint_threads=32
[1788485328722] Granted 16 threads to pid 51000 (CPUs 17+16)
Request from pid 50957: max_threads=65535, hint_threads=32
[1788485328824] Granted 16 threads to pid 50957 (CPUs 1+16)
Request from pid 51000: max_threads=65535, hint_threads=32
[1788485328925] Granted 16 threads to pid 51000 (CPUs 17+16)
Request from pid 50957: max_threads=65535, hint_threads=32
[1788485329016] Granted 16 threads to pid 50957 (CPUs 1+16)
[1788485329021] Client pid 50957 disconnected — removed from state
Request from pid 51000: max_threads=65535, hint_threads=32
[1788485329108] Granted 32 threads to pid 51000 (CPUs 1+32)
Request from pid 51000: max_threads=65535, hint_threads=32
[1788485329247] Granted 32 threads to pid 51000 (CPUs 1+32)
Request from pid 51000: max_threads=65535, hint_threads=32
[1788485329345] Granted 32 threads to pid 51000 (CPUs 1+32)
Request from pid 51000: max_threads=65535, hint_threads=32
[1788485329394] Granted 32 threads to pid 51000 (CPUs 1+32)
Request from pid 51000: max_threads=65535, hint_threads=32
[1788485329491] Granted 32 threads to pid 51000 (CPUs 1+32)
Request from pid 51000: max_threads=65535, hint_threads=32
[1788485329542] Granted 32 threads to pid 51000 (CPUs 1+32)
Accepted connection
Handling client
Request from pid 51138: max_threads=65535, hint_threads=32
[1788485329554] Granted 16 threads to pid 51138 (CPUs 17+16)
Request from pid 51000: max_threads=65535, hint_threads=32
[1788485329999] Granted 16 threads to pid 51000 (CPUs 1+16)
Request from pid 51000: max_threads=65535, hint_threads=32
[1788485330473] Granted 16 threads to pid 51000 (CPUs 1+16)
Request from pid 51000: max_threads=65535, hint_threads=32
[1788485330682] Granted 16 threads to pid 51000 (CPUs 1+16)
Request from pid 51138: max_threads=65535, hint_threads=32
[1788485330851] Granted 16 threads to pid 51138 (CPUs 17+16)
Request from pid 51000: max_threads=65535, hint_threads=32
[1788485330868] Granted 16 threads to pid 51000 (CPUs 1+16)
Request from pid 51138: max_threads=65535, hint_threads=32
[1788485330936] Granted 16 threads to pid 51138 (CPUs 17+16)
Request from pid 51138: max_threads=65535, hint_threads=32
[1788485331021] Granted 16 threads to pid 51138 (CPUs 17+16)
Request from pid 51000: max_threads=65535, hint_threads=32
[1788485331057] Granted 16 threads to pid 51000 (CPUs 1+16)
Request from pid 51000: max_threads=65535, hint_threads=32
[1788485331166] Granted 16 threads to pid 51000 (CPUs 1+16)
[1788485331170] Client pid 51000 disconnected — removed from state
Request from pid 51138: max_threads=65535, hint_threads=32
[1788485331197] Granted 32 threads to pid 51138 (CPUs 1+32)
Request from pid 51138: max_threads=65535, hint_threads=32
[1788485331332] Granted 32 threads to pid 51138 (CPUs 1+32)
Request from pid 51138: max_threads=65535, hint_threads=32
[1788485331428] Granted 32 threads to pid 51138 (CPUs 1+32)
Request from pid 51138: max_threads=65535, hint_threads=32
[1788485331523] Granted 32 threads to pid 51138 (CPUs 1+32)
Request from pid 51138: max_threads=65535, hint_threads=32
[1788485331571] Granted 32 threads to pid 51138 (CPUs 1+32)
Request from pid 51138: max_threads=65535, hint_threads=32
[1788485331667] Granted 32 threads to pid 51138 (CPUs 1+32)
Accepted connection
Handling client
Request from pid 51179: max_threads=65535, hint_threads=32
[1788485331705] Granted 16 threads to pid 51179 (CPUs 17+16)
Request from pid 51138: max_threads=65535, hint_threads=32
[1788485331847] Granted 16 threads to pid 51138 (CPUs 1+16)
Request from pid 51179: max_threads=65535, hint_threads=32
[1788485332926] Granted 16 threads to pid 51179 (CPUs 17+16)
Request from pid 51138: max_threads=65535, hint_threads=32
[1788485332942] Granted 16 threads to pid 51138 (CPUs 1+16)
Request from pid 51179: max_threads=65535, hint_threads=32
[1788485333106] Granted 16 threads to pid 51179 (CPUs 17+16)
Request from pid 51138: max_threads=65535, hint_threads=32
[1788485333113] Granted 16 threads to pid 51138 (CPUs 1+16)
Request from pid 51179: max_threads=65535, hint_threads=32
[1788485333211] Granted 16 threads to pid 51179 (CPUs 17+16)
Request from pid 51138: max_threads=65535, hint_threads=32
[1788485333298] Granted 16 threads to pid 51138 (CPUs 1+16)
Request from pid 51138: max_threads=65535, hint_threads=32
[1788485333391] Granted 16 threads to pid 51138 (CPUs 1+16)
Request from pid 51179: max_threads=65535, hint_threads=32
[1788485333412] Granted 16 threads to pid 51179 (CPUs 17+16)
Request from pid 51138: max_threads=65535, hint_threads=32
[1788485333578] Granted 16 threads to pid 51138 (CPUs 1+16)
Request from pid 51179: max_threads=65535, hint_threads=32
[1788485333611] Granted 16 threads to pid 51179 (CPUs 17+16)
Request from pid 51138: max_threads=65535, hint_threads=32
[1788485333770] Granted 16 threads to pid 51138 (CPUs 1+16)
Request from pid 51179: max_threads=65535, hint_threads=32
[1788485333818] Granted 16 threads to pid 51179 (CPUs 17+16)
Request from pid 51138: max_threads=65535, hint_threads=32
[1788485333866] Granted 16 threads to pid 51138 (CPUs 1+16)
Request from pid 51179: max_threads=65535, hint_threads=32
[1788485334024] Granted 16 threads to pid 51179 (CPUs 17+16)
Request from pid 51138: max_threads=65535, hint_threads=32
[1788485334058] Granted 16 threads to pid 51138 (CPUs 1+16)
Request from pid 51179: max_threads=65535, hint_threads=32
[1788485334126] Granted 16 threads to pid 51179 (CPUs 17+16)
Request from pid 51138: max_threads=65535, hint_threads=32
[1788485334249] Granted 16 threads to pid 51138 (CPUs 1+16)
Request from pid 51179: max_threads=65535, hint_threads=32
[1788485334332] Granted 16 threads to pid 51179 (CPUs 17+16)
Request from pid 51138: max_threads=65535, hint_threads=32
[1788485334345] Granted 16 threads to pid 51138 (CPUs 1+16)
Request from pid 51138: max_threads=65535, hint_threads=32
[1788485334441] Granted 16 threads to pid 51138 (CPUs 1+16)
Request from pid 51179: max_threads=65535, hint_threads=32
[1788485334538] Granted 16 threads to pid 51179 (CPUs 17+16)
Request from pid 51138: max_threads=65535, hint_threads=32
[1788485334632] Granted 16 threads to pid 51138 (CPUs 1+16)
Request from pid 51179: max_threads=65535, hint_threads=32
[1788485334640] Granted 16 threads to pid 51179 (CPUs 17+16)
Request from pid 51138: max_threads=65535, hint_threads=32
[1788485334824] Granted 16 threads to pid 51138 (CPUs 1+16)
Request from pid 51179: max_threads=65535, hint_threads=32
[1788485334845] Granted 16 threads to pid 51179 (CPUs 17+16)
Request from pid 51138: max_threads=65535, hint_threads=32
[1788485335015] Granted 16 threads to pid 51138 (CPUs 1+16)
Request from pid 51179: max_threads=65535, hint_threads=32
[1788485335051] Granted 16 threads to pid 51179 (CPUs 17+16)
Request from pid 51179: max_threads=65535, hint_threads=32
[1788485335153] Granted 16 threads to pid 51179 (CPUs 17+16)
Request from pid 51138: max_threads=65535, hint_threads=32
[1788485335207] Granted 16 threads to pid 51138 (CPUs 1+16)
Request from pid 51138: max_threads=65535, hint_threads=32
[1788485335302] Granted 16 threads to pid 51138 (CPUs 1+16)
Request from pid 51179: max_threads=65535, hint_threads=32
[1788485335359] Granted 16 threads to pid 51179 (CPUs 17+16)
Request from pid 51138: max_threads=65535, hint_threads=32
[1788485335493] Granted 16 threads to pid 51138 (CPUs 1+16)
Request from pid 51179: max_threads=65535, hint_threads=32
[1788485335564] Granted 16 threads to pid 51179 (CPUs 17+16)
Request from pid 51179: max_threads=65535, hint_threads=32
[1788485335667] Granted 16 threads to pid 51179 (CPUs 17+16)
Request from pid 51138: max_threads=65535, hint_threads=32
[1788485335684] Granted 16 threads to pid 51138 (CPUs 1+16)
Request from pid 51138: max_threads=65535, hint_threads=32
[1788485335780] Granted 16 threads to pid 51138 (CPUs 1+16)
Request from pid 51179: max_threads=65535, hint_threads=32
[1788485335872] Granted 16 threads to pid 51179 (CPUs 17+16)
Request from pid 51138: max_threads=65535, hint_threads=32
[1788485335971] Granted 16 threads to pid 51138 (CPUs 1+16)
Request from pid 51179: max_threads=65535, hint_threads=32
[1788485336077] Granted 16 threads to pid 51179 (CPUs 17+16)
Request from pid 51138: max_threads=65535, hint_threads=32
[1788485336163] Granted 16 threads to pid 51138 (CPUs 1+16)
Request from pid 51179: max_threads=65535, hint_threads=32
[1788485336180] Granted 16 threads to pid 51179 (CPUs 17+16)
Request from pid 51138: max_threads=65535, hint_threads=32
[1788485336259] Granted 16 threads to pid 51138 (CPUs 1+16)
Request from pid 51179: max_threads=65535, hint_threads=32
[1788485336386] Granted 16 threads to pid 51179 (CPUs 17+16)
Request from pid 51138: max_threads=65535, hint_threads=32
[1788485336451] Granted 16 threads to pid 51138 (CPUs 1+16)
Request from pid 51179: max_threads=65535, hint_threads=32
[1788485336591] Granted 16 threads to pid 51179 (CPUs 17+16)
Request from pid 51138: max_threads=65535, hint_threads=32
[1788485336642] Granted 16 threads to pid 51138 (CPUs 1+16)
Request from pid 51179: max_threads=65535, hint_threads=32
[1788485336695] Granted 16 threads to pid 51179 (CPUs 17+16)
Request from pid 51138: max_threads=65535, hint_threads=32
[1788485336738] Granted 16 threads to pid 51138 (CPUs 1+16)
Request from pid 51179: max_threads=65535, hint_threads=32
[1788485336901] Granted 16 threads to pid 51179 (CPUs 17+16)
Request from pid 51138: max_threads=65535, hint_threads=32
[1788485336929] Granted 16 threads to pid 51138 (CPUs 1+16)
Request from pid 51179: max_threads=65535, hint_threads=32
[1788485337106] Granted 16 threads to pid 51179 (CPUs 17+16)
Request from pid 51138: max_threads=65535, hint_threads=32
[1788485337120] Granted 16 threads to pid 51138 (CPUs 1+16)
Request from pid 51179: max_threads=65535, hint_threads=32
[1788485337209] Granted 16 threads to pid 51179 (CPUs 17+16)
Request from pid 51138: max_threads=65535, hint_threads=32
[1788485337217] Granted 16 threads to pid 51138 (CPUs 1+16)
Request from pid 51138: max_threads=65535, hint_threads=32
[1788485337408] Granted 16 threads to pid 51138 (CPUs 1+16)
Request from pid 51179: max_threads=65535, hint_threads=32
[1788485337414] Granted 16 threads to pid 51179 (CPUs 17+16)
Request from pid 51138: max_threads=65535, hint_threads=32
[1788485337599] Granted 16 threads to pid 51138 (CPUs 1+16)
Request from pid 51179: max_threads=65535, hint_threads=32
[1788485337619] Granted 16 threads to pid 51179 (CPUs 17+16)
Request from pid 51138: max_threads=65535, hint_threads=32
[1788485337694] Granted 16 threads to pid 51138 (CPUs 1+16)
Request from pid 51179: max_threads=65535, hint_threads=32
[1788485337722] Granted 16 threads to pid 51179 (CPUs 17+16)
Request from pid 51138: max_threads=65535, hint_threads=32
[1788485337885] Granted 16 threads to pid 51138 (CPUs 1+16)
Request from pid 51179: max_threads=65535, hint_threads=32
[1788485337927] Granted 16 threads to pid 51179 (CPUs 17+16)
Request from pid 51138: max_threads=65535, hint_threads=32
[1788485338077] Granted 16 threads to pid 51138 (CPUs 1+16)
Request from pid 51179: max_threads=65535, hint_threads=32
[1788485338133] Granted 16 threads to pid 51179 (CPUs 17+16)
Request from pid 51138: max_threads=65535, hint_threads=32
[1788485338268] Granted 16 threads to pid 51138 (CPUs 1+16)
Request from pid 51179: max_threads=65535, hint_threads=32
[1788485338338] Granted 16 threads to pid 51179 (CPUs 17+16)
Request from pid 51138: max_threads=65535, hint_threads=32
[1788485338459] Granted 16 threads to pid 51138 (CPUs 1+16)
Request from pid 51179: max_threads=65535, hint_threads=32
[1788485338544] Granted 16 threads to pid 51179 (CPUs 17+16)
[1788485338562] Client pid 51138 disconnected — removed from state
Request from pid 51179: max_threads=65535, hint_threads=32
[1788485338713] Granted 32 threads to pid 51179 (CPUs 1+32)
Request from pid 51179: max_threads=65535, hint_threads=32
[1788485338855] Granted 32 threads to pid 51179 (CPUs 1+32)
Request from pid 51179: max_threads=65535, hint_threads=32
[1788485338953] Granted 32 threads to pid 51179 (CPUs 1+32)
Request from pid 51179: max_threads=65535, hint_threads=32
[1788485339002] Granted 32 threads to pid 51179 (CPUs 1+32)
Accepted connection
Handling client
Request from pid 51303: max_threads=65535, hint_threads=32
[1788485339093] Granted 16 threads to pid 51303 (CPUs 17+16)
Request from pid 51179: max_threads=65535, hint_threads=32
[1788485339283] Granted 16 threads to pid 51179 (CPUs 1+16)
Request from pid 51179: max_threads=65535, hint_threads=32
[1788485340032] Granted 16 threads to pid 51179 (CPUs 1+16)
Request from pid 51303: max_threads=65535, hint_threads=32
[1788485340343] Granted 16 threads to pid 51303 (CPUs 17+16)
Request from pid 51179: max_threads=65535, hint_threads=32
[1788485340449] Granted 16 threads to pid 51179 (CPUs 1+16)
Request from pid 51303: max_threads=65535, hint_threads=32
[1788485340466] Granted 16 threads to pid 51303 (CPUs 17+16)
Request from pid 51303: max_threads=65535, hint_threads=32
[1788485340568] Granted 16 threads to pid 51303 (CPUs 17+16)
Request from pid 51179: max_threads=65535, hint_threads=32
[1788485340642] Granted 16 threads to pid 51179 (CPUs 1+16)
Request from pid 51303: max_threads=65535, hint_threads=32
[1788485340776] Granted 16 threads to pid 51303 (CPUs 17+16)
Request from pid 51179: max_threads=65535, hint_threads=32
[1788485340835] Granted 16 threads to pid 51179 (CPUs 1+16)
Request from pid 51179: max_threads=65535, hint_threads=32
[1788485340930] Granted 16 threads to pid 51179 (CPUs 1+16)
Request from pid 51303: max_threads=65535, hint_threads=32
[1788485340983] Granted 16 threads to pid 51303 (CPUs 17+16)
Request from pid 51179: max_threads=65535, hint_threads=32
[1788485341122] Granted 16 threads to pid 51179 (CPUs 1+16)
Request from pid 51303: max_threads=65535, hint_threads=32
[1788485341193] Granted 16 threads to pid 51303 (CPUs 17+16)
Request from pid 51179: max_threads=65535, hint_threads=32
[1788485341319] Granted 16 threads to pid 51179 (CPUs 1+16)
[1788485341324] Client pid 51179 disconnected — removed from state
Request from pid 51303: max_threads=65535, hint_threads=32
[1788485341394] Granted 32 threads to pid 51303 (CPUs 1+32)
Request from pid 51303: max_threads=65535, hint_threads=32
[1788485341455] Granted 32 threads to pid 51303 (CPUs 1+32)
Request from pid 51303: max_threads=65535, hint_threads=32
[1788485341557] Granted 32 threads to pid 51303 (CPUs 1+32)
Request from pid 51303: max_threads=65535, hint_threads=32
[1788485341659] Granted 32 threads to pid 51303 (CPUs 1+32)
Request from pid 51303: max_threads=65535, hint_threads=32
[1788485341712] Granted 32 threads to pid 51303 (CPUs 1+32)
Request from pid 51303: max_threads=65535, hint_threads=32
[1788485341819] Granted 32 threads to pid 51303 (CPUs 1+32)
Accepted connection
Handling client
Request from pid 51344: max_threads=65535, hint_threads=32
[1788485341863] Granted 16 threads to pid 51344 (CPUs 17+16)
Request from pid 51303: max_threads=65535, hint_threads=32
[1788485342667] Granted 16 threads to pid 51303 (CPUs 1+16)
Request from pid 51344: max_threads=65535, hint_threads=32
[1788485343046] Granted 16 threads to pid 51344 (CPUs 17+16)
Request from pid 51303: max_threads=65535, hint_threads=32
[1788485343047] Granted 16 threads to pid 51303 (CPUs 1+16)
Request from pid 51303: max_threads=65535, hint_threads=32
[1788485343141] Granted 16 threads to pid 51303 (CPUs 1+16)
Request from pid 51344: max_threads=65535, hint_threads=32
[1788485343186] Granted 16 threads to pid 51344 (CPUs 17+16)
Request from pid 51344: max_threads=65535, hint_threads=32
[1788485343279] Granted 16 threads to pid 51344 (CPUs 17+16)
Request from pid 51303: max_threads=65535, hint_threads=32
[1788485343347] Granted 16 threads to pid 51303 (CPUs 1+16)
Request from pid 51344: max_threads=65535, hint_threads=32
[1788485343464] Granted 16 threads to pid 51344 (CPUs 17+16)
Request from pid 51303: max_threads=65535, hint_threads=32
[1788485343556] Granted 16 threads to pid 51303 (CPUs 1+16)
Request from pid 51344: max_threads=65535, hint_threads=32
[1788485343647] Granted 16 threads to pid 51344 (CPUs 17+16)
Request from pid 51303: max_threads=65535, hint_threads=32
[1788485343661] Granted 16 threads to pid 51303 (CPUs 1+16)
Request from pid 51344: max_threads=65535, hint_threads=32
[1788485343833] Granted 16 threads to pid 51344 (CPUs 17+16)
Request from pid 51303: max_threads=65535, hint_threads=32
[1788485343876] Granted 16 threads to pid 51303 (CPUs 1+16)
Request from pid 51344: max_threads=65535, hint_threads=32
[1788485344022] Granted 16 threads to pid 51344 (CPUs 17+16)
Request from pid 51303: max_threads=65535, hint_threads=32
[1788485344094] Granted 16 threads to pid 51303 (CPUs 1+16)
Request from pid 51344: max_threads=65535, hint_threads=32
[1788485344115] Granted 16 threads to pid 51344 (CPUs 17+16)
Request from pid 51344: max_threads=65535, hint_threads=32
[1788485344301] Granted 16 threads to pid 51344 (CPUs 17+16)
Request from pid 51303: max_threads=65535, hint_threads=32
[1788485344312] Granted 16 threads to pid 51303 (CPUs 1+16)
Request from pid 51344: max_threads=65535, hint_threads=32
[1788485344487] Granted 16 threads to pid 51344 (CPUs 17+16)
Request from pid 51303: max_threads=65535, hint_threads=32
[1788485344529] Granted 16 threads to pid 51303 (CPUs 1+16)
Request from pid 51344: max_threads=65535, hint_threads=32
[1788485344580] Granted 16 threads to pid 51344 (CPUs 17+16)
Request from pid 51303: max_threads=65535, hint_threads=32
[1788485344637] Granted 16 threads to pid 51303 (CPUs 1+16)
Request from pid 51344: max_threads=65535, hint_threads=32
[1788485344768] Granted 16 threads to pid 51344 (CPUs 17+16)
Request from pid 51303: max_threads=65535, hint_threads=32
[1788485344853] Granted 16 threads to pid 51303 (CPUs 1+16)
Request from pid 51344: max_threads=65535, hint_threads=32
[1788485344954] Granted 16 threads to pid 51344 (CPUs 17+16)
Request from pid 51344: max_threads=65535, hint_threads=32
[1788485345048] Granted 16 threads to pid 51344 (CPUs 17+16)
Request from pid 51303: max_threads=65535, hint_threads=32
[1788485345069] Granted 16 threads to pid 51303 (CPUs 1+16)
Request from pid 51303: max_threads=65535, hint_threads=32
[1788485345178] Granted 16 threads to pid 51303 (CPUs 1+16)
Request from pid 51344: max_threads=65535, hint_threads=32
[1788485345234] Granted 16 threads to pid 51344 (CPUs 17+16)
Request from pid 51303: max_threads=65535, hint_threads=32
[1788485345394] Granted 16 threads to pid 51303 (CPUs 1+16)
Request from pid 51344: max_threads=65535, hint_threads=32
[1788485345420] Granted 16 threads to pid 51344 (CPUs 17+16)
Request from pid 51344: max_threads=65535, hint_threads=32
[1788485345513] Granted 16 threads to pid 51344 (CPUs 17+16)
Request from pid 51303: max_threads=65535, hint_threads=32
[1788485345610] Granted 16 threads to pid 51303 (CPUs 1+16)
Request from pid 51344: max_threads=65535, hint_threads=32
[1788485345700] Granted 16 threads to pid 51344 (CPUs 17+16)
Request from pid 51303: max_threads=65535, hint_threads=32
[1788485345718] Granted 16 threads to pid 51303 (CPUs 1+16)
Request from pid 51344: max_threads=65535, hint_threads=32
[1788485345886] Granted 16 threads to pid 51344 (CPUs 17+16)
Request from pid 51303: max_threads=65535, hint_threads=32
[1788485345934] Granted 16 threads to pid 51303 (CPUs 1+16)
Request from pid 51344: max_threads=65535, hint_threads=32
[1788485345979] Granted 16 threads to pid 51344 (CPUs 17+16)
Request from pid 51303: max_threads=65535, hint_threads=32
[1788485346150] Granted 16 threads to pid 51303 (CPUs 1+16)
Request from pid 51344: max_threads=65535, hint_threads=32
[1788485346165] Granted 16 threads to pid 51344 (CPUs 17+16)
Request from pid 51303: max_threads=65535, hint_threads=32
[1788485346259] Granted 16 threads to pid 51303 (CPUs 1+16)
Request from pid 51344: max_threads=65535, hint_threads=32
[1788485346351] Granted 16 threads to pid 51344 (CPUs 17+16)
Request from pid 51344: max_threads=65535, hint_threads=32
[1788485346444] Granted 16 threads to pid 51344 (CPUs 17+16)
Request from pid 51303: max_threads=65535, hint_threads=32
[1788485346475] Granted 16 threads to pid 51303 (CPUs 1+16)
Request from pid 51344: max_threads=65535, hint_threads=32
[1788485346631] Granted 16 threads to pid 51344 (CPUs 17+16)
Request from pid 51303: max_threads=65535, hint_threads=32
[1788485346691] Granted 16 threads to pid 51303 (CPUs 1+16)
Request from pid 51344: max_threads=65535, hint_threads=32
[1788485346817] Granted 16 threads to pid 51344 (CPUs 17+16)
Request from pid 51303: max_threads=65535, hint_threads=32
[1788485346907] Granted 16 threads to pid 51303 (CPUs 1+16)
Request from pid 51344: max_threads=65535, hint_threads=32
[1788485346910] Granted 16 threads to pid 51344 (CPUs 17+16)
Request from pid 51344: max_threads=65535, hint_threads=32
[1788485347097] Granted 16 threads to pid 51344 (CPUs 17+16)
Request from pid 51303: max_threads=65535, hint_threads=32
[1788485347123] Granted 16 threads to pid 51303 (CPUs 1+16)
Request from pid 51344: max_threads=65535, hint_threads=32
[1788485347283] Granted 16 threads to pid 51344 (CPUs 17+16)
Request from pid 51303: max_threads=65535, hint_threads=32
[1788485347339] Granted 16 threads to pid 51303 (CPUs 1+16)
Request from pid 51344: max_threads=65535, hint_threads=32
[1788485347376] Granted 16 threads to pid 51344 (CPUs 17+16)
Request from pid 51303: max_threads=65535, hint_threads=32
[1788485347555] Granted 16 threads to pid 51303 (CPUs 1+16)
Request from pid 51344: max_threads=65535, hint_threads=32
[1788485347562] Granted 16 threads to pid 51344 (CPUs 17+16)
Request from pid 51344: max_threads=65535, hint_threads=32
[1788485347656] Granted 16 threads to pid 51344 (CPUs 17+16)
Request from pid 51303: max_threads=65535, hint_threads=32
[1788485347772] Granted 16 threads to pid 51303 (CPUs 1+16)
Request from pid 51344: max_threads=65535, hint_threads=32
[1788485347842] Granted 16 threads to pid 51344 (CPUs 17+16)
Request from pid 51303: max_threads=65535, hint_threads=32
[1788485347880] Granted 16 threads to pid 51303 (CPUs 1+16)
Request from pid 51344: max_threads=65535, hint_threads=32
[1788485348028] Granted 16 threads to pid 51344 (CPUs 17+16)
Request from pid 51303: max_threads=65535, hint_threads=32
[1788485348096] Granted 16 threads to pid 51303 (CPUs 1+16)
Request from pid 51344: max_threads=65535, hint_threads=32
[1788485348214] Granted 16 threads to pid 51344 (CPUs 17+16)
Request from pid 51344: max_threads=65535, hint_threads=32
[1788485348307] Granted 16 threads to pid 51344 (CPUs 17+16)
Request from pid 51303: max_threads=65535, hint_threads=32
[1788485348314] Granted 16 threads to pid 51303 (CPUs 1+16)
Request from pid 51303: max_threads=65535, hint_threads=32
[1788485348423] Granted 16 threads to pid 51303 (CPUs 1+16)
Request from pid 51344: max_threads=65535, hint_threads=32
[1788485348494] Granted 16 threads to pid 51344 (CPUs 17+16)
Request from pid 51303: max_threads=65535, hint_threads=32
[1788485348638] Granted 16 threads to pid 51303 (CPUs 1+16)
Request from pid 51344: max_threads=65535, hint_threads=32
[1788485348682] Granted 16 threads to pid 51344 (CPUs 17+16)
Request from pid 51344: max_threads=65535, hint_threads=32
[1788485348776] Granted 16 threads to pid 51344 (CPUs 17+16)
Request from pid 51303: max_threads=65535, hint_threads=32
[1788485348855] Granted 16 threads to pid 51303 (CPUs 1+16)
[1788485348861] Client pid 51303 disconnected — removed from state
Request from pid 51344: max_threads=65535, hint_threads=32
[1788485348947] Granted 32 threads to pid 51344 (CPUs 1+32)
Request from pid 51344: max_threads=65535, hint_threads=32
[1788485349079] Granted 32 threads to pid 51344 (CPUs 1+32)
Request from pid 51344: max_threads=65535, hint_threads=32
[1788485349127] Granted 32 threads to pid 51344 (CPUs 1+32)
Request from pid 51344: max_threads=65535, hint_threads=32
[1788485349222] Granted 32 threads to pid 51344 (CPUs 1+32)
Request from pid 51344: max_threads=65535, hint_threads=32
[1788485349317] Granted 32 threads to pid 51344 (CPUs 1+32)
Request from pid 51344: max_threads=65535, hint_threads=32
[1788485349366] Granted 32 threads to pid 51344 (CPUs 1+32)
Accepted connection
Handling client
Request from pid 51385: max_threads=65535, hint_threads=32
[1788485349407] Granted 16 threads to pid 51385 (CPUs 17+16)
Request from pid 51344: max_threads=65535, hint_threads=32
[1788485350375] Granted 16 threads to pid 51344 (CPUs 1+16)
Request from pid 51344: max_threads=65535, hint_threads=32
[1788485350659] Granted 16 threads to pid 51344 (CPUs 1+16)
Request from pid 51385: max_threads=65535, hint_threads=32
[1788485350683] Granted 16 threads to pid 51385 (CPUs 17+16)
Request from pid 51344: max_threads=65535, hint_threads=32
[1788485350823] Granted 16 threads to pid 51344 (CPUs 1+16)
[1788485350830] Client pid 51344 disconnected — removed from state
Request from pid 51385: max_threads=65535, hint_threads=32
[1788485350851] Granted 32 threads to pid 51385 (CPUs 1+32)
Request from pid 51385: max_threads=65535, hint_threads=32
[1788485350997] Granted 32 threads to pid 51385 (CPUs 1+32)
Request from pid 51385: max_threads=65535, hint_threads=32
[1788485351100] Granted 32 threads to pid 51385 (CPUs 1+32)
Request from pid 51385: max_threads=65535, hint_threads=32
[1788485351151] Granted 32 threads to pid 51385 (CPUs 1+32)
Request from pid 51385: max_threads=65535, hint_threads=32
[1788485351253] Granted 32 threads to pid 51385 (CPUs 1+32)
Request from pid 51385: max_threads=65535, hint_threads=32
[1788485351356] Granted 32 threads to pid 51385 (CPUs 1+32)
Accepted connection
Handling client
Request from pid 51440: max_threads=65535, hint_threads=32
[1788485351368] Granted 16 threads to pid 51440 (CPUs 17+16)
Request from pid 51385: max_threads=65535, hint_threads=32
[1788485351927] Granted 16 threads to pid 51385 (CPUs 1+16)
Request from pid 51385: max_threads=65535, hint_threads=32
[1788485352388] Granted 16 threads to pid 51385 (CPUs 1+16)
Request from pid 51385: max_threads=65535, hint_threads=32
[1788485352595] Granted 16 threads to pid 51385 (CPUs 1+16)
Request from pid 51440: max_threads=65535, hint_threads=32
[1788485352697] Granted 16 threads to pid 51440 (CPUs 17+16)
Request from pid 51385: max_threads=65535, hint_threads=32
[1788485352792] Granted 16 threads to pid 51385 (CPUs 1+16)
Request from pid 51440: max_threads=65535, hint_threads=32
[1788485352824] Granted 16 threads to pid 51440 (CPUs 17+16)
Request from pid 51440: max_threads=65535, hint_threads=32
[1788485352912] Granted 16 threads to pid 51440 (CPUs 17+16)
Request from pid 51385: max_threads=65535, hint_threads=32
[1788485352944] Granted 16 threads to pid 51385 (CPUs 1+16)
Request from pid 51385: max_threads=65535, hint_threads=32
[1788485353050] Granted 16 threads to pid 51385 (CPUs 1+16)
Request from pid 51440: max_threads=65535, hint_threads=32
[1788485353099] Granted 16 threads to pid 51440 (CPUs 17+16)
Request from pid 51385: max_threads=65535, hint_threads=32
[1788485353261] Granted 16 threads to pid 51385 (CPUs 1+16)
Request from pid 51440: max_threads=65535, hint_threads=32
[1788485353286] Granted 16 threads to pid 51440 (CPUs 17+16)
Request from pid 51385: max_threads=65535, hint_threads=32
[1788485353472] Granted 16 threads to pid 51385 (CPUs 1+16)
Request from pid 51440: max_threads=65535, hint_threads=32
[1788485353473] Granted 16 threads to pid 51440 (CPUs 17+16)
Request from pid 51440: max_threads=65535, hint_threads=32
[1788485353569] Granted 16 threads to pid 51440 (CPUs 17+16)
Request from pid 51385: max_threads=65535, hint_threads=32
[1788485353581] Granted 16 threads to pid 51385 (CPUs 1+16)
Request from pid 51385: max_threads=65535, hint_threads=32
[1788485353691] Granted 16 threads to pid 51385 (CPUs 1+16)
Request from pid 51440: max_threads=65535, hint_threads=32
[1788485353764] Granted 16 threads to pid 51440 (CPUs 17+16)
Request from pid 51385: max_threads=65535, hint_threads=32
[1788485353909] Granted 16 threads to pid 51385 (CPUs 1+16)
Request from pid 51440: max_threads=65535, hint_threads=32
[1788485353955] Granted 16 threads to pid 51440 (CPUs 17+16)
Request from pid 51385: max_threads=65535, hint_threads=32
[1788485354125] Granted 16 threads to pid 51385 (CPUs 1+16)
Request from pid 51440: max_threads=65535, hint_threads=32
[1788485354147] Granted 16 threads to pid 51440 (CPUs 17+16)
Request from pid 51440: max_threads=65535, hint_threads=32
[1788485354339] Granted 16 threads to pid 51440 (CPUs 17+16)
Request from pid 51385: max_threads=65535, hint_threads=32
[1788485354343] Granted 16 threads to pid 51385 (CPUs 1+16)
Request from pid 51440: max_threads=65535, hint_threads=32
[1788485354531] Granted 16 threads to pid 51440 (CPUs 17+16)
Request from pid 51385: max_threads=65535, hint_threads=32
[1788485354559] Granted 16 threads to pid 51385 (CPUs 1+16)
Request from pid 51385: max_threads=65535, hint_threads=32
[1788485354668] Granted 16 threads to pid 51385 (CPUs 1+16)
Request from pid 51440: max_threads=65535, hint_threads=32
[1788485354724] Granted 16 threads to pid 51440 (CPUs 17+16)
Request from pid 51385: max_threads=65535, hint_threads=32
[1788485354885] Granted 16 threads to pid 51385 (CPUs 1+16)
Request from pid 51440: max_threads=65535, hint_threads=32
[1788485354916] Granted 16 threads to pid 51440 (CPUs 17+16)
Request from pid 51385: max_threads=65535, hint_threads=32
[1788485355101] Granted 16 threads to pid 51385 (CPUs 1+16)
Request from pid 51440: max_threads=65535, hint_threads=32
[1788485355107] Granted 16 threads to pid 51440 (CPUs 17+16)
Request from pid 51440: max_threads=65535, hint_threads=32
[1788485355203] Granted 16 threads to pid 51440 (CPUs 17+16)
Request from pid 51385: max_threads=65535, hint_threads=32
[1788485355210] Granted 16 threads to pid 51385 (CPUs 1+16)
Request from pid 51440: max_threads=65535, hint_threads=32
[1788485355395] Granted 16 threads to pid 51440 (CPUs 17+16)
Request from pid 51385: max_threads=65535, hint_threads=32
[1788485355427] Granted 16 threads to pid 51385 (CPUs 1+16)
Request from pid 51440: max_threads=65535, hint_threads=32
[1788485355586] Granted 16 threads to pid 51440 (CPUs 17+16)
Request from pid 51385: max_threads=65535, hint_threads=32
[1788485355644] Granted 16 threads to pid 51385 (CPUs 1+16)
Request from pid 51440: max_threads=65535, hint_threads=32
[1788485355682] Granted 16 threads to pid 51440 (CPUs 17+16)
Request from pid 51385: max_threads=65535, hint_threads=32
[1788485355752] Granted 16 threads to pid 51385 (CPUs 1+16)
Request from pid 51440: max_threads=65535, hint_threads=32
[1788485355875] Granted 16 threads to pid 51440 (CPUs 17+16)
Request from pid 51385: max_threads=65535, hint_threads=32
[1788485355969] Granted 16 threads to pid 51385 (CPUs 1+16)
Request from pid 51440: max_threads=65535, hint_threads=32
[1788485356066] Granted 16 threads to pid 51440 (CPUs 17+16)
Request from pid 51440: max_threads=65535, hint_threads=32
[1788485356162] Granted 16 threads to pid 51440 (CPUs 17+16)
Request from pid 51385: max_threads=65535, hint_threads=32
[1788485356186] Granted 16 threads to pid 51385 (CPUs 1+16)
Request from pid 51385: max_threads=65535, hint_threads=32
[1788485356295] Granted 16 threads to pid 51385 (CPUs 1+16)
Request from pid 51440: max_threads=65535, hint_threads=32
[1788485356354] Granted 16 threads to pid 51440 (CPUs 17+16)
Request from pid 51385: max_threads=65535, hint_threads=32
[1788485356512] Granted 16 threads to pid 51385 (CPUs 1+16)
Request from pid 51440: max_threads=65535, hint_threads=32
[1788485356547] Granted 16 threads to pid 51440 (CPUs 17+16)
Request from pid 51440: max_threads=65535, hint_threads=32
[1788485356643] Granted 16 threads to pid 51440 (CPUs 17+16)
Request from pid 51385: max_threads=65535, hint_threads=32
[1788485356730] Granted 16 threads to pid 51385 (CPUs 1+16)
Request from pid 51440: max_threads=65535, hint_threads=32
[1788485356837] Granted 16 threads to pid 51440 (CPUs 17+16)
Request from pid 51385: max_threads=65535, hint_threads=32
[1788485356839] Granted 16 threads to pid 51385 (CPUs 1+16)
Request from pid 51440: max_threads=65535, hint_threads=32
[1788485357029] Granted 16 threads to pid 51440 (CPUs 17+16)
Request from pid 51385: max_threads=65535, hint_threads=32
[1788485357057] Granted 16 threads to pid 51385 (CPUs 1+16)
Request from pid 51440: max_threads=65535, hint_threads=32
[1788485357125] Granted 16 threads to pid 51440 (CPUs 17+16)
Request from pid 51385: max_threads=65535, hint_threads=32
[1788485357273] Granted 16 threads to pid 51385 (CPUs 1+16)
Request from pid 51440: max_threads=65535, hint_threads=32
[1788485357318] Granted 16 threads to pid 51440 (CPUs 17+16)
Request from pid 51385: max_threads=65535, hint_threads=32
[1788485357490] Granted 16 threads to pid 51385 (CPUs 1+16)
Request from pid 51440: max_threads=65535, hint_threads=32
[1788485357510] Granted 16 threads to pid 51440 (CPUs 17+16)
Request from pid 51440: max_threads=65535, hint_threads=32
[1788485357606] Granted 16 threads to pid 51440 (CPUs 17+16)
Request from pid 51385: max_threads=65535, hint_threads=32
[1788485357707] Granted 16 threads to pid 51385 (CPUs 1+16)
Request from pid 51440: max_threads=65535, hint_threads=32
[1788485357797] Granted 16 threads to pid 51440 (CPUs 17+16)
Request from pid 51385: max_threads=65535, hint_threads=32
[1788485357925] Granted 16 threads to pid 51385 (CPUs 1+16)
Request from pid 51440: max_threads=65535, hint_threads=32
[1788485357989] Granted 16 threads to pid 51440 (CPUs 17+16)
Request from pid 51440: max_threads=65535, hint_threads=32
[1788485358085] Granted 16 threads to pid 51440 (CPUs 17+16)
Request from pid 51385: max_threads=65535, hint_threads=32
[1788485358141] Granted 16 threads to pid 51385 (CPUs 1+16)
Request from pid 51440: max_threads=65535, hint_threads=32
[1788485358277] Granted 16 threads to pid 51440 (CPUs 17+16)
Request from pid 51385: max_threads=65535, hint_threads=32
[1788485358358] Granted 16 threads to pid 51385 (CPUs 1+16)
Request from pid 51385: max_threads=65535, hint_threads=32
[1788485358467] Granted 16 threads to pid 51385 (CPUs 1+16)
Request from pid 51440: max_threads=65535, hint_threads=32
[1788485358468] Granted 16 threads to pid 51440 (CPUs 17+16)
Request from pid 51440: max_threads=65535, hint_threads=32
[1788485358564] Granted 16 threads to pid 51440 (CPUs 17+16)
Request from pid 51385: max_threads=65535, hint_threads=32
[1788485358684] Granted 16 threads to pid 51385 (CPUs 1+16)
Request from pid 51440: max_threads=65535, hint_threads=32
[1788485358756] Granted 16 threads to pid 51440 (CPUs 17+16)
Request from pid 51385: max_threads=65535, hint_threads=32
[1788485358901] Granted 16 threads to pid 51385 (CPUs 1+16)
Request from pid 51440: max_threads=65535, hint_threads=32
[1788485358948] Granted 16 threads to pid 51440 (CPUs 17+16)
Request from pid 51385: max_threads=65535, hint_threads=32
[1788485359009] Granted 16 threads to pid 51385 (CPUs 1+16)
Request from pid 51440: max_threads=65535, hint_threads=32
[1788485359044] Granted 16 threads to pid 51440 (CPUs 17+16)
Request from pid 51385: max_threads=65535, hint_threads=32
[1788485359226] Granted 16 threads to pid 51385 (CPUs 1+16)
Request from pid 51440: max_threads=65535, hint_threads=32
[1788485359235] Granted 16 threads to pid 51440 (CPUs 17+16)
Request from pid 51440: max_threads=65535, hint_threads=32
[1788485359427] Granted 16 threads to pid 51440 (CPUs 17+16)
Request from pid 51385: max_threads=65535, hint_threads=32
[1788485359443] Granted 16 threads to pid 51385 (CPUs 1+16)
[1788485359451] Client pid 51385 disconnected — removed from state
Request from pid 51440: max_threads=65535, hint_threads=32
[1788485359512] Granted 32 threads to pid 51440 (CPUs 1+32)
Request from pid 51440: max_threads=65535, hint_threads=32
[1788485359651] Granted 32 threads to pid 51440 (CPUs 1+32)
Request from pid 51440: max_threads=65535, hint_threads=32
[1788485359749] Granted 32 threads to pid 51440 (CPUs 1+32)
[1788485359753] Client pid 51440 disconnected — removed from state
Accepted connection
Handling client
Request from pid 51570: max_threads=65535, hint_threads=32
[1788485359981] Granted 32 threads to pid 51570 (CPUs 1+32)
Accepted connection
Handling client
Request from pid 51605: max_threads=65535, hint_threads=32
[1788485360291] Granted 16 threads to pid 51605 (CPUs 17+16)
Request from pid 51570: max_threads=65535, hint_threads=32
[1788485361238] Granted 16 threads to pid 51570 (CPUs 1+16)
Request from pid 51570: max_threads=65535, hint_threads=32
[1788485361249] Granted 16 threads to pid 51570 (CPUs 1+16)
Request from pid 51605: max_threads=65535, hint_threads=32
[1788485361598] Granted 16 threads to pid 51605 (CPUs 17+16)
Request from pid 51570: max_threads=65535, hint_threads=32
[1788485361664] Granted 16 threads to pid 51570 (CPUs 1+16)
Request from pid 51605: max_threads=65535, hint_threads=32
[1788485361773] Granted 16 threads to pid 51605 (CPUs 17+16)
Request from pid 51570: max_threads=65535, hint_threads=32
[1788485361820] Granted 16 threads to pid 51570 (CPUs 1+16)
Request from pid 51605: max_threads=65535, hint_threads=32
[1788485361870] Granted 16 threads to pid 51605 (CPUs 17+16)
Request from pid 51570: max_threads=65535, hint_threads=32
[1788485362009] Granted 16 threads to pid 51570 (CPUs 1+16)
Request from pid 51605: max_threads=65535, hint_threads=32
[1788485362068] Granted 16 threads to pid 51605 (CPUs 17+16)
Request from pid 51570: max_threads=65535, hint_threads=32
[1788485362103] Granted 16 threads to pid 51570 (CPUs 1+16)
Request from pid 51605: max_threads=65535, hint_threads=32
[1788485362269] Granted 16 threads to pid 51605 (CPUs 17+16)
Request from pid 51570: max_threads=65535, hint_threads=32
[1788485362290] Granted 16 threads to pid 51570 (CPUs 1+16)
Request from pid 51605: max_threads=65535, hint_threads=32
[1788485362470] Granted 16 threads to pid 51605 (CPUs 17+16)
Request from pid 51570: max_threads=65535, hint_threads=32
[1788485362475] Granted 16 threads to pid 51570 (CPUs 1+16)
Request from pid 51570: max_threads=65535, hint_threads=32
[1788485362568] Granted 16 threads to pid 51570 (CPUs 1+16)
Request from pid 51605: max_threads=65535, hint_threads=32
[1788485362676] Granted 16 threads to pid 51605 (CPUs 17+16)
Request from pid 51570: max_threads=65535, hint_threads=32
[1788485362760] Granted 16 threads to pid 51570 (CPUs 1+16)
Request from pid 51605: max_threads=65535, hint_threads=32
[1788485362781] Granted 16 threads to pid 51605 (CPUs 17+16)
Request from pid 51570: max_threads=65535, hint_threads=32
[1788485362949] Granted 16 threads to pid 51570 (CPUs 1+16)
Request from pid 51605: max_threads=65535, hint_threads=32
[1788485362988] Granted 16 threads to pid 51605 (CPUs 17+16)
Request from pid 51570: max_threads=65535, hint_threads=32
[1788485363043] Granted 16 threads to pid 51570 (CPUs 1+16)
Request from pid 51605: max_threads=65535, hint_threads=32
[1788485363196] Granted 16 threads to pid 51605 (CPUs 17+16)
Request from pid 51570: max_threads=65535, hint_threads=32
[1788485363232] Granted 16 threads to pid 51570 (CPUs 1+16)
Request from pid 51605: max_threads=65535, hint_threads=32
[1788485363300] Granted 16 threads to pid 51605 (CPUs 17+16)
Request from pid 51570: max_threads=65535, hint_threads=32
[1788485363421] Granted 16 threads to pid 51570 (CPUs 1+16)
Request from pid 51605: max_threads=65535, hint_threads=32
[1788485363508] Granted 16 threads to pid 51605 (CPUs 17+16)
Request from pid 51570: max_threads=65535, hint_threads=32
[1788485363609] Granted 16 threads to pid 51570 (CPUs 1+16)
Request from pid 51605: max_threads=65535, hint_threads=32
[1788485363716] Granted 16 threads to pid 51605 (CPUs 17+16)
Request from pid 51570: max_threads=65535, hint_threads=32
[1788485363799] Granted 16 threads to pid 51570 (CPUs 1+16)
Request from pid 51605: max_threads=65535, hint_threads=32
[1788485363924] Granted 16 threads to pid 51605 (CPUs 17+16)
Request from pid 51570: max_threads=65535, hint_threads=32
[1788485363987] Granted 16 threads to pid 51570 (CPUs 1+16)
Request from pid 51605: max_threads=65535, hint_threads=32
[1788485364132] Granted 16 threads to pid 51605 (CPUs 17+16)
Request from pid 51570: max_threads=65535, hint_threads=32
[1788485364176] Granted 16 threads to pid 51570 (CPUs 1+16)
Request from pid 51605: max_threads=65535, hint_threads=32
[1788485364340] Granted 16 threads to pid 51605 (CPUs 17+16)
Request from pid 51570: max_threads=65535, hint_threads=32
[1788485364364] Granted 16 threads to pid 51570 (CPUs 1+16)
Request from pid 51605: max_threads=65535, hint_threads=32
[1788485364548] Granted 16 threads to pid 51605 (CPUs 17+16)
Request from pid 51570: max_threads=65535, hint_threads=32
[1788485364554] Granted 16 threads to pid 51570 (CPUs 1+16)
Request from pid 51570: max_threads=65535, hint_threads=32
[1788485364744] Granted 16 threads to pid 51570 (CPUs 1+16)
Request from pid 51605: max_threads=65535, hint_threads=32
[1788485364756] Granted 16 threads to pid 51605 (CPUs 17+16)
Request from pid 51605: max_threads=65535, hint_threads=32
[1788485364860] Granted 16 threads to pid 51605 (CPUs 17+16)
Request from pid 51570: max_threads=65535, hint_threads=32
[1788485364935] Granted 16 threads to pid 51570 (CPUs 1+16)
Request from pid 51605: max_threads=65535, hint_threads=32
[1788485365068] Granted 16 threads to pid 51605 (CPUs 17+16)
Request from pid 51570: max_threads=65535, hint_threads=32
[1788485365127] Granted 16 threads to pid 51570 (CPUs 1+16)
Request from pid 51605: max_threads=65535, hint_threads=32
[1788485365275] Granted 16 threads to pid 51605 (CPUs 17+16)
Request from pid 51570: max_threads=65535, hint_threads=32
[1788485365318] Granted 16 threads to pid 51570 (CPUs 1+16)
Request from pid 51570: max_threads=65535, hint_threads=32
[1788485365414] Granted 16 threads to pid 51570 (CPUs 1+16)
Request from pid 51605: max_threads=65535, hint_threads=32
[1788485365482] Granted 16 threads to pid 51605 (CPUs 17+16)
Request from pid 51570: max_threads=65535, hint_threads=32
[1788485365605] Granted 16 threads to pid 51570 (CPUs 1+16)
Request from pid 51605: max_threads=65535, hint_threads=32
[1788485365689] Granted 16 threads to pid 51605 (CPUs 17+16)
Request from pid 51570: max_threads=65535, hint_threads=32
[1788485365796] Granted 16 threads to pid 51570 (CPUs 1+16)
Request from pid 51570: max_threads=65535, hint_threads=32
[1788485365892] Granted 16 threads to pid 51570 (CPUs 1+16)
Request from pid 51605: max_threads=65535, hint_threads=32
[1788485365897] Granted 16 threads to pid 51605 (CPUs 17+16)
Request from pid 51570: max_threads=65535, hint_threads=32
[1788485366083] Granted 16 threads to pid 51570 (CPUs 1+16)
Request from pid 51605: max_threads=65535, hint_threads=32
[1788485366104] Granted 16 threads to pid 51605 (CPUs 17+16)
Request from pid 51570: max_threads=65535, hint_threads=32
[1788485366274] Granted 16 threads to pid 51570 (CPUs 1+16)
Request from pid 51605: max_threads=65535, hint_threads=32
[1788485366311] Granted 16 threads to pid 51605 (CPUs 17+16)
Request from pid 51570: max_threads=65535, hint_threads=32
[1788485366370] Granted 16 threads to pid 51570 (CPUs 1+16)
Request from pid 51605: max_threads=65535, hint_threads=32
[1788485366415] Granted 16 threads to pid 51605 (CPUs 17+16)
Request from pid 51570: max_threads=65535, hint_threads=32
[1788485366560] Granted 16 threads to pid 51570 (CPUs 1+16)
Request from pid 51605: max_threads=65535, hint_threads=32
[1788485366623] Granted 16 threads to pid 51605 (CPUs 17+16)
Request from pid 51570: max_threads=65535, hint_threads=32
[1788485366749] Granted 16 threads to pid 51570 (CPUs 1+16)
Request from pid 51605: max_threads=65535, hint_threads=32
[1788485366830] Granted 16 threads to pid 51605 (CPUs 17+16)
Request from pid 51570: max_threads=65535, hint_threads=32
[1788485366844] Granted 16 threads to pid 51570 (CPUs 1+16)
Request from pid 51605: max_threads=65535, hint_threads=32
[1788485366934] Granted 16 threads to pid 51605 (CPUs 17+16)
Request from pid 51570: max_threads=65535, hint_threads=32
[1788485367032] Granted 16 threads to pid 51570 (CPUs 1+16)
Request from pid 51605: max_threads=65535, hint_threads=32
[1788485367142] Granted 16 threads to pid 51605 (CPUs 17+16)
Request from pid 51570: max_threads=65535, hint_threads=32
[1788485367223] Granted 16 threads to pid 51570 (CPUs 1+16)
Request from pid 51570: max_threads=65535, hint_threads=32
[1788485367318] Granted 16 threads to pid 51570 (CPUs 1+16)
Request from pid 51605: max_threads=65535, hint_threads=32
[1788485367349] Granted 16 threads to pid 51605 (CPUs 17+16)
Request from pid 51605: max_threads=65535, hint_threads=32
[1788485367453] Granted 16 threads to pid 51605 (CPUs 17+16)
Request from pid 51570: max_threads=65535, hint_threads=32
[1788485367509] Granted 16 threads to pid 51570 (CPUs 1+16)
Request from pid 51605: max_threads=65535, hint_threads=32
[1788485367661] Granted 16 threads to pid 51605 (CPUs 17+16)
Request from pid 51570: max_threads=65535, hint_threads=32
[1788485367699] Granted 16 threads to pid 51570 (CPUs 1+16)
Request from pid 51570: max_threads=65535, hint_threads=32
[1788485367794] Granted 16 threads to pid 51570 (CPUs 1+16)
Request from pid 51605: max_threads=65535, hint_threads=32
[1788485367869] Granted 16 threads to pid 51605 (CPUs 17+16)
Request from pid 51605: max_threads=65535, hint_threads=32
[1788485367973] Granted 16 threads to pid 51605 (CPUs 17+16)
Request from pid 51570: max_threads=65535, hint_threads=32
[1788485367984] Granted 16 threads to pid 51570 (CPUs 1+16)
Request from pid 51570: max_threads=65535, hint_threads=32
[1788485368175] Granted 16 threads to pid 51570 (CPUs 1+16)
Request from pid 51605: max_threads=65535, hint_threads=32
[1788485368180] Granted 16 threads to pid 51605 (CPUs 17+16)
Request from pid 51570: max_threads=65535, hint_threads=32
[1788485368272] Granted 16 threads to pid 51570 (CPUs 1+16)
Request from pid 51605: max_threads=65535, hint_threads=32
[1788485368388] Granted 16 threads to pid 51605 (CPUs 17+16)
Request from pid 51570: max_threads=65535, hint_threads=32
[1788485368463] Granted 16 threads to pid 51570 (CPUs 1+16)
Request from pid 51605: max_threads=65535, hint_threads=32
[1788485368492] Granted 16 threads to pid 51605 (CPUs 17+16)
Request from pid 51570: max_threads=65535, hint_threads=32
[1788485368653] Granted 16 threads to pid 51570 (CPUs 1+16)
[1788485368661] Client pid 51570 disconnected — removed from state
Request from pid 51605: max_threads=65535, hint_threads=32
[1788485368693] Granted 32 threads to pid 51605 (CPUs 1+32)
Request from pid 51605: max_threads=65535, hint_threads=32
[1788485368835] Granted 32 threads to pid 51605 (CPUs 1+32)
Request from pid 51605: max_threads=65535, hint_threads=32
[1788485368934] Granted 32 threads to pid 51605 (CPUs 1+32)
Request from pid 51605: max_threads=65535, hint_threads=32
[1788485369033] Granted 32 threads to pid 51605 (CPUs 1+32)
[1788485369087] Client pid 51605 disconnected — removed from state
Accepted connection
Handling client
Request from pid 51734: max_threads=65535, hint_threads=32
[1788485369191] Granted 32 threads to pid 51734 (CPUs 1+32)
Accepted connection
Handling client
Request from pid 51770: max_threads=65535, hint_threads=32
[1788485369623] Granted 16 threads to pid 51770 (CPUs 17+16)
Request from pid 51734: max_threads=65535, hint_threads=32
[1788485370355] Granted 16 threads to pid 51734 (CPUs 1+16)
Request from pid 51734: max_threads=65535, hint_threads=32
[1788485370383] Granted 16 threads to pid 51734 (CPUs 1+16)
Request from pid 51770: max_threads=65535, hint_threads=32
[1788485370799] Granted 16 threads to pid 51770 (CPUs 17+16)
Request from pid 51734: max_threads=65535, hint_threads=32
[1788485370945] Granted 16 threads to pid 51734 (CPUs 1+16)
Request from pid 51770: max_threads=65535, hint_threads=32
[1788485370959] Granted 16 threads to pid 51770 (CPUs 17+16)
Request from pid 51770: max_threads=65535, hint_threads=32
[1788485371089] Granted 16 threads to pid 51770 (CPUs 17+16)
Request from pid 51734: max_threads=65535, hint_threads=32
[1788485371119] Granted 16 threads to pid 51734 (CPUs 1+16)
Request from pid 51770: max_threads=65535, hint_threads=32
[1788485371258] Granted 16 threads to pid 51770 (CPUs 17+16)
Request from pid 51734: max_threads=65535, hint_threads=32
[1788485371302] Granted 16 threads to pid 51734 (CPUs 1+16)
Request from pid 51770: max_threads=65535, hint_threads=32
[1788485371430] Granted 16 threads to pid 51770 (CPUs 17+16)
Request from pid 51734: max_threads=65535, hint_threads=32
[1788485371441] Granted 16 threads to pid 51734 (CPUs 1+16)
Request from pid 51734: max_threads=65535, hint_threads=32
[1788485371542] Granted 16 threads to pid 51734 (CPUs 1+16)
Request from pid 51770: max_threads=65535, hint_threads=32
[1788485371613] Granted 16 threads to pid 51770 (CPUs 17+16)
Request from pid 51734: max_threads=65535, hint_threads=32
[1788485371745] Granted 16 threads to pid 51734 (CPUs 1+16)
Request from pid 51770: max_threads=65535, hint_threads=32
[1788485371797] Granted 16 threads to pid 51770 (CPUs 17+16)
Request from pid 51770: max_threads=65535, hint_threads=32
[1788485371892] Granted 16 threads to pid 51770 (CPUs 17+16)
Request from pid 51734: max_threads=65535, hint_threads=32
[1788485371956] Granted 16 threads to pid 51734 (CPUs 1+16)
Request from pid 51734: max_threads=65535, hint_threads=32
[1788485372061] Granted 16 threads to pid 51734 (CPUs 1+16)
Request from pid 51770: max_threads=65535, hint_threads=32
[1788485372080] Granted 16 threads to pid 51770 (CPUs 17+16)
Request from pid 51770: max_threads=65535, hint_threads=32
[1788485372266] Granted 16 threads to pid 51770 (CPUs 17+16)
Request from pid 51734: max_threads=65535, hint_threads=32
[1788485372270] Granted 16 threads to pid 51734 (CPUs 1+16)
Request from pid 51770: max_threads=65535, hint_threads=32
[1788485372453] Granted 16 threads to pid 51770 (CPUs 17+16)
Request from pid 51734: max_threads=65535, hint_threads=32
[1788485372480] Granted 16 threads to pid 51734 (CPUs 1+16)
Request from pid 51734: max_threads=65535, hint_threads=32
[1788485372584] Granted 16 threads to pid 51734 (CPUs 1+16)
Request from pid 51770: max_threads=65535, hint_threads=32
[1788485372641] Granted 16 threads to pid 51770 (CPUs 17+16)
Request from pid 51734: max_threads=65535, hint_threads=32
[1788485372793] Granted 16 threads to pid 51734 (CPUs 1+16)
Request from pid 51770: max_threads=65535, hint_threads=32
[1788485372829] Granted 16 threads to pid 51770 (CPUs 17+16)
Request from pid 51734: max_threads=65535, hint_threads=32
[1788485373001] Granted 16 threads to pid 51734 (CPUs 1+16)
Request from pid 51770: max_threads=65535, hint_threads=32
[1788485373016] Granted 16 threads to pid 51770 (CPUs 17+16)
Request from pid 51734: max_threads=65535, hint_threads=32
[1788485373105] Granted 16 threads to pid 51734 (CPUs 1+16)
Request from pid 51770: max_threads=65535, hint_threads=32
[1788485373203] Granted 16 threads to pid 51770 (CPUs 17+16)
Request from pid 51770: max_threads=65535, hint_threads=32
[1788485373296] Granted 16 threads to pid 51770 (CPUs 17+16)
Request from pid 51734: max_threads=65535, hint_threads=32
[1788485373314] Granted 16 threads to pid 51734 (CPUs 1+16)
Request from pid 51770: max_threads=65535, hint_threads=32
[1788485373483] Granted 16 threads to pid 51770 (CPUs 17+16)
Request from pid 51734: max_threads=65535, hint_threads=32
[1788485373522] Granted 16 threads to pid 51734 (CPUs 1+16)
Request from pid 51734: max_threads=65535, hint_threads=32
[1788485373627] Granted 16 threads to pid 51734 (CPUs 1+16)
Request from pid 51770: max_threads=65535, hint_threads=32
[1788485373670] Granted 16 threads to pid 51770 (CPUs 17+16)
Request from pid 51770: max_threads=65535, hint_threads=32
[1788485373765] Granted 16 threads to pid 51770 (CPUs 17+16)
Request from pid 51734: max_threads=65535, hint_threads=32
[1788485373836] Granted 16 threads to pid 51734 (CPUs 1+16)
Request from pid 51770: max_threads=65535, hint_threads=32
[1788485373952] Granted 16 threads to pid 51770 (CPUs 17+16)
Request from pid 51734: max_threads=65535, hint_threads=32
[1788485374044] Granted 16 threads to pid 51734 (CPUs 1+16)
Request from pid 51770: max_threads=65535, hint_threads=32
[1788485374139] Granted 16 threads to pid 51770 (CPUs 17+16)
Request from pid 51734: max_threads=65535, hint_threads=32
[1788485374149] Granted 16 threads to pid 51734 (CPUs 1+16)
Request from pid 51770: max_threads=65535, hint_threads=32
[1788485374232] Granted 16 threads to pid 51770 (CPUs 17+16)
Request from pid 51734: max_threads=65535, hint_threads=32
[1788485374357] Granted 16 threads to pid 51734 (CPUs 1+16)
Request from pid 51770: max_threads=65535, hint_threads=32
[1788485374419] Granted 16 threads to pid 51770 (CPUs 17+16)
Request from pid 51734: max_threads=65535, hint_threads=32
[1788485374566] Granted 16 threads to pid 51734 (CPUs 1+16)
Request from pid 51770: max_threads=65535, hint_threads=32
[1788485374606] Granted 16 threads to pid 51770 (CPUs 17+16)
Request from pid 51734: max_threads=65535, hint_threads=32
[1788485374670] Granted 16 threads to pid 51734 (CPUs 1+16)
Request from pid 51770: max_threads=65535, hint_threads=32
[1788485374700] Granted 16 threads to pid 51770 (CPUs 17+16)
Request from pid 51734: max_threads=65535, hint_threads=32
[1788485374878] Granted 16 threads to pid 51734 (CPUs 1+16)
Request from pid 51770: max_threads=65535, hint_threads=32
[1788485374887] Granted 16 threads to pid 51770 (CPUs 17+16)
Request from pid 51770: max_threads=65535, hint_threads=32
[1788485375073] Granted 16 threads to pid 51770 (CPUs 17+16)
Request from pid 51734: max_threads=65535, hint_threads=32
[1788485375086] Granted 16 threads to pid 51734 (CPUs 1+16)
Request from pid 51770: max_threads=65535, hint_threads=32
[1788485375167] Granted 16 threads to pid 51770 (CPUs 17+16)
Request from pid 51734: max_threads=65535, hint_threads=32
[1788485375191] Granted 16 threads to pid 51734 (CPUs 1+16)
Request from pid 51770: max_threads=65535, hint_threads=32
[1788485375354] Granted 16 threads to pid 51770 (CPUs 17+16)
Request from pid 51734: max_threads=65535, hint_threads=32
[1788485375399] Granted 16 threads to pid 51734 (CPUs 1+16)
Request from pid 51770: max_threads=65535, hint_threads=32
[1788485375541] Granted 16 threads to pid 51770 (CPUs 17+16)
Request from pid 51734: max_threads=65535, hint_threads=32
[1788485375607] Granted 16 threads to pid 51734 (CPUs 1+16)
Request from pid 51770: max_threads=65535, hint_threads=32
[1788485375634] Granted 16 threads to pid 51770 (CPUs 17+16)
Request from pid 51734: max_threads=65535, hint_threads=32
[1788485375711] Granted 16 threads to pid 51734 (CPUs 1+16)
Request from pid 51770: max_threads=65535, hint_threads=32
[1788485375821] Granted 16 threads to pid 51770 (CPUs 17+16)
Request from pid 51734: max_threads=65535, hint_threads=32
[1788485375921] Granted 16 threads to pid 51734 (CPUs 1+16)
Request from pid 51770: max_threads=65535, hint_threads=32
[1788485376007] Granted 16 threads to pid 51770 (CPUs 17+16)
Request from pid 51734: max_threads=65535, hint_threads=32
[1788485376132] Granted 16 threads to pid 51734 (CPUs 1+16)
Request from pid 51770: max_threads=65535, hint_threads=32
[1788485376194] Granted 16 threads to pid 51770 (CPUs 17+16)
Request from pid 51734: max_threads=65535, hint_threads=32
[1788485376237] Granted 16 threads to pid 51734 (CPUs 1+16)
Request from pid 51770: max_threads=65535, hint_threads=32
[1788485376381] Granted 16 threads to pid 51770 (CPUs 17+16)
Request from pid 51734: max_threads=65535, hint_threads=32
[1788485376448] Granted 16 threads to pid 51734 (CPUs 1+16)
Request from pid 51770: max_threads=65535, hint_threads=32
[1788485376568] Granted 16 threads to pid 51770 (CPUs 17+16)
Request from pid 51734: max_threads=65535, hint_threads=32
[1788485376656] Granted 16 threads to pid 51734 (CPUs 1+16)
Request from pid 51770: max_threads=65535, hint_threads=32
[1788485376755] Granted 16 threads to pid 51770 (CPUs 17+16)
Request from pid 51734: max_threads=65535, hint_threads=32
[1788485376760] Granted 16 threads to pid 51734 (CPUs 1+16)
Request from pid 51770: max_threads=65535, hint_threads=32
[1788485376941] Granted 16 threads to pid 51770 (CPUs 17+16)
Request from pid 51734: max_threads=65535, hint_threads=32
[1788485376969] Granted 16 threads to pid 51734 (CPUs 1+16)
Request from pid 51770: max_threads=65535, hint_threads=32
[1788485377128] Granted 16 threads to pid 51770 (CPUs 17+16)
Request from pid 51734: max_threads=65535, hint_threads=32
[1788485377177] Granted 16 threads to pid 51734 (CPUs 1+16)
Request from pid 51734: max_threads=65535, hint_threads=32
[1788485377281] Granted 16 threads to pid 51734 (CPUs 1+16)
Request from pid 51770: max_threads=65535, hint_threads=32
[1788485377315] Granted 16 threads to pid 51770 (CPUs 17+16)
Request from pid 51734: max_threads=65535, hint_threads=32
[1788485377490] Granted 16 threads to pid 51734 (CPUs 1+16)
Request from pid 51770: max_threads=65535, hint_threads=32
[1788485377502] Granted 16 threads to pid 51770 (CPUs 17+16)
Request from pid 51770: max_threads=65535, hint_threads=32
[1788485377688] Granted 16 threads to pid 51770 (CPUs 17+16)
Request from pid 51734: max_threads=65535, hint_threads=32
[1788485377698] Granted 16 threads to pid 51734 (CPUs 1+16)
Request from pid 51734: max_threads=65535, hint_threads=32
[1788485377802] Granted 16 threads to pid 51734 (CPUs 1+16)
Request from pid 51770: max_threads=65535, hint_threads=32
[1788485377875] Granted 16 threads to pid 51770 (CPUs 17+16)
[1788485377882] Client pid 51770 disconnected — removed from state
Request from pid 51734: max_threads=65535, hint_threads=32
[1788485377986] Granted 32 threads to pid 51734 (CPUs 1+32)
Request from pid 51734: max_threads=65535, hint_threads=32
[1788485378127] Granted 32 threads to pid 51734 (CPUs 1+32)
Request from pid 51734: max_threads=65535, hint_threads=32
[1788485378177] Granted 32 threads to pid 51734 (CPUs 1+32)
Request from pid 51734: max_threads=65535, hint_threads=32
[1788485378276] Granted 32 threads to pid 51734 (CPUs 1+32)
Request from pid 51734: max_threads=65535, hint_threads=32
[1788485378375] Granted 32 threads to pid 51734 (CPUs 1+32)
[1788485378379] Client pid 51734 disconnected — removed from state
Accepted connection
Handling client
Request from pid 51900: max_threads=65535, hint_threads=32
[1788485378410] Granted 32 threads to pid 51900 (CPUs 1+32)
Request from pid 51900: max_threads=65535, hint_threads=32
[1788485378893] Granted 32 threads to pid 51900 (CPUs 1+32)
Accepted connection
Handling client
Request from pid 51935: max_threads=65535, hint_threads=32
[1788485378916] Granted 16 threads to pid 51935 (CPUs 17+16)
Request from pid 51900: max_threads=65535, hint_threads=32
[1788485379271] Granted 16 threads to pid 51900 (CPUs 1+16)
Request from pid 51900: max_threads=65535, hint_threads=32
[1788485379849] Granted 16 threads to pid 51900 (CPUs 1+16)
Request from pid 51900: max_threads=65535, hint_threads=32
[1788485380055] Granted 16 threads to pid 51900 (CPUs 1+16)
Request from pid 51935: max_threads=65535, hint_threads=32
[1788485380058] Granted 16 threads to pid 51935 (CPUs 17+16)
Request from pid 51935: max_threads=65535, hint_threads=32
[1788485380202] Granted 16 threads to pid 51935 (CPUs 17+16)
Request from pid 51900: max_threads=65535, hint_threads=32
[1788485380229] Granted 16 threads to pid 51900 (CPUs 1+16)
Request from pid 51935: max_threads=65535, hint_threads=32
[1788485380289] Granted 16 threads to pid 51935 (CPUs 17+16)
Request from pid 51900: max_threads=65535, hint_threads=32
[1788485380405] Granted 16 threads to pid 51900 (CPUs 1+16)
Request from pid 51935: max_threads=65535, hint_threads=32
[1788485380471] Granted 16 threads to pid 51935 (CPUs 17+16)
Request from pid 51900: max_threads=65535, hint_threads=32
[1788485380503] Granted 16 threads to pid 51900 (CPUs 1+16)
Request from pid 51935: max_threads=65535, hint_threads=32
[1788485380664] Granted 16 threads to pid 51935 (CPUs 17+16)
Request from pid 51900: max_threads=65535, hint_threads=32
[1788485380696] Granted 16 threads to pid 51900 (CPUs 1+16)
Request from pid 51935: max_threads=65535, hint_threads=32
[1788485380858] Granted 16 threads to pid 51935 (CPUs 17+16)
Request from pid 51900: max_threads=65535, hint_threads=32
[1788485380891] Granted 16 threads to pid 51900 (CPUs 1+16)
Request from pid 51900: max_threads=65535, hint_threads=32
[1788485380993] Granted 16 threads to pid 51900 (CPUs 1+16)
Request from pid 51935: max_threads=65535, hint_threads=32
[1788485381062] Granted 16 threads to pid 51935 (CPUs 17+16)
Request from pid 51935: max_threads=65535, hint_threads=32
[1788485381162] Granted 16 threads to pid 51935 (CPUs 17+16)
Request from pid 51900: max_threads=65535, hint_threads=32
[1788485381192] Granted 16 threads to pid 51900 (CPUs 1+16)
Request from pid 51935: max_threads=65535, hint_threads=32
[1788485381361] Granted 16 threads to pid 51935 (CPUs 17+16)
Request from pid 51900: max_threads=65535, hint_threads=32
[1788485381389] Granted 16 threads to pid 51900 (CPUs 1+16)
Request from pid 51900: max_threads=65535, hint_threads=32
[1788485381488] Granted 16 threads to pid 51900 (CPUs 1+16)
Request from pid 51935: max_threads=65535, hint_threads=32
[1788485381562] Granted 16 threads to pid 51935 (CPUs 17+16)
Request from pid 51935: max_threads=65535, hint_threads=32
[1788485381662] Granted 16 threads to pid 51935 (CPUs 17+16)
Request from pid 51900: max_threads=65535, hint_threads=32
[1788485381687] Granted 16 threads to pid 51900 (CPUs 1+16)
Request from pid 51935: max_threads=65535, hint_threads=32
[1788485381860] Granted 16 threads to pid 51935 (CPUs 17+16)
Request from pid 51900: max_threads=65535, hint_threads=32
[1788485381884] Granted 16 threads to pid 51900 (CPUs 1+16)
Request from pid 51900: max_threads=65535, hint_threads=32
[1788485381983] Granted 16 threads to pid 51900 (CPUs 1+16)
Request from pid 51935: max_threads=65535, hint_threads=32
[1788485382060] Granted 16 threads to pid 51935 (CPUs 17+16)
Request from pid 51935: max_threads=65535, hint_threads=32
[1788485382159] Granted 16 threads to pid 51935 (CPUs 17+16)
Request from pid 51900: max_threads=65535, hint_threads=32
[1788485382179] Granted 16 threads to pid 51900 (CPUs 1+16)
Request from pid 51935: max_threads=65535, hint_threads=32
[1788485382359] Granted 16 threads to pid 51935 (CPUs 17+16)
Request from pid 51900: max_threads=65535, hint_threads=32
[1788485382376] Granted 16 threads to pid 51900 (CPUs 1+16)
Request from pid 51900: max_threads=65535, hint_threads=32
[1788485382475] Granted 16 threads to pid 51900 (CPUs 1+16)
Request from pid 51935: max_threads=65535, hint_threads=32
[1788485382559] Granted 16 threads to pid 51935 (CPUs 17+16)
Request from pid 51935: max_threads=65535, hint_threads=32
[1788485382658] Granted 16 threads to pid 51935 (CPUs 17+16)
Request from pid 51900: max_threads=65535, hint_threads=32
[1788485382672] Granted 16 threads to pid 51900 (CPUs 1+16)
Request from pid 51900: max_threads=65535, hint_threads=32
[1788485382770] Granted 16 threads to pid 51900 (CPUs 1+16)
Request from pid 51935: max_threads=65535, hint_threads=32
[1788485382857] Granted 16 threads to pid 51935 (CPUs 17+16)
Request from pid 51900: max_threads=65535, hint_threads=32
[1788485382967] Granted 16 threads to pid 51900 (CPUs 1+16)
Request from pid 51935: max_threads=65535, hint_threads=32
[1788485383056] Granted 16 threads to pid 51935 (CPUs 17+16)
Request from pid 51935: max_threads=65535, hint_threads=32
[1788485383156] Granted 16 threads to pid 51935 (CPUs 17+16)
Request from pid 51900: max_threads=65535, hint_threads=32
[1788485383164] Granted 16 threads to pid 51900 (CPUs 1+16)
Request from pid 51935: max_threads=65535, hint_threads=32
[1788485383356] Granted 16 threads to pid 51935 (CPUs 17+16)
Request from pid 51900: max_threads=65535, hint_threads=32
[1788485383362] Granted 16 threads to pid 51900 (CPUs 1+16)
Request from pid 51900: max_threads=65535, hint_threads=32
[1788485383460] Granted 16 threads to pid 51900 (CPUs 1+16)
Request from pid 51935: max_threads=65535, hint_threads=32
[1788485383555] Granted 16 threads to pid 51935 (CPUs 17+16)
Request from pid 51900: max_threads=65535, hint_threads=32
[1788485383659] Granted 16 threads to pid 51900 (CPUs 1+16)
Request from pid 51935: max_threads=65535, hint_threads=32
[1788485383755] Granted 16 threads to pid 51935 (CPUs 17+16)
Request from pid 51900: max_threads=65535, hint_threads=32
[1788485383856] Granted 16 threads to pid 51900 (CPUs 1+16)
Request from pid 51935: max_threads=65535, hint_threads=32
[1788485383954] Granted 16 threads to pid 51935 (CPUs 17+16)
Request from pid 51900: max_threads=65535, hint_threads=32
[1788485383955] Granted 16 threads to pid 51900 (CPUs 1+16)
Request from pid 51900: max_threads=65535, hint_threads=32
[1788485384054] Granted 16 threads to pid 51900 (CPUs 1+16)
Request from pid 51935: max_threads=65535, hint_threads=32
[1788485384054] Granted 16 threads to pid 51935 (CPUs 17+16)
Request from pid 51935: max_threads=65535, hint_threads=32
[1788485384154] Granted 16 threads to pid 51935 (CPUs 17+16)
Request from pid 51900: max_threads=65535, hint_threads=32
[1788485384254] Granted 16 threads to pid 51900 (CPUs 1+16)
Request from pid 51935: max_threads=65535, hint_threads=32
[1788485384353] Granted 16 threads to pid 51935 (CPUs 17+16)
Request from pid 51900: max_threads=65535, hint_threads=32
[1788485384452] Granted 16 threads to pid 51900 (CPUs 1+16)
Request from pid 51935: max_threads=65535, hint_threads=32
[1788485384552] Granted 16 threads to pid 51935 (CPUs 17+16)
Request from pid 51900: max_threads=65535, hint_threads=32
[1788485384649] Granted 16 threads to pid 51900 (CPUs 1+16)
Request from pid 51935: max_threads=65535, hint_threads=32
[1788485384653] Granted 16 threads to pid 51935 (CPUs 17+16)
Request from pid 51900: max_threads=65535, hint_threads=32
[1788485384845] Granted 16 threads to pid 51900 (CPUs 1+16)
Request from pid 51935: max_threads=65535, hint_threads=32
[1788485384854] Granted 16 threads to pid 51935 (CPUs 17+16)
Request from pid 51900: max_threads=65535, hint_threads=32
[1788485384943] Granted 16 threads to pid 51900 (CPUs 1+16)
Request from pid 51935: max_threads=65535, hint_threads=32
[1788485385053] Granted 16 threads to pid 51935 (CPUs 17+16)
Request from pid 51900: max_threads=65535, hint_threads=32
[1788485385141] Granted 16 threads to pid 51900 (CPUs 1+16)
Request from pid 51935: max_threads=65535, hint_threads=32
[1788485385153] Granted 16 threads to pid 51935 (CPUs 17+16)
Request from pid 51935: max_threads=65535, hint_threads=32
[1788485385253] Granted 16 threads to pid 51935 (CPUs 17+16)
Request from pid 51900: max_threads=65535, hint_threads=32
[1788485385338] Granted 16 threads to pid 51900 (CPUs 1+16)
Request from pid 51900: max_threads=65535, hint_threads=32
[1788485385436] Granted 16 threads to pid 51900 (CPUs 1+16)
Request from pid 51935: max_threads=65535, hint_threads=32
[1788485385452] Granted 16 threads to pid 51935 (CPUs 17+16)
Request from pid 51900: max_threads=65535, hint_threads=32
[1788485385633] Granted 16 threads to pid 51900 (CPUs 1+16)
Request from pid 51935: max_threads=65535, hint_threads=32
[1788485385651] Granted 16 threads to pid 51935 (CPUs 17+16)
Request from pid 51900: max_threads=65535, hint_threads=32
[1788485385831] Granted 16 threads to pid 51900 (CPUs 1+16)
Request from pid 51935: max_threads=65535, hint_threads=32
[1788485385850] Granted 16 threads to pid 51935 (CPUs 17+16)
Request from pid 51900: max_threads=65535, hint_threads=32
[1788485385930] Granted 16 threads to pid 51900 (CPUs 1+16)
Request from pid 51935: max_threads=65535, hint_threads=32
[1788485386049] Granted 16 threads to pid 51935 (CPUs 17+16)
Request from pid 51900: max_threads=65535, hint_threads=32
[1788485386129] Granted 16 threads to pid 51900 (CPUs 1+16)
Request from pid 51935: max_threads=65535, hint_threads=32
[1788485386148] Granted 16 threads to pid 51935 (CPUs 17+16)
Request from pid 51935: max_threads=65535, hint_threads=32
[1788485386249] Granted 16 threads to pid 51935 (CPUs 17+16)
Request from pid 51900: max_threads=65535, hint_threads=32
[1788485386327] Granted 16 threads to pid 51900 (CPUs 1+16)
Request from pid 51900: max_threads=65535, hint_threads=32
[1788485386426] Granted 16 threads to pid 51900 (CPUs 1+16)
Request from pid 51935: max_threads=65535, hint_threads=32
[1788485386449] Granted 16 threads to pid 51935 (CPUs 17+16)
Request from pid 51900: max_threads=65535, hint_threads=32
[1788485386625] Granted 16 threads to pid 51900 (CPUs 1+16)
Request from pid 51935: max_threads=65535, hint_threads=32
[1788485386649] Granted 16 threads to pid 51935 (CPUs 17+16)
Request from pid 51900: max_threads=65535, hint_threads=32
[1788485386831] Granted 16 threads to pid 51900 (CPUs 1+16)
Request from pid 51935: max_threads=65535, hint_threads=32
[1788485386851] Granted 16 threads to pid 51935 (CPUs 17+16)
Request from pid 51900: max_threads=65535, hint_threads=32
[1788485387019] Granted 16 threads to pid 51900 (CPUs 1+16)
Request from pid 51935: max_threads=65535, hint_threads=32
[1788485387051] Granted 16 threads to pid 51935 (CPUs 17+16)
Request from pid 51935: max_threads=65535, hint_threads=32
[1788485387151] Granted 16 threads to pid 51935 (CPUs 17+16)
Request from pid 51900: max_threads=65535, hint_threads=32
[1788485387216] Granted 16 threads to pid 51900 (CPUs 1+16)
[1788485387323] Client pid 51900 disconnected — removed from state
Request from pid 51935: max_threads=65535, hint_threads=32
[1788485387346] Granted 32 threads to pid 51935 (CPUs 1+32)
Request from pid 51935: max_threads=65535, hint_threads=32
[1788485387486] Granted 32 threads to pid 51935 (CPUs 1+32)
[1788485387490] Client pid 51935 disconnected — removed from state
Accepted connection
Handling client
Request from pid 52055: max_threads=65535, hint_threads=32
[1788485387853] Granted 32 threads to pid 52055 (CPUs 1+32)
Accepted connection
Handling client
Request from pid 52091: max_threads=65535, hint_threads=32
[1788485388027] Granted 16 threads to pid 52091 (CPUs 17+16)
Request from pid 52055: max_threads=65535, hint_threads=32
[1788485389051] Granted 16 threads to pid 52055 (CPUs 1+16)
Request from pid 52091: max_threads=65535, hint_threads=32
[1788485389261] Granted 16 threads to pid 52091 (CPUs 17+16)
Request from pid 52055: max_threads=65535, hint_threads=32
[1788485389263] Granted 16 threads to pid 52055 (CPUs 1+16)
Request from pid 52091: max_threads=65535, hint_threads=32
[1788485389345] Granted 16 threads to pid 52091 (CPUs 17+16)
Request from pid 52091: max_threads=65535, hint_threads=32
[1788485389429] Granted 16 threads to pid 52091 (CPUs 17+16)
Request from pid 52055: max_threads=65535, hint_threads=32
[1788485389437] Granted 16 threads to pid 52055 (CPUs 1+16)
Request from pid 52091: max_threads=65535, hint_threads=32
[1788485389599] Granted 16 threads to pid 52091 (CPUs 17+16)
Request from pid 52055: max_threads=65535, hint_threads=32
[1788485389602] Granted 16 threads to pid 52055 (CPUs 1+16)
Request from pid 52091: max_threads=65535, hint_threads=32
[1788485389784] Granted 16 threads to pid 52091 (CPUs 17+16)
Request from pid 52055: max_threads=65535, hint_threads=32
[1788485389796] Granted 16 threads to pid 52055 (CPUs 1+16)
Request from pid 52055: max_threads=65535, hint_threads=32
[1788485389893] Granted 16 threads to pid 52055 (CPUs 1+16)
Request from pid 52091: max_threads=65535, hint_threads=32
[1788485389969] Granted 16 threads to pid 52091 (CPUs 17+16)
Request from pid 52055: max_threads=65535, hint_threads=32
[1788485390086] Granted 16 threads to pid 52055 (CPUs 1+16)
Request from pid 52091: max_threads=65535, hint_threads=32
[1788485390156] Granted 16 threads to pid 52091 (CPUs 17+16)
Request from pid 52091: max_threads=65535, hint_threads=32
[1788485390252] Granted 16 threads to pid 52091 (CPUs 17+16)
Request from pid 52055: max_threads=65535, hint_threads=32
[1788485390284] Granted 16 threads to pid 52055 (CPUs 1+16)
Request from pid 52055: max_threads=65535, hint_threads=32
[1788485390384] Granted 16 threads to pid 52055 (CPUs 1+16)
Request from pid 52091: max_threads=65535, hint_threads=32
[1788485390445] Granted 16 threads to pid 52091 (CPUs 17+16)
Request from pid 52055: max_threads=65535, hint_threads=32
[1788485390581] Granted 16 threads to pid 52055 (CPUs 1+16)
Request from pid 52091: max_threads=65535, hint_threads=32
[1788485390635] Granted 16 threads to pid 52091 (CPUs 17+16)
Request from pid 52091: max_threads=65535, hint_threads=32
[1788485390730] Granted 16 threads to pid 52091 (CPUs 17+16)
Request from pid 52055: max_threads=65535, hint_threads=32
[1788485390778] Granted 16 threads to pid 52055 (CPUs 1+16)
Request from pid 52055: max_threads=65535, hint_threads=32
[1788485390876] Granted 16 threads to pid 52055 (CPUs 1+16)
Request from pid 52091: max_threads=65535, hint_threads=32
[1788485390921] Granted 16 threads to pid 52091 (CPUs 17+16)
Request from pid 52055: max_threads=65535, hint_threads=32
[1788485391074] Granted 16 threads to pid 52055 (CPUs 1+16)
Request from pid 52091: max_threads=65535, hint_threads=32
[1788485391112] Granted 16 threads to pid 52091 (CPUs 17+16)
Request from pid 52055: max_threads=65535, hint_threads=32
[1788485391271] Granted 16 threads to pid 52055 (CPUs 1+16)
Request from pid 52091: max_threads=65535, hint_threads=32
[1788485391303] Granted 16 threads to pid 52091 (CPUs 17+16)
Request from pid 52055: max_threads=65535, hint_threads=32
[1788485391468] Granted 16 threads to pid 52055 (CPUs 1+16)
Request from pid 52091: max_threads=65535, hint_threads=32
[1788485391494] Granted 16 threads to pid 52091 (CPUs 17+16)
Request from pid 52055: max_threads=65535, hint_threads=32
[1788485391665] Granted 16 threads to pid 52055 (CPUs 1+16)
Request from pid 52091: max_threads=65535, hint_threads=32
[1788485391685] Granted 16 threads to pid 52091 (CPUs 17+16)
Request from pid 52055: max_threads=65535, hint_threads=32
[1788485391862] Granted 16 threads to pid 52055 (CPUs 1+16)
Request from pid 52091: max_threads=65535, hint_threads=32
[1788485391878] Granted 16 threads to pid 52091 (CPUs 17+16)
Request from pid 52055: max_threads=65535, hint_threads=32
[1788485392061] Granted 16 threads to pid 52055 (CPUs 1+16)
Request from pid 52091: max_threads=65535, hint_threads=32
[1788485392068] Granted 16 threads to pid 52091 (CPUs 17+16)
Request from pid 52091: max_threads=65535, hint_threads=32
[1788485392163] Granted 16 threads to pid 52091 (CPUs 17+16)
Request from pid 52055: max_threads=65535, hint_threads=32
[1788485392261] Granted 16 threads to pid 52055 (CPUs 1+16)
Request from pid 52091: max_threads=65535, hint_threads=32
[1788485392353] Granted 16 threads to pid 52091 (CPUs 17+16)
Request from pid 52055: max_threads=65535, hint_threads=32
[1788485392361] Granted 16 threads to pid 52055 (CPUs 1+16)
Request from pid 52091: max_threads=65535, hint_threads=32
[1788485392543] Granted 16 threads to pid 52091 (CPUs 17+16)
Request from pid 52055: max_threads=65535, hint_threads=32
[1788485392560] Granted 16 threads to pid 52055 (CPUs 1+16)
Request from pid 52091: max_threads=65535, hint_threads=32
[1788485392639] Granted 16 threads to pid 52091 (CPUs 17+16)
Request from pid 52055: max_threads=65535, hint_threads=32
[1788485392759] Granted 16 threads to pid 52055 (CPUs 1+16)
Request from pid 52091: max_threads=65535, hint_threads=32
[1788485392830] Granted 16 threads to pid 52091 (CPUs 17+16)
Request from pid 52055: max_threads=65535, hint_threads=32
[1788485392858] Granted 16 threads to pid 52055 (CPUs 1+16)
Request from pid 52091: max_threads=65535, hint_threads=32
[1788485393021] Granted 16 threads to pid 52091 (CPUs 17+16)
Request from pid 52055: max_threads=65535, hint_threads=32
[1788485393057] Granted 16 threads to pid 52055 (CPUs 1+16)
Request from pid 52091: max_threads=65535, hint_threads=32
[1788485393116] Granted 16 threads to pid 52091 (CPUs 17+16)
Request from pid 52055: max_threads=65535, hint_threads=32
[1788485393254] Granted 16 threads to pid 52055 (CPUs 1+16)
Request from pid 52091: max_threads=65535, hint_threads=32
[1788485393307] Granted 16 threads to pid 52091 (CPUs 17+16)
Request from pid 52055: max_threads=65535, hint_threads=32
[1788485393353] Granted 16 threads to pid 52055 (CPUs 1+16)
Request from pid 52091: max_threads=65535, hint_threads=32
[1788485393497] Granted 16 threads to pid 52091 (CPUs 17+16)
Request from pid 52055: max_threads=65535, hint_threads=32
[1788485393550] Granted 16 threads to pid 52055 (CPUs 1+16)
Request from pid 52091: max_threads=65535, hint_threads=32
[1788485393593] Granted 16 threads to pid 52091 (CPUs 17+16)
Request from pid 52055: max_threads=65535, hint_threads=32
[1788485393748] Granted 16 threads to pid 52055 (CPUs 1+16)
Request from pid 52091: max_threads=65535, hint_threads=32
[1788485393784] Granted 16 threads to pid 52091 (CPUs 17+16)
Request from pid 52055: max_threads=65535, hint_threads=32
[1788485393945] Granted 16 threads to pid 52055 (CPUs 1+16)
Request from pid 52091: max_threads=65535, hint_threads=32
[1788485393975] Granted 16 threads to pid 52091 (CPUs 17+16)
Request from pid 52091: max_threads=65535, hint_threads=32
[1788485394070] Granted 16 threads to pid 52091 (CPUs 17+16)
Request from pid 52055: max_threads=65535, hint_threads=32
[1788485394142] Granted 16 threads to pid 52055 (CPUs 1+16)
Request from pid 52091: max_threads=65535, hint_threads=32
[1788485394260] Granted 16 threads to pid 52091 (CPUs 17+16)
Request from pid 52055: max_threads=65535, hint_threads=32
[1788485394340] Granted 16 threads to pid 52055 (CPUs 1+16)
Request from pid 52091: max_threads=65535, hint_threads=32
[1788485394451] Granted 16 threads to pid 52091 (CPUs 17+16)
Request from pid 52055: max_threads=65535, hint_threads=32
[1788485394537] Granted 16 threads to pid 52055 (CPUs 1+16)
Request from pid 52091: max_threads=65535, hint_threads=32
[1788485394547] Granted 16 threads to pid 52091 (CPUs 17+16)
Request from pid 52055: max_threads=65535, hint_threads=32
[1788485394734] Granted 16 threads to pid 52055 (CPUs 1+16)
Request from pid 52091: max_threads=65535, hint_threads=32
[1788485394737] Granted 16 threads to pid 52091 (CPUs 17+16)
Request from pid 52055: max_threads=65535, hint_threads=32
[1788485394833] Granted 16 threads to pid 52055 (CPUs 1+16)
Request from pid 52091: max_threads=65535, hint_threads=32
[1788485394928] Granted 16 threads to pid 52091 (CPUs 17+16)
Request from pid 52091: max_threads=65535, hint_threads=32
[1788485395023] Granted 16 threads to pid 52091 (CPUs 17+16)
Request from pid 52055: max_threads=65535, hint_threads=32
[1788485395030] Granted 16 threads to pid 52055 (CPUs 1+16)
Request from pid 52091: max_threads=65535, hint_threads=32
[1788485395214] Granted 16 threads to pid 52091 (CPUs 17+16)
Request from pid 52055: max_threads=65535, hint_threads=32
[1788485395227] Granted 16 threads to pid 52055 (CPUs 1+16)
Request from pid 52055: max_threads=65535, hint_threads=32
[1788485395326] Granted 16 threads to pid 52055 (CPUs 1+16)
Request from pid 52091: max_threads=65535, hint_threads=32
[1788485395405] Granted 16 threads to pid 52091 (CPUs 17+16)
Request from pid 52091: max_threads=65535, hint_threads=32
[1788485395500] Granted 16 threads to pid 52091 (CPUs 17+16)
Request from pid 52055: max_threads=65535, hint_threads=32
[1788485395524] Granted 16 threads to pid 52055 (CPUs 1+16)
Request from pid 52091: max_threads=65535, hint_threads=32
[1788485395690] Granted 16 threads to pid 52091 (CPUs 17+16)
Request from pid 52055: max_threads=65535, hint_threads=32
[1788485395721] Granted 16 threads to pid 52055 (CPUs 1+16)
Request from pid 52055: max_threads=65535, hint_threads=32
[1788485395819] Granted 16 threads to pid 52055 (CPUs 1+16)
Request from pid 52091: max_threads=65535, hint_threads=32
[1788485395882] Granted 16 threads to pid 52091 (CPUs 17+16)
Request from pid 52091: max_threads=65535, hint_threads=32
[1788485395978] Granted 16 threads to pid 52091 (CPUs 17+16)
Request from pid 52055: max_threads=65535, hint_threads=32
[1788485396016] Granted 16 threads to pid 52055 (CPUs 1+16)
Request from pid 52091: max_threads=65535, hint_threads=32
[1788485396169] Granted 16 threads to pid 52091 (CPUs 17+16)
Request from pid 52055: max_threads=65535, hint_threads=32
[1788485396215] Granted 16 threads to pid 52055 (CPUs 1+16)
Request from pid 52055: max_threads=65535, hint_threads=32
[1788485396314] Granted 16 threads to pid 52055 (CPUs 1+16)
Request from pid 52091: max_threads=65535, hint_threads=32
[1788485396359] Granted 16 threads to pid 52091 (CPUs 17+16)
[1788485396367] Client pid 52091 disconnected — removed from state
Request from pid 52055: max_threads=65535, hint_threads=32
[1788485396484] Granted 32 threads to pid 52055 (CPUs 1+32)
Request from pid 52055: max_threads=65535, hint_threads=32
[1788485396621] Granted 32 threads to pid 52055 (CPUs 1+32)
[1788485396625] Client pid 52055 disconnected — removed from state
Accepted connection
Handling client
Request from pid 52224: max_threads=65535, hint_threads=32
[1788485396899] Granted 32 threads to pid 52224 (CPUs 1+32)
Accepted connection
Handling client
Request from pid 52259: max_threads=65535, hint_threads=32
[1788485397166] Granted 16 threads to pid 52259 (CPUs 17+16)
Request from pid 52224: max_threads=65535, hint_threads=32
[1788485398055] Granted 16 threads to pid 52224 (CPUs 1+16)
Request from pid 52224: max_threads=65535, hint_threads=32
[1788485398074] Granted 16 threads to pid 52224 (CPUs 1+16)
Request from pid 52259: max_threads=65535, hint_threads=32
[1788485398365] Granted 16 threads to pid 52259 (CPUs 17+16)
Request from pid 52224: max_threads=65535, hint_threads=32
[1788485398430] Granted 16 threads to pid 52224 (CPUs 1+16)
Request from pid 52259: max_threads=65535, hint_threads=32
[1788485398505] Granted 16 threads to pid 52259 (CPUs 17+16)
Request from pid 52259: max_threads=65535, hint_threads=32
[1788485398605] Granted 16 threads to pid 52259 (CPUs 17+16)
Request from pid 52224: max_threads=65535, hint_threads=32
[1788485398611] Granted 16 threads to pid 52224 (CPUs 1+16)
Request from pid 52224: max_threads=65535, hint_threads=32
[1788485398795] Granted 16 threads to pid 52224 (CPUs 1+16)
Request from pid 52259: max_threads=65535, hint_threads=32
[1788485398806] Granted 16 threads to pid 52259 (CPUs 17+16)
Request from pid 52224: max_threads=65535, hint_threads=32
[1788485398979] Granted 16 threads to pid 52224 (CPUs 1+16)
Request from pid 52259: max_threads=65535, hint_threads=32
[1788485399005] Granted 16 threads to pid 52259 (CPUs 17+16)
Request from pid 52224: max_threads=65535, hint_threads=32
[1788485399162] Granted 16 threads to pid 52224 (CPUs 1+16)
Request from pid 52259: max_threads=65535, hint_threads=32
[1788485399205] Granted 16 threads to pid 52259 (CPUs 17+16)
Request from pid 52224: max_threads=65535, hint_threads=32
[1788485399254] Granted 16 threads to pid 52224 (CPUs 1+16)
Request from pid 52259: max_threads=65535, hint_threads=32
[1788485399413] Granted 16 threads to pid 52259 (CPUs 17+16)
Request from pid 52224: max_threads=65535, hint_threads=32
[1788485399443] Granted 16 threads to pid 52224 (CPUs 1+16)
Request from pid 52259: max_threads=65535, hint_threads=32
[1788485399517] Granted 16 threads to pid 52259 (CPUs 17+16)
Request from pid 52224: max_threads=65535, hint_threads=32
[1788485399630] Granted 16 threads to pid 52224 (CPUs 1+16)
Request from pid 52259: max_threads=65535, hint_threads=32
[1788485399723] Granted 16 threads to pid 52259 (CPUs 17+16)
Request from pid 52224: max_threads=65535, hint_threads=32
[1788485399723] Granted 16 threads to pid 52224 (CPUs 1+16)
Request from pid 52224: max_threads=65535, hint_threads=32
[1788485399817] Granted 16 threads to pid 52224 (CPUs 1+16)
Request from pid 52259: max_threads=65535, hint_threads=32
[1788485399929] Granted 16 threads to pid 52259 (CPUs 17+16)
Request from pid 52224: max_threads=65535, hint_threads=32
[1788485400003] Granted 16 threads to pid 52224 (CPUs 1+16)
Request from pid 52259: max_threads=65535, hint_threads=32
[1788485400032] Granted 16 threads to pid 52259 (CPUs 17+16)
Request from pid 52224: max_threads=65535, hint_threads=32
[1788485400190] Granted 16 threads to pid 52224 (CPUs 1+16)
Request from pid 52259: max_threads=65535, hint_threads=32
[1788485400238] Granted 16 threads to pid 52259 (CPUs 17+16)
Request from pid 52224: max_threads=65535, hint_threads=32
[1788485400378] Granted 16 threads to pid 52224 (CPUs 1+16)
Request from pid 52259: max_threads=65535, hint_threads=32
[1788485400443] Granted 16 threads to pid 52259 (CPUs 17+16)
Request from pid 52259: max_threads=65535, hint_threads=32
[1788485400547] Granted 16 threads to pid 52259 (CPUs 17+16)
Request from pid 52224: max_threads=65535, hint_threads=32
[1788485400565] Granted 16 threads to pid 52224 (CPUs 1+16)
Request from pid 52224: max_threads=65535, hint_threads=32
[1788485400659] Granted 16 threads to pid 52224 (CPUs 1+16)
Request from pid 52259: max_threads=65535, hint_threads=32
[1788485400754] Granted 16 threads to pid 52259 (CPUs 17+16)
Request from pid 52224: max_threads=65535, hint_threads=32
[1788485400845] Granted 16 threads to pid 52224 (CPUs 1+16)
Request from pid 52259: max_threads=65535, hint_threads=32
[1788485400961] Granted 16 threads to pid 52259 (CPUs 17+16)
Request from pid 52224: max_threads=65535, hint_threads=32
[1788485401031] Granted 16 threads to pid 52224 (CPUs 1+16)
Request from pid 52259: max_threads=65535, hint_threads=32
[1788485401064] Granted 16 threads to pid 52259 (CPUs 17+16)
Request from pid 52224: max_threads=65535, hint_threads=32
[1788485401125] Granted 16 threads to pid 52224 (CPUs 1+16)
Request from pid 52259: max_threads=65535, hint_threads=32
[1788485401270] Granted 16 threads to pid 52259 (CPUs 17+16)
Request from pid 52224: max_threads=65535, hint_threads=32
[1788485401311] Granted 16 threads to pid 52224 (CPUs 1+16)
Request from pid 52259: max_threads=65535, hint_threads=32
[1788485401477] Granted 16 threads to pid 52259 (CPUs 17+16)
Request from pid 52224: max_threads=65535, hint_threads=32
[1788485401498] Granted 16 threads to pid 52224 (CPUs 1+16)
Request from pid 52224: max_threads=65535, hint_threads=32
[1788485401592] Granted 16 threads to pid 52224 (CPUs 1+16)
Request from pid 52259: max_threads=65535, hint_threads=32
[1788485401683] Granted 16 threads to pid 52259 (CPUs 17+16)
Request from pid 52224: max_threads=65535, hint_threads=32
[1788485401778] Granted 16 threads to pid 52224 (CPUs 1+16)
Request from pid 52259: max_threads=65535, hint_threads=32
[1788485401890] Granted 16 threads to pid 52259 (CPUs 17+16)
Request from pid 52224: max_threads=65535, hint_threads=32
[1788485401965] Granted 16 threads to pid 52224 (CPUs 1+16)
Request from pid 52224: max_threads=65535, hint_threads=32
[1788485402058] Granted 16 threads to pid 52224 (CPUs 1+16)
Request from pid 52259: max_threads=65535, hint_threads=32
[1788485402096] Granted 16 threads to pid 52259 (CPUs 17+16)
Request from pid 52224: max_threads=65535, hint_threads=32
[1788485402244] Granted 16 threads to pid 52224 (CPUs 1+16)
Request from pid 52259: max_threads=65535, hint_threads=32
[1788485402302] Granted 16 threads to pid 52259 (CPUs 17+16)
Request from pid 52224: max_threads=65535, hint_threads=32
[1788485402431] Granted 16 threads to pid 52224 (CPUs 1+16)
Request from pid 52259: max_threads=65535, hint_threads=32
[1788485402508] Granted 16 threads to pid 52259 (CPUs 17+16)
Request from pid 52224: max_threads=65535, hint_threads=32
[1788485402524] Granted 16 threads to pid 52224 (CPUs 1+16)
Request from pid 52259: max_threads=65535, hint_threads=32
[1788485402611] Granted 16 threads to pid 52259 (CPUs 17+16)
Request from pid 52224: max_threads=65535, hint_threads=32
[1788485402711] Granted 16 threads to pid 52224 (CPUs 1+16)
Request from pid 52259: max_threads=65535, hint_threads=32
[1788485402817] Granted 16 threads to pid 52259 (CPUs 17+16)
Request from pid 52224: max_threads=65535, hint_threads=32
[1788485402897] Granted 16 threads to pid 52224 (CPUs 1+16)
Request from pid 52224: max_threads=65535, hint_threads=32
[1788485402991] Granted 16 threads to pid 52224 (CPUs 1+16)
Request from pid 52259: max_threads=65535, hint_threads=32
[1788485403024] Granted 16 threads to pid 52259 (CPUs 17+16)
Request from pid 52259: max_threads=65535, hint_threads=32
[1788485403127] Granted 16 threads to pid 52259 (CPUs 17+16)
Request from pid 52224: max_threads=65535, hint_threads=32
[1788485403177] Granted 16 threads to pid 52224 (CPUs 1+16)
Request from pid 52259: max_threads=65535, hint_threads=32
[1788485403333] Granted 16 threads to pid 52259 (CPUs 17+16)
Request from pid 52224: max_threads=65535, hint_threads=32
[1788485403363] Granted 16 threads to pid 52224 (CPUs 1+16)
Request from pid 52224: max_threads=65535, hint_threads=32
[1788485403456] Granted 16 threads to pid 52224 (CPUs 1+16)
Request from pid 52259: max_threads=65535, hint_threads=32
[1788485403539] Granted 16 threads to pid 52259 (CPUs 17+16)
Request from pid 52259: max_threads=65535, hint_threads=32
[1788485403642] Granted 16 threads to pid 52259 (CPUs 17+16)
Request from pid 52224: max_threads=65535, hint_threads=32
[1788485403643] Granted 16 threads to pid 52224 (CPUs 1+16)
Request from pid 52224: max_threads=65535, hint_threads=32
[1788485403736] Granted 16 threads to pid 52224 (CPUs 1+16)
Request from pid 52259: max_threads=65535, hint_threads=32
[1788485403849] Granted 16 threads to pid 52259 (CPUs 17+16)
Request from pid 52224: max_threads=65535, hint_threads=32
[1788485403924] Granted 16 threads to pid 52224 (CPUs 1+16)
Request from pid 52259: max_threads=65535, hint_threads=32
[1788485404054] Granted 16 threads to pid 52259 (CPUs 17+16)
Request from pid 52224: max_threads=65535, hint_threads=32
[1788485404111] Granted 16 threads to pid 52224 (CPUs 1+16)
Request from pid 52259: max_threads=65535, hint_threads=32
[1788485404157] Granted 16 threads to pid 52259 (CPUs 17+16)
Request from pid 52224: max_threads=65535, hint_threads=32
[1788485404300] Granted 16 threads to pid 52224 (CPUs 1+16)
Request from pid 52259: max_threads=65535, hint_threads=32
[1788485404363] Granted 16 threads to pid 52259 (CPUs 17+16)
Request from pid 52224: max_threads=65535, hint_threads=32
[1788485404394] Granted 16 threads to pid 52224 (CPUs 1+16)
Request from pid 52259: max_threads=65535, hint_threads=32
[1788485404569] Granted 16 threads to pid 52259 (CPUs 17+16)
Request from pid 52224: max_threads=65535, hint_threads=32
[1788485404582] Granted 16 threads to pid 52224 (CPUs 1+16)
Request from pid 52259: max_threads=65535, hint_threads=32
[1788485404673] Granted 16 threads to pid 52259 (CPUs 17+16)
Request from pid 52224: max_threads=65535, hint_threads=32
[1788485404769] Granted 16 threads to pid 52224 (CPUs 1+16)
Request from pid 52224: max_threads=65535, hint_threads=32
[1788485404862] Granted 16 threads to pid 52224 (CPUs 1+16)
Request from pid 52259: max_threads=65535, hint_threads=32
[1788485404881] Granted 16 threads to pid 52259 (CPUs 17+16)
Request from pid 52224: max_threads=65535, hint_threads=32
[1788485405048] Granted 16 threads to pid 52224 (CPUs 1+16)
Request from pid 52259: max_threads=65535, hint_threads=32
[1788485405087] Granted 16 threads to pid 52259 (CPUs 17+16)
Request from pid 52259: max_threads=65535, hint_threads=32
[1788485405190] Granted 16 threads to pid 52259 (CPUs 17+16)
Request from pid 52224: max_threads=65535, hint_threads=32
[1788485405237] Granted 16 threads to pid 52224 (CPUs 1+16)
[1788485405242] Client pid 52224 disconnected — removed from state
Request from pid 52259: max_threads=65535, hint_threads=32
[1788485405366] Granted 32 threads to pid 52259 (CPUs 1+32)
Request from pid 52259: max_threads=65535, hint_threads=32
[1788485405504] Granted 32 threads to pid 52259 (CPUs 1+32)
Request from pid 52259: max_threads=65535, hint_threads=32
[1788485405602] Granted 32 threads to pid 52259 (CPUs 1+32)
Request from pid 52259: max_threads=65535, hint_threads=32
[1788485405699] Granted 32 threads to pid 52259 (CPUs 1+32)
Request from pid 52259: max_threads=65535, hint_threads=32
[1788485405749] Granted 32 threads to pid 52259 (CPUs 1+32)
[1788485405753] Client pid 52259 disconnected — removed from state
Accepted connection
Handling client
Request from pid 52370: max_threads=65535, hint_threads=32
[1788485405766] Granted 32 threads to pid 52370 (CPUs 1+32)
Request from pid 52370: max_threads=65535, hint_threads=32
[1788485406226] Granted 32 threads to pid 52370 (CPUs 1+32)
Request from pid 52370: max_threads=65535, hint_threads=32
[1788485406278] Granted 32 threads to pid 52370 (CPUs 1+32)
Accepted connection
Handling client
Request from pid 52440: max_threads=65535, hint_threads=32
[1788485406291] Granted 16 threads to pid 52440 (CPUs 17+16)
Request from pid 52370: max_threads=65535, hint_threads=32
[1788485406847] Granted 16 threads to pid 52370 (CPUs 1+16)
Request from pid 52370: max_threads=65535, hint_threads=32
[1788485407399] Granted 16 threads to pid 52370 (CPUs 1+16)
Request from pid 52440: max_threads=65535, hint_threads=32
[1788485407521] Granted 16 threads to pid 52440 (CPUs 17+16)
Request from pid 52370: max_threads=65535, hint_threads=32
[1788485407610] Granted 16 threads to pid 52370 (CPUs 1+16)
Request from pid 52440: max_threads=65535, hint_threads=32
[1788485407668] Granted 16 threads to pid 52440 (CPUs 17+16)
Request from pid 52440: max_threads=65535, hint_threads=32
[1788485407751] Granted 16 threads to pid 52440 (CPUs 17+16)
Request from pid 52370: max_threads=65535, hint_threads=32
[1788485407801] Granted 16 threads to pid 52370 (CPUs 1+16)
Request from pid 52440: max_threads=65535, hint_threads=32
[1788485407920] Granted 16 threads to pid 52440 (CPUs 17+16)
Request from pid 52370: max_threads=65535, hint_threads=32
[1788485407948] Granted 16 threads to pid 52370 (CPUs 1+16)
Request from pid 52440: max_threads=65535, hint_threads=32
[1788485408100] Granted 16 threads to pid 52440 (CPUs 17+16)
Request from pid 52370: max_threads=65535, hint_threads=32
[1788485408159] Granted 16 threads to pid 52370 (CPUs 1+16)
Request from pid 52440: max_threads=65535, hint_threads=32
[1788485408280] Granted 16 threads to pid 52440 (CPUs 17+16)
Request from pid 52370: max_threads=65535, hint_threads=32
[1788485408372] Granted 16 threads to pid 52370 (CPUs 1+16)
Request from pid 52440: max_threads=65535, hint_threads=32
[1788485408464] Granted 16 threads to pid 52440 (CPUs 17+16)
Request from pid 52370: max_threads=65535, hint_threads=32
[1788485408481] Granted 16 threads to pid 52370 (CPUs 1+16)
Request from pid 52440: max_threads=65535, hint_threads=32
[1788485408558] Granted 16 threads to pid 52440 (CPUs 17+16)
Request from pid 52370: max_threads=65535, hint_threads=32
[1788485408698] Granted 16 threads to pid 52370 (CPUs 1+16)
Request from pid 52440: max_threads=65535, hint_threads=32
[1788485408742] Granted 16 threads to pid 52440 (CPUs 17+16)
Request from pid 52370: max_threads=65535, hint_threads=32
[1788485408915] Granted 16 threads to pid 52370 (CPUs 1+16)
Request from pid 52440: max_threads=65535, hint_threads=32
[1788485408927] Granted 16 threads to pid 52440 (CPUs 17+16)
Request from pid 52440: max_threads=65535, hint_threads=32
[1788485409019] Granted 16 threads to pid 52440 (CPUs 17+16)
Request from pid 52370: max_threads=65535, hint_threads=32
[1788485409131] Granted 16 threads to pid 52370 (CPUs 1+16)
Request from pid 52440: max_threads=65535, hint_threads=32
[1788485409203] Granted 16 threads to pid 52440 (CPUs 17+16)
Request from pid 52370: max_threads=65535, hint_threads=32
[1788485409348] Granted 16 threads to pid 52370 (CPUs 1+16)
Request from pid 52440: max_threads=65535, hint_threads=32
[1788485409387] Granted 16 threads to pid 52440 (CPUs 17+16)
Request from pid 52370: max_threads=65535, hint_threads=32
[1788485409564] Granted 16 threads to pid 52370 (CPUs 1+16)
Request from pid 52440: max_threads=65535, hint_threads=32
[1788485409571] Granted 16 threads to pid 52440 (CPUs 17+16)
Request from pid 52440: max_threads=65535, hint_threads=32
[1788485409755] Granted 16 threads to pid 52440 (CPUs 17+16)
Request from pid 52370: max_threads=65535, hint_threads=32
[1788485409781] Granted 16 threads to pid 52370 (CPUs 1+16)
Request from pid 52440: max_threads=65535, hint_threads=32
[1788485409938] Granted 16 threads to pid 52440 (CPUs 17+16)
Request from pid 52370: max_threads=65535, hint_threads=32
[1788485409997] Granted 16 threads to pid 52370 (CPUs 1+16)
Request from pid 52370: max_threads=65535, hint_threads=32
[1788485410105] Granted 16 threads to pid 52370 (CPUs 1+16)
Request from pid 52440: max_threads=65535, hint_threads=32
[1788485410122] Granted 16 threads to pid 52440 (CPUs 17+16)
Request from pid 52440: max_threads=65535, hint_threads=32
[1788485410306] Granted 16 threads to pid 52440 (CPUs 17+16)
Request from pid 52370: max_threads=65535, hint_threads=32
[1788485410321] Granted 16 threads to pid 52370 (CPUs 1+16)
Request from pid 52440: max_threads=65535, hint_threads=32
[1788485410398] Granted 16 threads to pid 52440 (CPUs 17+16)
Request from pid 52370: max_threads=65535, hint_threads=32
[1788485410537] Granted 16 threads to pid 52370 (CPUs 1+16)
Request from pid 52440: max_threads=65535, hint_threads=32
[1788485410582] Granted 16 threads to pid 52440 (CPUs 17+16)
Request from pid 52370: max_threads=65535, hint_threads=32
[1788485410645] Granted 16 threads to pid 52370 (CPUs 1+16)
Request from pid 52440: max_threads=65535, hint_threads=32
[1788485410766] Granted 16 threads to pid 52440 (CPUs 17+16)
Request from pid 52440: max_threads=65535, hint_threads=32
[1788485410857] Granted 16 threads to pid 52440 (CPUs 17+16)
Request from pid 52370: max_threads=65535, hint_threads=32
[1788485410861] Granted 16 threads to pid 52370 (CPUs 1+16)
Request from pid 52440: max_threads=65535, hint_threads=32
[1788485411041] Granted 16 threads to pid 52440 (CPUs 17+16)
Request from pid 52370: max_threads=65535, hint_threads=32
[1788485411077] Granted 16 threads to pid 52370 (CPUs 1+16)
Request from pid 52370: max_threads=65535, hint_threads=32
[1788485411185] Granted 16 threads to pid 52370 (CPUs 1+16)
Request from pid 52440: max_threads=65535, hint_threads=32
[1788485411225] Granted 16 threads to pid 52440 (CPUs 17+16)
Request from pid 52440: max_threads=65535, hint_threads=32
[1788485411317] Granted 16 threads to pid 52440 (CPUs 17+16)
Request from pid 52370: max_threads=65535, hint_threads=32
[1788485411401] Granted 16 threads to pid 52370 (CPUs 1+16)
Request from pid 52440: max_threads=65535, hint_threads=32
[1788485411501] Granted 16 threads to pid 52440 (CPUs 17+16)
Request from pid 52370: max_threads=65535, hint_threads=32
[1788485411510] Granted 16 threads to pid 52370 (CPUs 1+16)
Request from pid 52440: max_threads=65535, hint_threads=32
[1788485411685] Granted 16 threads to pid 52440 (CPUs 17+16)
Request from pid 52370: max_threads=65535, hint_threads=32
[1788485411726] Granted 16 threads to pid 52370 (CPUs 1+16)
Request from pid 52440: max_threads=65535, hint_threads=32
[1788485411777] Granted 16 threads to pid 52440 (CPUs 17+16)
Request from pid 52370: max_threads=65535, hint_threads=32
[1788485411942] Granted 16 threads to pid 52370 (CPUs 1+16)
Request from pid 52440: max_threads=65535, hint_threads=32
[1788485411961] Granted 16 threads to pid 52440 (CPUs 17+16)
Request from pid 52440: max_threads=65535, hint_threads=32
[1788485412145] Granted 16 threads to pid 52440 (CPUs 17+16)
Request from pid 52370: max_threads=65535, hint_threads=32
[1788485412159] Granted 16 threads to pid 52370 (CPUs 1+16)
Request from pid 52440: max_threads=65535, hint_threads=32
[1788485412236] Granted 16 threads to pid 52440 (CPUs 17+16)
Request from pid 52370: max_threads=65535, hint_threads=32
[1788485412268] Granted 16 threads to pid 52370 (CPUs 1+16)
Request from pid 52440: max_threads=65535, hint_threads=32
[1788485412420] Granted 16 threads to pid 52440 (CPUs 17+16)
Request from pid 52370: max_threads=65535, hint_threads=32
[1788485412485] Granted 16 threads to pid 52370 (CPUs 1+16)
Request from pid 52440: max_threads=65535, hint_threads=32
[1788485412605] Granted 16 threads to pid 52440 (CPUs 17+16)
Request from pid 52440: max_threads=65535, hint_threads=32
[1788485412697] Granted 16 threads to pid 52440 (CPUs 17+16)
Request from pid 52370: max_threads=65535, hint_threads=32
[1788485412701] Granted 16 threads to pid 52370 (CPUs 1+16)
Request from pid 52370: max_threads=65535, hint_threads=32
[1788485412809] Granted 16 threads to pid 52370 (CPUs 1+16)
Request from pid 52440: max_threads=65535, hint_threads=32
[1788485412882] Granted 16 threads to pid 52440 (CPUs 17+16)
Request from pid 52370: max_threads=65535, hint_threads=32
[1788485413025] Granted 16 threads to pid 52370 (CPUs 1+16)
Request from pid 52440: max_threads=65535, hint_threads=32
[1788485413066] Granted 16 threads to pid 52440 (CPUs 17+16)
Request from pid 52440: max_threads=65535, hint_threads=32
[1788485413158] Granted 16 threads to pid 52440 (CPUs 17+16)
Request from pid 52370: max_threads=65535, hint_threads=32
[1788485413241] Granted 16 threads to pid 52370 (CPUs 1+16)
Request from pid 52440: max_threads=65535, hint_threads=32
[1788485413342] Granted 16 threads to pid 52440 (CPUs 17+16)
Request from pid 52370: max_threads=65535, hint_threads=32
[1788485413349] Granted 16 threads to pid 52370 (CPUs 1+16)
Request from pid 52440: max_threads=65535, hint_threads=32
[1788485413525] Granted 16 threads to pid 52440 (CPUs 17+16)
Request from pid 52370: max_threads=65535, hint_threads=32
[1788485413565] Granted 16 threads to pid 52370 (CPUs 1+16)
Request from pid 52440: max_threads=65535, hint_threads=32
[1788485413617] Granted 16 threads to pid 52440 (CPUs 17+16)
Request from pid 52370: max_threads=65535, hint_threads=32
[1788485413782] Granted 16 threads to pid 52370 (CPUs 1+16)
Request from pid 52440: max_threads=65535, hint_threads=32
[1788485413802] Granted 16 threads to pid 52440 (CPUs 17+16)
Request from pid 52370: max_threads=65535, hint_threads=32
[1788485413890] Granted 16 threads to pid 52370 (CPUs 1+16)
Request from pid 52440: max_threads=65535, hint_threads=32
[1788485413987] Granted 16 threads to pid 52440 (CPUs 17+16)
Request from pid 52440: max_threads=65535, hint_threads=32
[1788485414078] Granted 16 threads to pid 52440 (CPUs 17+16)
Request from pid 52370: max_threads=65535, hint_threads=32
[1788485414107] Granted 16 threads to pid 52370 (CPUs 1+16)
Request from pid 52440: max_threads=65535, hint_threads=32
[1788485414263] Granted 16 threads to pid 52440 (CPUs 17+16)
Request from pid 52370: max_threads=65535, hint_threads=32
[1788485414323] Granted 16 threads to pid 52370 (CPUs 1+16)
Request from pid 52440: max_threads=65535, hint_threads=32
[1788485414447] Granted 16 threads to pid 52440 (CPUs 17+16)
[1788485414454] Client pid 52440 disconnected — removed from state
Request from pid 52370: max_threads=65535, hint_threads=32
[1788485414523] Granted 32 threads to pid 52370 (CPUs 1+32)
Request from pid 52370: max_threads=65535, hint_threads=32
[1788485414668] Granted 32 threads to pid 52370 (CPUs 1+32)
Request from pid 52370: max_threads=65535, hint_threads=32
[1788485414769] Granted 32 threads to pid 52370 (CPUs 1+32)
Request from pid 52370: max_threads=65535, hint_threads=32
[1788485414870] Granted 32 threads to pid 52370 (CPUs 1+32)
Request from pid 52370: max_threads=65535, hint_threads=32
[1788485414971] Granted 32 threads to pid 52370 (CPUs 1+32)
[1788485414976] Client pid 52370 disconnected — removed from state
Accepted connection
Handling client
Request from pid 52483: max_threads=65535, hint_threads=32
[1788485414979] Granted 32 threads to pid 52483 (CPUs 1+32)
Request from pid 52483: max_threads=65535, hint_threads=32
[1788485415443] Granted 32 threads to pid 52483 (CPUs 1+32)
Request from pid 52483: max_threads=65535, hint_threads=32
[1788485415492] Granted 32 threads to pid 52483 (CPUs 1+32)
Accepted connection
Handling client
Request from pid 52524: max_threads=65535, hint_threads=32
[1788485415513] Granted 16 threads to pid 52524 (CPUs 17+16)
Request from pid 52483: max_threads=65535, hint_threads=32
[1788485416307] Granted 16 threads to pid 52483 (CPUs 1+16)
Request from pid 52483: max_threads=65535, hint_threads=32
[1788485416658] Granted 16 threads to pid 52483 (CPUs 1+16)
Request from pid 52483: max_threads=65535, hint_threads=32
[1788485416822] Granted 16 threads to pid 52483 (CPUs 1+16)
Request from pid 52524: max_threads=65535, hint_threads=32
[1788485416858] Granted 16 threads to pid 52524 (CPUs 17+16)
Request from pid 52483: max_threads=65535, hint_threads=32
[1788485416991] Granted 16 threads to pid 52483 (CPUs 1+16)
Request from pid 52524: max_threads=65535, hint_threads=32
[1788485417013] Granted 16 threads to pid 52524 (CPUs 17+16)
Request from pid 52524: max_threads=65535, hint_threads=32
[1788485417103] Granted 16 threads to pid 52524 (CPUs 17+16)
Request from pid 52483: max_threads=65535, hint_threads=32
[1788485417269] Granted 16 threads to pid 52483 (CPUs 1+16)
Request from pid 52524: max_threads=65535, hint_threads=32
[1788485417296] Granted 16 threads to pid 52524 (CPUs 17+16)
Request from pid 52483: max_threads=65535, hint_threads=32
[1788485417457] Granted 16 threads to pid 52483 (CPUs 1+16)
Request from pid 52524: max_threads=65535, hint_threads=32
[1788485417498] Granted 16 threads to pid 52524 (CPUs 17+16)
Request from pid 52483: max_threads=65535, hint_threads=32
[1788485417644] Granted 16 threads to pid 52483 (CPUs 1+16)
Request from pid 52524: max_threads=65535, hint_threads=32
[1788485417704] Granted 16 threads to pid 52524 (CPUs 17+16)
Request from pid 52483: max_threads=65535, hint_threads=32
[1788485417834] Granted 16 threads to pid 52483 (CPUs 1+16)
Request from pid 52524: max_threads=65535, hint_threads=32
[1788485417918] Granted 16 threads to pid 52524 (CPUs 17+16)
Request from pid 52483: max_threads=65535, hint_threads=32
[1788485418023] Granted 16 threads to pid 52483 (CPUs 1+16)
Request from pid 52524: max_threads=65535, hint_threads=32
[1788485418024] Granted 16 threads to pid 52524 (CPUs 17+16)
Request from pid 52483: max_threads=65535, hint_threads=32
[1788485418116] Granted 16 threads to pid 52483 (CPUs 1+16)
Request from pid 52524: max_threads=65535, hint_threads=32
[1788485418236] Granted 16 threads to pid 52524 (CPUs 17+16)
Request from pid 52483: max_threads=65535, hint_threads=32
[1788485418305] Granted 16 threads to pid 52483 (CPUs 1+16)
Request from pid 52524: max_threads=65535, hint_threads=32
[1788485418448] Granted 16 threads to pid 52524 (CPUs 17+16)
Request from pid 52483: max_threads=65535, hint_threads=32
[1788485418494] Granted 16 threads to pid 52483 (CPUs 1+16)
Request from pid 52524: max_threads=65535, hint_threads=32
[1788485418554] Granted 16 threads to pid 52524 (CPUs 17+16)
Request from pid 52483: max_threads=65535, hint_threads=32
[1788485418589] Granted 16 threads to pid 52483 (CPUs 1+16)
Request from pid 52524: max_threads=65535, hint_threads=32
[1788485418767] Granted 16 threads to pid 52524 (CPUs 17+16)
Request from pid 52483: max_threads=65535, hint_threads=32
[1788485418778] Granted 16 threads to pid 52483 (CPUs 1+16)
Request from pid 52483: max_threads=65535, hint_threads=32
[1788485418967] Granted 16 threads to pid 52483 (CPUs 1+16)
Request from pid 52524: max_threads=65535, hint_threads=32
[1788485418979] Granted 16 threads to pid 52524 (CPUs 17+16)
Request from pid 52483: max_threads=65535, hint_threads=32
[1788485419062] Granted 16 threads to pid 52483 (CPUs 1+16)
Request from pid 52524: max_threads=65535, hint_threads=32
[1788485419085] Granted 16 threads to pid 52524 (CPUs 17+16)
Request from pid 52483: max_threads=65535, hint_threads=32
[1788485419250] Granted 16 threads to pid 52483 (CPUs 1+16)
Request from pid 52524: max_threads=65535, hint_threads=32
[1788485419297] Granted 16 threads to pid 52524 (CPUs 17+16)
Request from pid 52483: max_threads=65535, hint_threads=32
[1788485419437] Granted 16 threads to pid 52483 (CPUs 1+16)
Request from pid 52524: max_threads=65535, hint_threads=32
[1788485419510] Granted 16 threads to pid 52524 (CPUs 17+16)
Request from pid 52483: max_threads=65535, hint_threads=32
[1788485419530] Granted 16 threads to pid 52483 (CPUs 1+16)
Request from pid 52483: max_threads=65535, hint_threads=32
[1788485419717] Granted 16 threads to pid 52483 (CPUs 1+16)
Request from pid 52524: max_threads=65535, hint_threads=32
[1788485419722] Granted 16 threads to pid 52524 (CPUs 17+16)
Request from pid 52483: max_threads=65535, hint_threads=32
[1788485419905] Granted 16 threads to pid 52483 (CPUs 1+16)
Request from pid 52524: max_threads=65535, hint_threads=32
[1788485419935] Granted 16 threads to pid 52524 (CPUs 17+16)
Request from pid 52483: max_threads=65535, hint_threads=32
[1788485420000] Granted 16 threads to pid 52483 (CPUs 1+16)
Request from pid 52524: max_threads=65535, hint_threads=32
[1788485420147] Granted 16 threads to pid 52524 (CPUs 17+16)
Request from pid 52483: max_threads=65535, hint_threads=32
[1788485420189] Granted 16 threads to pid 52483 (CPUs 1+16)
Request from pid 52524: max_threads=65535, hint_threads=32
[1788485420359] Granted 16 threads to pid 52524 (CPUs 17+16)
Request from pid 52483: max_threads=65535, hint_threads=32
[1788485420378] Granted 16 threads to pid 52483 (CPUs 1+16)
Request from pid 52483: max_threads=65535, hint_threads=32
[1788485420472] Granted 16 threads to pid 52483 (CPUs 1+16)
Request from pid 52483: max_threads=65535, hint_threads=32
[1788485420566] Granted 16 threads to pid 52483 (CPUs 1+16)
Request from pid 52524: max_threads=65535, hint_threads=32
[1788485420572] Granted 16 threads to pid 52524 (CPUs 17+16)
Request from pid 52524: max_threads=65535, hint_threads=32
[1788485420679] Granted 16 threads to pid 52524 (CPUs 17+16)
Request from pid 52483: max_threads=65535, hint_threads=32
[1788485420754] Granted 16 threads to pid 52483 (CPUs 1+16)
Request from pid 52524: max_threads=65535, hint_threads=32
[1788485420892] Granted 16 threads to pid 52524 (CPUs 17+16)
Request from pid 52483: max_threads=65535, hint_threads=32
[1788485420942] Granted 16 threads to pid 52483 (CPUs 1+16)
Request from pid 52524: max_threads=65535, hint_threads=32
[1788485421104] Granted 16 threads to pid 52524 (CPUs 17+16)
Request from pid 52483: max_threads=65535, hint_threads=32
[1788485421130] Granted 16 threads to pid 52483 (CPUs 1+16)
Request from pid 52524: max_threads=65535, hint_threads=32
[1788485421210] Granted 16 threads to pid 52524 (CPUs 17+16)
Request from pid 52483: max_threads=65535, hint_threads=32
[1788485421318] Granted 16 threads to pid 52483 (CPUs 1+16)
Request from pid 52483: max_threads=65535, hint_threads=32
[1788485421412] Granted 16 threads to pid 52483 (CPUs 1+16)
Request from pid 52524: max_threads=65535, hint_threads=32
[1788485421423] Granted 16 threads to pid 52524 (CPUs 17+16)
Request from pid 52483: max_threads=65535, hint_threads=32
[1788485421601] Granted 16 threads to pid 52483 (CPUs 1+16)
Request from pid 52524: max_threads=65535, hint_threads=32
[1788485421635] Granted 16 threads to pid 52524 (CPUs 17+16)
Request from pid 52524: max_threads=65535, hint_threads=32
[1788485421741] Granted 16 threads to pid 52524 (CPUs 17+16)
Request from pid 52483: max_threads=65535, hint_threads=32
[1788485421790] Granted 16 threads to pid 52483 (CPUs 1+16)
Request from pid 52483: max_threads=65535, hint_threads=32
[1788485421884] Granted 16 threads to pid 52483 (CPUs 1+16)
Request from pid 52524: max_threads=65535, hint_threads=32
[1788485421953] Granted 16 threads to pid 52524 (CPUs 17+16)
Request from pid 52483: max_threads=65535, hint_threads=32
[1788485422073] Granted 16 threads to pid 52483 (CPUs 1+16)
Request from pid 52524: max_threads=65535, hint_threads=32
[1788485422165] Granted 16 threads to pid 52524 (CPUs 17+16)
Request from pid 52483: max_threads=65535, hint_threads=32
[1788485422261] Granted 16 threads to pid 52483 (CPUs 1+16)
Request from pid 52524: max_threads=65535, hint_threads=32
[1788485422272] Granted 16 threads to pid 52524 (CPUs 17+16)
Request from pid 52524: max_threads=65535, hint_threads=32
[1788485422378] Granted 16 threads to pid 52524 (CPUs 17+16)
Request from pid 52483: max_threads=65535, hint_threads=32
[1788485422450] Granted 16 threads to pid 52483 (CPUs 1+16)
Request from pid 52524: max_threads=65535, hint_threads=32
[1788485422590] Granted 16 threads to pid 52524 (CPUs 17+16)
Request from pid 52483: max_threads=65535, hint_threads=32
[1788485422638] Granted 16 threads to pid 52483 (CPUs 1+16)
Request from pid 52524: max_threads=65535, hint_threads=32
[1788485422804] Granted 16 threads to pid 52524 (CPUs 17+16)
Request from pid 52483: max_threads=65535, hint_threads=32
[1788485422827] Granted 16 threads to pid 52483 (CPUs 1+16)
Request from pid 52483: max_threads=65535, hint_threads=32
[1788485423015] Granted 16 threads to pid 52483 (CPUs 1+16)
Request from pid 52524: max_threads=65535, hint_threads=32
[1788485423016] Granted 16 threads to pid 52524 (CPUs 17+16)
Request from pid 52524: max_threads=65535, hint_threads=32
[1788485423122] Granted 16 threads to pid 52524 (CPUs 17+16)
Request from pid 52483: max_threads=65535, hint_threads=32
[1788485423205] Granted 16 threads to pid 52483 (CPUs 1+16)
Request from pid 52483: max_threads=65535, hint_threads=32
[1788485423299] Granted 16 threads to pid 52483 (CPUs 1+16)
Request from pid 52524: max_threads=65535, hint_threads=32
[1788485423334] Granted 16 threads to pid 52524 (CPUs 17+16)
Request from pid 52483: max_threads=65535, hint_threads=32
[1788485423488] Granted 16 threads to pid 52483 (CPUs 1+16)
Request from pid 52524: max_threads=65535, hint_threads=32
[1788485423546] Granted 16 threads to pid 52524 (CPUs 17+16)
Request from pid 52483: max_threads=65535, hint_threads=32
[1788485423677] Granted 16 threads to pid 52483 (CPUs 1+16)
[1788485423682] Client pid 52483 disconnected — removed from state
Request from pid 52524: max_threads=65535, hint_threads=32
[1788485423744] Granted 32 threads to pid 52524 (CPUs 1+32)
Request from pid 52524: max_threads=65535, hint_threads=32
[1788485423888] Granted 32 threads to pid 52524 (CPUs 1+32)
Request from pid 52524: max_threads=65535, hint_threads=32
[1788485423989] Granted 32 threads to pid 52524 (CPUs 1+32)
Request from pid 52524: max_threads=65535, hint_threads=32
[1788485424040] Granted 32 threads to pid 52524 (CPUs 1+32)
Request from pid 52524: max_threads=65535, hint_threads=32
[1788485424091] Granted 32 threads to pid 52524 (CPUs 1+32)
Request from pid 52524: max_threads=65535, hint_threads=32
[1788485424193] Granted 32 threads to pid 52524 (CPUs 1+32)
Accepted connection
Handling client
Request from pid 52654: max_threads=65535, hint_threads=32
[1788485424223] Granted 16 threads to pid 52654 (CPUs 17+16)
Request from pid 52524: max_threads=65535, hint_threads=32
[1788485425218] Granted 16 threads to pid 52524 (CPUs 1+16)
[1788485425242] Client pid 52524 disconnected — removed from state
Request from pid 52654: max_threads=65535, hint_threads=32
[1788485425483] Granted 32 threads to pid 52654 (CPUs 1+32)
Request from pid 52654: max_threads=65535, hint_threads=32
[1788485425538] Granted 32 threads to pid 52654 (CPUs 1+32)
Request from pid 52654: max_threads=65535, hint_threads=32
[1788485425585] Granted 32 threads to pid 52654 (CPUs 1+32)
Request from pid 52654: max_threads=65535, hint_threads=32
[1788485425680] Granted 32 threads to pid 52654 (CPUs 1+32)
Request from pid 52654: max_threads=65535, hint_threads=32
[1788485425776] Granted 32 threads to pid 52654 (CPUs 1+32)
Accepted connection
Handling client
Request from pid 52697: max_threads=65535, hint_threads=32
[1788485425781] Granted 16 threads to pid 52697 (CPUs 17+16)
Request from pid 52654: max_threads=65535, hint_threads=32
[1788485426527] Granted 16 threads to pid 52654 (CPUs 1+16)
Request from pid 52654: max_threads=65535, hint_threads=32
[1788485426909] Granted 16 threads to pid 52654 (CPUs 1+16)
Request from pid 52697: max_threads=65535, hint_threads=32
[1788485427061] Granted 16 threads to pid 52697 (CPUs 17+16)
Request from pid 52654: max_threads=65535, hint_threads=32
[1788485427065] Granted 16 threads to pid 52654 (CPUs 1+16)
Request from pid 52697: max_threads=65535, hint_threads=32
[1788485427156] Granted 16 threads to pid 52697 (CPUs 17+16)
Request from pid 52654: max_threads=65535, hint_threads=32
[1788485427231] Granted 16 threads to pid 52654 (CPUs 1+16)
Request from pid 52697: max_threads=65535, hint_threads=32
[1788485427249] Granted 16 threads to pid 52697 (CPUs 17+16)
Request from pid 52654: max_threads=65535, hint_threads=32
[1788485427336] Granted 16 threads to pid 52654 (CPUs 1+16)
Request from pid 52697: max_threads=65535, hint_threads=32
[1788485427457] Granted 16 threads to pid 52697 (CPUs 17+16)
Request from pid 52654: max_threads=65535, hint_threads=32
[1788485427518] Granted 16 threads to pid 52654 (CPUs 1+16)
Request from pid 52697: max_threads=65535, hint_threads=32
[1788485427667] Granted 16 threads to pid 52697 (CPUs 17+16)
Request from pid 52654: max_threads=65535, hint_threads=32
[1788485427700] Granted 16 threads to pid 52654 (CPUs 1+16)
Request from pid 52654: max_threads=65535, hint_threads=32
[1788485427790] Granted 16 threads to pid 52654 (CPUs 1+16)
Request from pid 52697: max_threads=65535, hint_threads=32
[1788485427880] Granted 16 threads to pid 52697 (CPUs 17+16)
Request from pid 52654: max_threads=65535, hint_threads=32
[1788485427974] Granted 16 threads to pid 52654 (CPUs 1+16)
Request from pid 52697: max_threads=65535, hint_threads=32
[1788485428100] Granted 16 threads to pid 52697 (CPUs 17+16)
Request from pid 52654: max_threads=65535, hint_threads=32
[1788485428160] Granted 16 threads to pid 52654 (CPUs 1+16)
Request from pid 52697: max_threads=65535, hint_threads=32
[1788485428208] Granted 16 threads to pid 52697 (CPUs 17+16)
Request from pid 52654: max_threads=65535, hint_threads=32
[1788485428253] Granted 16 threads to pid 52654 (CPUs 1+16)
Request from pid 52697: max_threads=65535, hint_threads=32
[1788485428426] Granted 16 threads to pid 52697 (CPUs 17+16)
Request from pid 52654: max_threads=65535, hint_threads=32
[1788485428438] Granted 16 threads to pid 52654 (CPUs 1+16)
Request from pid 52654: max_threads=65535, hint_threads=32
[1788485428530] Granted 16 threads to pid 52654 (CPUs 1+16)
Request from pid 52697: max_threads=65535, hint_threads=32
[1788485428645] Granted 16 threads to pid 52697 (CPUs 17+16)
Request from pid 52654: max_threads=65535, hint_threads=32
[1788485428714] Granted 16 threads to pid 52654 (CPUs 1+16)
Request from pid 52697: max_threads=65535, hint_threads=32
[1788485428755] Granted 16 threads to pid 52697 (CPUs 17+16)
Request from pid 52654: max_threads=65535, hint_threads=32
[1788485428898] Granted 16 threads to pid 52654 (CPUs 1+16)
Request from pid 52697: max_threads=65535, hint_threads=32
[1788485428973] Granted 16 threads to pid 52697 (CPUs 17+16)
Request from pid 52654: max_threads=65535, hint_threads=32
[1788485429082] Granted 16 threads to pid 52654 (CPUs 1+16)
Request from pid 52654: max_threads=65535, hint_threads=32
[1788485429173] Granted 16 threads to pid 52654 (CPUs 1+16)
Request from pid 52697: max_threads=65535, hint_threads=32
[1788485429191] Granted 16 threads to pid 52697 (CPUs 17+16)
Request from pid 52697: max_threads=65535, hint_threads=32
[1788485429300] Granted 16 threads to pid 52697 (CPUs 17+16)
Request from pid 52654: max_threads=65535, hint_threads=32
[1788485429357] Granted 16 threads to pid 52654 (CPUs 1+16)
Request from pid 52697: max_threads=65535, hint_threads=32
[1788485429518] Granted 16 threads to pid 52697 (CPUs 17+16)
Request from pid 52654: max_threads=65535, hint_threads=32
[1788485429541] Granted 16 threads to pid 52654 (CPUs 1+16)
Request from pid 52654: max_threads=65535, hint_threads=32
[1788485429633] Granted 16 threads to pid 52654 (CPUs 1+16)
Request from pid 52697: max_threads=65535, hint_threads=32
[1788485429735] Granted 16 threads to pid 52697 (CPUs 17+16)
Request from pid 52654: max_threads=65535, hint_threads=32
[1788485429817] Granted 16 threads to pid 52654 (CPUs 1+16)
Request from pid 52697: max_threads=65535, hint_threads=32
[1788485429844] Granted 16 threads to pid 52697 (CPUs 17+16)
Request from pid 52654: max_threads=65535, hint_threads=32
[1788485430000] Granted 16 threads to pid 52654 (CPUs 1+16)
Request from pid 52697: max_threads=65535, hint_threads=32
[1788485430062] Granted 16 threads to pid 52697 (CPUs 17+16)
Request from pid 52654: max_threads=65535, hint_threads=32
[1788485430092] Granted 16 threads to pid 52654 (CPUs 1+16)
Request from pid 52654: max_threads=65535, hint_threads=32
[1788485430276] Granted 16 threads to pid 52654 (CPUs 1+16)
Request from pid 52697: max_threads=65535, hint_threads=32
[1788485430280] Granted 16 threads to pid 52697 (CPUs 17+16)
Request from pid 52697: max_threads=65535, hint_threads=32
[1788485430389] Granted 16 threads to pid 52697 (CPUs 17+16)
Request from pid 52654: max_threads=65535, hint_threads=32
[1788485430460] Granted 16 threads to pid 52654 (CPUs 1+16)
Request from pid 52654: max_threads=65535, hint_threads=32
[1788485430552] Granted 16 threads to pid 52654 (CPUs 1+16)
Request from pid 52697: max_threads=65535, hint_threads=32
[1788485430607] Granted 16 threads to pid 52697 (CPUs 17+16)
Request from pid 52654: max_threads=65535, hint_threads=32
[1788485430735] Granted 16 threads to pid 52654 (CPUs 1+16)
Request from pid 52697: max_threads=65535, hint_threads=32
[1788485430824] Granted 16 threads to pid 52697 (CPUs 17+16)
Request from pid 52654: max_threads=65535, hint_threads=32
[1788485430919] Granted 16 threads to pid 52654 (CPUs 1+16)
Request from pid 52697: max_threads=65535, hint_threads=32
[1788485430933] Granted 16 threads to pid 52697 (CPUs 17+16)
Request from pid 52654: max_threads=65535, hint_threads=32
[1788485431011] Granted 16 threads to pid 52654 (CPUs 1+16)
Request from pid 52697: max_threads=65535, hint_threads=32
[1788485431151] Granted 16 threads to pid 52697 (CPUs 17+16)
Request from pid 52654: max_threads=65535, hint_threads=32
[1788485431195] Granted 16 threads to pid 52654 (CPUs 1+16)
Request from pid 52697: max_threads=65535, hint_threads=32
[1788485431369] Granted 16 threads to pid 52697 (CPUs 17+16)
Request from pid 52654: max_threads=65535, hint_threads=32
[1788485431378] Granted 16 threads to pid 52654 (CPUs 1+16)
Request from pid 52654: max_threads=65535, hint_threads=32
[1788485431470] Granted 16 threads to pid 52654 (CPUs 1+16)
Request from pid 52697: max_threads=65535, hint_threads=32
[1788485431587] Granted 16 threads to pid 52697 (CPUs 17+16)
Request from pid 52654: max_threads=65535, hint_threads=32
[1788485431654] Granted 16 threads to pid 52654 (CPUs 1+16)
Request from pid 52697: max_threads=65535, hint_threads=32
[1788485431805] Granted 16 threads to pid 52697 (CPUs 17+16)
Request from pid 52654: max_threads=65535, hint_threads=32
[1788485431838] Granted 16 threads to pid 52654 (CPUs 1+16)
Request from pid 52654: max_threads=65535, hint_threads=32
[1788485431930] Granted 16 threads to pid 52654 (CPUs 1+16)
Request from pid 52697: max_threads=65535, hint_threads=32
[1788485432023] Granted 16 threads to pid 52697 (CPUs 17+16)
Request from pid 52654: max_threads=65535, hint_threads=32
[1788485432114] Granted 16 threads to pid 52654 (CPUs 1+16)
Request from pid 52697: max_threads=65535, hint_threads=32
[1788485432240] Granted 16 threads to pid 52697 (CPUs 17+16)
Request from pid 52654: max_threads=65535, hint_threads=32
[1788485432300] Granted 16 threads to pid 52654 (CPUs 1+16)
Request from pid 52654: max_threads=65535, hint_threads=32
[1788485432392] Granted 16 threads to pid 52654 (CPUs 1+16)
Request from pid 52697: max_threads=65535, hint_threads=32
[1788485432458] Granted 16 threads to pid 52697 (CPUs 17+16)
Request from pid 52697: max_threads=65535, hint_threads=32
[1788485432567] Granted 16 threads to pid 52697 (CPUs 17+16)
Request from pid 52654: max_threads=65535, hint_threads=32
[1788485432576] Granted 16 threads to pid 52654 (CPUs 1+16)
Request from pid 52654: max_threads=65535, hint_threads=32
[1788485432760] Granted 16 threads to pid 52654 (CPUs 1+16)
Request from pid 52697: max_threads=65535, hint_threads=32
[1788485432786] Granted 16 threads to pid 52697 (CPUs 17+16)
Request from pid 52654: max_threads=65535, hint_threads=32
[1788485432852] Granted 16 threads to pid 52654 (CPUs 1+16)
Request from pid 52697: max_threads=65535, hint_threads=32
[1788485433004] Granted 16 threads to pid 52697 (CPUs 17+16)
Request from pid 52654: max_threads=65535, hint_threads=32
[1788485433036] Granted 16 threads to pid 52654 (CPUs 1+16)
Request from pid 52697: max_threads=65535, hint_threads=32
[1788485433113] Granted 16 threads to pid 52697 (CPUs 17+16)
Request from pid 52654: max_threads=65535, hint_threads=32
[1788485433219] Granted 16 threads to pid 52654 (CPUs 1+16)
[1788485433224] Client pid 52654 disconnected — removed from state
Request from pid 52697: max_threads=65535, hint_threads=32
[1788485433310] Granted 32 threads to pid 52697 (CPUs 1+32)
Request from pid 52697: max_threads=65535, hint_threads=32
[1788485433456] Granted 32 threads to pid 52697 (CPUs 1+32)
Request from pid 52697: max_threads=65535, hint_threads=32
[1788485433558] Granted 32 threads to pid 52697 (CPUs 1+32)
Request from pid 52697: max_threads=65535, hint_threads=32
[1788485433660] Granted 32 threads to pid 52697 (CPUs 1+32)
Accepted connection
Handling client
Request from pid 52750: max_threads=65535, hint_threads=32
[1788485433762] Granted 16 threads to pid 52750 (CPUs 17+16)
Request from pid 52697: max_threads=65535, hint_threads=32
[1788485433851] Granted 16 threads to pid 52697 (CPUs 1+16)
Request from pid 52697: max_threads=65535, hint_threads=32
[1788485434357] Granted 16 threads to pid 52697 (CPUs 1+16)
Request from pid 52697: max_threads=65535, hint_threads=32
[1788485434681] Granted 16 threads to pid 52697 (CPUs 1+16)
Request from pid 52697: max_threads=65535, hint_threads=32
[1788485434878] Granted 16 threads to pid 52697 (CPUs 1+16)
Request from pid 52750: max_threads=65535, hint_threads=32
[1788485434880] Granted 16 threads to pid 52750 (CPUs 17+16)
Request from pid 52750: max_threads=65535, hint_threads=32
[1788485435024] Granted 16 threads to pid 52750 (CPUs 17+16)
Request from pid 52697: max_threads=65535, hint_threads=32
[1788485435024] Granted 16 threads to pid 52697 (CPUs 1+16)
Request from pid 52697: max_threads=65535, hint_threads=32
[1788485435126] Granted 16 threads to pid 52697 (CPUs 1+16)
Request from pid 52750: max_threads=65535, hint_threads=32
[1788485435127] Granted 16 threads to pid 52750 (CPUs 17+16)
Request from pid 52750: max_threads=65535, hint_threads=32
[1788485435230] Granted 16 threads to pid 52750 (CPUs 17+16)
Request from pid 52697: max_threads=65535, hint_threads=32
[1788485435328] Granted 16 threads to pid 52697 (CPUs 1+16)
Request from pid 52750: max_threads=65535, hint_threads=32
[1788485435437] Granted 16 threads to pid 52750 (CPUs 17+16)
Request from pid 52697: max_threads=65535, hint_threads=32
[1788485435530] Granted 16 threads to pid 52697 (CPUs 1+16)
[1788485435538] Client pid 52697 disconnected — removed from state
Request from pid 52750: max_threads=65535, hint_threads=32
[1788485435540] Granted 32 threads to pid 52750 (CPUs 1+32)
Request from pid 52750: max_threads=65535, hint_threads=32
[1788485435597] Granted 32 threads to pid 52750 (CPUs 1+32)
Request from pid 52750: max_threads=65535, hint_threads=32
[1788485435704] Granted 32 threads to pid 52750 (CPUs 1+32)
Request from pid 52750: max_threads=65535, hint_threads=32
[1788485435810] Granted 32 threads to pid 52750 (CPUs 1+32)
Request from pid 52750: max_threads=65535, hint_threads=32
[1788485435916] Granted 32 threads to pid 52750 (CPUs 1+32)
Request from pid 52750: max_threads=65535, hint_threads=32
[1788485436022] Granted 32 threads to pid 52750 (CPUs 1+32)
Request from pid 52750: max_threads=65535, hint_threads=32
[1788485436075] Granted 32 threads to pid 52750 (CPUs 1+32)
Request from pid 52750: max_threads=65535, hint_threads=32
[1788485436181] Granted 32 threads to pid 52750 (CPUs 1+32)
Request from pid 52750: max_threads=65535, hint_threads=32
[1788485436287] Granted 32 threads to pid 52750 (CPUs 1+32)
Request from pid 52750: max_threads=65535, hint_threads=32
[1788485436340] Granted 32 threads to pid 52750 (CPUs 1+32)
Request from pid 52750: max_threads=65535, hint_threads=32
[1788485436447] Granted 32 threads to pid 52750 (CPUs 1+32)
Request from pid 52750: max_threads=65535, hint_threads=32
[1788485436553] Granted 32 threads to pid 52750 (CPUs 1+32)
Request from pid 52750: max_threads=65535, hint_threads=32
[1788485436606] Granted 32 threads to pid 52750 (CPUs 1+32)
Request from pid 52750: max_threads=65535, hint_threads=32
[1788485436712] Granted 32 threads to pid 52750 (CPUs 1+32)
Request from pid 52750: max_threads=65535, hint_threads=32
[1788485436819] Granted 32 threads to pid 52750 (CPUs 1+32)
Request from pid 52750: max_threads=65535, hint_threads=32
[1788485436871] Granted 32 threads to pid 52750 (CPUs 1+32)
Request from pid 52750: max_threads=65535, hint_threads=32
[1788485436977] Granted 32 threads to pid 52750 (CPUs 1+32)
Request from pid 52750: max_threads=65535, hint_threads=32
[1788485437083] Granted 32 threads to pid 52750 (CPUs 1+32)
Request from pid 52750: max_threads=65535, hint_threads=32
[1788485437136] Granted 32 threads to pid 52750 (CPUs 1+32)
Request from pid 52750: max_threads=65535, hint_threads=32
[1788485437242] Granted 32 threads to pid 52750 (CPUs 1+32)
Request from pid 52750: max_threads=65535, hint_threads=32
[1788485437347] Granted 32 threads to pid 52750 (CPUs 1+32)
Request from pid 52750: max_threads=65535, hint_threads=32
[1788485437400] Granted 32 threads to pid 52750 (CPUs 1+32)
Request from pid 52750: max_threads=65535, hint_threads=32
[1788485437505] Granted 32 threads to pid 52750 (CPUs 1+32)
Request from pid 52750: max_threads=65535, hint_threads=32
[1788485437611] Granted 32 threads to pid 52750 (CPUs 1+32)
Request from pid 52750: max_threads=65535, hint_threads=32
[1788485437664] Granted 32 threads to pid 52750 (CPUs 1+32)
Request from pid 52750: max_threads=65535, hint_threads=32
[1788485437769] Granted 32 threads to pid 52750 (CPUs 1+32)
Request from pid 52750: max_threads=65535, hint_threads=32
[1788485437875] Granted 32 threads to pid 52750 (CPUs 1+32)
Request from pid 52750: max_threads=65535, hint_threads=32
[1788485437980] Granted 32 threads to pid 52750 (CPUs 1+32)
Request from pid 52750: max_threads=65535, hint_threads=32
[1788485438086] Granted 32 threads to pid 52750 (CPUs 1+32)
Request from pid 52750: max_threads=65535, hint_threads=32
[1788485438192] Granted 32 threads to pid 52750 (CPUs 1+32)
Request from pid 52750: max_threads=65535, hint_threads=32
[1788485438297] Granted 32 threads to pid 52750 (CPUs 1+32)
Request from pid 52750: max_threads=65535, hint_threads=32
[1788485438403] Granted 32 threads to pid 52750 (CPUs 1+32)
Request from pid 52750: max_threads=65535, hint_threads=32
[1788485438456] Granted 32 threads to pid 52750 (CPUs 1+32)
Request from pid 52750: max_threads=65535, hint_threads=32
[1788485438561] Granted 32 threads to pid 52750 (CPUs 1+32)
Request from pid 52750: max_threads=65535, hint_threads=32
[1788485438667] Granted 32 threads to pid 52750 (CPUs 1+32)
Request from pid 52750: max_threads=65535, hint_threads=32
[1788485438720] Granted 32 threads to pid 52750 (CPUs 1+32)
Request from pid 52750: max_threads=65535, hint_threads=32
[1788485438826] Granted 32 threads to pid 52750 (CPUs 1+32)
Request from pid 52750: max_threads=65535, hint_threads=32
[1788485438931] Granted 32 threads to pid 52750 (CPUs 1+32)
Request from pid 52750: max_threads=65535, hint_threads=32
[1788485438984] Granted 32 threads to pid 52750 (CPUs 1+32)
Request from pid 52750: max_threads=65535, hint_threads=32
[1788485439090] Granted 32 threads to pid 52750 (CPUs 1+32)
Request from pid 52750: max_threads=65535, hint_threads=32
[1788485439195] Granted 32 threads to pid 52750 (CPUs 1+32)
[1788485439200] Client pid 52750 disconnected — removed from state
Accepted connection
Handling client
Request from pid 52868: max_threads=65535, hint_threads=32
[1788485439727] Granted 32 threads to pid 52868 (CPUs 1+32)
Request from pid 52868: max_threads=65535, hint_threads=32
[1788485440191] Granted 32 threads to pid 52868 (CPUs 1+32)
Request from pid 52868: max_threads=65535, hint_threads=32
[1788485440240] Granted 32 threads to pid 52868 (CPUs 1+32)
Request from pid 52868: max_threads=65535, hint_threads=32
[1788485440288] Granted 32 threads to pid 52868 (CPUs 1+32)
Request from pid 52868: max_threads=65535, hint_threads=32
[1788485440385] Granted 32 threads to pid 52868 (CPUs 1+32)
Request from pid 52868: max_threads=65535, hint_threads=32
[1788485440481] Granted 32 threads to pid 52868 (CPUs 1+32)
Request from pid 52868: max_threads=65535, hint_threads=32
[1788485440578] Granted 32 threads to pid 52868 (CPUs 1+32)
Request from pid 52868: max_threads=65535, hint_threads=32
[1788485440674] Granted 32 threads to pid 52868 (CPUs 1+32)
Request from pid 52868: max_threads=65535, hint_threads=32
[1788485440722] Granted 32 threads to pid 52868 (CPUs 1+32)
Request from pid 52868: max_threads=65535, hint_threads=32
[1788485440818] Granted 32 threads to pid 52868 (CPUs 1+32)
Request from pid 52868: max_threads=65535, hint_threads=32
[1788485440914] Granted 32 threads to pid 52868 (CPUs 1+32)
Request from pid 52868: max_threads=65535, hint_threads=32
[1788485440962] Granted 32 threads to pid 52868 (CPUs 1+32)
Request from pid 52868: max_threads=65535, hint_threads=32
[1788485441056] Granted 32 threads to pid 52868 (CPUs 1+32)
Request from pid 52868: max_threads=65535, hint_threads=32
[1788485441152] Granted 32 threads to pid 52868 (CPUs 1+32)
Request from pid 52868: max_threads=65535, hint_threads=32
[1788485441199] Granted 32 threads to pid 52868 (CPUs 1+32)
Request from pid 52868: max_threads=65535, hint_threads=32
[1788485441247] Granted 32 threads to pid 52868 (CPUs 1+32)
Request from pid 52868: max_threads=65535, hint_threads=32
[1788485441295] Granted 32 threads to pid 52868 (CPUs 1+32)
Request from pid 52868: max_threads=65535, hint_threads=32
[1788485441394] Granted 32 threads to pid 52868 (CPUs 1+32)
Request from pid 52868: max_threads=65535, hint_threads=32
[1788485441444] Granted 32 threads to pid 52868 (CPUs 1+32)
Request from pid 52868: max_threads=65535, hint_threads=32
[1788485441542] Granted 32 threads to pid 52868 (CPUs 1+32)
Request from pid 52868: max_threads=65535, hint_threads=32
[1788485441639] Granted 32 threads to pid 52868 (CPUs 1+32)
Request from pid 52868: max_threads=65535, hint_threads=32
[1788485441689] Granted 32 threads to pid 52868 (CPUs 1+32)
Request from pid 52868: max_threads=65535, hint_threads=32
[1788485441786] Granted 32 threads to pid 52868 (CPUs 1+32)
Request from pid 52868: max_threads=65535, hint_threads=32
[1788485441884] Granted 32 threads to pid 52868 (CPUs 1+32)
Request from pid 52868: max_threads=65535, hint_threads=32
[1788485441933] Granted 32 threads to pid 52868 (CPUs 1+32)
Request from pid 52868: max_threads=65535, hint_threads=32
[1788485442030] Granted 32 threads to pid 52868 (CPUs 1+32)
Request from pid 52868: max_threads=65535, hint_threads=32
[1788485442129] Granted 32 threads to pid 52868 (CPUs 1+32)
Request from pid 52868: max_threads=65535, hint_threads=32
[1788485442178] Granted 32 threads to pid 52868 (CPUs 1+32)
Request from pid 52868: max_threads=65535, hint_threads=32
[1788485442275] Granted 32 threads to pid 52868 (CPUs 1+32)
Request from pid 52868: max_threads=65535, hint_threads=32
[1788485442324] Granted 32 threads to pid 52868 (CPUs 1+32)
Request from pid 52868: max_threads=65535, hint_threads=32
[1788485442424] Granted 32 threads to pid 52868 (CPUs 1+32)
Request from pid 52868: max_threads=65535, hint_threads=32
[1788485442522] Granted 32 threads to pid 52868 (CPUs 1+32)
Request from pid 52868: max_threads=65535, hint_threads=32
[1788485442619] Granted 32 threads to pid 52868 (CPUs 1+32)
Request from pid 52868: max_threads=65535, hint_threads=32
[1788485442668] Granted 32 threads to pid 52868 (CPUs 1+32)
Request from pid 52868: max_threads=65535, hint_threads=32
[1788485442764] Granted 32 threads to pid 52868 (CPUs 1+32)
Request from pid 52868: max_threads=65535, hint_threads=32
[1788485442862] Granted 32 threads to pid 52868 (CPUs 1+32)
Request from pid 52868: max_threads=65535, hint_threads=32
[1788485442911] Granted 32 threads to pid 52868 (CPUs 1+32)
Request from pid 52868: max_threads=65535, hint_threads=32
[1788485442959] Granted 32 threads to pid 52868 (CPUs 1+32)
Request from pid 52868: max_threads=65535, hint_threads=32
[1788485443057] Granted 32 threads to pid 52868 (CPUs 1+32)
Request from pid 52868: max_threads=65535, hint_threads=32
[1788485443154] Granted 32 threads to pid 52868 (CPUs 1+32)
Request from pid 52868: max_threads=65535, hint_threads=32
[1788485443252] Granted 32 threads to pid 52868 (CPUs 1+32)
Request from pid 52868: max_threads=65535, hint_threads=32
[1788485443349] Granted 32 threads to pid 52868 (CPUs 1+32)
Request from pid 52868: max_threads=65535, hint_threads=32
[1788485443398] Granted 32 threads to pid 52868 (CPUs 1+32)
Request from pid 52868: max_threads=65535, hint_threads=32
[1788485443495] Granted 32 threads to pid 52868 (CPUs 1+32)
Request from pid 52868: max_threads=65535, hint_threads=32
[1788485443592] Granted 32 threads to pid 52868 (CPUs 1+32)
Request from pid 52868: max_threads=65535, hint_threads=32
[1788485443641] Granted 32 threads to pid 52868 (CPUs 1+32)
Request from pid 52868: max_threads=65535, hint_threads=32
[1788485443738] Granted 32 threads to pid 52868 (CPUs 1+32)
Request from pid 52868: max_threads=65535, hint_threads=32
[1788485443837] Granted 32 threads to pid 52868 (CPUs 1+32)
[1788485443841] Client pid 52868 disconnected — removed from state
