Starting DRM at Fri 04 Sep 2026 03:25:09, capacity=32, cpu_pool=1,2,3,4,5,6,7,8,9,10,11,12,13,14,15,16,17,18,19,20,21,22,23,24,25,26,27,28,29,30,31,32
CPU pool (32 cores): 1–32
Listening on /tmp/omp-rm.sock (capacity=32, strategy=fair_share)
Accepted connection
Handling client
Request from pid 75644: max_threads=65535, hint_threads=32
[1788485109481] Granted 32 threads to pid 75644 (CPUs 1+32)
Request from pid 75644: max_threads=65535, hint_threads=32
[1788485109607] Granted 32 threads to pid 75644 (CPUs 1+32)
Request from pid 75644: max_threads=65535, hint_threads=32
[1788485109676] Granted 32 threads to pid 75644 (CPUs 1+32)
Request from pid 75644: max_threads=65535, hint_threads=32
[1788485109810] Granted 32 threads to pid 75644 (CPUs 1+32)
Request from pid 75644: max_threads=65535, hint_threads=32
[1788485109851] Granted 32 threads to pid 75644 (CPUs 1+32)
Request from pid 75644: max_threads=65535, hint_threads=32
[1788485109952] Granted 32 threads to pid 75644 (CPUs 1+32)
Request from pid 75644: max_threads=65535, hint_threads=32
[1788485110058] Granted 32 threads to pid 75644 (CPUs 1+32)
Request from pid 75644: max_threads=65535, hint_threads=32
[1788485110170] Granted 32 threads to pid 75644 (CPUs 1+32)
Request from pid 75644: max_threads=65535, hint_threads=32
[1788485110260] Granted 32 threads to pid 75644 (CPUs 1+32)
Request from pid 75644: max_threads=65535, hint_threads=32
[1788485110372] Granted 32 threads to pid 75644 (CPUs 1+32)
Request from pid 75644: max_threads=65535, hint_threads=32
[1788485110462] Granted 32 threads to pid 75644 (CPUs 1+32)
Request from pid 75644: max_threads=65535, hint_threads=32
[1788485110575] Granted 32 threads to pid 75644 (CPUs 1+32)
Request from pid 75644: max_threads=65535, hint_threads=32
[1788485110664] Granted 32 threads to pid 75644 (CPUs 1+32)
Request from pid 75644: max_threads=65535, hint_threads=32
[1788485110777] Granted 32 threads to pid 75644 (CPUs 1+32)
Request from pid 75644: max_threads=65535, hint_threads=32
[1788485110866] Granted 32 threads to pid 75644 (CPUs 1+32)
Request from pid 75644: max_threads=65535, hint_threads=32
[1788485110979] Granted 32 threads to pid 75644 (CPUs 1+32)
Request from pid 75644: max_threads=65535, hint_threads=32
[1788485111068] Granted 32 threads to pid 75644 (CPUs 1+32)
Request from pid 75644: max_threads=65535, hint_threads=32
[1788485111181] Granted 32 threads to pid 75644 (CPUs 1+32)
Request from pid 75644: max_threads=65535, hint_threads=32
[1788485111269] Granted 32 threads to pid 75644 (CPUs 1+32)
Request from pid 75644: max_threads=65535, hint_threads=32
[1788485111382] Granted 32 threads to pid 75644 (CPUs 1+32)
Request from pid 75644: max_threads=65535, hint_threads=32
[1788485111471] Granted 32 threads to pid 75644 (CPUs 1+32)
Request from pid 75644: max_threads=65535, hint_threads=32
[1788485111584] Granted 32 threads to pid 75644 (CPUs 1+32)
Request from pid 75644: max_threads=65535, hint_threads=32
[1788485111673] Granted 32 threads to pid 75644 (CPUs 1+32)
Request from pid 75644: max_threads=65535, hint_threads=32
[1788485111785] Granted 32 threads to pid 75644 (CPUs 1+32)
Request from pid 75644: max_threads=65535, hint_threads=32
[1788485111874] Granted 32 threads to pid 75644 (CPUs 1+32)
Request from pid 75644: max_threads=65535, hint_threads=32
[1788485111987] Granted 32 threads to pid 75644 (CPUs 1+32)
Request from pid 75644: max_threads=65535, hint_threads=32
[1788485112076] Granted 32 threads to pid 75644 (CPUs 1+32)
Request from pid 75644: max_threads=65535, hint_threads=32
[1788485112188] Granted 32 threads to pid 75644 (CPUs 1+32)
Request from pid 75644: max_threads=65535, hint_threads=32
[1788485112277] Granted 32 threads to pid 75644 (CPUs 1+32)
Request from pid 75644: max_threads=65535, hint_threads=32
[1788485112390] Granted 32 threads to pid 75644 (CPUs 1+32)
Request from pid 75644: max_threads=65535, hint_threads=32
[1788485112479] Granted 32 threads to pid 75644 (CPUs 1+32)
Request from pid 75644: max_threads=65535, hint_threads=32
[1788485112592] Granted 32 threads to pid 75644 (CPUs 1+32)
Request from pid 75644: max_threads=65535, hint_threads=32
[1788485112682] Granted 32 threads to pid 75644 (CPUs 1+32)
Request from pid 75644: max_threads=65535, hint_threads=32
[1788485112794] Granted 32 threads to pid 75644 (CPUs 1+32)
Request from pid 75644: max_threads=65535, hint_threads=32
[1788485112883] Granted 32 threads to pid 75644 (CPUs 1+32)
Request from pid 75644: max_threads=65535, hint_threads=32
[1788485112996] Granted 32 threads to pid 75644 (CPUs 1+32)
Request from pid 75644: max_threads=65535, hint_threads=32
[1788485113085] Granted 32 threads to pid 75644 (CPUs 1+32)
Request from pid 75644: max_threads=65535, hint_threads=32
[1788485113197] Granted 32 threads to pid 75644 (CPUs 1+32)
Request from pid 75644: max_threads=65535, hint_threads=32
[1788485113286] Granted 32 threads to pid 75644 (CPUs 1+32)
Request from pid 75644: max_threads=65535, hint_threads=32
[1788485113399] Granted 32 threads to pid 75644 (CPUs 1+32)
Request from pid 75644: max_threads=65535, hint_threads=32
[1788485113488] Granted 32 threads to pid 75644 (CPUs 1+32)
Request from pid 75644: max_threads=65535, hint_threads=32
[1788485113600] Granted 32 threads to pid 75644 (CPUs 1+32)
Request from pid 75644: max_threads=65535, hint_threads=32
[1788485113689] Granted 32 threads to pid 75644 (CPUs 1+32)
Request from pid 75644: max_threads=65535, hint_threads=32
[1788485113803] Granted 32 threads to pid 75644 (CPUs 1+32)
Request from pid 75644: max_threads=65535, hint_threads=32
[1788485113891] Granted 32 threads to pid 75644 (CPUs 1+32)
Request from pid 75644: max_threads=65535, hint_threads=32
[1788485114004] Granted 32 threads to pid 75644 (CPUs 1+32)
Request from pid 75644: max_threads=65535, hint_threads=32
[1788485114064] Granted 32 threads to pid 75644 (CPUs 1+32)
Read error: Connection reset by peer (os error 104)
Accepted connection
Handling client
Request from pid 75678: max_threads=65535, hint_threads=32
[1788485114585] Granted 16 threads to pid 75678 (CPUs 17+16)
Request from pid 75678: max_threads=65535, hint_threads=32
[1788485114861] Granted 16 threads to pid 75678 (CPUs 17+16)
Request from pid 75678: max_threads=65535, hint_threads=32
[1788485115090] Granted 16 threads to pid 75678 (CPUs 17+16)
Request from pid 75678: max_threads=65535, hint_threads=32
[1788485115314] Granted 16 threads to pid 75678 (CPUs 17+16)
Request from pid 75678: max_threads=65535, hint_threads=32
[1788485115382] Granted 16 threads to pid 75678 (CPUs 17+16)
Request from pid 75678: max_threads=65535, hint_threads=32
[1788485115569] Granted 16 threads to pid 75678 (CPUs 17+16)
Request from pid 75678: max_threads=65535, hint_threads=32
[1788485115737] Granted 16 threads to pid 75678 (CPUs 17+16)
Request from pid 75678: max_threads=65535, hint_threads=32
[1788485115952] Granted 16 threads to pid 75678 (CPUs 17+16)
Request from pid 75678: max_threads=65535, hint_threads=32
[1788485116092] Granted 16 threads to pid 75678 (CPUs 17+16)
Request from pid 75678: max_threads=65535, hint_threads=32
[1788485116307] Granted 16 threads to pid 75678 (CPUs 17+16)
Request from pid 75678: max_threads=65535, hint_threads=32
[1788485116447] Granted 16 threads to pid 75678 (CPUs 17+16)
Request from pid 75678: max_threads=65535, hint_threads=32
[1788485116662] Granted 16 threads to pid 75678 (CPUs 17+16)
Request from pid 75678: max_threads=65535, hint_threads=32
[1788485116802] Granted 16 threads to pid 75678 (CPUs 17+16)
Request from pid 75678: max_threads=65535, hint_threads=32
[1788485117016] Granted 16 threads to pid 75678 (CPUs 17+16)
Request from pid 75678: max_threads=65535, hint_threads=32
[1788485117156] Granted 16 threads to pid 75678 (CPUs 17+16)
Request from pid 75678: max_threads=65535, hint_threads=32
[1788485117370] Granted 16 threads to pid 75678 (CPUs 17+16)
Request from pid 75678: max_threads=65535, hint_threads=32
[1788485117510] Granted 16 threads to pid 75678 (CPUs 17+16)
Request from pid 75678: max_threads=65535, hint_threads=32
[1788485117725] Granted 16 threads to pid 75678 (CPUs 17+16)
Request from pid 75678: max_threads=65535, hint_threads=32
[1788485117865] Granted 16 threads to pid 75678 (CPUs 17+16)
Request from pid 75678: max_threads=65535, hint_threads=32
[1788485118080] Granted 16 threads to pid 75678 (CPUs 17+16)
Request from pid 75678: max_threads=65535, hint_threads=32
[1788485118220] Granted 16 threads to pid 75678 (CPUs 17+16)
Accepted connection
Handling client
Request from pid 75719: max_threads=65535, hint_threads=32
[1788485118420] Granted 10 threads to pid 75719 (CPUs 21+10)
Request from pid 75678: max_threads=65535, hint_threads=32
[1788485118435] Granted 10 threads to pid 75678 (CPUs 11+10)
Request from pid 75678: max_threads=65535, hint_threads=32
[1788485118644] Granted 10 threads to pid 75678 (CPUs 11+10)
Request from pid 75678: max_threads=65535, hint_threads=32
[1788485118988] Granted 10 threads to pid 75678 (CPUs 11+10)
Request from pid 75678: max_threads=65535, hint_threads=32
[1788485119290] Granted 16 threads to pid 75678 (CPUs 1+16)
Request from pid 75678: max_threads=65535, hint_threads=32
[1788485119473] Granted 16 threads to pid 75678 (CPUs 1+16)
Request from pid 75678: max_threads=65535, hint_threads=32
[1788485119663] Granted 16 threads to pid 75678 (CPUs 1+16)
Request from pid 75678: max_threads=65535, hint_threads=32
[1788485119827] Granted 16 threads to pid 75678 (CPUs 1+16)
Request from pid 75678: max_threads=65535, hint_threads=32
[1788485120017] Granted 16 threads to pid 75678 (CPUs 1+16)
Request from pid 75678: max_threads=65535, hint_threads=32
[1788485120182] Granted 16 threads to pid 75678 (CPUs 1+16)
Request from pid 75678: max_threads=65535, hint_threads=32
[1788485120372] Granted 16 threads to pid 75678 (CPUs 1+16)
Request from pid 75678: max_threads=65535, hint_threads=32
[1788485120536] Granted 16 threads to pid 75678 (CPUs 1+16)
Request from pid 75678: max_threads=65535, hint_threads=32
[1788485120726] Granted 16 threads to pid 75678 (CPUs 1+16)
Request from pid 75678: max_threads=65535, hint_threads=32
[1788485120891] Granted 16 threads to pid 75678 (CPUs 1+16)
Request from pid 75678: max_threads=65535, hint_threads=32
[1788485121081] Granted 16 threads to pid 75678 (CPUs 1+16)
Request from pid 75678: max_threads=65535, hint_threads=32
[1788485121245] Granted 16 threads to pid 75678 (CPUs 1+16)
Request from pid 75678: max_threads=65535, hint_threads=32
[1788485121435] Granted 16 threads to pid 75678 (CPUs 1+16)
Request from pid 75678: max_threads=65535, hint_threads=32
[1788485121600] Granted 16 threads to pid 75678 (CPUs 1+16)
Request from pid 75678: max_threads=65535, hint_threads=32
[1788485121790] Granted 16 threads to pid 75678 (CPUs 1+16)
Request from pid 75678: max_threads=65535, hint_threads=32
[1788485121955] Granted 16 threads to pid 75678 (CPUs 1+16)
Request from pid 75678: max_threads=65535, hint_threads=32
[1788485122145] Granted 16 threads to pid 75678 (CPUs 1+16)
Request from pid 75678: max_threads=65535, hint_threads=32
[1788485122309] Granted 16 threads to pid 75678 (CPUs 1+16)
Request from pid 75678: max_threads=65535, hint_threads=32
[1788485122499] Granted 16 threads to pid 75678 (CPUs 1+16)
Accepted connection
Handling client
Request from pid 75752: max_threads=65535, hint_threads=32
[1788485122504] Granted 10 threads to pid 75752 (CPUs 21+10)
Request from pid 75678: max_threads=65535, hint_threads=32
[1788485122847] Granted 10 threads to pid 75678 (CPUs 1+10)
Request from pid 75752: max_threads=65535, hint_threads=32
[1788485122926] Granted 10 threads to pid 75752 (CPUs 21+10)
Accepted connection
Handling client
Request from pid 75785: max_threads=65535, hint_threads=32
[1788485123185] Granted 8 threads to pid 75785 (CPUs 25+8)
Request from pid 75752: max_threads=65535, hint_threads=32
[1788485123368] Granted 8 threads to pid 75752 (CPUs 17+8)
Request from pid 75678: max_threads=65535, hint_threads=32
[1788485123368] Granted 8 threads to pid 75678 (CPUs 1+8)
Request from pid 75678: max_threads=65535, hint_threads=32
[1788485123532] Granted 10 threads to pid 75678 (CPUs 1+10)
Request from pid 75678: max_threads=65535, hint_threads=32
[1788485124355] Granted 10 threads to pid 75678 (CPUs 1+10)
Request from pid 75752: max_threads=65535, hint_threads=32
[1788485124356] Granted 10 threads to pid 75752 (CPUs 11+10)
Request from pid 75752: max_threads=65535, hint_threads=32
[1788485124598] Granted 10 threads to pid 75752 (CPUs 11+10)
Request from pid 75678: max_threads=65535, hint_threads=32
[1788485124638] Granted 10 threads to pid 75678 (CPUs 1+10)
Read error: Connection reset by peer (os error 104)
Request from pid 75785: max_threads=65535, hint_threads=32
[1788485124815] Granted 10 threads to pid 75785 (CPUs 21+10)
Request from pid 75785: max_threads=65535, hint_threads=32
[1788485124875] Granted 10 threads to pid 75785 (CPUs 21+10)
Request from pid 75752: max_threads=65535, hint_threads=32
[1788485124917] Granted 10 threads to pid 75752 (CPUs 11+10)
Request from pid 75752: max_threads=65535, hint_threads=32
[1788485125172] Granted 10 threads to pid 75752 (CPUs 11+10)
Accepted connection
Handling client
Request from pid 75820: max_threads=65535, hint_threads=32
[1788485125180] Granted 8 threads to pid 75820 (CPUs 25+8)
Request from pid 75820: max_threads=65535, hint_threads=32
[1788485125620] Granted 8 threads to pid 75820 (CPUs 25+8)
Request from pid 75752: max_threads=65535, hint_threads=32
[1788485125658] Granted 8 threads to pid 75752 (CPUs 9+8)
Request from pid 75785: max_threads=65535, hint_threads=32
[1788485125831] Granted 8 threads to pid 75785 (CPUs 17+8)
Request from pid 75752: max_threads=65535, hint_threads=32
[1788485125929] Granted 8 threads to pid 75752 (CPUs 9+8)
Request from pid 75820: max_threads=65535, hint_threads=32
[1788485126299] Granted 8 threads to pid 75820 (CPUs 25+8)
Request from pid 75752: max_threads=65535, hint_threads=32
[1788485126448] Granted 8 threads to pid 75752 (CPUs 9+8)
Request from pid 75752: max_threads=65535, hint_threads=32
[1788485126706] Granted 8 threads to pid 75752 (CPUs 9+8)
Request from pid 75785: max_threads=65535, hint_threads=32
[1788485126778] Granted 8 threads to pid 75785 (CPUs 17+8)
Request from pid 75752: max_threads=65535, hint_threads=32
[1788485127134] Granted 8 threads to pid 75752 (CPUs 9+8)
Request from pid 75820: max_threads=65535, hint_threads=32
[1788485127352] Granted 8 threads to pid 75820 (CPUs 25+8)
Request from pid 75752: max_threads=65535, hint_threads=32
[1788485127394] Granted 8 threads to pid 75752 (CPUs 9+8)
Request from pid 75820: max_threads=65535, hint_threads=32
[1788485127632] Granted 8 threads to pid 75820 (CPUs 25+8)
Request from pid 75785: max_threads=65535, hint_threads=32
[1788485127787] Granted 8 threads to pid 75785 (CPUs 17+8)
Request from pid 75752: max_threads=65535, hint_threads=32
[1788485127827] Granted 8 threads to pid 75752 (CPUs 9+8)
Request from pid 75752: max_threads=65535, hint_threads=32
[1788485128087] Granted 8 threads to pid 75752 (CPUs 9+8)
Request from pid 75820: max_threads=65535, hint_threads=32
[1788485128443] Granted 8 threads to pid 75820 (CPUs 25+8)
Request from pid 75752: max_threads=65535, hint_threads=32
[1788485128516] Granted 8 threads to pid 75752 (CPUs 9+8)
Request from pid 75752: max_threads=65535, hint_threads=32
[1788485128777] Granted 8 threads to pid 75752 (CPUs 9+8)
Request from pid 75785: max_threads=65535, hint_threads=32
[1788485128835] Granted 8 threads to pid 75785 (CPUs 17+8)
Request from pid 75820: max_threads=65535, hint_threads=32
[1788485129075] Granted 8 threads to pid 75820 (CPUs 25+8)
Accepted connection
Handling client
Request from pid 75853: max_threads=65535, hint_threads=32
[1788485129108] Granted 6 threads to pid 75853 (CPUs 25+6)
Request from pid 75752: max_threads=65535, hint_threads=32
[1788485129255] Granted 6 threads to pid 75752 (CPUs 7+6)
Request from pid 75785: max_threads=65535, hint_threads=32
[1788485129260] Granted 6 threads to pid 75785 (CPUs 13+6)
Request from pid 75752: max_threads=65535, hint_threads=32
[1788485129644] Granted 8 threads to pid 75752 (CPUs 1+8)
Request from pid 75785: max_threads=65535, hint_threads=32
[1788485129865] Granted 8 threads to pid 75785 (CPUs 9+8)
Request from pid 75785: max_threads=65535, hint_threads=32
[1788485129879] Granted 8 threads to pid 75785 (CPUs 9+8)
Request from pid 75820: max_threads=65535, hint_threads=32
[1788485130020] Granted 8 threads to pid 75820 (CPUs 17+8)
Accepted connection
Handling client
Request from pid 75886: max_threads=65535, hint_threads=32
[1788485130448] Granted 6 threads to pid 75886 (CPUs 25+6)
Request from pid 75820: max_threads=65535, hint_threads=32
[1788485130512] Granted 6 threads to pid 75820 (CPUs 13+6)
Request from pid 75752: max_threads=65535, hint_threads=32
[1788485130526] Granted 6 threads to pid 75752 (CPUs 1+6)
Request from pid 75886: max_threads=65535, hint_threads=32
[1788485130528] Granted 6 threads to pid 75886 (CPUs 25+6)
Request from pid 75785: max_threads=65535, hint_threads=32
[1788485130704] Granted 6 threads to pid 75785 (CPUs 7+6)
Request from pid 75820: max_threads=65535, hint_threads=32
[1788485130785] Granted 6 threads to pid 75820 (CPUs 13+6)
Request from pid 75785: max_threads=65535, hint_threads=32
[1788485131014] Granted 6 threads to pid 75785 (CPUs 7+6)
Request from pid 75752: max_threads=65535, hint_threads=32
[1788485131264] Granted 6 threads to pid 75752 (CPUs 1+6)
Request from pid 75785: max_threads=65535, hint_threads=32
[1788485131434] Granted 6 threads to pid 75785 (CPUs 7+6)
Request from pid 75853: max_threads=65535, hint_threads=32
[1788485131443] Granted 6 threads to pid 75853 (CPUs 19+6)
Request from pid 75820: max_threads=65535, hint_threads=32
[1788485131484] Granted 6 threads to pid 75820 (CPUs 13+6)
Request from pid 75853: max_threads=65535, hint_threads=32
[1788485131494] Granted 6 threads to pid 75853 (CPUs 19+6)
Request from pid 75752: max_threads=65535, hint_threads=32
[1788485131688] Granted 6 threads to pid 75752 (CPUs 1+6)
Request from pid 75820: max_threads=65535, hint_threads=32
[1788485131830] Granted 6 threads to pid 75820 (CPUs 13+6)
Request from pid 75785: max_threads=65535, hint_threads=32
[1788485131859] Granted 6 threads to pid 75785 (CPUs 7+6)
Request from pid 75785: max_threads=65535, hint_threads=32
[1788485132065] Granted 6 threads to pid 75785 (CPUs 7+6)
Request from pid 75752: max_threads=65535, hint_threads=32
[1788485132202] Granted 6 threads to pid 75752 (CPUs 1+6)
Request from pid 75820: max_threads=65535, hint_threads=32
[1788485132417] Granted 6 threads to pid 75820 (CPUs 13+6)
Request from pid 75785: max_threads=65535, hint_threads=32
[1788485132494] Granted 6 threads to pid 75785 (CPUs 7+6)
Request from pid 75752: max_threads=65535, hint_threads=32
[1788485132629] Granted 6 threads to pid 75752 (CPUs 1+6)
Request from pid 75820: max_threads=65535, hint_threads=32
[1788485132765] Granted 6 threads to pid 75820 (CPUs 13+6)
Request from pid 75853: max_threads=65535, hint_threads=32
[1788485132839] Granted 6 threads to pid 75853 (CPUs 19+6)
Request from pid 75785: max_threads=65535, hint_threads=32
[1788485132929] Granted 6 threads to pid 75785 (CPUs 7+6)
Request from pid 75785: max_threads=65535, hint_threads=32
[1788485133138] Granted 6 threads to pid 75785 (CPUs 7+6)
Request from pid 75752: max_threads=65535, hint_threads=32
[1788485133146] Granted 6 threads to pid 75752 (CPUs 1+6)
Request from pid 75820: max_threads=65535, hint_threads=32
[1788485133357] Granted 6 threads to pid 75820 (CPUs 13+6)
Request from pid 75853: max_threads=65535, hint_threads=32
[1788485133379] Granted 6 threads to pid 75853 (CPUs 19+6)
Request from pid 75785: max_threads=65535, hint_threads=32
[1788485133570] Granted 6 threads to pid 75785 (CPUs 7+6)
Request from pid 75752: max_threads=65535, hint_threads=32
[1788485133574] Granted 6 threads to pid 75752 (CPUs 1+6)
Request from pid 75820: max_threads=65535, hint_threads=32
[1788485133704] Granted 6 threads to pid 75820 (CPUs 13+6)
Request from pid 75785: max_threads=65535, hint_threads=32
[1788485134003] Granted 6 threads to pid 75785 (CPUs 7+6)
Request from pid 75853: max_threads=65535, hint_threads=32
[1788485134009] Granted 6 threads to pid 75853 (CPUs 19+6)
Request from pid 75752: max_threads=65535, hint_threads=32
[1788485134089] Granted 6 threads to pid 75752 (CPUs 1+6)
Request from pid 75785: max_threads=65535, hint_threads=32
[1788485134227] Granted 6 threads to pid 75785 (CPUs 7+6)
Request from pid 75820: max_threads=65535, hint_threads=32
[1788485134294] Granted 6 threads to pid 75820 (CPUs 13+6)
Request from pid 75785: max_threads=65535, hint_threads=32
[1788485134436] Granted 6 threads to pid 75785 (CPUs 7+6)
Request from pid 75853: max_threads=65535, hint_threads=32
[1788485134505] Granted 6 threads to pid 75853 (CPUs 19+6)
Request from pid 75752: max_threads=65535, hint_threads=32
[1788485134518] Granted 6 threads to pid 75752 (CPUs 1+6)
Request from pid 75820: max_threads=65535, hint_threads=32
[1788485134643] Granted 6 threads to pid 75820 (CPUs 13+6)
Request from pid 75785: max_threads=65535, hint_threads=32
[1788485134872] Granted 6 threads to pid 75785 (CPUs 7+6)
Request from pid 75853: max_threads=65535, hint_threads=32
[1788485135003] Granted 6 threads to pid 75853 (CPUs 19+6)
Request from pid 75752: max_threads=65535, hint_threads=32
[1788485135035] Granted 6 threads to pid 75752 (CPUs 1+6)
Request from pid 75820: max_threads=65535, hint_threads=32
[1788485135235] Granted 6 threads to pid 75820 (CPUs 13+6)
Request from pid 75785: max_threads=65535, hint_threads=32
[1788485135306] Granted 6 threads to pid 75785 (CPUs 7+6)
Request from pid 75752: max_threads=65535, hint_threads=32
[1788485135468] Granted 6 threads to pid 75752 (CPUs 1+6)
Request from pid 75853: max_threads=65535, hint_threads=32
[1788485135504] Granted 6 threads to pid 75853 (CPUs 19+6)
Request from pid 75820: max_threads=65535, hint_threads=32
[1788485135585] Granted 8 threads to pid 75820 (CPUs 17+8)
Request from pid 75785: max_threads=65535, hint_threads=32
[1788485135741] Granted 8 threads to pid 75785 (CPUs 9+8)
Request from pid 75752: max_threads=65535, hint_threads=32
[1788485135984] Granted 8 threads to pid 75752 (CPUs 1+8)
Request from pid 75785: max_threads=65535, hint_threads=32
[1788485136120] Granted 8 threads to pid 75785 (CPUs 9+8)
Request from pid 75853: max_threads=65535, hint_threads=32
[1788485136161] Granted 8 threads to pid 75853 (CPUs 25+8)
Request from pid 75752: max_threads=65535, hint_threads=32
[1788485136331] Granted 8 threads to pid 75752 (CPUs 1+8)
Request from pid 75820: max_threads=65535, hint_threads=32
[1788485136403] Granted 8 threads to pid 75820 (CPUs 17+8)
Request from pid 75785: max_threads=65535, hint_threads=32
[1788485136438] Granted 8 threads to pid 75785 (CPUs 9+8)
Request from pid 75752: max_threads=65535, hint_threads=32
[1788485136716] Granted 8 threads to pid 75752 (CPUs 1+8)
Request from pid 75785: max_threads=65535, hint_threads=32
[1788485136764] Granted 8 threads to pid 75785 (CPUs 9+8)
Request from pid 75853: max_threads=65535, hint_threads=32
[1788485136899] Granted 8 threads to pid 75853 (CPUs 25+8)
Request from pid 75820: max_threads=65535, hint_threads=32
[1788485136929] Granted 8 threads to pid 75820 (CPUs 17+8)
Request from pid 75752: max_threads=65535, hint_threads=32
[1788485137055] Granted 8 threads to pid 75752 (CPUs 1+8)
Request from pid 75785: max_threads=65535, hint_threads=32
[1788485137113] Granted 8 threads to pid 75785 (CPUs 9+8)
Request from pid 75785: max_threads=65535, hint_threads=32
[1788485137434] Granted 8 threads to pid 75785 (CPUs 9+8)
Request from pid 75752: max_threads=65535, hint_threads=32
[1788485137442] Granted 8 threads to pid 75752 (CPUs 1+8)
Request from pid 75853: max_threads=65535, hint_threads=32
[1788485137447] Granted 8 threads to pid 75853 (CPUs 25+8)
Request from pid 75752: max_threads=65535, hint_threads=32
[1788485137528] Granted 8 threads to pid 75752 (CPUs 1+8)
Request from pid 75719: max_threads=65535, hint_threads=32
[1788485137670] Granted 6 threads to pid 75719 (CPUs 1+6)
Read error: Connection reset by peer (os error 104)
Request from pid 75785: max_threads=65535, hint_threads=32
[1788485137776] Granted 6 threads to pid 75785 (CPUs 13+6)
Request from pid 75820: max_threads=65535, hint_threads=32
[1788485137792] Granted 6 threads to pid 75820 (CPUs 19+6)
Request from pid 75752: max_threads=65535, hint_threads=32
[1788485137973] Granted 6 threads to pid 75752 (CPUs 7+6)
Request from pid 75853: max_threads=65535, hint_threads=32
[1788485138071] Granted 6 threads to pid 75853 (CPUs 25+6)
Request from pid 75820: max_threads=65535, hint_threads=32
[1788485138171] Granted 6 threads to pid 75820 (CPUs 19+6)
Accepted connection
Handling client
Request from pid 75921: max_threads=65535, hint_threads=32
[1788485138256] Granted 5 threads to pid 75921 (CPUs 26+5)
Request from pid 75785: max_threads=65535, hint_threads=32
[1788485138314] Granted 5 threads to pid 75785 (CPUs 11+5)
Request from pid 75752: max_threads=65535, hint_threads=32
[1788485138341] Granted 5 threads to pid 75752 (CPUs 6+5)
Request from pid 75820: max_threads=65535, hint_threads=32
[1788485138750] Granted 5 threads to pid 75820 (CPUs 16+5)
Request from pid 75785: max_threads=65535, hint_threads=32
[1788485138904] Granted 5 threads to pid 75785 (CPUs 11+5)
Request from pid 75820: max_threads=65535, hint_threads=32
[1788485139110] Granted 5 threads to pid 75820 (CPUs 16+5)
Request from pid 75853: max_threads=65535, hint_threads=32
[1788485139123] Granted 5 threads to pid 75853 (CPUs 21+5)
Request from pid 75752: max_threads=65535, hint_threads=32
[1788485139127] Granted 5 threads to pid 75752 (CPUs 6+5)
Request from pid 75785: max_threads=65535, hint_threads=32
[1788485139210] Granted 5 threads to pid 75785 (CPUs 11+5)
Request from pid 75752: max_threads=65535, hint_threads=32
[1788485139539] Granted 5 threads to pid 75752 (CPUs 6+5)
Request from pid 75853: max_threads=65535, hint_threads=32
[1788485139701] Granted 5 threads to pid 75853 (CPUs 21+5)
Request from pid 75785: max_threads=65535, hint_threads=32
[1788485139711] Granted 5 threads to pid 75785 (CPUs 11+5)
Request from pid 75820: max_threads=65535, hint_threads=32
[1788485139816] Granted 5 threads to pid 75820 (CPUs 16+5)
Request from pid 75785: max_threads=65535, hint_threads=32
[1788485139953] Granted 5 threads to pid 75785 (CPUs 11+5)
Request from pid 75785: max_threads=65535, hint_threads=32
[1788485140205] Granted 5 threads to pid 75785 (CPUs 11+5)
Request from pid 75820: max_threads=65535, hint_threads=32
[1788485140223] Granted 5 threads to pid 75820 (CPUs 16+5)
Request from pid 75752: max_threads=65535, hint_threads=32
[1788485140244] Granted 5 threads to pid 75752 (CPUs 6+5)
Request from pid 75853: max_threads=65535, hint_threads=32
[1788485140260] Granted 5 threads to pid 75853 (CPUs 21+5)
Request from pid 75752: max_threads=65535, hint_threads=32
[1788485140655] Granted 5 threads to pid 75752 (CPUs 6+5)
Request from pid 75785: max_threads=65535, hint_threads=32
[1788485140708] Granted 5 threads to pid 75785 (CPUs 11+5)
Request from pid 75853: max_threads=65535, hint_threads=32
[1788485140824] Granted 5 threads to pid 75853 (CPUs 21+5)
Request from pid 75820: max_threads=65535, hint_threads=32
[1788485140929] Granted 5 threads to pid 75820 (CPUs 16+5)
Request from pid 75785: max_threads=65535, hint_threads=32
[1788485140951] Granted 5 threads to pid 75785 (CPUs 11+5)
Request from pid 75785: max_threads=65535, hint_threads=32
[1788485141192] Granted 5 threads to pid 75785 (CPUs 11+5)
Request from pid 75820: max_threads=65535, hint_threads=32
[1788485141337] Granted 5 threads to pid 75820 (CPUs 16+5)
Request from pid 75752: max_threads=65535, hint_threads=32
[1788485141356] Granted 5 threads to pid 75752 (CPUs 6+5)
Request from pid 75853: max_threads=65535, hint_threads=32
[1788485141390] Granted 5 threads to pid 75853 (CPUs 21+5)
Request from pid 75785: max_threads=65535, hint_threads=32
[1788485141446] Granted 5 threads to pid 75785 (CPUs 11+5)
Request from pid 75785: max_threads=65535, hint_threads=32
[1788485141694] Granted 5 threads to pid 75785 (CPUs 11+5)
Request from pid 75752: max_threads=65535, hint_threads=32
[1788485141767] Granted 5 threads to pid 75752 (CPUs 6+5)
Request from pid 75785: max_threads=65535, hint_threads=32
[1788485141947] Granted 5 threads to pid 75785 (CPUs 11+5)
Request from pid 75853: max_threads=65535, hint_threads=32
[1788485141962] Granted 5 threads to pid 75853 (CPUs 21+5)
Request from pid 75820: max_threads=65535, hint_threads=32
[1788485142041] Granted 5 threads to pid 75820 (CPUs 16+5)
Request from pid 75785: max_threads=65535, hint_threads=32
[1788485142189] Granted 5 threads to pid 75785 (CPUs 11+5)
Request from pid 75785: max_threads=65535, hint_threads=32
[1788485142442] Granted 5 threads to pid 75785 (CPUs 11+5)
Request from pid 75820: max_threads=65535, hint_threads=32
[1788485142448] Granted 5 threads to pid 75820 (CPUs 16+5)
Request from pid 75752: max_threads=65535, hint_threads=32
[1788485142468] Granted 5 threads to pid 75752 (CPUs 6+5)
Request from pid 75853: max_threads=65535, hint_threads=32
[1788485142534] Granted 5 threads to pid 75853 (CPUs 21+5)
Request from pid 75785: max_threads=65535, hint_threads=32
[1788485142685] Granted 6 threads to pid 75785 (CPUs 7+6)
Request from pid 75752: max_threads=65535, hint_threads=32
[1788485143043] Granted 6 threads to pid 75752 (CPUs 1+6)
Request from pid 75853: max_threads=65535, hint_threads=32
[1788485143089] Granted 6 threads to pid 75853 (CPUs 19+6)
Request from pid 75820: max_threads=65535, hint_threads=32
[1788485143186] Granted 6 threads to pid 75820 (CPUs 13+6)
Request from pid 75785: max_threads=65535, hint_threads=32
[1788485143343] Granted 8 threads to pid 75785 (CPUs 9+8)
Request from pid 75853: max_threads=65535, hint_threads=32
[1788485143607] Granted 8 threads to pid 75853 (CPUs 25+8)
Request from pid 75785: max_threads=65535, hint_threads=32
[1788485143687] Granted 8 threads to pid 75785 (CPUs 9+8)
Request from pid 75820: max_threads=65535, hint_threads=32
[1788485143864] Granted 8 threads to pid 75820 (CPUs 17+8)
Request from pid 75752: max_threads=65535, hint_threads=32
[1788485143974] Granted 8 threads to pid 75752 (CPUs 1+8)
Request from pid 75752: max_threads=65535, hint_threads=32
[1788485144235] Granted 8 threads to pid 75752 (CPUs 1+8)
Read error: Connection reset by peer (os error 104)
Request from pid 75853: max_threads=65535, hint_threads=32
[1788485144259] Granted 8 threads to pid 75853 (CPUs 25+8)
Request from pid 75785: max_threads=65535, hint_threads=32
[1788485144501] Granted 8 threads to pid 75785 (CPUs 9+8)
Request from pid 75785: max_threads=65535, hint_threads=32
[1788485144806] Granted 8 threads to pid 75785 (CPUs 9+8)
Accepted connection
Handling client
Request from pid 75956: max_threads=65535, hint_threads=32
[1788485144812] Granted 6 threads to pid 75956 (CPUs 25+6)
Request from pid 75853: max_threads=65535, hint_threads=32
[1788485144832] Granted 6 threads to pid 75853 (CPUs 19+6)
Request from pid 75820: max_threads=65535, hint_threads=32
[1788485144853] Granted 6 threads to pid 75820 (CPUs 13+6)
Request from pid 75785: max_threads=65535, hint_threads=32
[1788485145287] Granted 6 threads to pid 75785 (CPUs 7+6)
Request from pid 75820: max_threads=65535, hint_threads=32
[1788485145342] Granted 6 threads to pid 75820 (CPUs 13+6)
Request from pid 75956: max_threads=65535, hint_threads=32
[1788485145395] Granted 6 threads to pid 75956 (CPUs 25+6)
Request from pid 75853: max_threads=65535, hint_threads=32
[1788485145513] Granted 6 threads to pid 75853 (CPUs 19+6)
Request from pid 75785: max_threads=65535, hint_threads=32
[1788485145922] Granted 6 threads to pid 75785 (CPUs 7+6)
Request from pid 75853: max_threads=65535, hint_threads=32
[1788485145973] Granted 6 threads to pid 75853 (CPUs 19+6)
Request from pid 75820: max_threads=65535, hint_threads=32
[1788485146166] Granted 6 threads to pid 75820 (CPUs 13+6)
Request from pid 75853: max_threads=65535, hint_threads=32
[1788485146203] Granted 6 threads to pid 75853 (CPUs 19+6)
Request from pid 75785: max_threads=65535, hint_threads=32
[1788485146330] Granted 6 threads to pid 75785 (CPUs 7+6)
[1788485146338] Client pid 75785 disconnected — removed from state
Request from pid 75956: max_threads=65535, hint_threads=32
[1788485146343] Granted 8 threads to pid 75956 (CPUs 25+8)
Request from pid 75853: max_threads=65535, hint_threads=32
[1788485146651] Granted 8 threads to pid 75853 (CPUs 17+8)
Request from pid 75820: max_threads=65535, hint_threads=32
[1788485146669] Granted 8 threads to pid 75820 (CPUs 9+8)
Accepted connection
Handling client
Request from pid 75991: max_threads=65535, hint_threads=32
[1788485146888] Granted 6 threads to pid 75991 (CPUs 25+6)
Request from pid 75820: max_threads=65535, hint_threads=32
[1788485147008] Granted 6 threads to pid 75820 (CPUs 7+6)
Request from pid 75853: max_threads=65535, hint_threads=32
[1788485147195] Granted 6 threads to pid 75853 (CPUs 13+6)
Request from pid 75820: max_threads=65535, hint_threads=32
[1788485147747] Granted 6 threads to pid 75820 (CPUs 7+6)
Request from pid 75853: max_threads=65535, hint_threads=32
[1788485147855] Granted 6 threads to pid 75853 (CPUs 13+6)
Request from pid 75820: max_threads=65535, hint_threads=32
[1788485147918] Granted 6 threads to pid 75820 (CPUs 7+6)
Request from pid 75956: max_threads=65535, hint_threads=32
[1788485147971] Granted 6 threads to pid 75956 (CPUs 19+6)
Request from pid 75853: max_threads=65535, hint_threads=32
[1788485148212] Granted 6 threads to pid 75853 (CPUs 13+6)
Request from pid 75956: max_threads=65535, hint_threads=32
[1788485148312] Granted 6 threads to pid 75956 (CPUs 19+6)
Request from pid 75820: max_threads=65535, hint_threads=32
[1788485148646] Granted 6 threads to pid 75820 (CPUs 7+6)
Request from pid 75853: max_threads=65535, hint_threads=32
[1788485148669] Granted 6 threads to pid 75853 (CPUs 13+6)
Request from pid 75956: max_threads=65535, hint_threads=32
[1788485148826] Granted 6 threads to pid 75956 (CPUs 19+6)
Request from pid 75820: max_threads=65535, hint_threads=32
[1788485148991] Granted 6 threads to pid 75820 (CPUs 7+6)
Request from pid 75853: max_threads=65535, hint_threads=32
[1788485149141] Granted 6 threads to pid 75853 (CPUs 13+6)
Request from pid 75956: max_threads=65535, hint_threads=32
[1788485149258] Granted 8 threads to pid 75956 (CPUs 17+8)
Request from pid 75991: max_threads=65535, hint_threads=32
[1788485149287] Granted 8 threads to pid 75991 (CPUs 25+8)
Request from pid 75820: max_threads=65535, hint_threads=32
[1788485149579] Granted 8 threads to pid 75820 (CPUs 1+8)
Request from pid 75853: max_threads=65535, hint_threads=32
[1788485149670] Granted 8 threads to pid 75853 (CPUs 9+8)
Request from pid 75820: max_threads=65535, hint_threads=32
[1788485149905] Granted 8 threads to pid 75820 (CPUs 1+8)
Request from pid 75956: max_threads=65535, hint_threads=32
[1788485149952] Granted 8 threads to pid 75956 (CPUs 17+8)
Request from pid 75991: max_threads=65535, hint_threads=32
[1788485149979] Granted 8 threads to pid 75991 (CPUs 25+8)
Request from pid 75956: max_threads=65535, hint_threads=32
[1788485150324] Granted 8 threads to pid 75956 (CPUs 17+8)
Request from pid 75853: max_threads=65535, hint_threads=32
[1788485150343] Granted 8 threads to pid 75853 (CPUs 9+8)
Request from pid 75820: max_threads=65535, hint_threads=32
[1788485150347] Granted 8 threads to pid 75820 (CPUs 1+8)
Request from pid 75853: max_threads=65535, hint_threads=32
[1788485150525] Granted 8 threads to pid 75853 (CPUs 9+8)
Request from pid 75991: max_threads=65535, hint_threads=32
[1788485150592] Granted 8 threads to pid 75991 (CPUs 25+8)
Request from pid 75820: max_threads=65535, hint_threads=32
[1788485150620] Granted 8 threads to pid 75820 (CPUs 1+8)
Request from pid 75956: max_threads=65535, hint_threads=32
[1788485150781] Granted 8 threads to pid 75956 (CPUs 17+8)
Request from pid 75853: max_threads=65535, hint_threads=32
[1788485150911] Granted 8 threads to pid 75853 (CPUs 9+8)
Request from pid 75956: max_threads=65535, hint_threads=32
[1788485151058] Granted 8 threads to pid 75956 (CPUs 17+8)
Request from pid 75820: max_threads=65535, hint_threads=32
[1788485151071] Granted 8 threads to pid 75820 (CPUs 1+8)
Request from pid 75820: max_threads=65535, hint_threads=32
[1788485151272] Granted 8 threads to pid 75820 (CPUs 1+8)
Read error: Connection reset by peer (os error 104)
Request from pid 75991: max_threads=65535, hint_threads=32
[1788485151291] Granted 8 threads to pid 75991 (CPUs 25+8)
Request from pid 75853: max_threads=65535, hint_threads=32
[1788485151297] Granted 8 threads to pid 75853 (CPUs 9+8)
Request from pid 75853: max_threads=65535, hint_threads=32
[1788485151468] Granted 8 threads to pid 75853 (CPUs 9+8)
Request from pid 75956: max_threads=65535, hint_threads=32
[1788485151509] Granted 8 threads to pid 75956 (CPUs 17+8)
Request from pid 75956: max_threads=65535, hint_threads=32
[1788485151775] Granted 8 threads to pid 75956 (CPUs 17+8)
Request from pid 75853: max_threads=65535, hint_threads=32
[1788485151823] Granted 8 threads to pid 75853 (CPUs 9+8)
Accepted connection
Handling client
Request from pid 76044: max_threads=65535, hint_threads=32
[1788485151844] Granted 6 threads to pid 76044 (CPUs 25+6)
Request from pid 76044: max_threads=65535, hint_threads=32
[1788485152075] Granted 6 threads to pid 76044 (CPUs 25+6)
Request from pid 75991: max_threads=65535, hint_threads=32
[1788485152151] Granted 6 threads to pid 75991 (CPUs 19+6)
Request from pid 75853: max_threads=65535, hint_threads=32
[1788485152312] Granted 6 threads to pid 75853 (CPUs 7+6)
Request from pid 75956: max_threads=65535, hint_threads=32
[1788485152605] Granted 6 threads to pid 75956 (CPUs 13+6)
Request from pid 76044: max_threads=65535, hint_threads=32
[1788485152666] Granted 6 threads to pid 76044 (CPUs 25+6)
Request from pid 75991: max_threads=65535, hint_threads=32
[1788485152803] Granted 6 threads to pid 75991 (CPUs 19+6)
Request from pid 75853: max_threads=65535, hint_threads=32
[1788485152912] Granted 6 threads to pid 75853 (CPUs 7+6)
Request from pid 75956: max_threads=65535, hint_threads=32
[1788485153154] Granted 6 threads to pid 75956 (CPUs 13+6)
Request from pid 75991: max_threads=65535, hint_threads=32
[1788485153244] Granted 6 threads to pid 75991 (CPUs 19+6)
Request from pid 75853: max_threads=65535, hint_threads=32
[1788485153381] Granted 6 threads to pid 75853 (CPUs 7+6)
Request from pid 75991: max_threads=65535, hint_threads=32
[1788485153455] Granted 6 threads to pid 75991 (CPUs 19+6)
Request from pid 75956: max_threads=65535, hint_threads=32
[1788485153742] Granted 6 threads to pid 75956 (CPUs 13+6)
Request from pid 75853: max_threads=65535, hint_threads=32
[1788485153849] Granted 6 threads to pid 75853 (CPUs 7+6)
Request from pid 75991: max_threads=65535, hint_threads=32
[1788485153869] Granted 6 threads to pid 75991 (CPUs 19+6)
Request from pid 75991: max_threads=65535, hint_threads=32
[1788485154092] Granted 6 threads to pid 75991 (CPUs 19+6)
Request from pid 75956: max_threads=65535, hint_threads=32
[1788485154095] Granted 6 threads to pid 75956 (CPUs 13+6)
Request from pid 75853: max_threads=65535, hint_threads=32
[1788485154100] Granted 6 threads to pid 75853 (CPUs 7+6)
Request from pid 76044: max_threads=65535, hint_threads=32
[1788485154202] Granted 6 threads to pid 76044 (CPUs 25+6)
Request from pid 75991: max_threads=65535, hint_threads=32
[1788485154303] Granted 6 threads to pid 75991 (CPUs 19+6)
Request from pid 75853: max_threads=65535, hint_threads=32
[1788485154337] Granted 6 threads to pid 75853 (CPUs 7+6)
Request from pid 75956: max_threads=65535, hint_threads=32
[1788485154684] Granted 6 threads to pid 75956 (CPUs 13+6)
Request from pid 75991: max_threads=65535, hint_threads=32
[1788485154722] Granted 6 threads to pid 75991 (CPUs 19+6)
Request from pid 75853: max_threads=65535, hint_threads=32
[1788485154810] Granted 6 threads to pid 75853 (CPUs 7+6)
Request from pid 75991: max_threads=65535, hint_threads=32
[1788485154930] Granted 6 threads to pid 75991 (CPUs 19+6)
Request from pid 75956: max_threads=65535, hint_threads=32
[1788485155039] Granted 6 threads to pid 75956 (CPUs 13+6)
Request from pid 75853: max_threads=65535, hint_threads=32
[1788485155062] Granted 6 threads to pid 75853 (CPUs 7+6)
Request from pid 75853: max_threads=65535, hint_threads=32
[1788485155300] Granted 6 threads to pid 75853 (CPUs 7+6)
Request from pid 75991: max_threads=65535, hint_threads=32
[1788485155369] Granted 6 threads to pid 75991 (CPUs 19+6)
Request from pid 75853: max_threads=65535, hint_threads=32
[1788485155534] Granted 6 threads to pid 75853 (CPUs 7+6)
Request from pid 76044: max_threads=65535, hint_threads=32
[1788485155537] Granted 6 threads to pid 76044 (CPUs 25+6)
Request from pid 75991: max_threads=65535, hint_threads=32
[1788485155578] Granted 6 threads to pid 75991 (CPUs 19+6)
Request from pid 75956: max_threads=65535, hint_threads=32
[1788485155632] Granted 6 threads to pid 75956 (CPUs 13+6)
Request from pid 75956: max_threads=65535, hint_threads=32
[1788485155986] Granted 6 threads to pid 75956 (CPUs 13+6)
Request from pid 75991: max_threads=65535, hint_threads=32
[1788485156012] Granted 6 threads to pid 75991 (CPUs 19+6)
Request from pid 75853: max_threads=65535, hint_threads=32
[1788485156024] Granted 6 threads to pid 75853 (CPUs 7+6)
Request from pid 75991: max_threads=65535, hint_threads=32
[1788485156222] Granted 6 threads to pid 75991 (CPUs 19+6)
Request from pid 75853: max_threads=65535, hint_threads=32
[1788485156261] Granted 6 threads to pid 75853 (CPUs 7+6)
Request from pid 75991: max_threads=65535, hint_threads=32
[1788485156431] Granted 8 threads to pid 75991 (CPUs 17+8)
Request from pid 76044: max_threads=65535, hint_threads=32
[1788485156476] Granted 8 threads to pid 76044 (CPUs 25+8)
Request from pid 75853: max_threads=65535, hint_threads=32
[1788485156495] Granted 8 threads to pid 75853 (CPUs 1+8)
Request from pid 75956: max_threads=65535, hint_threads=32
[1788485156579] Granted 8 threads to pid 75956 (CPUs 9+8)
Request from pid 75853: max_threads=65535, hint_threads=32
[1788485156680] Granted 8 threads to pid 75853 (CPUs 1+8)
Request from pid 75956: max_threads=65535, hint_threads=32
[1788485156914] Granted 8 threads to pid 75956 (CPUs 9+8)
Request from pid 75991: max_threads=65535, hint_threads=32
[1788485156963] Granted 8 threads to pid 75991 (CPUs 17+8)
Request from pid 75853: max_threads=65535, hint_threads=32
[1788485157054] Granted 8 threads to pid 75853 (CPUs 1+8)
Request from pid 75991: max_threads=65535, hint_threads=32
[1788485157133] Granted 8 threads to pid 75991 (CPUs 17+8)
Request from pid 75853: max_threads=65535, hint_threads=32
[1788485157246] Granted 8 threads to pid 75853 (CPUs 1+8)
Request from pid 75956: max_threads=65535, hint_threads=32
[1788485157368] Granted 8 threads to pid 75956 (CPUs 9+8)
Request from pid 75991: max_threads=65535, hint_threads=32
[1788485157477] Granted 8 threads to pid 75991 (CPUs 17+8)
Request from pid 75956: max_threads=65535, hint_threads=32
[1788485157652] Granted 8 threads to pid 75956 (CPUs 9+8)
Request from pid 75853: max_threads=65535, hint_threads=32
[1788485157657] Granted 8 threads to pid 75853 (CPUs 1+8)
Request from pid 75991: max_threads=65535, hint_threads=32
[1788485157847] Granted 8 threads to pid 75991 (CPUs 17+8)
Request from pid 76044: max_threads=65535, hint_threads=32
[1788485158040] Granted 8 threads to pid 76044 (CPUs 25+8)
Request from pid 75853: max_threads=65535, hint_threads=32
[1788485158043] Granted 8 threads to pid 75853 (CPUs 1+8)
[1788485158052] Client pid 75853 disconnected — removed from state
Request from pid 75956: max_threads=65535, hint_threads=32
[1788485158110] Granted 10 threads to pid 75956 (CPUs 1+10)
Request from pid 75991: max_threads=65535, hint_threads=32
[1788485158184] Granted 10 threads to pid 75991 (CPUs 11+10)
Request from pid 75956: max_threads=65535, hint_threads=32
[1788485158479] Granted 10 threads to pid 75956 (CPUs 1+10)
Request from pid 75991: max_threads=65535, hint_threads=32
[1788485158548] Granted 10 threads to pid 75991 (CPUs 11+10)
Accepted connection
Handling client
Request from pid 76079: max_threads=65535, hint_threads=32
[1788485158616] Granted 8 threads to pid 76079 (CPUs 25+8)
Request from pid 75956: max_threads=65535, hint_threads=32
[1788485158924] Granted 8 threads to pid 75956 (CPUs 1+8)
Request from pid 76044: max_threads=65535, hint_threads=32
[1788485158988] Granted 8 threads to pid 76044 (CPUs 17+8)
Request from pid 75956: max_threads=65535, hint_threads=32
[1788485159383] Granted 8 threads to pid 75956 (CPUs 1+8)
Request from pid 75991: max_threads=65535, hint_threads=32
[1788485159571] Granted 8 threads to pid 75991 (CPUs 9+8)
Request from pid 76044: max_threads=65535, hint_threads=32
[1788485159583] Granted 8 threads to pid 76044 (CPUs 17+8)
Request from pid 75991: max_threads=65535, hint_threads=32
[1788485159997] Granted 8 threads to pid 75991 (CPUs 9+8)
Request from pid 75956: max_threads=65535, hint_threads=32
[1788485160134] Granted 8 threads to pid 75956 (CPUs 1+8)
Request from pid 76044: max_threads=65535, hint_threads=32
[1788485160263] Granted 8 threads to pid 76044 (CPUs 17+8)
Request from pid 75991: max_threads=65535, hint_threads=32
[1788485160325] Granted 8 threads to pid 75991 (CPUs 9+8)
Request from pid 76079: max_threads=65535, hint_threads=32
[1788485160470] Granted 8 threads to pid 76079 (CPUs 25+8)
Request from pid 75991: max_threads=65535, hint_threads=32
[1788485160509] Granted 8 threads to pid 75991 (CPUs 9+8)
Request from pid 75956: max_threads=65535, hint_threads=32
[1788485160614] Granted 8 threads to pid 75956 (CPUs 1+8)
Request from pid 75956: max_threads=65535, hint_threads=32
[1788485160701] Granted 8 threads to pid 75956 (CPUs 1+8)
Request from pid 76044: max_threads=65535, hint_threads=32
[1788485160766] Granted 8 threads to pid 76044 (CPUs 17+8)
Request from pid 76079: max_threads=65535, hint_threads=32
[1788485160832] Granted 8 threads to pid 76079 (CPUs 25+8)
Request from pid 75991: max_threads=65535, hint_threads=32
[1788485160861] Granted 8 threads to pid 75991 (CPUs 9+8)
Request from pid 76044: max_threads=65535, hint_threads=32
[1788485161043] Granted 8 threads to pid 76044 (CPUs 17+8)
Request from pid 75956: max_threads=65535, hint_threads=32
[1788485161164] Granted 8 threads to pid 75956 (CPUs 1+8)
Request from pid 76079: max_threads=65535, hint_threads=32
[1788485161205] Granted 8 threads to pid 76079 (CPUs 25+8)
Request from pid 75991: max_threads=65535, hint_threads=32
[1788485161227] Granted 8 threads to pid 75991 (CPUs 9+8)
Request from pid 75991: max_threads=65535, hint_threads=32
[1788485161411] Granted 8 threads to pid 75991 (CPUs 9+8)
Request from pid 75956: max_threads=65535, hint_threads=32
[1788485161446] Granted 8 threads to pid 75956 (CPUs 1+8)
Request from pid 76044: max_threads=65535, hint_threads=32
[1788485161504] Granted 8 threads to pid 76044 (CPUs 17+8)
Request from pid 76079: max_threads=65535, hint_threads=32
[1788485161577] Granted 8 threads to pid 76079 (CPUs 25+8)
Request from pid 76044: max_threads=65535, hint_threads=32
[1788485161782] Granted 8 threads to pid 76044 (CPUs 17+8)
Request from pid 75991: max_threads=65535, hint_threads=32
[1788485161783] Granted 8 threads to pid 75991 (CPUs 9+8)
Request from pid 75956: max_threads=65535, hint_threads=32
[1788485161911] Granted 8 threads to pid 75956 (CPUs 1+8)
Request from pid 76079: max_threads=65535, hint_threads=32
[1788485161949] Granted 8 threads to pid 76079 (CPUs 25+8)
Request from pid 75991: max_threads=65535, hint_threads=32
[1788485161956] Granted 8 threads to pid 75991 (CPUs 9+8)
Request from pid 75991: max_threads=65535, hint_threads=32
[1788485162135] Granted 8 threads to pid 75991 (CPUs 9+8)
Request from pid 75956: max_threads=65535, hint_threads=32
[1788485162193] Granted 8 threads to pid 75956 (CPUs 1+8)
Request from pid 76044: max_threads=65535, hint_threads=32
[1788485162240] Granted 8 threads to pid 76044 (CPUs 17+8)
Request from pid 75991: max_threads=65535, hint_threads=32
[1788485162319] Granted 8 threads to pid 75991 (CPUs 9+8)
Request from pid 76079: max_threads=65535, hint_threads=32
[1788485162320] Granted 8 threads to pid 76079 (CPUs 25+8)
Request from pid 76044: max_threads=65535, hint_threads=32
[1788485162517] Granted 8 threads to pid 76044 (CPUs 17+8)
Request from pid 75956: max_threads=65535, hint_threads=32
[1788485162659] Granted 8 threads to pid 75956 (CPUs 1+8)
Request from pid 75991: max_threads=65535, hint_threads=32
[1788485162686] Granted 8 threads to pid 75991 (CPUs 9+8)
Request from pid 76079: max_threads=65535, hint_threads=32
[1788485162691] Granted 8 threads to pid 76079 (CPUs 25+8)
Request from pid 75956: max_threads=65535, hint_threads=32
[1788485162941] Granted 8 threads to pid 75956 (CPUs 1+8)
Request from pid 76044: max_threads=65535, hint_threads=32
[1788485162977] Granted 8 threads to pid 76044 (CPUs 17+8)
Request from pid 75991: max_threads=65535, hint_threads=32
[1788485163049] Granted 8 threads to pid 75991 (CPUs 9+8)
Request from pid 76079: max_threads=65535, hint_threads=32
[1788485163063] Granted 8 threads to pid 76079 (CPUs 25+8)
Request from pid 75991: max_threads=65535, hint_threads=32
[1788485163239] Granted 8 threads to pid 75991 (CPUs 9+8)
Request from pid 76044: max_threads=65535, hint_threads=32
[1788485163255] Granted 8 threads to pid 76044 (CPUs 17+8)
Request from pid 75956: max_threads=65535, hint_threads=32
[1788485163407] Granted 8 threads to pid 75956 (CPUs 1+8)
Request from pid 76079: max_threads=65535, hint_threads=32
[1788485163435] Granted 8 threads to pid 76079 (CPUs 25+8)
Request from pid 75991: max_threads=65535, hint_threads=32
[1788485163588] Granted 8 threads to pid 75991 (CPUs 9+8)
Request from pid 75956: max_threads=65535, hint_threads=32
[1788485163688] Granted 8 threads to pid 75956 (CPUs 1+8)
Request from pid 76044: max_threads=65535, hint_threads=32
[1788485163713] Granted 8 threads to pid 76044 (CPUs 17+8)
Request from pid 76079: max_threads=65535, hint_threads=32
[1788485163806] Granted 8 threads to pid 76079 (CPUs 25+8)
Request from pid 75991: max_threads=65535, hint_threads=32
[1788485163969] Granted 8 threads to pid 75991 (CPUs 9+8)
Request from pid 76044: max_threads=65535, hint_threads=32
[1788485163991] Granted 8 threads to pid 76044 (CPUs 17+8)
Request from pid 75991: max_threads=65535, hint_threads=32
[1788485164148] Granted 8 threads to pid 75991 (CPUs 9+8)
Request from pid 75956: max_threads=65535, hint_threads=32
[1788485164153] Granted 8 threads to pid 75956 (CPUs 1+8)
Request from pid 76079: max_threads=65535, hint_threads=32
[1788485164179] Granted 8 threads to pid 76079 (CPUs 25+8)
Request from pid 75956: max_threads=65535, hint_threads=32
[1788485164434] Granted 8 threads to pid 75956 (CPUs 1+8)
Request from pid 76044: max_threads=65535, hint_threads=32
[1788485164449] Granted 8 threads to pid 76044 (CPUs 17+8)
Request from pid 75991: max_threads=65535, hint_threads=32
[1788485164511] Granted 8 threads to pid 75991 (CPUs 9+8)
Request from pid 76079: max_threads=65535, hint_threads=32
[1788485164555] Granted 8 threads to pid 76079 (CPUs 25+8)
Request from pid 75991: max_threads=65535, hint_threads=32
[1788485164700] Granted 8 threads to pid 75991 (CPUs 9+8)
Request from pid 76044: max_threads=65535, hint_threads=32
[1788485164727] Granted 8 threads to pid 76044 (CPUs 17+8)
Request from pid 75956: max_threads=65535, hint_threads=32
[1788485164901] Granted 8 threads to pid 75956 (CPUs 1+8)
Request from pid 76079: max_threads=65535, hint_threads=32
[1788485164928] Granted 8 threads to pid 76079 (CPUs 25+8)
Request from pid 75991: max_threads=65535, hint_threads=32
[1788485165053] Granted 8 threads to pid 75991 (CPUs 9+8)
Request from pid 75956: max_threads=65535, hint_threads=32
[1788485165183] Granted 8 threads to pid 75956 (CPUs 1+8)
Request from pid 76044: max_threads=65535, hint_threads=32
[1788485165184] Granted 8 threads to pid 76044 (CPUs 17+8)
Request from pid 76079: max_threads=65535, hint_threads=32
[1788485165300] Granted 8 threads to pid 76079 (CPUs 25+8)
Request from pid 75991: max_threads=65535, hint_threads=32
[1788485165430] Granted 8 threads to pid 75991 (CPUs 9+8)
Request from pid 76044: max_threads=65535, hint_threads=32
[1788485165462] Granted 8 threads to pid 76044 (CPUs 17+8)
Request from pid 75956: max_threads=65535, hint_threads=32
[1788485165650] Granted 8 threads to pid 75956 (CPUs 1+8)
Request from pid 76079: max_threads=65535, hint_threads=32
[1788485165675] Granted 8 threads to pid 76079 (CPUs 25+8)
Request from pid 75991: max_threads=65535, hint_threads=32
[1788485165783] Granted 8 threads to pid 75991 (CPUs 9+8)
Request from pid 76044: max_threads=65535, hint_threads=32
[1788485165921] Granted 8 threads to pid 76044 (CPUs 17+8)
Request from pid 75956: max_threads=65535, hint_threads=32
[1788485165932] Granted 8 threads to pid 75956 (CPUs 1+8)
Request from pid 75991: max_threads=65535, hint_threads=32
[1788485165972] Granted 8 threads to pid 75991 (CPUs 9+8)
Request from pid 76079: max_threads=65535, hint_threads=32
[1788485166044] Granted 8 threads to pid 76079 (CPUs 25+8)
Request from pid 75991: max_threads=65535, hint_threads=32
[1788485166156] Granted 8 threads to pid 75991 (CPUs 9+8)
Request from pid 76044: max_threads=65535, hint_threads=32
[1788485166199] Granted 8 threads to pid 76044 (CPUs 17+8)
Request from pid 75956: max_threads=65535, hint_threads=32
[1788485166401] Granted 8 threads to pid 75956 (CPUs 1+8)
Request from pid 76079: max_threads=65535, hint_threads=32
[1788485166416] Granted 8 threads to pid 76079 (CPUs 25+8)
Request from pid 75991: max_threads=65535, hint_threads=32
[1788485166512] Granted 8 threads to pid 75991 (CPUs 9+8)
Request from pid 75956: max_threads=65535, hint_threads=32
[1788485166607] Granted 8 threads to pid 75956 (CPUs 1+8)
Read error: Connection reset by peer (os error 104)
Request from pid 76044: max_threads=65535, hint_threads=32
[1788485166651] Granted 8 threads to pid 76044 (CPUs 17+8)
Request from pid 76079: max_threads=65535, hint_threads=32
[1788485166755] Granted 8 threads to pid 76079 (CPUs 25+8)
Request from pid 75991: max_threads=65535, hint_threads=32
[1788485166833] Granted 8 threads to pid 75991 (CPUs 9+8)
Request from pid 76044: max_threads=65535, hint_threads=32
[1788485166918] Granted 8 threads to pid 76044 (CPUs 17+8)
Request from pid 76079: max_threads=65535, hint_threads=32
[1788485167100] Granted 8 threads to pid 76079 (CPUs 25+8)
Request from pid 75991: max_threads=65535, hint_threads=32
[1788485167170] Granted 8 threads to pid 75991 (CPUs 9+8)
Accepted connection
Handling client
Request from pid 76112: max_threads=65535, hint_threads=32
[1788485167172] Granted 6 threads to pid 76112 (CPUs 25+6)
Request from pid 76044: max_threads=65535, hint_threads=32
[1788485167490] Granted 6 threads to pid 76044 (CPUs 13+6)
Request from pid 76079: max_threads=65535, hint_threads=32
[1788485167635] Granted 6 threads to pid 76079 (CPUs 19+6)
Request from pid 75991: max_threads=65535, hint_threads=32
[1788485167688] Granted 6 threads to pid 75991 (CPUs 7+6)
[1788485167695] Client pid 75991 disconnected — removed from state
Request from pid 76112: max_threads=65535, hint_threads=32
[1788485167805] Granted 8 threads to pid 76112 (CPUs 25+8)
Request from pid 76044: max_threads=65535, hint_threads=32
[1788485167934] Granted 8 threads to pid 76044 (CPUs 9+8)
Request from pid 76079: max_threads=65535, hint_threads=32
[1788485168050] Granted 8 threads to pid 76079 (CPUs 17+8)
Accepted connection
Handling client
Request from pid 76145: max_threads=65535, hint_threads=32
[1788485168240] Granted 6 threads to pid 76145 (CPUs 25+6)
Request from pid 76079: max_threads=65535, hint_threads=32
[1788485168437] Granted 6 threads to pid 76079 (CPUs 13+6)
Request from pid 76079: max_threads=65535, hint_threads=32
[1788485168447] Granted 6 threads to pid 76079 (CPUs 13+6)
Request from pid 76112: max_threads=65535, hint_threads=32
[1788485168487] Granted 6 threads to pid 76112 (CPUs 19+6)
Request from pid 76044: max_threads=65535, hint_threads=32
[1788485168998] Granted 6 threads to pid 76044 (CPUs 7+6)
Request from pid 76112: max_threads=65535, hint_threads=32
[1788485169548] Granted 6 threads to pid 76112 (CPUs 19+6)
Request from pid 76079: max_threads=65535, hint_threads=32
[1788485169624] Granted 6 threads to pid 76079 (CPUs 13+6)
Request from pid 76044: max_threads=65535, hint_threads=32
[1788485169631] Granted 6 threads to pid 76044 (CPUs 7+6)
Request from pid 76112: max_threads=65535, hint_threads=32
[1788485169724] Granted 6 threads to pid 76112 (CPUs 19+6)
Request from pid 76079: max_threads=65535, hint_threads=32
[1788485170045] Granted 6 threads to pid 76079 (CPUs 13+6)
Request from pid 76044: max_threads=65535, hint_threads=32
[1788485170216] Granted 6 threads to pid 76044 (CPUs 7+6)
Request from pid 76112: max_threads=65535, hint_threads=32
[1788485170231] Granted 6 threads to pid 76112 (CPUs 19+6)
Request from pid 76079: max_threads=65535, hint_threads=32
[1788485170249] Granted 6 threads to pid 76079 (CPUs 13+6)
Request from pid 76145: max_threads=65535, hint_threads=32
[1788485170407] Granted 6 threads to pid 76145 (CPUs 25+6)
Request from pid 76044: max_threads=65535, hint_threads=32
[1788485170563] Granted 6 threads to pid 76044 (CPUs 7+6)
Request from pid 76112: max_threads=65535, hint_threads=32
[1788485170661] Granted 6 threads to pid 76112 (CPUs 19+6)
Request from pid 76079: max_threads=65535, hint_threads=32
[1788485170699] Granted 6 threads to pid 76079 (CPUs 13+6)
Request from pid 76079: max_threads=65535, hint_threads=32
[1788485171115] Granted 6 threads to pid 76079 (CPUs 13+6)
Request from pid 76044: max_threads=65535, hint_threads=32
[1788485171149] Granted 6 threads to pid 76044 (CPUs 7+6)
Request from pid 76112: max_threads=65535, hint_threads=32
[1788485171239] Granted 6 threads to pid 76112 (CPUs 19+6)
Request from pid 76079: max_threads=65535, hint_threads=32
[1788485171319] Granted 6 threads to pid 76079 (CPUs 13+6)
Request from pid 76044: max_threads=65535, hint_threads=32
[1788485171494] Granted 6 threads to pid 76044 (CPUs 7+6)
Request from pid 76112: max_threads=65535, hint_threads=32
[1788485171590] Granted 6 threads to pid 76112 (CPUs 19+6)
Request from pid 76145: max_threads=65535, hint_threads=32
[1788485171643] Granted 8 threads to pid 76145 (CPUs 25+8)
Request from pid 76079: max_threads=65535, hint_threads=32
[1788485171765] Granted 8 threads to pid 76079 (CPUs 9+8)
Request from pid 76112: max_threads=65535, hint_threads=32
[1788485172170] Granted 8 threads to pid 76112 (CPUs 17+8)
Request from pid 76145: max_threads=65535, hint_threads=32
[1788485172255] Granted 8 threads to pid 76145 (CPUs 25+8)
Request from pid 76044: max_threads=65535, hint_threads=32
[1788485172286] Granted 8 threads to pid 76044 (CPUs 1+8)
Request from pid 76079: max_threads=65535, hint_threads=32
[1788485172369] Granted 8 threads to pid 76079 (CPUs 9+8)
Request from pid 76112: max_threads=65535, hint_threads=32
[1788485172494] Granted 8 threads to pid 76112 (CPUs 17+8)
Request from pid 76079: max_threads=65535, hint_threads=32
[1788485172693] Granted 8 threads to pid 76079 (CPUs 9+8)
Request from pid 76145: max_threads=65535, hint_threads=32
[1788485172809] Granted 8 threads to pid 76145 (CPUs 25+8)
Request from pid 76079: max_threads=65535, hint_threads=32
[1788485172916] Granted 8 threads to pid 76079 (CPUs 9+8)
Request from pid 76044: max_threads=65535, hint_threads=32
[1788485172937] Granted 8 threads to pid 76044 (CPUs 1+8)
Request from pid 76112: max_threads=65535, hint_threads=32
[1788485172940] Granted 8 threads to pid 76112 (CPUs 17+8)
Request from pid 76112: max_threads=65535, hint_threads=32
[1788485173217] Granted 8 threads to pid 76112 (CPUs 17+8)
Request from pid 76079: max_threads=65535, hint_threads=32
[1788485173262] Granted 8 threads to pid 76079 (CPUs 9+8)
Request from pid 76145: max_threads=65535, hint_threads=32
[1788485173400] Granted 8 threads to pid 76145 (CPUs 25+8)
Request from pid 76044: max_threads=65535, hint_threads=32
[1788485173512] Granted 8 threads to pid 76044 (CPUs 1+8)
Request from pid 76079: max_threads=65535, hint_threads=32
[1788485173593] Granted 8 threads to pid 76079 (CPUs 9+8)
Request from pid 76112: max_threads=65535, hint_threads=32
[1788485173672] Granted 8 threads to pid 76112 (CPUs 17+8)
Request from pid 76044: max_threads=65535, hint_threads=32
[1788485173786] Granted 8 threads to pid 76044 (CPUs 1+8)
Request from pid 76112: max_threads=65535, hint_threads=32
[1788485173956] Granted 8 threads to pid 76112 (CPUs 17+8)
Request from pid 76079: max_threads=65535, hint_threads=32
[1788485173966] Granted 8 threads to pid 76079 (CPUs 9+8)
Request from pid 76145: max_threads=65535, hint_threads=32
[1788485174008] Granted 8 threads to pid 76145 (CPUs 25+8)
Request from pid 76079: max_threads=65535, hint_threads=32
[1788485174138] Granted 8 threads to pid 76079 (CPUs 9+8)
Request from pid 76044: max_threads=65535, hint_threads=32
[1788485174244] Granted 8 threads to pid 76044 (CPUs 1+8)
Request from pid 76112: max_threads=65535, hint_threads=32
[1788485174411] Granted 8 threads to pid 76112 (CPUs 17+8)
Request from pid 76079: max_threads=65535, hint_threads=32
[1788485174481] Granted 8 threads to pid 76079 (CPUs 9+8)
Request from pid 76044: max_threads=65535, hint_threads=32
[1788485174517] Granted 8 threads to pid 76044 (CPUs 1+8)
Request from pid 76145: max_threads=65535, hint_threads=32
[1788485174603] Granted 8 threads to pid 76145 (CPUs 25+8)
Request from pid 76112: max_threads=65535, hint_threads=32
[1788485174696] Granted 8 threads to pid 76112 (CPUs 17+8)
Request from pid 76079: max_threads=65535, hint_threads=32
[1788485174848] Granted 8 threads to pid 76079 (CPUs 9+8)
Request from pid 76044: max_threads=65535, hint_threads=32
[1788485174976] Granted 8 threads to pid 76044 (CPUs 1+8)
Request from pid 76112: max_threads=65535, hint_threads=32
[1788485175154] Granted 8 threads to pid 76112 (CPUs 17+8)
Request from pid 76079: max_threads=65535, hint_threads=32
[1788485175186] Granted 8 threads to pid 76079 (CPUs 9+8)
Request from pid 76145: max_threads=65535, hint_threads=32
[1788485175200] Granted 8 threads to pid 76145 (CPUs 25+8)
Request from pid 76044: max_threads=65535, hint_threads=32
[1788485175249] Granted 8 threads to pid 76044 (CPUs 1+8)
Request from pid 76079: max_threads=65535, hint_threads=32
[1788485175372] Granted 8 threads to pid 76079 (CPUs 9+8)
Request from pid 76112: max_threads=65535, hint_threads=32
[1788485175439] Granted 8 threads to pid 76112 (CPUs 17+8)
Request from pid 76044: max_threads=65535, hint_threads=32
[1788485175708] Granted 8 threads to pid 76044 (CPUs 1+8)
Request from pid 76079: max_threads=65535, hint_threads=32
[1788485175730] Granted 8 threads to pid 76079 (CPUs 9+8)
Request from pid 76145: max_threads=65535, hint_threads=32
[1788485175746] Granted 8 threads to pid 76145 (CPUs 25+8)
Request from pid 76112: max_threads=65535, hint_threads=32
[1788485175896] Granted 8 threads to pid 76112 (CPUs 17+8)
Request from pid 76044: max_threads=65535, hint_threads=32
[1788485175982] Granted 8 threads to pid 76044 (CPUs 1+8)
Request from pid 76079: max_threads=65535, hint_threads=32
[1788485176081] Granted 8 threads to pid 76079 (CPUs 9+8)
Request from pid 76112: max_threads=65535, hint_threads=32
[1788485176182] Granted 8 threads to pid 76112 (CPUs 17+8)
Request from pid 76079: max_threads=65535, hint_threads=32
[1788485176273] Granted 8 threads to pid 76079 (CPUs 9+8)
Request from pid 76145: max_threads=65535, hint_threads=32
[1788485176347] Granted 8 threads to pid 76145 (CPUs 25+8)
Request from pid 76044: max_threads=65535, hint_threads=32
[1788485176441] Granted 8 threads to pid 76044 (CPUs 1+8)
Request from pid 76079: max_threads=65535, hint_threads=32
[1788485176607] Granted 8 threads to pid 76079 (CPUs 9+8)
Request from pid 76112: max_threads=65535, hint_threads=32
[1788485176638] Granted 8 threads to pid 76112 (CPUs 17+8)
Request from pid 76044: max_threads=65535, hint_threads=32
[1788485176642] Granted 8 threads to pid 76044 (CPUs 1+8)
Read error: Connection reset by peer (os error 104)
Request from pid 76145: max_threads=65535, hint_threads=32
[1788485176873] Granted 8 threads to pid 76145 (CPUs 25+8)
Request from pid 76112: max_threads=65535, hint_threads=32
[1788485176908] Granted 8 threads to pid 76112 (CPUs 17+8)
Request from pid 76079: max_threads=65535, hint_threads=32
[1788485176939] Granted 8 threads to pid 76079 (CPUs 9+8)
Request from pid 76079: max_threads=65535, hint_threads=32
[1788485177098] Granted 8 threads to pid 76079 (CPUs 9+8)
Request from pid 76112: max_threads=65535, hint_threads=32
[1788485177355] Granted 8 threads to pid 76112 (CPUs 17+8)
Request from pid 76079: max_threads=65535, hint_threads=32
[1788485177408] Granted 8 threads to pid 76079 (CPUs 9+8)
Request from pid 76145: max_threads=65535, hint_threads=32
[1788485177435] Granted 8 threads to pid 76145 (CPUs 25+8)
Request from pid 76112: max_threads=65535, hint_threads=32
[1788485177624] Granted 8 threads to pid 76112 (CPUs 17+8)
Request from pid 76079: max_threads=65535, hint_threads=32
[1788485177738] Granted 8 threads to pid 76079 (CPUs 9+8)
Request from pid 76145: max_threads=65535, hint_threads=32
[1788485177975] Granted 8 threads to pid 76145 (CPUs 25+8)
Request from pid 76079: max_threads=65535, hint_threads=32
[1788485178061] Granted 8 threads to pid 76079 (CPUs 9+8)
Request from pid 76112: max_threads=65535, hint_threads=32
[1788485178071] Granted 8 threads to pid 76112 (CPUs 17+8)
Request from pid 76112: max_threads=65535, hint_threads=32
[1788485178340] Granted 8 threads to pid 76112 (CPUs 17+8)
Request from pid 76079: max_threads=65535, hint_threads=32
[1788485178389] Granted 8 threads to pid 76079 (CPUs 9+8)
Request from pid 76145: max_threads=65535, hint_threads=32
[1788485178510] Granted 8 threads to pid 76145 (CPUs 25+8)
[1788485178621] Client pid 75886 disconnected — removed from state
Request from pid 76079: max_threads=65535, hint_threads=32
[1788485178705] Granted 8 threads to pid 76079 (CPUs 9+8)
Request from pid 76112: max_threads=65535, hint_threads=32
[1788485178788] Granted 8 threads to pid 76112 (CPUs 17+8)
Request from pid 76145: max_threads=65535, hint_threads=32
[1788485179007] Granted 8 threads to pid 76145 (CPUs 25+8)
Request from pid 76079: max_threads=65535, hint_threads=32
[1788485179024] Granted 8 threads to pid 76079 (CPUs 9+8)
Request from pid 76112: max_threads=65535, hint_threads=32
[1788485179057] Granted 8 threads to pid 76112 (CPUs 17+8)
Request from pid 76079: max_threads=65535, hint_threads=32
[1788485179347] Granted 8 threads to pid 76079 (CPUs 9+8)
[1788485179355] Client pid 76079 disconnected — removed from state
Request from pid 76145: max_threads=65535, hint_threads=32
[1788485179483] Granted 10 threads to pid 76145 (CPUs 21+10)
Request from pid 76112: max_threads=65535, hint_threads=32
[1788485179503] Granted 10 threads to pid 76112 (CPUs 11+10)
Accepted connection
Handling client
Request from pid 76192: max_threads=65535, hint_threads=32
[1788485179920] Granted 8 threads to pid 76192 (CPUs 25+8)
Request from pid 76145: max_threads=65535, hint_threads=32
[1788485179964] Granted 8 threads to pid 76145 (CPUs 17+8)
Request from pid 76112: max_threads=65535, hint_threads=32
[1788485179979] Granted 8 threads to pid 76112 (CPUs 9+8)
Request from pid 76112: max_threads=65535, hint_threads=32
[1788485180363] Granted 8 threads to pid 76112 (CPUs 9+8)
Request from pid 76145: max_threads=65535, hint_threads=32
[1788485180979] Granted 8 threads to pid 76145 (CPUs 17+8)
Request from pid 76112: max_threads=65535, hint_threads=32
[1788485181132] Granted 8 threads to pid 76112 (CPUs 9+8)
Request from pid 76145: max_threads=65535, hint_threads=32
[1788485181166] Granted 8 threads to pid 76145 (CPUs 17+8)
Request from pid 76112: max_threads=65535, hint_threads=32
[1788485181218] Granted 8 threads to pid 76112 (CPUs 9+8)
Request from pid 76192: max_threads=65535, hint_threads=32
[1788485181375] Granted 8 threads to pid 76192 (CPUs 25+8)
Request from pid 76145: max_threads=65535, hint_threads=32
[1788485181485] Granted 8 threads to pid 76145 (CPUs 17+8)
Request from pid 76112: max_threads=65535, hint_threads=32
[1788485181662] Granted 10 threads to pid 76112 (CPUs 1+10)
Request from pid 76145: max_threads=65535, hint_threads=32
[1788485181789] Granted 10 threads to pid 76145 (CPUs 11+10)
Request from pid 76112: max_threads=65535, hint_threads=32
[1788485181925] Granted 10 threads to pid 76112 (CPUs 1+10)
Request from pid 76192: max_threads=65535, hint_threads=32
[1788485182042] Granted 10 threads to pid 76192 (CPUs 21+10)
Request from pid 76145: max_threads=65535, hint_threads=32
[1788485182088] Granted 10 threads to pid 76145 (CPUs 11+10)
Request from pid 76145: max_threads=65535, hint_threads=32
[1788485182215] Granted 10 threads to pid 76145 (CPUs 11+10)
Request from pid 76112: max_threads=65535, hint_threads=32
[1788485182284] Granted 10 threads to pid 76112 (CPUs 1+10)
Request from pid 76145: max_threads=65535, hint_threads=32
[1788485182478] Granted 10 threads to pid 76145 (CPUs 11+10)
Request from pid 76192: max_threads=65535, hint_threads=32
[1788485182479] Granted 10 threads to pid 76192 (CPUs 21+10)
Request from pid 76112: max_threads=65535, hint_threads=32
[1788485182510] Granted 10 threads to pid 76112 (CPUs 1+10)
Request from pid 76145: max_threads=65535, hint_threads=32
[1788485182746] Granted 10 threads to pid 76145 (CPUs 11+10)
Request from pid 76112: max_threads=65535, hint_threads=32
[1788485182872] Granted 10 threads to pid 76112 (CPUs 1+10)
Request from pid 76145: max_threads=65535, hint_threads=32
[1788485182873] Granted 10 threads to pid 76145 (CPUs 11+10)
Request from pid 76192: max_threads=65535, hint_threads=32
[1788485182943] Granted 10 threads to pid 76192 (CPUs 21+10)
Request from pid 76145: max_threads=65535, hint_threads=32
[1788485183000] Granted 10 threads to pid 76145 (CPUs 11+10)
Request from pid 76112: max_threads=65535, hint_threads=32
[1788485183097] Granted 10 threads to pid 76112 (CPUs 1+10)
Request from pid 76145: max_threads=65535, hint_threads=32
[1788485183277] Granted 10 threads to pid 76145 (CPUs 11+10)
Request from pid 76112: max_threads=65535, hint_threads=32
[1788485183459] Granted 10 threads to pid 76112 (CPUs 1+10)
Request from pid 76192: max_threads=65535, hint_threads=32
[1788485183483] Granted 10 threads to pid 76192 (CPUs 21+10)
Request from pid 76145: max_threads=65535, hint_threads=32
[1788485183531] Granted 10 threads to pid 76145 (CPUs 11+10)
Request from pid 76112: max_threads=65535, hint_threads=32
[1788485183684] Granted 10 threads to pid 76112 (CPUs 1+10)
Request from pid 76145: max_threads=65535, hint_threads=32
[1788485183808] Granted 10 threads to pid 76145 (CPUs 11+10)
Request from pid 76192: max_threads=65535, hint_threads=32
[1788485183991] Granted 10 threads to pid 76192 (CPUs 21+10)
Request from pid 76112: max_threads=65535, hint_threads=32
[1788485184047] Granted 10 threads to pid 76112 (CPUs 1+10)
Request from pid 76145: max_threads=65535, hint_threads=32
[1788485184065] Granted 10 threads to pid 76145 (CPUs 11+10)
Request from pid 76145: max_threads=65535, hint_threads=32
[1788485184192] Granted 10 threads to pid 76145 (CPUs 11+10)
Request from pid 76112: max_threads=65535, hint_threads=32
[1788485184272] Granted 10 threads to pid 76112 (CPUs 1+10)
Request from pid 76145: max_threads=65535, hint_threads=32
[1788485184470] Granted 10 threads to pid 76145 (CPUs 11+10)
Request from pid 76192: max_threads=65535, hint_threads=32
[1788485184535] Granted 10 threads to pid 76192 (CPUs 21+10)
Request from pid 76112: max_threads=65535, hint_threads=32
[1788485184634] Granted 10 threads to pid 76112 (CPUs 1+10)
Request from pid 76145: max_threads=65535, hint_threads=32
[1788485184724] Granted 10 threads to pid 76145 (CPUs 11+10)
Request from pid 76112: max_threads=65535, hint_threads=32
[1788485184861] Granted 10 threads to pid 76112 (CPUs 1+10)
Request from pid 76145: max_threads=65535, hint_threads=32
[1788485184872] Granted 10 threads to pid 76145 (CPUs 11+10)
Request from pid 76192: max_threads=65535, hint_threads=32
[1788485184975] Granted 10 threads to pid 76192 (CPUs 21+10)
Request from pid 76145: max_threads=65535, hint_threads=32
[1788485185004] Granted 10 threads to pid 76145 (CPUs 11+10)
Request from pid 76112: max_threads=65535, hint_threads=32
[1788485185225] Granted 10 threads to pid 76112 (CPUs 1+10)
Request from pid 76145: max_threads=65535, hint_threads=32
[1788485185261] Granted 10 threads to pid 76145 (CPUs 11+10)
Request from pid 76112: max_threads=65535, hint_threads=32
[1788485185390] Granted 10 threads to pid 76112 (CPUs 1+10)
Read error: Connection reset by peer (os error 104)
Request from pid 76192: max_threads=65535, hint_threads=32
[1788485185445] Granted 10 threads to pid 76192 (CPUs 21+10)
Request from pid 76145: max_threads=65535, hint_threads=32
[1788485185508] Granted 10 threads to pid 76145 (CPUs 11+10)
Request from pid 76145: max_threads=65535, hint_threads=32
[1788485185749] Granted 10 threads to pid 76145 (CPUs 11+10)
Request from pid 76192: max_threads=65535, hint_threads=32
[1788485185955] Granted 10 threads to pid 76192 (CPUs 21+10)
Request from pid 76145: max_threads=65535, hint_threads=32
[1788485185989] Granted 10 threads to pid 76145 (CPUs 11+10)
Request from pid 76145: max_threads=65535, hint_threads=32
[1788485186110] Granted 10 threads to pid 76145 (CPUs 11+10)
Request from pid 76145: max_threads=65535, hint_threads=32
[1788485186350] Granted 10 threads to pid 76145 (CPUs 11+10)
Request from pid 76192: max_threads=65535, hint_threads=32
[1788485186435] Granted 10 threads to pid 76192 (CPUs 21+10)
Request from pid 76145: max_threads=65535, hint_threads=32
[1788485186590] Granted 10 threads to pid 76145 (CPUs 11+10)
Request from pid 76145: max_threads=65535, hint_threads=32
[1788485186831] Granted 10 threads to pid 76145 (CPUs 11+10)
Request from pid 76192: max_threads=65535, hint_threads=32
[1788485186887] Granted 10 threads to pid 76192 (CPUs 21+10)
Request from pid 76145: max_threads=65535, hint_threads=32
[1788485187072] Granted 10 threads to pid 76145 (CPUs 11+10)
Request from pid 76192: max_threads=65535, hint_threads=32
[1788485187307] Granted 10 threads to pid 76192 (CPUs 21+10)
Request from pid 76145: max_threads=65535, hint_threads=32
[1788485187313] Granted 10 threads to pid 76145 (CPUs 11+10)
Request from pid 76145: max_threads=65535, hint_threads=32
[1788485187553] Granted 10 threads to pid 76145 (CPUs 11+10)
Request from pid 76192: max_threads=65535, hint_threads=32
[1788485187723] Granted 10 threads to pid 76192 (CPUs 21+10)
Request from pid 76145: max_threads=65535, hint_threads=32
[1788485187794] Granted 10 threads to pid 76145 (CPUs 11+10)
Request from pid 76145: max_threads=65535, hint_threads=32
[1788485188043] Granted 10 threads to pid 76145 (CPUs 11+10)
Request from pid 76192: max_threads=65535, hint_threads=32
[1788485188151] Granted 10 threads to pid 76192 (CPUs 21+10)
Request from pid 76145: max_threads=65535, hint_threads=32
[1788485188285] Granted 10 threads to pid 76145 (CPUs 11+10)
[1788485188413] Client pid 76145 disconnected — removed from state
Request from pid 76192: max_threads=65535, hint_threads=32
[1788485188553] Granted 16 threads to pid 76192 (CPUs 17+16)
Request from pid 76192: max_threads=65535, hint_threads=32
[1788485188740] Granted 16 threads to pid 76192 (CPUs 17+16)
Request from pid 76192: max_threads=65535, hint_threads=32
[1788485188905] Granted 16 threads to pid 76192 (CPUs 17+16)
Request from pid 76192: max_threads=65535, hint_threads=32
[1788485189065] Granted 16 threads to pid 76192 (CPUs 17+16)
Request from pid 76192: max_threads=65535, hint_threads=32
[1788485189225] Granted 16 threads to pid 76192 (CPUs 17+16)
Request from pid 76192: max_threads=65535, hint_threads=32
[1788485189385] Granted 16 threads to pid 76192 (CPUs 17+16)
Request from pid 75921: max_threads=65535, hint_threads=32
[1788485189484] Granted 10 threads to pid 75921 (CPUs 1+10)
Read error: Connection reset by peer (os error 104)
Request from pid 76192: max_threads=65535, hint_threads=32
[1788485189546] Granted 10 threads to pid 76192 (CPUs 21+10)
Request from pid 76192: max_threads=65535, hint_threads=32
[1788485189874] Granted 10 threads to pid 76192 (CPUs 21+10)
Request from pid 76192: max_threads=65535, hint_threads=32
[1788485190033] Granted 10 threads to pid 76192 (CPUs 21+10)
Accepted connection
Handling client
Request from pid 76228: max_threads=65535, hint_threads=32
[1788485190072] Granted 8 threads to pid 76228 (CPUs 25+8)
Request from pid 76192: max_threads=65535, hint_threads=32
[1788485190641] Granted 10 threads to pid 76192 (CPUs 11+10)
Request from pid 76192: max_threads=65535, hint_threads=32
[1788485190767] Granted 10 threads to pid 76192 (CPUs 11+10)
Request from pid 76192: max_threads=65535, hint_threads=32
[1788485191020] Granted 10 threads to pid 76192 (CPUs 11+10)
Request from pid 76192: max_threads=65535, hint_threads=32
[1788485191273] Granted 10 threads to pid 76192 (CPUs 11+10)
Request from pid 76192: max_threads=65535, hint_threads=32
[1788485191526] Granted 10 threads to pid 76192 (CPUs 11+10)
Request from pid 76192: max_threads=65535, hint_threads=32
[1788485191780] Granted 10 threads to pid 76192 (CPUs 11+10)
Request from pid 76192: max_threads=65535, hint_threads=32
[1788485191906] Granted 10 threads to pid 76192 (CPUs 11+10)
Request from pid 76192: max_threads=65535, hint_threads=32
[1788485192160] Granted 10 threads to pid 76192 (CPUs 11+10)
Request from pid 76192: max_threads=65535, hint_threads=32
[1788485192413] Granted 10 threads to pid 76192 (CPUs 11+10)
Request from pid 76192: max_threads=65535, hint_threads=32
[1788485192540] Granted 10 threads to pid 76192 (CPUs 11+10)
Request from pid 76192: max_threads=65535, hint_threads=32
[1788485192793] Granted 10 threads to pid 76192 (CPUs 11+10)
Request from pid 76192: max_threads=65535, hint_threads=32
[1788485193047] Granted 10 threads to pid 76192 (CPUs 11+10)
Request from pid 76192: max_threads=65535, hint_threads=32
[1788485193173] Granted 10 threads to pid 76192 (CPUs 11+10)
Request from pid 76192: max_threads=65535, hint_threads=32
[1788485193426] Granted 10 threads to pid 76192 (CPUs 11+10)
Request from pid 76192: max_threads=65535, hint_threads=32
[1788485193679] Granted 10 threads to pid 76192 (CPUs 11+10)
Request from pid 76192: max_threads=65535, hint_threads=32
[1788485193934] Granted 10 threads to pid 76192 (CPUs 11+10)
Request from pid 76192: max_threads=65535, hint_threads=32
[1788485194187] Granted 10 threads to pid 76192 (CPUs 11+10)
Request from pid 76192: max_threads=65535, hint_threads=32
[1788485194440] Granted 10 threads to pid 76192 (CPUs 11+10)
Request from pid 76192: max_threads=65535, hint_threads=32
[1788485194694] Granted 16 threads to pid 76192 (CPUs 1+16)
Request from pid 76192: max_threads=65535, hint_threads=32
[1788485194912] Granted 16 threads to pid 76192 (CPUs 1+16)
Request from pid 76192: max_threads=65535, hint_threads=32
[1788485195078] Granted 32 threads to pid 76192 (CPUs 1+32)
Request from pid 76192: max_threads=65535, hint_threads=32
[1788485195188] Granted 32 threads to pid 76192 (CPUs 1+32)
Request from pid 76192: max_threads=65535, hint_threads=32
[1788485195405] Granted 32 threads to pid 76192 (CPUs 1+32)
Request from pid 76192: max_threads=65535, hint_threads=32
[1788485195499] Granted 32 threads to pid 76192 (CPUs 1+32)
Request from pid 76192: max_threads=65535, hint_threads=32
[1788485195659] Granted 32 threads to pid 76192 (CPUs 1+32)
Request from pid 76192: max_threads=65535, hint_threads=32
[1788485195822] Granted 32 threads to pid 76192 (CPUs 1+32)
Request from pid 76192: max_threads=65535, hint_threads=32
[1788485195991] Granted 32 threads to pid 76192 (CPUs 1+32)
Request from pid 76192: max_threads=65535, hint_threads=32
[1788485196157] Granted 32 threads to pid 76192 (CPUs 1+32)
Request from pid 76192: max_threads=65535, hint_threads=32
[1788485196387] Granted 32 threads to pid 76192 (CPUs 1+32)
Request from pid 76192: max_threads=65535, hint_threads=32
[1788485196561] Granted 32 threads to pid 76192 (CPUs 1+32)
Request from pid 76192: max_threads=65535, hint_threads=32
[1788485196731] Granted 32 threads to pid 76192 (CPUs 1+32)
Request from pid 76192: max_threads=65535, hint_threads=32
[1788485196899] Granted 32 threads to pid 76192 (CPUs 1+32)
Request from pid 76192: max_threads=65535, hint_threads=32
[1788485197063] Granted 32 threads to pid 76192 (CPUs 1+32)
[1788485197068] Client pid 76192 disconnected — removed from state
Accepted connection
Handling client
Request from pid 76263: max_threads=65535, hint_threads=32
[1788485197612] Granted 32 threads to pid 76263 (CPUs 1+32)
Request from pid 76263: max_threads=65535, hint_threads=32
[1788485198514] Granted 32 threads to pid 76263 (CPUs 1+32)
Request from pid 76263: max_threads=65535, hint_threads=32
[1788485198649] Granted 32 threads to pid 76263 (CPUs 1+32)
Request from pid 76263: max_threads=65535, hint_threads=32
[1788485198818] Granted 32 threads to pid 76263 (CPUs 1+32)
Request from pid 76263: max_threads=65535, hint_threads=32
[1788485198990] Granted 32 threads to pid 76263 (CPUs 1+32)
Request from pid 76263: max_threads=65535, hint_threads=32
[1788485199183] Granted 32 threads to pid 76263 (CPUs 1+32)
Request from pid 76263: max_threads=65535, hint_threads=32
[1788485199435] Granted 32 threads to pid 76263 (CPUs 1+32)
Request from pid 76263: max_threads=65535, hint_threads=32
[1788485199626] Granted 32 threads to pid 76263 (CPUs 1+32)
Request from pid 76263: max_threads=65535, hint_threads=32
[1788485199791] Granted 32 threads to pid 76263 (CPUs 1+32)
Request from pid 76263: max_threads=65535, hint_threads=32
[1788485199886] Granted 32 threads to pid 76263 (CPUs 1+32)
Request from pid 76263: max_threads=65535, hint_threads=32
[1788485199978] Granted 32 threads to pid 76263 (CPUs 1+32)
Request from pid 76263: max_threads=65535, hint_threads=32
[1788485200114] Granted 32 threads to pid 76263 (CPUs 1+32)
Request from pid 76263: max_threads=65535, hint_threads=32
[1788485200291] Granted 32 threads to pid 76263 (CPUs 1+32)
Request from pid 76263: max_threads=65535, hint_threads=32
[1788485200526] Granted 32 threads to pid 76263 (CPUs 1+32)
Request from pid 76263: max_threads=65535, hint_threads=32
[1788485200702] Granted 32 threads to pid 76263 (CPUs 1+32)
Request from pid 76263: max_threads=65535, hint_threads=32
[1788485200838] Granted 32 threads to pid 76263 (CPUs 1+32)
Request from pid 76263: max_threads=65535, hint_threads=32
[1788485200932] Granted 32 threads to pid 76263 (CPUs 1+32)
Request from pid 76263: max_threads=65535, hint_threads=32
[1788485201027] Granted 32 threads to pid 76263 (CPUs 1+32)
Request from pid 76263: max_threads=65535, hint_threads=32
[1788485201125] Granted 32 threads to pid 76263 (CPUs 1+32)
Request from pid 76263: max_threads=65535, hint_threads=32
[1788485201218] Granted 32 threads to pid 76263 (CPUs 1+32)
Request from pid 76263: max_threads=65535, hint_threads=32
[1788485201447] Granted 32 threads to pid 76263 (CPUs 1+32)
Request from pid 76263: max_threads=65535, hint_threads=32
[1788485201703] Granted 32 threads to pid 76263 (CPUs 1+32)
Request from pid 76263: max_threads=65535, hint_threads=32
[1788485201938] Granted 32 threads to pid 76263 (CPUs 1+32)
Request from pid 76263: max_threads=65535, hint_threads=32
[1788485202106] Granted 32 threads to pid 76263 (CPUs 1+32)
Request from pid 76263: max_threads=65535, hint_threads=32
[1788485202274] Granted 32 threads to pid 76263 (CPUs 1+32)
Request from pid 76263: max_threads=65535, hint_threads=32
[1788485202451] Granted 32 threads to pid 76263 (CPUs 1+32)
Request from pid 76263: max_threads=65535, hint_threads=32
[1788485202543] Granted 32 threads to pid 76263 (CPUs 1+32)
Request from pid 76263: max_threads=65535, hint_threads=32
[1788485202636] Granted 32 threads to pid 76263 (CPUs 1+32)
Request from pid 76263: max_threads=65535, hint_threads=32
[1788485202732] Granted 32 threads to pid 76263 (CPUs 1+32)
Request from pid 76263: max_threads=65535, hint_threads=32
[1788485202833] Granted 32 threads to pid 76263 (CPUs 1+32)
Request from pid 76263: max_threads=65535, hint_threads=32
[1788485202925] Granted 32 threads to pid 76263 (CPUs 1+32)
Request from pid 76263: max_threads=65535, hint_threads=32
[1788485203017] Granted 32 threads to pid 76263 (CPUs 1+32)
Request from pid 76263: max_threads=65535, hint_threads=32
[1788485203108] Granted 32 threads to pid 76263 (CPUs 1+32)
Request from pid 76263: max_threads=65535, hint_threads=32
[1788485203200] Granted 32 threads to pid 76263 (CPUs 1+32)
Request from pid 76263: max_threads=65535, hint_threads=32
[1788485203292] Granted 32 threads to pid 76263 (CPUs 1+32)
Request from pid 76263: max_threads=65535, hint_threads=32
[1788485203383] Granted 32 threads to pid 76263 (CPUs 1+32)
Request from pid 76263: max_threads=65535, hint_threads=32
[1788485203475] Granted 32 threads to pid 76263 (CPUs 1+32)
Request from pid 76263: max_threads=65535, hint_threads=32
[1788485203567] Granted 32 threads to pid 76263 (CPUs 1+32)
Request from pid 76263: max_threads=65535, hint_threads=32
[1788485203658] Granted 32 threads to pid 76263 (CPUs 1+32)
Request from pid 76263: max_threads=65535, hint_threads=32
[1788485203751] Granted 32 threads to pid 76263 (CPUs 1+32)
Request from pid 76263: max_threads=65535, hint_threads=32
[1788485203911] Granted 32 threads to pid 76263 (CPUs 1+32)
Request from pid 76263: max_threads=65535, hint_threads=32
[1788485204078] Granted 32 threads to pid 76263 (CPUs 1+32)
Request from pid 76263: max_threads=65535, hint_threads=32
[1788485204255] Granted 32 threads to pid 76263 (CPUs 1+32)
Request from pid 76263: max_threads=65535, hint_threads=32
[1788485204515] Granted 32 threads to pid 76263 (CPUs 1+32)
Request from pid 76263: max_threads=65535, hint_threads=32
[1788485204803] Granted 32 threads to pid 76263 (CPUs 1+32)
Request from pid 76263: max_threads=65535, hint_threads=32
[1788485204915] Granted 32 threads to pid 76263 (CPUs 1+32)
Request from pid 76263: max_threads=65535, hint_threads=32
[1788485205078] Granted 32 threads to pid 76263 (CPUs 1+32)
Request from pid 76263: max_threads=65535, hint_threads=32
[1788485205246] Granted 32 threads to pid 76263 (CPUs 1+32)
Request from pid 76263: max_threads=65535, hint_threads=32
[1788485205427] Granted 32 threads to pid 76263 (CPUs 1+32)
Request from pid 76263: max_threads=65535, hint_threads=32
[1788485205604] Granted 32 threads to pid 76263 (CPUs 1+32)
Request from pid 76263: max_threads=65535, hint_threads=32
[1788485205939] Granted 32 threads to pid 76263 (CPUs 1+32)
Request from pid 76263: max_threads=65535, hint_threads=32
[1788485206111] Granted 32 threads to pid 76263 (CPUs 1+32)
Request from pid 76263: max_threads=65535, hint_threads=32
[1788485206283] Granted 32 threads to pid 76263 (CPUs 1+32)
Request from pid 76263: max_threads=65535, hint_threads=32
[1788485206455] Granted 32 threads to pid 76263 (CPUs 1+32)
Request from pid 76263: max_threads=65535, hint_threads=32
[1788485206623] Granted 32 threads to pid 76263 (CPUs 1+32)
Request from pid 76263: max_threads=65535, hint_threads=32
[1788485206732] Granted 32 threads to pid 76263 (CPUs 1+32)
Request from pid 76263: max_threads=65535, hint_threads=32
[1788485206824] Granted 32 threads to pid 76263 (CPUs 1+32)
Request from pid 76263: max_threads=65535, hint_threads=32
[1788485206912] Granted 32 threads to pid 76263 (CPUs 1+32)
Request from pid 76263: max_threads=65535, hint_threads=32
[1788485207000] Granted 32 threads to pid 76263 (CPUs 1+32)
Request from pid 76263: max_threads=65535, hint_threads=32
[1788485207087] Granted 32 threads to pid 76263 (CPUs 1+32)
Request from pid 76263: max_threads=65535, hint_threads=32
[1788485207175] Granted 32 threads to pid 76263 (CPUs 1+32)
Request from pid 76263: max_threads=65535, hint_threads=32
[1788485207262] Granted 32 threads to pid 76263 (CPUs 1+32)
Request from pid 76228: max_threads=65535, hint_threads=32
[1788485207298] Granted 16 threads to pid 76228 (CPUs 1+16)
Read error: Connection reset by peer (os error 104)
Request from pid 76263: max_threads=65535, hint_threads=32
[1788485207329] Granted 16 threads to pid 76263 (CPUs 17+16)
Request from pid 76263: max_threads=65535, hint_threads=32
[1788485207591] Granted 16 threads to pid 76263 (CPUs 17+16)
Request from pid 76263: max_threads=65535, hint_threads=32
[1788485207727] Granted 16 threads to pid 76263 (CPUs 17+16)
Request from pid 76263: max_threads=65535, hint_threads=32
[1788485207813] Granted 16 threads to pid 76263 (CPUs 17+16)
Request from pid 76263: max_threads=65535, hint_threads=32
[1788485207984] Granted 16 threads to pid 76263 (CPUs 17+16)
Request from pid 76263: max_threads=65535, hint_threads=32
[1788485208155] Granted 16 threads to pid 76263 (CPUs 17+16)
Request from pid 76263: max_threads=65535, hint_threads=32
[1788485208328] Granted 16 threads to pid 76263 (CPUs 17+16)
Request from pid 76263: max_threads=65535, hint_threads=32
[1788485208499] Granted 16 threads to pid 76263 (CPUs 17+16)
[1788485208589] Client pid 76263 disconnected — removed from state
Accepted connection
Handling client
Request from pid 76318: max_threads=65535, hint_threads=32
[1788485209140] Granted 16 threads to pid 76318 (CPUs 17+16)
Request from pid 76318: max_threads=65535, hint_threads=32
[1788485209811] Granted 16 threads to pid 76318 (CPUs 17+16)
Request from pid 76318: max_threads=65535, hint_threads=32
[1788485209904] Granted 16 threads to pid 76318 (CPUs 17+16)
Request from pid 76318: max_threads=65535, hint_threads=32
[1788485209991] Granted 16 threads to pid 76318 (CPUs 17+16)
Request from pid 76318: max_threads=65535, hint_threads=32
[1788485210165] Granted 16 threads to pid 76318 (CPUs 17+16)
Request from pid 76318: max_threads=65535, hint_threads=32
[1788485210340] Granted 16 threads to pid 76318 (CPUs 17+16)
Request from pid 76318: max_threads=65535, hint_threads=32
[1788485210514] Granted 16 threads to pid 76318 (CPUs 17+16)
Request from pid 76318: max_threads=65535, hint_threads=32
[1788485210687] Granted 16 threads to pid 76318 (CPUs 17+16)
Request from pid 76318: max_threads=65535, hint_threads=32
[1788485210774] Granted 16 threads to pid 76318 (CPUs 17+16)
Request from pid 76318: max_threads=65535, hint_threads=32
[1788485210948] Granted 16 threads to pid 76318 (CPUs 17+16)
Request from pid 76318: max_threads=65535, hint_threads=32
[1788485211122] Granted 16 threads to pid 76318 (CPUs 17+16)
Request from pid 76318: max_threads=65535, hint_threads=32
[1788485211296] Granted 16 threads to pid 76318 (CPUs 17+16)
Request from pid 76318: max_threads=65535, hint_threads=32
[1788485211470] Granted 16 threads to pid 76318 (CPUs 17+16)
Request from pid 76318: max_threads=65535, hint_threads=32
[1788485211643] Granted 16 threads to pid 76318 (CPUs 17+16)
Request from pid 76318: max_threads=65535, hint_threads=32
[1788485211817] Granted 16 threads to pid 76318 (CPUs 17+16)
Request from pid 76318: max_threads=65535, hint_threads=32
[1788485211991] Granted 16 threads to pid 76318 (CPUs 17+16)
Request from pid 76318: max_threads=65535, hint_threads=32
[1788485212165] Granted 16 threads to pid 76318 (CPUs 17+16)
Request from pid 76318: max_threads=65535, hint_threads=32
[1788485212338] Granted 32 threads to pid 76318 (CPUs 1+32)
Request from pid 76318: max_threads=65535, hint_threads=32
[1788485212485] Granted 32 threads to pid 76318 (CPUs 1+32)
Request from pid 76318: max_threads=65535, hint_threads=32
[1788485212586] Granted 32 threads to pid 76318 (CPUs 1+32)
Request from pid 76318: max_threads=65535, hint_threads=32
[1788485212687] Granted 32 threads to pid 76318 (CPUs 1+32)
Request from pid 76318: max_threads=65535, hint_threads=32
[1788485212738] Granted 32 threads to pid 76318 (CPUs 1+32)
Request from pid 76318: max_threads=65535, hint_threads=32
[1788485212839] Granted 32 threads to pid 76318 (CPUs 1+32)
Request from pid 76318: max_threads=65535, hint_threads=32
[1788485212940] Granted 32 threads to pid 76318 (CPUs 1+32)
Request from pid 76318: max_threads=65535, hint_threads=32
[1788485212991] Granted 32 threads to pid 76318 (CPUs 1+32)
Request from pid 76318: max_threads=65535, hint_threads=32
[1788485213092] Granted 32 threads to pid 76318 (CPUs 1+32)
Request from pid 76318: max_threads=65535, hint_threads=32
[1788485213192] Granted 32 threads to pid 76318 (CPUs 1+32)
Request from pid 76318: max_threads=65535, hint_threads=32
[1788485213243] Granted 32 threads to pid 76318 (CPUs 1+32)
Request from pid 76318: max_threads=65535, hint_threads=32
[1788485213344] Granted 32 threads to pid 76318 (CPUs 1+32)
Request from pid 76318: max_threads=65535, hint_threads=32
[1788485213446] Granted 32 threads to pid 76318 (CPUs 1+32)
Request from pid 76318: max_threads=65535, hint_threads=32
[1788485213498] Granted 32 threads to pid 76318 (CPUs 1+32)
Request from pid 76318: max_threads=65535, hint_threads=32
[1788485213603] Granted 32 threads to pid 76318 (CPUs 1+32)
Request from pid 76318: max_threads=65535, hint_threads=32
[1788485213708] Granted 32 threads to pid 76318 (CPUs 1+32)
Request from pid 76318: max_threads=65535, hint_threads=32
[1788485213812] Granted 32 threads to pid 76318 (CPUs 1+32)
Request from pid 76318: max_threads=65535, hint_threads=32
[1788485213916] Granted 32 threads to pid 76318 (CPUs 1+32)
Request from pid 76318: max_threads=65535, hint_threads=32
[1788485214020] Granted 32 threads to pid 76318 (CPUs 1+32)
Request from pid 76318: max_threads=65535, hint_threads=32
[1788485214124] Granted 32 threads to pid 76318 (CPUs 1+32)
Request from pid 76318: max_threads=65535, hint_threads=32
[1788485214228] Granted 32 threads to pid 76318 (CPUs 1+32)
Request from pid 76318: max_threads=65535, hint_threads=32
[1788485214332] Granted 32 threads to pid 76318 (CPUs 1+32)
Request from pid 76318: max_threads=65535, hint_threads=32
[1788485214436] Granted 32 threads to pid 76318 (CPUs 1+32)
Request from pid 76318: max_threads=65535, hint_threads=32
[1788485214540] Granted 32 threads to pid 76318 (CPUs 1+32)
Request from pid 76318: max_threads=65535, hint_threads=32
[1788485214643] Granted 32 threads to pid 76318 (CPUs 1+32)
Request from pid 76318: max_threads=65535, hint_threads=32
[1788485214747] Granted 32 threads to pid 76318 (CPUs 1+32)
[1788485214751] Client pid 76318 disconnected — removed from state
Accepted connection
Handling client
Request from pid 76354: max_threads=65535, hint_threads=32
[1788485215316] Granted 32 threads to pid 76354 (CPUs 1+32)
Request from pid 76354: max_threads=65535, hint_threads=32
[1788485215781] Granted 32 threads to pid 76354 (CPUs 1+32)
Request from pid 76354: max_threads=65535, hint_threads=32
[1788485215832] Granted 32 threads to pid 76354 (CPUs 1+32)
Request from pid 76354: max_threads=65535, hint_threads=32
[1788485215882] Granted 32 threads to pid 76354 (CPUs 1+32)
Request from pid 76354: max_threads=65535, hint_threads=32
[1788485215982] Granted 32 threads to pid 76354 (CPUs 1+32)
Request from pid 76354: max_threads=65535, hint_threads=32
[1788485216082] Granted 32 threads to pid 76354 (CPUs 1+32)
Request from pid 76354: max_threads=65535, hint_threads=32
[1788485216181] Granted 32 threads to pid 76354 (CPUs 1+32)
Request from pid 76354: max_threads=65535, hint_threads=32
[1788485216280] Granted 32 threads to pid 76354 (CPUs 1+32)
Request from pid 76354: max_threads=65535, hint_threads=32
[1788485216330] Granted 32 threads to pid 76354 (CPUs 1+32)
Request from pid 76354: max_threads=65535, hint_threads=32
[1788485216429] Granted 32 threads to pid 76354 (CPUs 1+32)
Request from pid 76354: max_threads=65535, hint_threads=32
[1788485216529] Granted 32 threads to pid 76354 (CPUs 1+32)
Request from pid 76354: max_threads=65535, hint_threads=32
[1788485216578] Granted 32 threads to pid 76354 (CPUs 1+32)
Request from pid 76354: max_threads=65535, hint_threads=32
[1788485216677] Granted 32 threads to pid 76354 (CPUs 1+32)
Request from pid 76354: max_threads=65535, hint_threads=32
[1788485216776] Granted 32 threads to pid 76354 (CPUs 1+32)
Request from pid 76354: max_threads=65535, hint_threads=32
[1788485216826] Granted 32 threads to pid 76354 (CPUs 1+32)
Request from pid 76354: max_threads=65535, hint_threads=32
[1788485216926] Granted 32 threads to pid 76354 (CPUs 1+32)
Request from pid 76354: max_threads=65535, hint_threads=32
[1788485217029] Granted 32 threads to pid 76354 (CPUs 1+32)
Request from pid 76354: max_threads=65535, hint_threads=32
[1788485217080] Granted 32 threads to pid 76354 (CPUs 1+32)
Request from pid 76354: max_threads=65535, hint_threads=32
[1788485217183] Granted 32 threads to pid 76354 (CPUs 1+32)
Request from pid 76354: max_threads=65535, hint_threads=32
[1788485217284] Granted 32 threads to pid 76354 (CPUs 1+32)
Request from pid 76354: max_threads=65535, hint_threads=32
[1788485217335] Granted 32 threads to pid 76354 (CPUs 1+32)
Request from pid 76354: max_threads=65535, hint_threads=32
[1788485217437] Granted 32 threads to pid 76354 (CPUs 1+32)
Request from pid 76354: max_threads=65535, hint_threads=32
[1788485217538] Granted 32 threads to pid 76354 (CPUs 1+32)
Request from pid 76354: max_threads=65535, hint_threads=32
[1788485217589] Granted 32 threads to pid 76354 (CPUs 1+32)
Request from pid 76354: max_threads=65535, hint_threads=32
[1788485217691] Granted 32 threads to pid 76354 (CPUs 1+32)
Request from pid 76354: max_threads=65535, hint_threads=32
[1788485217792] Granted 32 threads to pid 76354 (CPUs 1+32)
Request from pid 76354: max_threads=65535, hint_threads=32
[1788485217843] Granted 32 threads to pid 76354 (CPUs 1+32)
Request from pid 76354: max_threads=65535, hint_threads=32
[1788485217945] Granted 32 threads to pid 76354 (CPUs 1+32)
Request from pid 76354: max_threads=65535, hint_threads=32
[1788485218052] Granted 32 threads to pid 76354 (CPUs 1+32)
Request from pid 76354: max_threads=65535, hint_threads=32
[1788485218154] Granted 32 threads to pid 76354 (CPUs 1+32)
Request from pid 76354: max_threads=65535, hint_threads=32
[1788485218255] Granted 32 threads to pid 76354 (CPUs 1+32)
Request from pid 76354: max_threads=65535, hint_threads=32
[1788485218357] Granted 32 threads to pid 76354 (CPUs 1+32)
Request from pid 76354: max_threads=65535, hint_threads=32
[1788485218458] Granted 32 threads to pid 76354 (CPUs 1+32)
Request from pid 76354: max_threads=65535, hint_threads=32
[1788485218560] Granted 32 threads to pid 76354 (CPUs 1+32)
Request from pid 76354: max_threads=65535, hint_threads=32
[1788485218611] Granted 32 threads to pid 76354 (CPUs 1+32)
Request from pid 76354: max_threads=65535, hint_threads=32
[1788485218712] Granted 32 threads to pid 76354 (CPUs 1+32)
Request from pid 76354: max_threads=65535, hint_threads=32
[1788485218814] Granted 32 threads to pid 76354 (CPUs 1+32)
Request from pid 76354: max_threads=65535, hint_threads=32
[1788485218865] Granted 32 threads to pid 76354 (CPUs 1+32)
Request from pid 76354: max_threads=65535, hint_threads=32
[1788485218967] Granted 32 threads to pid 76354 (CPUs 1+32)
Request from pid 76354: max_threads=65535, hint_threads=32
[1788485219017] Granted 32 threads to pid 76354 (CPUs 1+32)
Request from pid 76354: max_threads=65535, hint_threads=32
[1788485219119] Granted 32 threads to pid 76354 (CPUs 1+32)
Request from pid 76354: max_threads=65535, hint_threads=32
[1788485219221] Granted 32 threads to pid 76354 (CPUs 1+32)
Request from pid 76354: max_threads=65535, hint_threads=32
[1788485219322] Granted 32 threads to pid 76354 (CPUs 1+32)
Request from pid 76354: max_threads=65535, hint_threads=32
[1788485219373] Granted 32 threads to pid 76354 (CPUs 1+32)
Request from pid 76354: max_threads=65535, hint_threads=32
[1788485219474] Granted 32 threads to pid 76354 (CPUs 1+32)
Request from pid 76354: max_threads=65535, hint_threads=32
[1788485219576] Granted 32 threads to pid 76354 (CPUs 1+32)
[1788485219580] Client pid 76354 disconnected — removed from state
DRM stopped at Fri 04 Sep 2026 03:26:59, was capacity=32
Starting DRM at Fri 04 Sep 2026 03:31:04, capacity=32, cpu_pool=1,2,3,4,5,6,7,8,9,10,11,12,13,14,15,16,17,18,19,20,21,22,23,24,25,26,27,28,29,30,31,32
CPU pool (32 cores): 1–32
Listening on /tmp/omp-rm.sock (capacity=32, strategy=fair_share)
Accepted connection
Handling client
Request from pid 77814: max_threads=65535, hint_threads=32
[1788485464551] Granted 32 threads to pid 77814 (CPUs 1+32)
Request from pid 77814: max_threads=65535, hint_threads=32
[1788485464662] Granted 32 threads to pid 77814 (CPUs 1+32)
Request from pid 77814: max_threads=65535, hint_threads=32
[1788485464729] Granted 32 threads to pid 77814 (CPUs 1+32)
Request from pid 77814: max_threads=65535, hint_threads=32
[1788485464846] Granted 32 threads to pid 77814 (CPUs 1+32)
Request from pid 77814: max_threads=65535, hint_threads=32
[1788485464888] Granted 32 threads to pid 77814 (CPUs 1+32)
Request from pid 77814: max_threads=65535, hint_threads=32
[1788485464988] Granted 32 threads to pid 77814 (CPUs 1+32)
Request from pid 77814: max_threads=65535, hint_threads=32
[1788485465093] Granted 32 threads to pid 77814 (CPUs 1+32)
Request from pid 77814: max_threads=65535, hint_threads=32
[1788485465205] Granted 32 threads to pid 77814 (CPUs 1+32)
Request from pid 77814: max_threads=65535, hint_threads=32
[1788485465295] Granted 32 threads to pid 77814 (CPUs 1+32)
Request from pid 77814: max_threads=65535, hint_threads=32
[1788485465407] Granted 32 threads to pid 77814 (CPUs 1+32)
Request from pid 77814: max_threads=65535, hint_threads=32
[1788485465497] Granted 32 threads to pid 77814 (CPUs 1+32)
Request from pid 77814: max_threads=65535, hint_threads=32
[1788485465609] Granted 32 threads to pid 77814 (CPUs 1+32)
Request from pid 77814: max_threads=65535, hint_threads=32
[1788485465699] Granted 32 threads to pid 77814 (CPUs 1+32)
Request from pid 77814: max_threads=65535, hint_threads=32
[1788485465811] Granted 32 threads to pid 77814 (CPUs 1+32)
Request from pid 77814: max_threads=65535, hint_threads=32
[1788485465901] Granted 32 threads to pid 77814 (CPUs 1+32)
Request from pid 77814: max_threads=65535, hint_threads=32
[1788485466013] Granted 32 threads to pid 77814 (CPUs 1+32)
Request from pid 77814: max_threads=65535, hint_threads=32
[1788485466103] Granted 32 threads to pid 77814 (CPUs 1+32)
Request from pid 77814: max_threads=65535, hint_threads=32
[1788485466215] Granted 32 threads to pid 77814 (CPUs 1+32)
Request from pid 77814: max_threads=65535, hint_threads=32
[1788485466305] Granted 32 threads to pid 77814 (CPUs 1+32)
Request from pid 77814: max_threads=65535, hint_threads=32
[1788485466417] Granted 32 threads to pid 77814 (CPUs 1+32)
Request from pid 77814: max_threads=65535, hint_threads=32
[1788485466506] Granted 32 threads to pid 77814 (CPUs 1+32)
Request from pid 77814: max_threads=65535, hint_threads=32
[1788485466619] Granted 32 threads to pid 77814 (CPUs 1+32)
Request from pid 77814: max_threads=65535, hint_threads=32
[1788485466708] Granted 32 threads to pid 77814 (CPUs 1+32)
Request from pid 77814: max_threads=65535, hint_threads=32
[1788485466820] Granted 32 threads to pid 77814 (CPUs 1+32)
Request from pid 77814: max_threads=65535, hint_threads=32
[1788485466910] Granted 32 threads to pid 77814 (CPUs 1+32)
Request from pid 77814: max_threads=65535, hint_threads=32
[1788485467023] Granted 32 threads to pid 77814 (CPUs 1+32)
Request from pid 77814: max_threads=65535, hint_threads=32
[1788485467112] Granted 32 threads to pid 77814 (CPUs 1+32)
Request from pid 77814: max_threads=65535, hint_threads=32
[1788485467224] Granted 32 threads to pid 77814 (CPUs 1+32)
Request from pid 77814: max_threads=65535, hint_threads=32
[1788485467314] Granted 32 threads to pid 77814 (CPUs 1+32)
Request from pid 77814: max_threads=65535, hint_threads=32
[1788485467426] Granted 32 threads to pid 77814 (CPUs 1+32)
Request from pid 77814: max_threads=65535, hint_threads=32
[1788485467516] Granted 32 threads to pid 77814 (CPUs 1+32)
Request from pid 77814: max_threads=65535, hint_threads=32
[1788485467628] Granted 32 threads to pid 77814 (CPUs 1+32)
Request from pid 77814: max_threads=65535, hint_threads=32
[1788485467718] Granted 32 threads to pid 77814 (CPUs 1+32)
Request from pid 77814: max_threads=65535, hint_threads=32
[1788485467830] Granted 32 threads to pid 77814 (CPUs 1+32)
Request from pid 77814: max_threads=65535, hint_threads=32
[1788485467920] Granted 32 threads to pid 77814 (CPUs 1+32)
Request from pid 77814: max_threads=65535, hint_threads=32
[1788485468037] Granted 32 threads to pid 77814 (CPUs 1+32)
Request from pid 77814: max_threads=65535, hint_threads=32
[1788485468127] Granted 32 threads to pid 77814 (CPUs 1+32)
Request from pid 77814: max_threads=65535, hint_threads=32
[1788485468239] Granted 32 threads to pid 77814 (CPUs 1+32)
Request from pid 77814: max_threads=65535, hint_threads=32
[1788485468328] Granted 32 threads to pid 77814 (CPUs 1+32)
Request from pid 77814: max_threads=65535, hint_threads=32
[1788485468441] Granted 32 threads to pid 77814 (CPUs 1+32)
Request from pid 77814: max_threads=65535, hint_threads=32
[1788485468530] Granted 32 threads to pid 77814 (CPUs 1+32)
Request from pid 77814: max_threads=65535, hint_threads=32
[1788485468642] Granted 32 threads to pid 77814 (CPUs 1+32)
Request from pid 77814: max_threads=65535, hint_threads=32
[1788485468732] Granted 32 threads to pid 77814 (CPUs 1+32)
Request from pid 77814: max_threads=65535, hint_threads=32
[1788485468844] Granted 32 threads to pid 77814 (CPUs 1+32)
Request from pid 77814: max_threads=65535, hint_threads=32
[1788485468934] Granted 32 threads to pid 77814 (CPUs 1+32)
Request from pid 77814: max_threads=65535, hint_threads=32
[1788485469047] Granted 32 threads to pid 77814 (CPUs 1+32)
Request from pid 77814: max_threads=65535, hint_threads=32
[1788485469106] Granted 32 threads to pid 77814 (CPUs 1+32)
Read error: Connection reset by peer (os error 104)
Accepted connection
Handling client
Request from pid 77849: max_threads=65535, hint_threads=32
[1788485469628] Granted 16 threads to pid 77849 (CPUs 17+16)
Request from pid 77849: max_threads=65535, hint_threads=32
[1788485469884] Granted 16 threads to pid 77849 (CPUs 17+16)
Request from pid 77849: max_threads=65535, hint_threads=32
[1788485470019] Granted 16 threads to pid 77849 (CPUs 17+16)
Request from pid 77849: max_threads=65535, hint_threads=32
[1788485470237] Granted 16 threads to pid 77849 (CPUs 17+16)
Request from pid 77849: max_threads=65535, hint_threads=32
[1788485470307] Granted 16 threads to pid 77849 (CPUs 17+16)
Request from pid 77849: max_threads=65535, hint_threads=32
[1788485470495] Granted 16 threads to pid 77849 (CPUs 17+16)
Request from pid 77849: max_threads=65535, hint_threads=32
[1788485470664] Granted 16 threads to pid 77849 (CPUs 17+16)
Request from pid 77849: max_threads=65535, hint_threads=32
[1788485470876] Granted 16 threads to pid 77849 (CPUs 17+16)
Request from pid 77849: max_threads=65535, hint_threads=32
[1788485471017] Granted 16 threads to pid 77849 (CPUs 17+16)
Request from pid 77849: max_threads=65535, hint_threads=32
[1788485471229] Granted 16 threads to pid 77849 (CPUs 17+16)
Request from pid 77849: max_threads=65535, hint_threads=32
[1788485471369] Granted 16 threads to pid 77849 (CPUs 17+16)
Request from pid 77849: max_threads=65535, hint_threads=32
[1788485471581] Granted 16 threads to pid 77849 (CPUs 17+16)
Request from pid 77849: max_threads=65535, hint_threads=32
[1788485471722] Granted 16 threads to pid 77849 (CPUs 17+16)
Request from pid 77849: max_threads=65535, hint_threads=32
[1788485471934] Granted 16 threads to pid 77849 (CPUs 17+16)
Request from pid 77849: max_threads=65535, hint_threads=32
[1788485472074] Granted 16 threads to pid 77849 (CPUs 17+16)
Request from pid 77849: max_threads=65535, hint_threads=32
[1788485472286] Granted 16 threads to pid 77849 (CPUs 17+16)
Request from pid 77849: max_threads=65535, hint_threads=32
[1788485472427] Granted 16 threads to pid 77849 (CPUs 17+16)
Request from pid 77849: max_threads=65535, hint_threads=32
[1788485472639] Granted 16 threads to pid 77849 (CPUs 17+16)
Request from pid 77849: max_threads=65535, hint_threads=32
[1788485472780] Granted 16 threads to pid 77849 (CPUs 17+16)
Request from pid 77849: max_threads=65535, hint_threads=32
[1788485472992] Granted 16 threads to pid 77849 (CPUs 17+16)
Request from pid 77849: max_threads=65535, hint_threads=32
[1788485473132] Granted 16 threads to pid 77849 (CPUs 17+16)
Request from pid 77849: max_threads=65535, hint_threads=32
[1788485473344] Granted 16 threads to pid 77849 (CPUs 17+16)
Request from pid 77849: max_threads=65535, hint_threads=32
[1788485473484] Granted 16 threads to pid 77849 (CPUs 17+16)
Accepted connection
Handling client
Request from pid 77885: max_threads=65535, hint_threads=32
[1788485473552] Granted 10 threads to pid 77885 (CPUs 21+10)
Request from pid 77849: max_threads=65535, hint_threads=32
[1788485473882] Granted 10 threads to pid 77849 (CPUs 11+10)
Request from pid 77849: max_threads=65535, hint_threads=32
[1788485474166] Granted 16 threads to pid 77849 (CPUs 1+16)
Request from pid 77849: max_threads=65535, hint_threads=32
[1788485474572] Granted 16 threads to pid 77849 (CPUs 1+16)
Request from pid 77849: max_threads=65535, hint_threads=32
[1788485474713] Granted 16 threads to pid 77849 (CPUs 1+16)
Request from pid 77849: max_threads=65535, hint_threads=32
[1788485474924] Granted 16 threads to pid 77849 (CPUs 1+16)
Request from pid 77849: max_threads=65535, hint_threads=32
[1788485475065] Granted 16 threads to pid 77849 (CPUs 1+16)
Request from pid 77849: max_threads=65535, hint_threads=32
[1788485475276] Granted 16 threads to pid 77849 (CPUs 1+16)
Request from pid 77849: max_threads=65535, hint_threads=32
[1788485475417] Granted 16 threads to pid 77849 (CPUs 1+16)
Request from pid 77849: max_threads=65535, hint_threads=32
[1788485475628] Granted 16 threads to pid 77849 (CPUs 1+16)
Request from pid 77849: max_threads=65535, hint_threads=32
[1788485475768] Granted 16 threads to pid 77849 (CPUs 1+16)
Request from pid 77849: max_threads=65535, hint_threads=32
[1788485475980] Granted 16 threads to pid 77849 (CPUs 1+16)
Request from pid 77849: max_threads=65535, hint_threads=32
[1788485476120] Granted 16 threads to pid 77849 (CPUs 1+16)
Request from pid 77849: max_threads=65535, hint_threads=32
[1788485476332] Granted 16 threads to pid 77849 (CPUs 1+16)
Request from pid 77849: max_threads=65535, hint_threads=32
[1788485476473] Granted 16 threads to pid 77849 (CPUs 1+16)
Request from pid 77849: max_threads=65535, hint_threads=32
[1788485476684] Granted 16 threads to pid 77849 (CPUs 1+16)
Request from pid 77849: max_threads=65535, hint_threads=32
[1788485476825] Granted 16 threads to pid 77849 (CPUs 1+16)
Request from pid 77849: max_threads=65535, hint_threads=32
[1788485477037] Granted 16 threads to pid 77849 (CPUs 1+16)
Request from pid 77849: max_threads=65535, hint_threads=32
[1788485477177] Granted 16 threads to pid 77849 (CPUs 1+16)
Request from pid 77849: max_threads=65535, hint_threads=32
[1788485477389] Granted 16 threads to pid 77849 (CPUs 1+16)
Request from pid 77849: max_threads=65535, hint_threads=32
[1788485477529] Granted 16 threads to pid 77849 (CPUs 1+16)
Accepted connection
Handling client
Request from pid 77921: max_threads=65535, hint_threads=32
[1788485477652] Granted 10 threads to pid 77921 (CPUs 21+10)
Request from pid 77849: max_threads=65535, hint_threads=32
[1788485477853] Granted 10 threads to pid 77849 (CPUs 1+10)
Request from pid 77921: max_threads=65535, hint_threads=32
[1788485478070] Granted 10 threads to pid 77921 (CPUs 21+10)
Request from pid 77849: max_threads=65535, hint_threads=32
[1788485478155] Granted 10 threads to pid 77849 (CPUs 1+10)
Accepted connection
Handling client
Request from pid 77962: max_threads=65535, hint_threads=32
[1788485478321] Granted 8 threads to pid 77962 (CPUs 25+8)
Request from pid 77921: max_threads=65535, hint_threads=32
[1788485478568] Granted 10 threads to pid 77921 (CPUs 11+10)
Request from pid 77849: max_threads=65535, hint_threads=32
[1788485478763] Granted 10 threads to pid 77849 (CPUs 1+10)
Request from pid 77849: max_threads=65535, hint_threads=32
[1788485479114] Granted 10 threads to pid 77849 (CPUs 1+10)
Read error: Connection reset by peer (os error 104)
Request from pid 77921: max_threads=65535, hint_threads=32
[1788485479471] Granted 10 threads to pid 77921 (CPUs 11+10)
Request from pid 77921: max_threads=65535, hint_threads=32
[1788485479671] Granted 10 threads to pid 77921 (CPUs 11+10)
Accepted connection
Handling client
Request from pid 77995: max_threads=65535, hint_threads=32
[1788485479672] Granted 8 threads to pid 77995 (CPUs 25+8)
Request from pid 77962: max_threads=65535, hint_threads=32
[1788485480067] Granted 8 threads to pid 77962 (CPUs 17+8)
Request from pid 77962: max_threads=65535, hint_threads=32
[1788485480112] Granted 8 threads to pid 77962 (CPUs 17+8)
Request from pid 77995: max_threads=65535, hint_threads=32
[1788485480124] Granted 8 threads to pid 77995 (CPUs 25+8)
Request from pid 77921: max_threads=65535, hint_threads=32
[1788485480236] Granted 8 threads to pid 77921 (CPUs 9+8)
Request from pid 77995: max_threads=65535, hint_threads=32
[1788485480581] Granted 8 threads to pid 77995 (CPUs 25+8)
Request from pid 77921: max_threads=65535, hint_threads=32
[1788485480745] Granted 8 threads to pid 77921 (CPUs 9+8)
Request from pid 77921: max_threads=65535, hint_threads=32
[1788485481206] Granted 8 threads to pid 77921 (CPUs 9+8)
Request from pid 77962: max_threads=65535, hint_threads=32
[1788485481215] Granted 8 threads to pid 77962 (CPUs 17+8)
Request from pid 77921: max_threads=65535, hint_threads=32
[1788485481461] Granted 8 threads to pid 77921 (CPUs 9+8)
Request from pid 77995: max_threads=65535, hint_threads=32
[1788485481479] Granted 8 threads to pid 77995 (CPUs 25+8)
Request from pid 77962: max_threads=65535, hint_threads=32
[1788485481659] Granted 8 threads to pid 77962 (CPUs 17+8)
Request from pid 77995: max_threads=65535, hint_threads=32
[1788485481751] Granted 8 threads to pid 77995 (CPUs 25+8)
Request from pid 77921: max_threads=65535, hint_threads=32
[1788485481889] Granted 8 threads to pid 77921 (CPUs 9+8)
Request from pid 77962: max_threads=65535, hint_threads=32
[1788485482033] Granted 8 threads to pid 77962 (CPUs 17+8)
Request from pid 77921: max_threads=65535, hint_threads=32
[1788485482144] Granted 8 threads to pid 77921 (CPUs 9+8)
Request from pid 77962: max_threads=65535, hint_threads=32
[1788485482346] Granted 8 threads to pid 77962 (CPUs 17+8)
Request from pid 77995: max_threads=65535, hint_threads=32
[1788485482542] Granted 8 threads to pid 77995 (CPUs 25+8)
Request from pid 77921: max_threads=65535, hint_threads=32
[1788485482573] Granted 8 threads to pid 77921 (CPUs 9+8)
Request from pid 77962: max_threads=65535, hint_threads=32
[1788485482648] Granted 8 threads to pid 77962 (CPUs 17+8)
Request from pid 77921: max_threads=65535, hint_threads=32
[1788485482831] Granted 8 threads to pid 77921 (CPUs 9+8)
Request from pid 77962: max_threads=65535, hint_threads=32
[1788485482968] Granted 8 threads to pid 77962 (CPUs 17+8)
Request from pid 77995: max_threads=65535, hint_threads=32
[1788485483171] Granted 8 threads to pid 77995 (CPUs 25+8)
Request from pid 77921: max_threads=65535, hint_threads=32
[1788485483265] Granted 8 threads to pid 77921 (CPUs 9+8)
Request from pid 77962: max_threads=65535, hint_threads=32
[1788485483284] Granted 8 threads to pid 77962 (CPUs 17+8)
Request from pid 77921: max_threads=65535, hint_threads=32
[1788485483521] Granted 8 threads to pid 77921 (CPUs 9+8)
Request from pid 77962: max_threads=65535, hint_threads=32
[1788485483675] Granted 8 threads to pid 77962 (CPUs 17+8)
Request from pid 77921: max_threads=65535, hint_threads=32
[1788485483944] Granted 8 threads to pid 77921 (CPUs 9+8)
Request from pid 77995: max_threads=65535, hint_threads=32
[1788485484051] Granted 8 threads to pid 77995 (CPUs 25+8)
Request from pid 77962: max_threads=65535, hint_threads=32
[1788485484175] Granted 10 threads to pid 77962 (CPUs 11+10)
Request from pid 77921: max_threads=65535, hint_threads=32
[1788485484215] Granted 10 threads to pid 77921 (CPUs 1+10)
Accepted connection
Handling client
Request from pid 78028: max_threads=65535, hint_threads=32
[1788485484252] Granted 8 threads to pid 78028 (CPUs 25+8)
Request from pid 77995: max_threads=65535, hint_threads=32
[1788485484643] Granted 8 threads to pid 77995 (CPUs 17+8)
Request from pid 77962: max_threads=65535, hint_threads=32
[1788485484748] Granted 8 threads to pid 77962 (CPUs 9+8)
Request from pid 77921: max_threads=65535, hint_threads=32
[1788485485395] Granted 8 threads to pid 77921 (CPUs 1+8)
Accepted connection
Handling client
Request from pid 78063: max_threads=65535, hint_threads=32
[1788485485584] Granted 6 threads to pid 78063 (CPUs 25+6)
Request from pid 77995: max_threads=65535, hint_threads=32
[1788485485793] Granted 6 threads to pid 77995 (CPUs 13+6)
Request from pid 77962: max_threads=65535, hint_threads=32
[1788485485957] Granted 6 threads to pid 77962 (CPUs 7+6)
Request from pid 77921: max_threads=65535, hint_threads=32
[1788485485980] Granted 6 threads to pid 77921 (CPUs 1+6)
Request from pid 78028: max_threads=65535, hint_threads=32
[1788485486260] Granted 6 threads to pid 78028 (CPUs 19+6)
Request from pid 77995: max_threads=65535, hint_threads=32
[1788485486356] Granted 6 threads to pid 77995 (CPUs 13+6)
Request from pid 77962: max_threads=65535, hint_threads=32
[1788485486393] Granted 6 threads to pid 77962 (CPUs 7+6)
Request from pid 77962: max_threads=65535, hint_threads=32
[1788485486609] Granted 6 threads to pid 77962 (CPUs 7+6)
Request from pid 77921: max_threads=65535, hint_threads=32
[1788485486805] Granted 6 threads to pid 77921 (CPUs 1+6)
Request from pid 77962: max_threads=65535, hint_threads=32
[1788485486808] Granted 6 threads to pid 77962 (CPUs 7+6)
Request from pid 77995: max_threads=65535, hint_threads=32
[1788485486940] Granted 6 threads to pid 77995 (CPUs 13+6)
Request from pid 77962: max_threads=65535, hint_threads=32
[1788485487007] Granted 6 threads to pid 77962 (CPUs 7+6)
Request from pid 78028: max_threads=65535, hint_threads=32
[1788485487092] Granted 6 threads to pid 78028 (CPUs 19+6)
Request from pid 77921: max_threads=65535, hint_threads=32
[1788485487146] Granted 6 threads to pid 77921 (CPUs 1+6)
Request from pid 77995: max_threads=65535, hint_threads=32
[1788485487288] Granted 6 threads to pid 77995 (CPUs 13+6)
Request from pid 77962: max_threads=65535, hint_threads=32
[1788485487445] Granted 6 threads to pid 77962 (CPUs 7+6)
Request from pid 77962: max_threads=65535, hint_threads=32
[1788485487650] Granted 6 threads to pid 77962 (CPUs 7+6)
Request from pid 77921: max_threads=65535, hint_threads=32
[1788485487732] Granted 6 threads to pid 77921 (CPUs 1+6)
Request from pid 77962: max_threads=65535, hint_threads=32
[1788485487852] Granted 6 threads to pid 77962 (CPUs 7+6)
Request from pid 77995: max_threads=65535, hint_threads=32
[1788485487868] Granted 6 threads to pid 77995 (CPUs 13+6)
Request from pid 78028: max_threads=65535, hint_threads=32
[1788485487883] Granted 6 threads to pid 78028 (CPUs 19+6)
Request from pid 77921: max_threads=65535, hint_threads=32
[1788485488077] Granted 6 threads to pid 77921 (CPUs 1+6)
Request from pid 77995: max_threads=65535, hint_threads=32
[1788485488222] Granted 6 threads to pid 77995 (CPUs 13+6)
Request from pid 77962: max_threads=65535, hint_threads=32
[1788485488295] Granted 6 threads to pid 77962 (CPUs 7+6)
Request from pid 78028: max_threads=65535, hint_threads=32
[1788485488616] Granted 6 threads to pid 78028 (CPUs 19+6)
Request from pid 77921: max_threads=65535, hint_threads=32
[1788485488667] Granted 6 threads to pid 77921 (CPUs 1+6)
Request from pid 77962: max_threads=65535, hint_threads=32
[1788485488702] Granted 6 threads to pid 77962 (CPUs 7+6)
Request from pid 77995: max_threads=65535, hint_threads=32
[1788485488803] Granted 6 threads to pid 77995 (CPUs 13+6)
Request from pid 77962: max_threads=65535, hint_threads=32
[1788485488904] Granted 6 threads to pid 77962 (CPUs 7+6)
Request from pid 77921: max_threads=65535, hint_threads=32
[1788485489009] Granted 6 threads to pid 77921 (CPUs 1+6)
Request from pid 77995: max_threads=65535, hint_threads=32
[1788485489153] Granted 6 threads to pid 77995 (CPUs 13+6)
Request from pid 77962: max_threads=65535, hint_threads=32
[1788485489347] Granted 6 threads to pid 77962 (CPUs 7+6)
Request from pid 78028: max_threads=65535, hint_threads=32
[1788485489351] Granted 6 threads to pid 78028 (CPUs 19+6)
Request from pid 77962: max_threads=65535, hint_threads=32
[1788485489551] Granted 6 threads to pid 77962 (CPUs 7+6)
Request from pid 77921: max_threads=65535, hint_threads=32
[1788485489599] Granted 6 threads to pid 77921 (CPUs 1+6)
Request from pid 77995: max_threads=65535, hint_threads=32
[1788485489734] Granted 6 threads to pid 77995 (CPUs 13+6)
Request from pid 77921: max_threads=65535, hint_threads=32
[1788485489941] Granted 6 threads to pid 77921 (CPUs 1+6)
Request from pid 77962: max_threads=65535, hint_threads=32
[1788485489970] Granted 6 threads to pid 77962 (CPUs 7+6)
Request from pid 77995: max_threads=65535, hint_threads=32
[1788485490084] Granted 6 threads to pid 77995 (CPUs 13+6)
Request from pid 78028: max_threads=65535, hint_threads=32
[1788485490103] Granted 6 threads to pid 78028 (CPUs 19+6)
Request from pid 77962: max_threads=65535, hint_threads=32
[1788485490401] Granted 6 threads to pid 77962 (CPUs 7+6)
Request from pid 77921: max_threads=65535, hint_threads=32
[1788485490531] Granted 6 threads to pid 77921 (CPUs 1+6)
Request from pid 78028: max_threads=65535, hint_threads=32
[1788485490663] Granted 8 threads to pid 78028 (CPUs 25+8)
Request from pid 77995: max_threads=65535, hint_threads=32
[1788485490667] Granted 8 threads to pid 77995 (CPUs 17+8)
Request from pid 77962: max_threads=65535, hint_threads=32
[1788485490812] Granted 8 threads to pid 77962 (CPUs 9+8)
Request from pid 77921: max_threads=65535, hint_threads=32
[1788485490871] Granted 8 threads to pid 77921 (CPUs 1+8)
Request from pid 77995: max_threads=65535, hint_threads=32
[1788485491190] Granted 8 threads to pid 77995 (CPUs 17+8)
Request from pid 77962: max_threads=65535, hint_threads=32
[1788485491204] Granted 8 threads to pid 77962 (CPUs 9+8)
Request from pid 78028: max_threads=65535, hint_threads=32
[1788485491303] Granted 8 threads to pid 78028 (CPUs 25+8)
Request from pid 77962: max_threads=65535, hint_threads=32
[1788485491382] Granted 8 threads to pid 77962 (CPUs 9+8)
Request from pid 77921: max_threads=65535, hint_threads=32
[1788485491388] Granted 8 threads to pid 77921 (CPUs 1+8)
Request from pid 77921: max_threads=65535, hint_threads=32
[1788485491656] Granted 8 threads to pid 77921 (CPUs 1+8)
Request from pid 77962: max_threads=65535, hint_threads=32
[1788485491716] Granted 8 threads to pid 77962 (CPUs 9+8)
Request from pid 78028: max_threads=65535, hint_threads=32
[1788485491906] Granted 8 threads to pid 78028 (CPUs 25+8)
Request from pid 77885: max_threads=65535, hint_threads=32
[1788485491995] Granted 6 threads to pid 77885 (CPUs 1+6)
Read error: Connection reset by peer (os error 104)
Request from pid 77962: max_threads=65535, hint_threads=32
[1788485492033] Granted 6 threads to pid 77962 (CPUs 13+6)
Request from pid 77995: max_threads=65535, hint_threads=32
[1788485492046] Granted 6 threads to pid 77995 (CPUs 19+6)
Request from pid 77921: max_threads=65535, hint_threads=32
[1788485492099] Granted 6 threads to pid 77921 (CPUs 7+6)
Request from pid 77995: max_threads=65535, hint_threads=32
[1788485492412] Granted 6 threads to pid 77995 (CPUs 19+6)
Request from pid 78028: max_threads=65535, hint_threads=32
[1788485492423] Granted 6 threads to pid 78028 (CPUs 25+6)
Request from pid 77921: max_threads=65535, hint_threads=32
[1788485492448] Granted 6 threads to pid 77921 (CPUs 7+6)
Request from pid 77962: max_threads=65535, hint_threads=32
[1788485492536] Granted 6 threads to pid 77962 (CPUs 13+6)
Accepted connection
Handling client
Request from pid 78096: max_threads=65535, hint_threads=32
[1788485492548] Granted 5 threads to pid 78096 (CPUs 26+5)
Request from pid 77962: max_threads=65535, hint_threads=32
[1788485492952] Granted 5 threads to pid 77962 (CPUs 11+5)
Request from pid 77962: max_threads=65535, hint_threads=32
[1788485492963] Granted 5 threads to pid 77962 (CPUs 11+5)
Request from pid 77921: max_threads=65535, hint_threads=32
[1788485493078] Granted 5 threads to pid 77921 (CPUs 6+5)
Request from pid 77995: max_threads=65535, hint_threads=32
[1788485493088] Granted 5 threads to pid 77995 (CPUs 16+5)
Request from pid 77995: max_threads=65535, hint_threads=32
[1788485493516] Granted 5 threads to pid 77995 (CPUs 16+5)
Request from pid 77921: max_threads=65535, hint_threads=32
[1788485493656] Granted 5 threads to pid 77921 (CPUs 6+5)
Request from pid 77962: max_threads=65535, hint_threads=32
[1788485493756] Granted 5 threads to pid 77962 (CPUs 11+5)
Request from pid 78028: max_threads=65535, hint_threads=32
[1788485493795] Granted 5 threads to pid 78028 (CPUs 21+5)
Request from pid 77962: max_threads=65535, hint_threads=32
[1788485493995] Granted 5 threads to pid 77962 (CPUs 11+5)
Request from pid 77995: max_threads=65535, hint_threads=32
[1788485494222] Granted 5 threads to pid 77995 (CPUs 16+5)
Request from pid 77921: max_threads=65535, hint_threads=32
[1788485494347] Granted 5 threads to pid 77921 (CPUs 6+5)
Request from pid 78028: max_threads=65535, hint_threads=32
[1788485494423] Granted 5 threads to pid 78028 (CPUs 21+5)
Request from pid 77962: max_threads=65535, hint_threads=32
[1788485494467] Granted 5 threads to pid 77962 (CPUs 11+5)
Request from pid 77995: max_threads=65535, hint_threads=32
[1788485494626] Granted 5 threads to pid 77995 (CPUs 16+5)
Request from pid 77962: max_threads=65535, hint_threads=32
[1788485494729] Granted 5 threads to pid 77962 (CPUs 11+5)
Request from pid 77921: max_threads=65535, hint_threads=32
[1788485494753] Granted 5 threads to pid 77921 (CPUs 6+5)
Request from pid 77962: max_threads=65535, hint_threads=32
[1788485494974] Granted 5 threads to pid 77962 (CPUs 11+5)
Request from pid 78028: max_threads=65535, hint_threads=32
[1788485495067] Granted 5 threads to pid 78028 (CPUs 21+5)
Request from pid 77995: max_threads=65535, hint_threads=32
[1788485495321] Granted 5 threads to pid 77995 (CPUs 16+5)
Request from pid 77921: max_threads=65535, hint_threads=32
[1788485495441] Granted 5 threads to pid 77921 (CPUs 6+5)
Request from pid 77962: max_threads=65535, hint_threads=32
[1788485495448] Granted 5 threads to pid 77962 (CPUs 11+5)
Request from pid 78028: max_threads=65535, hint_threads=32
[1788485495652] Granted 5 threads to pid 78028 (CPUs 21+5)
Request from pid 77962: max_threads=65535, hint_threads=32
[1788485495694] Granted 5 threads to pid 77962 (CPUs 11+5)
Request from pid 77995: max_threads=65535, hint_threads=32
[1788485495724] Granted 5 threads to pid 77995 (CPUs 16+5)
Request from pid 77921: max_threads=65535, hint_threads=32
[1788485495848] Granted 5 threads to pid 77921 (CPUs 6+5)
Request from pid 77962: max_threads=65535, hint_threads=32
[1788485495952] Granted 5 threads to pid 77962 (CPUs 11+5)
Request from pid 78028: max_threads=65535, hint_threads=32
[1788485496260] Granted 5 threads to pid 78028 (CPUs 21+5)
Request from pid 77995: max_threads=65535, hint_threads=32
[1788485496419] Granted 5 threads to pid 77995 (CPUs 16+5)
Request from pid 77962: max_threads=65535, hint_threads=32
[1788485496430] Granted 5 threads to pid 77962 (CPUs 11+5)
Request from pid 77921: max_threads=65535, hint_threads=32
[1788485496536] Granted 5 threads to pid 77921 (CPUs 6+5)
Request from pid 77962: max_threads=65535, hint_threads=32
[1788485496665] Granted 5 threads to pid 77962 (CPUs 11+5)
Request from pid 77995: max_threads=65535, hint_threads=32
[1788485496822] Granted 5 threads to pid 77995 (CPUs 16+5)
Request from pid 78028: max_threads=65535, hint_threads=32
[1788485496856] Granted 5 threads to pid 78028 (CPUs 21+5)
Request from pid 77962: max_threads=65535, hint_threads=32
[1788485496930] Granted 5 threads to pid 77962 (CPUs 11+5)
Request from pid 77921: max_threads=65535, hint_threads=32
[1788485496943] Granted 5 threads to pid 77921 (CPUs 6+5)
Request from pid 77962: max_threads=65535, hint_threads=32
[1788485497172] Granted 6 threads to pid 77962 (CPUs 7+6)
Request from pid 77962: max_threads=65535, hint_threads=32
[1788485497423] Granted 6 threads to pid 77962 (CPUs 7+6)
Request from pid 78028: max_threads=65535, hint_threads=32
[1788485497452] Granted 6 threads to pid 78028 (CPUs 19+6)
Request from pid 77995: max_threads=65535, hint_threads=32
[1788485497590] Granted 8 threads to pid 77995 (CPUs 17+8)
Request from pid 77921: max_threads=65535, hint_threads=32
[1788485497867] Granted 8 threads to pid 77921 (CPUs 1+8)
Request from pid 78028: max_threads=65535, hint_threads=32
[1788485498095] Granted 8 threads to pid 78028 (CPUs 25+8)
Request from pid 77995: max_threads=65535, hint_threads=32
[1788485498197] Granted 8 threads to pid 77995 (CPUs 17+8)
Request from pid 77962: max_threads=65535, hint_threads=32
[1788485498559] Granted 8 threads to pid 77962 (CPUs 9+8)
Request from pid 77921: max_threads=65535, hint_threads=32
[1788485498597] Granted 8 threads to pid 77921 (CPUs 1+8)
Request from pid 77995: max_threads=65535, hint_threads=32
[1788485498630] Granted 8 threads to pid 77995 (CPUs 17+8)
Request from pid 78028: max_threads=65535, hint_threads=32
[1788485498835] Granted 8 threads to pid 78028 (CPUs 25+8)
Request from pid 77995: max_threads=65535, hint_threads=32
[1788485498891] Granted 8 threads to pid 77995 (CPUs 17+8)
Request from pid 77962: max_threads=65535, hint_threads=32
[1788485499143] Granted 8 threads to pid 77962 (CPUs 9+8)
Request from pid 77921: max_threads=65535, hint_threads=32
[1788485499266] Granted 8 threads to pid 77921 (CPUs 1+8)
Request from pid 77995: max_threads=65535, hint_threads=32
[1788485499330] Granted 8 threads to pid 77995 (CPUs 17+8)
Request from pid 77962: max_threads=65535, hint_threads=32
[1788485499459] Granted 8 threads to pid 77962 (CPUs 9+8)
Request from pid 77921: max_threads=65535, hint_threads=32
[1788485499539] Granted 8 threads to pid 77921 (CPUs 1+8)
Request from pid 78028: max_threads=65535, hint_threads=32
[1788485499547] Granted 8 threads to pid 78028 (CPUs 25+8)
Request from pid 77995: max_threads=65535, hint_threads=32
[1788485499610] Granted 8 threads to pid 77995 (CPUs 17+8)
Request from pid 77962: max_threads=65535, hint_threads=32
[1788485499823] Granted 8 threads to pid 77962 (CPUs 9+8)
Request from pid 77921: max_threads=65535, hint_threads=32
[1788485499994] Granted 8 threads to pid 77921 (CPUs 1+8)
Request from pid 77995: max_threads=65535, hint_threads=32
[1788485500058] Granted 8 threads to pid 77995 (CPUs 17+8)
Request from pid 77962: max_threads=65535, hint_threads=32
[1788485500146] Granted 8 threads to pid 77962 (CPUs 9+8)
Request from pid 77921: max_threads=65535, hint_threads=32
[1788485500192] Granted 8 threads to pid 77921 (CPUs 1+8)
Read error: Connection reset by peer (os error 104)
Request from pid 78028: max_threads=65535, hint_threads=32
[1788485500300] Granted 8 threads to pid 78028 (CPUs 25+8)
Request from pid 77962: max_threads=65535, hint_threads=32
[1788485500315] Granted 8 threads to pid 77962 (CPUs 9+8)
Request from pid 77995: max_threads=65535, hint_threads=32
[1788485500322] Granted 8 threads to pid 77995 (CPUs 17+8)
Request from pid 77962: max_threads=65535, hint_threads=32
[1788485500621] Granted 8 threads to pid 77962 (CPUs 9+8)
[1788485500631] Client pid 77962 disconnected — removed from state
Request from pid 77995: max_threads=65535, hint_threads=32
[1788485500754] Granted 10 threads to pid 77995 (CPUs 11+10)
Accepted connection
Handling client
Request from pid 78133: max_threads=65535, hint_threads=32
[1788485500764] Granted 8 threads to pid 78133 (CPUs 25+8)
Request from pid 77995: max_threads=65535, hint_threads=32
[1788485501120] Granted 8 threads to pid 77995 (CPUs 9+8)
Request from pid 78028: max_threads=65535, hint_threads=32
[1788485501167] Granted 8 threads to pid 78028 (CPUs 17+8)
Accepted connection
Handling client
Request from pid 78166: max_threads=65535, hint_threads=32
[1788485501176] Granted 6 threads to pid 78166 (CPUs 25+6)
Request from pid 78133: max_threads=65535, hint_threads=32
[1788485501330] Granted 6 threads to pid 78133 (CPUs 19+6)
Request from pid 78028: max_threads=65535, hint_threads=32
[1788485501659] Granted 6 threads to pid 78028 (CPUs 13+6)
Request from pid 77995: max_threads=65535, hint_threads=32
[1788485501923] Granted 6 threads to pid 77995 (CPUs 7+6)
Request from pid 78133: max_threads=65535, hint_threads=32
[1788485502153] Granted 6 threads to pid 78133 (CPUs 19+6)
Request from pid 77995: max_threads=65535, hint_threads=32
[1788485502298] Granted 6 threads to pid 77995 (CPUs 7+6)
Request from pid 78028: max_threads=65535, hint_threads=32
[1788485502362] Granted 6 threads to pid 78028 (CPUs 13+6)
Request from pid 78028: max_threads=65535, hint_threads=32
[1788485502682] Granted 6 threads to pid 78028 (CPUs 13+6)
Request from pid 77995: max_threads=65535, hint_threads=32
[1788485502823] Granted 6 threads to pid 77995 (CPUs 7+6)
Request from pid 78133: max_threads=65535, hint_threads=32
[1788485502888] Granted 6 threads to pid 78133 (CPUs 19+6)
Request from pid 78133: max_threads=65535, hint_threads=32
[1788485503062] Granted 6 threads to pid 78133 (CPUs 19+6)
Request from pid 78028: max_threads=65535, hint_threads=32
[1788485503167] Granted 6 threads to pid 78028 (CPUs 13+6)
Request from pid 78166: max_threads=65535, hint_threads=32
[1788485503268] Granted 6 threads to pid 78166 (CPUs 25+6)
Request from pid 77995: max_threads=65535, hint_threads=32
[1788485503323] Granted 6 threads to pid 77995 (CPUs 7+6)
Request from pid 78133: max_threads=65535, hint_threads=32
[1788485503569] Granted 6 threads to pid 78133 (CPUs 19+6)
Request from pid 78028: max_threads=65535, hint_threads=32
[1788485503658] Granted 6 threads to pid 78028 (CPUs 13+6)
Request from pid 77995: max_threads=65535, hint_threads=32
[1788485503742] Granted 6 threads to pid 77995 (CPUs 7+6)
Request from pid 78133: max_threads=65535, hint_threads=32
[1788485503990] Granted 6 threads to pid 78133 (CPUs 19+6)
Request from pid 78166: max_threads=65535, hint_threads=32
[1788485504123] Granted 6 threads to pid 78166 (CPUs 25+6)
Request from pid 78028: max_threads=65535, hint_threads=32
[1788485504158] Granted 6 threads to pid 78028 (CPUs 13+6)
Request from pid 77995: max_threads=65535, hint_threads=32
[1788485504245] Granted 6 threads to pid 77995 (CPUs 7+6)
[1788485504261] Client pid 77995 disconnected — removed from state
Request from pid 78028: max_threads=65535, hint_threads=32
[1788485504395] Granted 8 threads to pid 78028 (CPUs 9+8)
Request from pid 78133: max_threads=65535, hint_threads=32
[1788485504566] Granted 8 threads to pid 78133 (CPUs 17+8)
Request from pid 78028: max_threads=65535, hint_threads=32
[1788485504807] Granted 8 threads to pid 78028 (CPUs 9+8)
Accepted connection
Handling client
Request from pid 78200: max_threads=65535, hint_threads=32
[1788485504828] Granted 6 threads to pid 78200 (CPUs 25+6)
Request from pid 78133: max_threads=65535, hint_threads=32
[1788485504908] Granted 6 threads to pid 78133 (CPUs 13+6)
Request from pid 78166: max_threads=65535, hint_threads=32
[1788485505068] Granted 6 threads to pid 78166 (CPUs 19+6)
Request from pid 78028: max_threads=65535, hint_threads=32
[1788485505363] Granted 8 threads to pid 78028 (CPUs 1+8)
Request from pid 78200: max_threads=65535, hint_threads=32
[1788485505451] Granted 8 threads to pid 78200 (CPUs 25+8)
Request from pid 78028: max_threads=65535, hint_threads=32
[1788485505550] Granted 8 threads to pid 78028 (CPUs 1+8)
Request from pid 78166: max_threads=65535, hint_threads=32
[1788485505580] Granted 8 threads to pid 78166 (CPUs 17+8)
Request from pid 78133: max_threads=65535, hint_threads=32
[1788485505636] Granted 8 threads to pid 78133 (CPUs 9+8)
Request from pid 78028: max_threads=65535, hint_threads=32
[1788485505920] Granted 8 threads to pid 78028 (CPUs 1+8)
Request from pid 78166: max_threads=65535, hint_threads=32
[1788485505923] Granted 8 threads to pid 78166 (CPUs 17+8)
Request from pid 78133: max_threads=65535, hint_threads=32
[1788485505972] Granted 8 threads to pid 78133 (CPUs 9+8)
Request from pid 78200: max_threads=65535, hint_threads=32
[1788485506223] Granted 8 threads to pid 78200 (CPUs 25+8)
Request from pid 78166: max_threads=65535, hint_threads=32
[1788485506307] Granted 8 threads to pid 78166 (CPUs 17+8)
Request from pid 78028: max_threads=65535, hint_threads=32
[1788485506320] Granted 8 threads to pid 78028 (CPUs 1+8)
Request from pid 78133: max_threads=65535, hint_threads=32
[1788485506417] Granted 8 threads to pid 78133 (CPUs 9+8)
Request from pid 78028: max_threads=65535, hint_threads=32
[1788485506516] Granted 8 threads to pid 78028 (CPUs 1+8)
Request from pid 78133: max_threads=65535, hint_threads=32
[1788485506691] Granted 8 threads to pid 78133 (CPUs 9+8)
Request from pid 78166: max_threads=65535, hint_threads=32
[1788485506700] Granted 8 threads to pid 78166 (CPUs 17+8)
Request from pid 78166: max_threads=65535, hint_threads=32
[1788485506890] Granted 8 threads to pid 78166 (CPUs 17+8)
Request from pid 78028: max_threads=65535, hint_threads=32
[1788485506932] Granted 8 threads to pid 78028 (CPUs 1+8)
Request from pid 78028: max_threads=65535, hint_threads=32
[1788485507132] Granted 8 threads to pid 78028 (CPUs 1+8)
Request from pid 78133: max_threads=65535, hint_threads=32
[1788485507140] Granted 8 threads to pid 78133 (CPUs 9+8)
Request from pid 78166: max_threads=65535, hint_threads=32
[1788485507271] Granted 8 threads to pid 78166 (CPUs 17+8)
Request from pid 78133: max_threads=65535, hint_threads=32
[1788485507415] Granted 8 threads to pid 78133 (CPUs 9+8)
Request from pid 78028: max_threads=65535, hint_threads=32
[1788485507550] Granted 8 threads to pid 78028 (CPUs 1+8)
Request from pid 78200: max_threads=65535, hint_threads=32
[1788485507616] Granted 8 threads to pid 78200 (CPUs 25+8)
Request from pid 78166: max_threads=65535, hint_threads=32
[1788485507671] Granted 8 threads to pid 78166 (CPUs 17+8)
Request from pid 78133: max_threads=65535, hint_threads=32
[1788485507865] Granted 8 threads to pid 78133 (CPUs 9+8)
Request from pid 78028: max_threads=65535, hint_threads=32
[1788485507949] Granted 8 threads to pid 78028 (CPUs 1+8)
Request from pid 78200: max_threads=65535, hint_threads=32
[1788485508048] Granted 8 threads to pid 78200 (CPUs 25+8)
Request from pid 78166: max_threads=65535, hint_threads=32
[1788485508052] Granted 8 threads to pid 78166 (CPUs 17+8)
Request from pid 78133: max_threads=65535, hint_threads=32
[1788485508145] Granted 8 threads to pid 78133 (CPUs 9+8)
Request from pid 78166: max_threads=65535, hint_threads=32
[1788485508262] Granted 8 threads to pid 78166 (CPUs 17+8)
Request from pid 78028: max_threads=65535, hint_threads=32
[1788485508369] Granted 8 threads to pid 78028 (CPUs 1+8)
Request from pid 78133: max_threads=65535, hint_threads=32
[1788485508595] Granted 8 threads to pid 78133 (CPUs 9+8)
Request from pid 78166: max_threads=65535, hint_threads=32
[1788485508641] Granted 8 threads to pid 78166 (CPUs 17+8)
Request from pid 78028: max_threads=65535, hint_threads=32
[1788485508764] Granted 8 threads to pid 78028 (CPUs 1+8)
Request from pid 78133: max_threads=65535, hint_threads=32
[1788485508869] Granted 8 threads to pid 78133 (CPUs 9+8)
Request from pid 78166: max_threads=65535, hint_threads=32
[1788485509039] Granted 8 threads to pid 78166 (CPUs 17+8)
Request from pid 78028: max_threads=65535, hint_threads=32
[1788485509182] Granted 8 threads to pid 78028 (CPUs 1+8)
Request from pid 78200: max_threads=65535, hint_threads=32
[1788485509217] Granted 8 threads to pid 78200 (CPUs 25+8)
Request from pid 78166: max_threads=65535, hint_threads=32
[1788485509228] Granted 8 threads to pid 78166 (CPUs 17+8)
Request from pid 78133: max_threads=65535, hint_threads=32
[1788485509322] Granted 8 threads to pid 78133 (CPUs 9+8)
Request from pid 78133: max_threads=65535, hint_threads=32
[1788485509597] Granted 8 threads to pid 78133 (CPUs 9+8)
Request from pid 78028: max_threads=65535, hint_threads=32
[1788485509599] Granted 8 threads to pid 78028 (CPUs 1+8)
Request from pid 78166: max_threads=65535, hint_threads=32
[1788485509627] Granted 8 threads to pid 78166 (CPUs 17+8)
Request from pid 78028: max_threads=65535, hint_threads=32
[1788485509801] Granted 8 threads to pid 78028 (CPUs 1+8)
Request from pid 78166: max_threads=65535, hint_threads=32
[1788485510011] Granted 8 threads to pid 78166 (CPUs 17+8)
Request from pid 78133: max_threads=65535, hint_threads=32
[1788485510049] Granted 8 threads to pid 78133 (CPUs 9+8)
Request from pid 78166: max_threads=65535, hint_threads=32
[1788485510212] Granted 8 threads to pid 78166 (CPUs 17+8)
Request from pid 78028: max_threads=65535, hint_threads=32
[1788485510212] Granted 8 threads to pid 78028 (CPUs 1+8)
Request from pid 78200: max_threads=65535, hint_threads=32
[1788485510243] Granted 8 threads to pid 78200 (CPUs 25+8)
Request from pid 78133: max_threads=65535, hint_threads=32
[1788485510328] Granted 8 threads to pid 78133 (CPUs 9+8)
Request from pid 78028: max_threads=65535, hint_threads=32
[1788485510433] Granted 8 threads to pid 78028 (CPUs 1+8)
Request from pid 78166: max_threads=65535, hint_threads=32
[1788485510617] Granted 8 threads to pid 78166 (CPUs 17+8)
Request from pid 78028: max_threads=65535, hint_threads=32
[1788485510636] Granted 8 threads to pid 78028 (CPUs 1+8)
Request from pid 78133: max_threads=65535, hint_threads=32
[1788485510779] Granted 8 threads to pid 78133 (CPUs 9+8)
Request from pid 78166: max_threads=65535, hint_threads=32
[1788485511005] Granted 8 threads to pid 78166 (CPUs 17+8)
Request from pid 78028: max_threads=65535, hint_threads=32
[1788485511051] Granted 8 threads to pid 78028 (CPUs 1+8)
Request from pid 78133: max_threads=65535, hint_threads=32
[1788485511053] Granted 8 threads to pid 78133 (CPUs 9+8)
Request from pid 78166: max_threads=65535, hint_threads=32
[1788485511206] Granted 8 threads to pid 78166 (CPUs 17+8)
Request from pid 78028: max_threads=65535, hint_threads=32
[1788485511451] Granted 8 threads to pid 78028 (CPUs 1+8)
Request from pid 78133: max_threads=65535, hint_threads=32
[1788485511504] Granted 8 threads to pid 78133 (CPUs 9+8)
Request from pid 78166: max_threads=65535, hint_threads=32
[1788485511583] Granted 8 threads to pid 78166 (CPUs 17+8)
Request from pid 78200: max_threads=65535, hint_threads=32
[1788485511643] Granted 8 threads to pid 78200 (CPUs 25+8)
Request from pid 78028: max_threads=65535, hint_threads=32
[1788485511647] Granted 8 threads to pid 78028 (CPUs 1+8)
Request from pid 78133: max_threads=65535, hint_threads=32
[1788485511778] Granted 8 threads to pid 78133 (CPUs 9+8)
Request from pid 78028: max_threads=65535, hint_threads=32
[1788485511865] Granted 8 threads to pid 78028 (CPUs 1+8)
Request from pid 78166: max_threads=65535, hint_threads=32
[1788485511982] Granted 8 threads to pid 78166 (CPUs 17+8)
Request from pid 78133: max_threads=65535, hint_threads=32
[1788485512229] Granted 8 threads to pid 78133 (CPUs 9+8)
Request from pid 78028: max_threads=65535, hint_threads=32
[1788485512266] Granted 8 threads to pid 78028 (CPUs 1+8)
Request from pid 78166: max_threads=65535, hint_threads=32
[1788485512367] Granted 8 threads to pid 78166 (CPUs 17+8)
Request from pid 78200: max_threads=65535, hint_threads=32
[1788485512449] Granted 8 threads to pid 78200 (CPUs 25+8)
Request from pid 78133: max_threads=65535, hint_threads=32
[1788485512510] Granted 8 threads to pid 78133 (CPUs 9+8)
Request from pid 78028: max_threads=65535, hint_threads=32
[1788485512697] Granted 8 threads to pid 78028 (CPUs 1+8)
Request from pid 78166: max_threads=65535, hint_threads=32
[1788485512774] Granted 8 threads to pid 78166 (CPUs 17+8)
Request from pid 78133: max_threads=65535, hint_threads=32
[1788485512960] Granted 8 threads to pid 78133 (CPUs 9+8)
Request from pid 78028: max_threads=65535, hint_threads=32
[1788485513096] Granted 8 threads to pid 78028 (CPUs 1+8)
Request from pid 78166: max_threads=65535, hint_threads=32
[1788485513155] Granted 8 threads to pid 78166 (CPUs 17+8)
Request from pid 78133: max_threads=65535, hint_threads=32
[1788485513235] Granted 8 threads to pid 78133 (CPUs 9+8)
Request from pid 78028: max_threads=65535, hint_threads=32
[1788485513515] Granted 8 threads to pid 78028 (CPUs 1+8)
[1788485513523] Client pid 78028 disconnected — removed from state
Request from pid 78166: max_threads=65535, hint_threads=32
[1788485513552] Granted 10 threads to pid 78166 (CPUs 11+10)
Request from pid 78133: max_threads=65535, hint_threads=32
[1788485513682] Granted 10 threads to pid 78133 (CPUs 1+10)
Request from pid 78200: max_threads=65535, hint_threads=32
[1788485513827] Granted 10 threads to pid 78200 (CPUs 21+10)
Accepted connection
Handling client
Request from pid 78253: max_threads=65535, hint_threads=32
[1788485514064] Granted 8 threads to pid 78253 (CPUs 25+8)
Request from pid 78166: max_threads=65535, hint_threads=32
[1788485514077] Granted 8 threads to pid 78166 (CPUs 9+8)
Request from pid 78133: max_threads=65535, hint_threads=32
[1788485514088] Granted 8 threads to pid 78133 (CPUs 1+8)
Request from pid 78200: max_threads=65535, hint_threads=32
[1788485514411] Granted 8 threads to pid 78200 (CPUs 17+8)
Request from pid 78166: max_threads=65535, hint_threads=32
[1788485514483] Granted 8 threads to pid 78166 (CPUs 9+8)
Request from pid 78133: max_threads=65535, hint_threads=32
[1788485514672] Granted 8 threads to pid 78133 (CPUs 1+8)
Request from pid 78166: max_threads=65535, hint_threads=32
[1788485515019] Granted 8 threads to pid 78166 (CPUs 9+8)
Request from pid 78133: max_threads=65535, hint_threads=32
[1788485515168] Granted 8 threads to pid 78133 (CPUs 1+8)
Request from pid 78253: max_threads=65535, hint_threads=32
[1788485515275] Granted 8 threads to pid 78253 (CPUs 25+8)
Request from pid 78200: max_threads=65535, hint_threads=32
[1788485515324] Granted 8 threads to pid 78200 (CPUs 17+8)
Request from pid 78166: max_threads=65535, hint_threads=32
[1788485515393] Granted 8 threads to pid 78166 (CPUs 9+8)
Request from pid 78166: max_threads=65535, hint_threads=32
[1788485515707] Granted 8 threads to pid 78166 (CPUs 9+8)
Request from pid 78200: max_threads=65535, hint_threads=32
[1788485515766] Granted 8 threads to pid 78200 (CPUs 17+8)
Request from pid 78200: max_threads=65535, hint_threads=32
[1788485515849] Granted 8 threads to pid 78200 (CPUs 17+8)
Request from pid 78133: max_threads=65535, hint_threads=32
[1788485515915] Granted 8 threads to pid 78133 (CPUs 1+8)
Request from pid 78166: max_threads=65535, hint_threads=32
[1788485516084] Granted 8 threads to pid 78166 (CPUs 9+8)
Request from pid 78133: max_threads=65535, hint_threads=32
[1788485516186] Granted 8 threads to pid 78133 (CPUs 1+8)
Request from pid 78200: max_threads=65535, hint_threads=32
[1788485516294] Granted 8 threads to pid 78200 (CPUs 17+8)
Request from pid 78166: max_threads=65535, hint_threads=32
[1788485516473] Granted 8 threads to pid 78166 (CPUs 9+8)
Request from pid 78200: max_threads=65535, hint_threads=32
[1788485516564] Granted 8 threads to pid 78200 (CPUs 17+8)
Request from pid 78133: max_threads=65535, hint_threads=32
[1788485516637] Granted 8 threads to pid 78133 (CPUs 1+8)
Request from pid 78166: max_threads=65535, hint_threads=32
[1788485516872] Granted 8 threads to pid 78166 (CPUs 9+8)
Request from pid 78133: max_threads=65535, hint_threads=32
[1788485516909] Granted 8 threads to pid 78133 (CPUs 1+8)
Request from pid 78253: max_threads=65535, hint_threads=32
[1788485517003] Granted 8 threads to pid 78253 (CPUs 25+8)
Request from pid 78200: max_threads=65535, hint_threads=32
[1788485517013] Granted 8 threads to pid 78200 (CPUs 17+8)
Request from pid 78166: max_threads=65535, hint_threads=32
[1788485517066] Granted 8 threads to pid 78166 (CPUs 9+8)
Request from pid 78200: max_threads=65535, hint_threads=32
[1788485517284] Granted 8 threads to pid 78200 (CPUs 17+8)
Request from pid 78133: max_threads=65535, hint_threads=32
[1788485517361] Granted 8 threads to pid 78133 (CPUs 1+8)
Request from pid 78166: max_threads=65535, hint_threads=32
[1788485517455] Granted 8 threads to pid 78166 (CPUs 9+8)
Request from pid 78133: max_threads=65535, hint_threads=32
[1788485517633] Granted 8 threads to pid 78133 (CPUs 1+8)
Request from pid 78200: max_threads=65535, hint_threads=32
[1788485517732] Granted 8 threads to pid 78200 (CPUs 17+8)
Request from pid 78166: max_threads=65535, hint_threads=32
[1788485517846] Granted 8 threads to pid 78166 (CPUs 9+8)
Request from pid 78253: max_threads=65535, hint_threads=32
[1788485517871] Granted 8 threads to pid 78253 (CPUs 25+8)
Request from pid 78200: max_threads=65535, hint_threads=32
[1788485518001] Granted 8 threads to pid 78200 (CPUs 17+8)
Request from pid 78166: max_threads=65535, hint_threads=32
[1788485518055] Granted 8 threads to pid 78166 (CPUs 9+8)
Request from pid 78133: max_threads=65535, hint_threads=32
[1788485518084] Granted 8 threads to pid 78133 (CPUs 1+8)
Request from pid 78133: max_threads=65535, hint_threads=32
[1788485518356] Granted 8 threads to pid 78133 (CPUs 1+8)
Request from pid 78166: max_threads=65535, hint_threads=32
[1788485518442] Granted 8 threads to pid 78166 (CPUs 9+8)
Request from pid 78200: max_threads=65535, hint_threads=32
[1788485518450] Granted 8 threads to pid 78200 (CPUs 17+8)
Request from pid 78200: max_threads=65535, hint_threads=32
[1788485518720] Granted 8 threads to pid 78200 (CPUs 17+8)
Request from pid 78133: max_threads=65535, hint_threads=32
[1788485518806] Granted 8 threads to pid 78133 (CPUs 1+8)
Request from pid 78166: max_threads=65535, hint_threads=32
[1788485518830] Granted 8 threads to pid 78166 (CPUs 9+8)
Request from pid 78253: max_threads=65535, hint_threads=32
[1788485518835] Granted 8 threads to pid 78253 (CPUs 25+8)
Request from pid 78166: max_threads=65535, hint_threads=32
[1788485519022] Granted 8 threads to pid 78166 (CPUs 9+8)
Request from pid 78133: max_threads=65535, hint_threads=32
[1788485519078] Granted 8 threads to pid 78133 (CPUs 1+8)
Request from pid 78200: max_threads=65535, hint_threads=32
[1788485519168] Granted 8 threads to pid 78200 (CPUs 17+8)
Request from pid 78166: max_threads=65535, hint_threads=32
[1788485519420] Granted 8 threads to pid 78166 (CPUs 9+8)
Request from pid 78200: max_threads=65535, hint_threads=32
[1788485519439] Granted 8 threads to pid 78200 (CPUs 17+8)
Request from pid 78133: max_threads=65535, hint_threads=32
[1788485519529] Granted 8 threads to pid 78133 (CPUs 1+8)
Request from pid 78253: max_threads=65535, hint_threads=32
[1788485519651] Granted 8 threads to pid 78253 (CPUs 25+8)
Request from pid 78133: max_threads=65535, hint_threads=32
[1788485519730] Granted 8 threads to pid 78133 (CPUs 1+8)
Read error: Connection reset by peer (os error 104)
Request from pid 78166: max_threads=65535, hint_threads=32
[1788485519791] Granted 8 threads to pid 78166 (CPUs 9+8)
Request from pid 78200: max_threads=65535, hint_threads=32
[1788485519881] Granted 8 threads to pid 78200 (CPUs 17+8)
Request from pid 78200: max_threads=65535, hint_threads=32
[1788485520141] Granted 8 threads to pid 78200 (CPUs 17+8)
Request from pid 78166: max_threads=65535, hint_threads=32
[1788485520147] Granted 8 threads to pid 78166 (CPUs 9+8)
Accepted connection
Handling client
Request from pid 78290: max_threads=65535, hint_threads=32
[1788485520262] Granted 6 threads to pid 78290 (CPUs 25+6)
Request from pid 78253: max_threads=65535, hint_threads=32
[1788485520515] Granted 6 threads to pid 78253 (CPUs 19+6)
Request from pid 78166: max_threads=65535, hint_threads=32
[1788485520697] Granted 6 threads to pid 78166 (CPUs 7+6)
Request from pid 78200: max_threads=65535, hint_threads=32
[1788485520747] Granted 6 threads to pid 78200 (CPUs 13+6)
[1788485520874] Client pid 78166 disconnected — removed from state
Request from pid 78290: max_threads=65535, hint_threads=32
[1788485520930] Granted 8 threads to pid 78290 (CPUs 25+8)
Request from pid 78200: max_threads=65535, hint_threads=32
[1788485521222] Granted 8 threads to pid 78200 (CPUs 9+8)
Request from pid 78253: max_threads=65535, hint_threads=32
[1788485521227] Granted 8 threads to pid 78253 (CPUs 17+8)
Accepted connection
Handling client
Request from pid 78324: max_threads=65535, hint_threads=32
[1788485521440] Granted 6 threads to pid 78324 (CPUs 25+6)
Request from pid 78290: max_threads=65535, hint_threads=32
[1788485521666] Granted 6 threads to pid 78290 (CPUs 19+6)
Request from pid 78253: max_threads=65535, hint_threads=32
[1788485521668] Granted 6 threads to pid 78253 (CPUs 13+6)
Request from pid 78200: max_threads=65535, hint_threads=32
[1788485522128] Granted 6 threads to pid 78200 (CPUs 7+6)
Request from pid 78324: max_threads=65535, hint_threads=32
[1788485522391] Granted 6 threads to pid 78324 (CPUs 25+6)
Request from pid 78253: max_threads=65535, hint_threads=32
[1788485522551] Granted 6 threads to pid 78253 (CPUs 13+6)
Request from pid 78200: max_threads=65535, hint_threads=32
[1788485522806] Granted 6 threads to pid 78200 (CPUs 7+6)
Request from pid 78290: max_threads=65535, hint_threads=32
[1788485522837] Granted 6 threads to pid 78290 (CPUs 19+6)
Request from pid 78253: max_threads=65535, hint_threads=32
[1788485522958] Granted 6 threads to pid 78253 (CPUs 13+6)
Request from pid 78290: max_threads=65535, hint_threads=32
[1788485523013] Granted 6 threads to pid 78290 (CPUs 19+6)
Request from pid 78200: max_threads=65535, hint_threads=32
[1788485523402] Granted 6 threads to pid 78200 (CPUs 7+6)
Request from pid 78253: max_threads=65535, hint_threads=32
[1788485523434] Granted 6 threads to pid 78253 (CPUs 13+6)
Request from pid 78290: max_threads=65535, hint_threads=32
[1788485523518] Granted 6 threads to pid 78290 (CPUs 19+6)
Request from pid 78200: max_threads=65535, hint_threads=32
[1788485523746] Granted 6 threads to pid 78200 (CPUs 7+6)
Request from pid 78253: max_threads=65535, hint_threads=32
[1788485523945] Granted 6 threads to pid 78253 (CPUs 13+6)
Request from pid 78290: max_threads=65535, hint_threads=32
[1788485523947] Granted 6 threads to pid 78290 (CPUs 19+6)
Request from pid 78324: max_threads=65535, hint_threads=32
[1788485524097] Granted 6 threads to pid 78324 (CPUs 25+6)
Request from pid 78200: max_threads=65535, hint_threads=32
[1788485524329] Granted 6 threads to pid 78200 (CPUs 7+6)
Request from pid 78253: max_threads=65535, hint_threads=32
[1788485524423] Granted 6 threads to pid 78253 (CPUs 13+6)
Request from pid 78290: max_threads=65535, hint_threads=32
[1788485524525] Granted 6 threads to pid 78290 (CPUs 19+6)
Request from pid 78253: max_threads=65535, hint_threads=32
[1788485524670] Granted 6 threads to pid 78253 (CPUs 13+6)
Request from pid 78200: max_threads=65535, hint_threads=32
[1788485524670] Granted 6 threads to pid 78200 (CPUs 7+6)
Request from pid 78290: max_threads=65535, hint_threads=32
[1788485524874] Granted 8 threads to pid 78290 (CPUs 17+8)
Request from pid 78324: max_threads=65535, hint_threads=32
[1788485524919] Granted 8 threads to pid 78324 (CPUs 25+8)
Request from pid 78253: max_threads=65535, hint_threads=32
[1788485525168] Granted 8 threads to pid 78253 (CPUs 9+8)
Request from pid 78200: max_threads=65535, hint_threads=32
[1788485525255] Granted 8 threads to pid 78200 (CPUs 1+8)
Request from pid 78253: max_threads=65535, hint_threads=32
[1788485525419] Granted 8 threads to pid 78253 (CPUs 9+8)
Request from pid 78324: max_threads=65535, hint_threads=32
[1788485525485] Granted 8 threads to pid 78324 (CPUs 25+8)
Request from pid 78290: max_threads=65535, hint_threads=32
[1788485525493] Granted 8 threads to pid 78290 (CPUs 17+8)
Request from pid 78200: max_threads=65535, hint_threads=32
[1788485525670] Granted 8 threads to pid 78200 (CPUs 1+8)
Request from pid 78290: max_threads=65535, hint_threads=32
[1788485525764] Granted 8 threads to pid 78290 (CPUs 17+8)
Request from pid 78324: max_threads=65535, hint_threads=32
[1788485526011] Granted 8 threads to pid 78324 (CPUs 25+8)
Request from pid 78253: max_threads=65535, hint_threads=32
[1788485526033] Granted 8 threads to pid 78253 (CPUs 9+8)
Request from pid 78200: max_threads=65535, hint_threads=32
[1788485526117] Granted 8 threads to pid 78200 (CPUs 1+8)
Request from pid 78290: max_threads=65535, hint_threads=32
[1788485526204] Granted 8 threads to pid 78290 (CPUs 17+8)
Request from pid 78200: max_threads=65535, hint_threads=32
[1788485526390] Granted 8 threads to pid 78200 (CPUs 1+8)
Request from pid 78253: max_threads=65535, hint_threads=32
[1788485526435] Granted 8 threads to pid 78253 (CPUs 9+8)
Request from pid 78290: max_threads=65535, hint_threads=32
[1788485526485] Granted 8 threads to pid 78290 (CPUs 17+8)
Request from pid 78324: max_threads=65535, hint_threads=32
[1788485526495] Granted 8 threads to pid 78324 (CPUs 25+8)
Request from pid 78253: max_threads=65535, hint_threads=32
[1788485526841] Granted 8 threads to pid 78253 (CPUs 9+8)
Request from pid 78200: max_threads=65535, hint_threads=32
[1788485526847] Granted 8 threads to pid 78200 (CPUs 1+8)
Request from pid 78324: max_threads=65535, hint_threads=32
[1788485526888] Granted 8 threads to pid 78324 (CPUs 25+8)
Request from pid 78290: max_threads=65535, hint_threads=32
[1788485526933] Granted 8 threads to pid 78290 (CPUs 17+8)
Request from pid 78253: max_threads=65535, hint_threads=32
[1788485527030] Granted 8 threads to pid 78253 (CPUs 9+8)
Request from pid 78200: max_threads=65535, hint_threads=32
[1788485527120] Granted 8 threads to pid 78200 (CPUs 1+8)
Request from pid 78290: max_threads=65535, hint_threads=32
[1788485527214] Granted 8 threads to pid 78290 (CPUs 17+8)
Request from pid 78324: max_threads=65535, hint_threads=32
[1788485527276] Granted 8 threads to pid 78324 (CPUs 25+8)
Request from pid 78253: max_threads=65535, hint_threads=32
[1788485527465] Granted 8 threads to pid 78253 (CPUs 9+8)
Request from pid 78200: max_threads=65535, hint_threads=32
[1788485527578] Granted 8 threads to pid 78200 (CPUs 1+8)
Request from pid 78324: max_threads=65535, hint_threads=32
[1788485527626] Granted 8 threads to pid 78324 (CPUs 25+8)
Request from pid 78290: max_threads=65535, hint_threads=32
[1788485527663] Granted 8 threads to pid 78290 (CPUs 17+8)
Request from pid 78200: max_threads=65535, hint_threads=32
[1788485527851] Granted 8 threads to pid 78200 (CPUs 1+8)
Request from pid 78253: max_threads=65535, hint_threads=32
[1788485527869] Granted 8 threads to pid 78253 (CPUs 9+8)
Request from pid 78290: max_threads=65535, hint_threads=32
[1788485527943] Granted 8 threads to pid 78290 (CPUs 17+8)
Request from pid 78324: max_threads=65535, hint_threads=32
[1788485528014] Granted 8 threads to pid 78324 (CPUs 25+8)
Request from pid 78253: max_threads=65535, hint_threads=32
[1788485528091] Granted 8 threads to pid 78253 (CPUs 9+8)
Request from pid 78200: max_threads=65535, hint_threads=32
[1788485528307] Granted 8 threads to pid 78200 (CPUs 1+8)
Request from pid 78290: max_threads=65535, hint_threads=32
[1788485528390] Granted 8 threads to pid 78290 (CPUs 17+8)
Request from pid 78253: max_threads=65535, hint_threads=32
[1788485528472] Granted 8 threads to pid 78253 (CPUs 9+8)
Request from pid 78324: max_threads=65535, hint_threads=32
[1788485528533] Granted 8 threads to pid 78324 (CPUs 25+8)
Request from pid 78200: max_threads=65535, hint_threads=32
[1788485528577] Granted 8 threads to pid 78200 (CPUs 1+8)
Request from pid 78290: max_threads=65535, hint_threads=32
[1788485528668] Granted 8 threads to pid 78290 (CPUs 17+8)
Request from pid 78253: max_threads=65535, hint_threads=32
[1788485528896] Granted 8 threads to pid 78253 (CPUs 9+8)
Request from pid 78200: max_threads=65535, hint_threads=32
[1788485529031] Granted 8 threads to pid 78200 (CPUs 1+8)
Request from pid 78253: max_threads=65535, hint_threads=32
[1788485529084] Granted 8 threads to pid 78253 (CPUs 9+8)
Request from pid 78290: max_threads=65535, hint_threads=32
[1788485529113] Granted 8 threads to pid 78290 (CPUs 17+8)
Request from pid 78324: max_threads=65535, hint_threads=32
[1788485529163] Granted 8 threads to pid 78324 (CPUs 25+8)
Request from pid 78200: max_threads=65535, hint_threads=32
[1788485529302] Granted 8 threads to pid 78200 (CPUs 1+8)
Request from pid 78290: max_threads=65535, hint_threads=32
[1788485529390] Granted 8 threads to pid 78290 (CPUs 17+8)
Request from pid 78253: max_threads=65535, hint_threads=32
[1788485529501] Granted 8 threads to pid 78253 (CPUs 9+8)
Request from pid 78200: max_threads=65535, hint_threads=32
[1788485529755] Granted 8 threads to pid 78200 (CPUs 1+8)
Request from pid 78324: max_threads=65535, hint_threads=32
[1788485529759] Granted 8 threads to pid 78324 (CPUs 25+8)
Request from pid 78290: max_threads=65535, hint_threads=32
[1788485529836] Granted 8 threads to pid 78290 (CPUs 17+8)
Request from pid 78253: max_threads=65535, hint_threads=32
[1788485529884] Granted 8 threads to pid 78253 (CPUs 9+8)
Request from pid 78200: max_threads=65535, hint_threads=32
[1788485529954] Granted 8 threads to pid 78200 (CPUs 1+8)
Read error: Connection reset by peer (os error 104)
Request from pid 78253: max_threads=65535, hint_threads=32
[1788485530075] Granted 8 threads to pid 78253 (CPUs 9+8)
Request from pid 78290: max_threads=65535, hint_threads=32
[1788485530100] Granted 8 threads to pid 78290 (CPUs 17+8)
Request from pid 78324: max_threads=65535, hint_threads=32
[1788485530358] Granted 8 threads to pid 78324 (CPUs 25+8)
Request from pid 78253: max_threads=65535, hint_threads=32
[1788485530440] Granted 8 threads to pid 78253 (CPUs 9+8)
Request from pid 78290: max_threads=65535, hint_threads=32
[1788485530535] Granted 8 threads to pid 78290 (CPUs 17+8)
Request from pid 78290: max_threads=65535, hint_threads=32
[1788485530799] Granted 8 threads to pid 78290 (CPUs 17+8)
Request from pid 78253: max_threads=65535, hint_threads=32
[1788485530809] Granted 8 threads to pid 78253 (CPUs 9+8)
Request from pid 78324: max_threads=65535, hint_threads=32
[1788485530907] Granted 8 threads to pid 78324 (CPUs 25+8)
Request from pid 78253: max_threads=65535, hint_threads=32
[1788485530992] Granted 8 threads to pid 78253 (CPUs 9+8)
Request from pid 78290: max_threads=65535, hint_threads=32
[1788485531234] Granted 8 threads to pid 78290 (CPUs 17+8)
Request from pid 78253: max_threads=65535, hint_threads=32
[1788485531345] Granted 8 threads to pid 78253 (CPUs 9+8)
Request from pid 78290: max_threads=65535, hint_threads=32
[1788485531497] Granted 8 threads to pid 78290 (CPUs 17+8)
Request from pid 78253: max_threads=65535, hint_threads=32
[1788485531721] Granted 8 threads to pid 78253 (CPUs 9+8)
Request from pid 78253: max_threads=65535, hint_threads=32
[1788485531898] Granted 8 threads to pid 78253 (CPUs 9+8)
Request from pid 78290: max_threads=65535, hint_threads=32
[1788485531932] Granted 8 threads to pid 78290 (CPUs 17+8)
Request from pid 78324: max_threads=65535, hint_threads=32
[1788485532007] Granted 8 threads to pid 78324 (CPUs 25+8)
Request from pid 78290: max_threads=65535, hint_threads=32
[1788485532196] Granted 8 threads to pid 78290 (CPUs 17+8)
Request from pid 78253: max_threads=65535, hint_threads=32
[1788485532268] Granted 8 threads to pid 78253 (CPUs 9+8)
Request from pid 78324: max_threads=65535, hint_threads=32
[1788485532499] Granted 8 threads to pid 78324 (CPUs 25+8)
Request from pid 78253: max_threads=65535, hint_threads=32
[1788485532627] Granted 8 threads to pid 78253 (CPUs 9+8)
Request from pid 78290: max_threads=65535, hint_threads=32
[1788485532631] Granted 8 threads to pid 78290 (CPUs 17+8)
Request from pid 78253: max_threads=65535, hint_threads=32
[1788485532803] Granted 8 threads to pid 78253 (CPUs 9+8)
Request from pid 78290: max_threads=65535, hint_threads=32
[1788485532893] Granted 8 threads to pid 78290 (CPUs 17+8)
Request from pid 78324: max_threads=65535, hint_threads=32
[1788485533087] Granted 8 threads to pid 78324 (CPUs 25+8)
Request from pid 78253: max_threads=65535, hint_threads=32
[1788485533177] Granted 8 threads to pid 78253 (CPUs 9+8)
Request from pid 78063: max_threads=65535, hint_threads=32
[1788485533265] Granted 6 threads to pid 78063 (CPUs 1+6)
Read error: Connection reset by peer (os error 104)
Request from pid 78290: max_threads=65535, hint_threads=32
[1788485533327] Granted 6 threads to pid 78290 (CPUs 19+6)
Request from pid 78253: max_threads=65535, hint_threads=32
[1788485533532] Granted 6 threads to pid 78253 (CPUs 13+6)
Request from pid 78290: max_threads=65535, hint_threads=32
[1788485533609] Granted 6 threads to pid 78290 (CPUs 19+6)
Request from pid 78324: max_threads=65535, hint_threads=32
[1788485533616] Granted 6 threads to pid 78324 (CPUs 25+6)
Request from pid 78253: max_threads=65535, hint_threads=32
[1788485534053] Granted 6 threads to pid 78253 (CPUs 13+6)
Request from pid 78324: max_threads=65535, hint_threads=32
[1788485534123] Granted 6 threads to pid 78324 (CPUs 25+6)
Request from pid 78290: max_threads=65535, hint_threads=32
[1788485534184] Granted 6 threads to pid 78290 (CPUs 19+6)
Request from pid 78253: max_threads=65535, hint_threads=32
[1788485534521] Granted 6 threads to pid 78253 (CPUs 13+6)
Request from pid 78290: max_threads=65535, hint_threads=32
[1788485534524] Granted 6 threads to pid 78290 (CPUs 19+6)
Request from pid 78324: max_threads=65535, hint_threads=32
[1788485534651] Granted 6 threads to pid 78324 (CPUs 25+6)
Request from pid 78253: max_threads=65535, hint_threads=32
[1788485534986] Granted 8 threads to pid 78253 (CPUs 9+8)
Request from pid 78290: max_threads=65535, hint_threads=32
[1788485535098] Granted 8 threads to pid 78290 (CPUs 17+8)
Request from pid 78324: max_threads=65535, hint_threads=32
[1788485535156] Granted 8 threads to pid 78324 (CPUs 25+8)
Request from pid 78253: max_threads=65535, hint_threads=32
[1788485535400] Granted 8 threads to pid 78253 (CPUs 9+8)
Request from pid 78290: max_threads=65535, hint_threads=32
[1788485535423] Granted 8 threads to pid 78290 (CPUs 17+8)
Request from pid 78324: max_threads=65535, hint_threads=32
[1788485535699] Granted 8 threads to pid 78324 (CPUs 25+8)
Request from pid 78253: max_threads=65535, hint_threads=32
[1788485535764] Granted 8 threads to pid 78253 (CPUs 9+8)
Request from pid 78290: max_threads=65535, hint_threads=32
[1788485535858] Granted 8 threads to pid 78290 (CPUs 17+8)
Request from pid 78253: max_threads=65535, hint_threads=32
[1788485535940] Granted 8 threads to pid 78253 (CPUs 9+8)
Request from pid 78290: max_threads=65535, hint_threads=32
[1788485536121] Granted 8 threads to pid 78290 (CPUs 17+8)
Request from pid 78324: max_threads=65535, hint_threads=32
[1788485536235] Granted 8 threads to pid 78324 (CPUs 25+8)
Request from pid 78253: max_threads=65535, hint_threads=32
[1788485536312] Granted 8 threads to pid 78253 (CPUs 9+8)
Request from pid 78290: max_threads=65535, hint_threads=32
[1788485536555] Granted 8 threads to pid 78290 (CPUs 17+8)
Request from pid 78253: max_threads=65535, hint_threads=32
[1788485536665] Granted 8 threads to pid 78253 (CPUs 9+8)
[1788485536673] Client pid 78253 disconnected — removed from state
Request from pid 78324: max_threads=65535, hint_threads=32
[1788485536765] Granted 10 threads to pid 78324 (CPUs 21+10)
Request from pid 78290: max_threads=65535, hint_threads=32
[1788485536886] Granted 10 threads to pid 78290 (CPUs 11+10)
Accepted connection
Handling client
Request from pid 78360: max_threads=65535, hint_threads=32
[1788485537220] Granted 8 threads to pid 78360 (CPUs 25+8)
Request from pid 78324: max_threads=65535, hint_threads=32
[1788485537299] Granted 8 threads to pid 78324 (CPUs 17+8)
Request from pid 78290: max_threads=65535, hint_threads=32
[1788485537710] Granted 8 threads to pid 78290 (CPUs 9+8)
Request from pid 78324: max_threads=65535, hint_threads=32
[1788485537868] Granted 8 threads to pid 78324 (CPUs 17+8)
Request from pid 78290: max_threads=65535, hint_threads=32
[1788485538146] Granted 8 threads to pid 78290 (CPUs 9+8)
Request from pid 78324: max_threads=65535, hint_threads=32
[1788485538290] Granted 10 threads to pid 78324 (CPUs 11+10)
Request from pid 78324: max_threads=65535, hint_threads=32
[1788485538467] Granted 10 threads to pid 78324 (CPUs 11+10)
Request from pid 78360: max_threads=65535, hint_threads=32
[1788485538568] Granted 10 threads to pid 78360 (CPUs 21+10)
Request from pid 78360: max_threads=65535, hint_threads=32
[1788485538579] Granted 10 threads to pid 78360 (CPUs 21+10)
Request from pid 78290: max_threads=65535, hint_threads=32
[1788485538940] Granted 10 threads to pid 78290 (CPUs 1+10)
Request from pid 78324: max_threads=65535, hint_threads=32
[1788485539043] Granted 10 threads to pid 78324 (CPUs 11+10)
Request from pid 78290: max_threads=65535, hint_threads=32
[1788485539378] Granted 10 threads to pid 78290 (CPUs 1+10)
Request from pid 78360: max_threads=65535, hint_threads=32
[1788485539426] Granted 10 threads to pid 78360 (CPUs 21+10)
Request from pid 78324: max_threads=65535, hint_threads=32
[1788485539567] Granted 10 threads to pid 78324 (CPUs 11+10)
Request from pid 78290: max_threads=65535, hint_threads=32
[1788485539732] Granted 10 threads to pid 78290 (CPUs 1+10)
Request from pid 78324: max_threads=65535, hint_threads=32
[1788485539824] Granted 10 threads to pid 78324 (CPUs 11+10)
Request from pid 78290: max_threads=65535, hint_threads=32
[1788485539894] Granted 10 threads to pid 78290 (CPUs 1+10)
Read error: Connection reset by peer (os error 104)
Request from pid 78360: max_threads=65535, hint_threads=32
[1788485539911] Granted 10 threads to pid 78360 (CPUs 21+10)
Request from pid 78324: max_threads=65535, hint_threads=32
[1788485540073] Granted 10 threads to pid 78324 (CPUs 11+10)
Request from pid 78324: max_threads=65535, hint_threads=32
[1788485540320] Granted 10 threads to pid 78324 (CPUs 11+10)
Request from pid 78360: max_threads=65535, hint_threads=32
[1788485540347] Granted 10 threads to pid 78360 (CPUs 21+10)
Request from pid 78324: max_threads=65535, hint_threads=32
[1788485540567] Granted 10 threads to pid 78324 (CPUs 11+10)
Request from pid 78324: max_threads=65535, hint_threads=32
[1788485540691] Granted 10 threads to pid 78324 (CPUs 11+10)
Request from pid 78360: max_threads=65535, hint_threads=32
[1788485540771] Granted 10 threads to pid 78360 (CPUs 21+10)
Request from pid 78324: max_threads=65535, hint_threads=32
[1788485540937] Granted 10 threads to pid 78324 (CPUs 11+10)
Request from pid 78324: max_threads=65535, hint_threads=32
[1788485541184] Granted 10 threads to pid 78324 (CPUs 11+10)
Request from pid 78360: max_threads=65535, hint_threads=32
[1788485541195] Granted 10 threads to pid 78360 (CPUs 21+10)
Request from pid 78324: max_threads=65535, hint_threads=32
[1788485541431] Granted 10 threads to pid 78324 (CPUs 11+10)
Request from pid 78096: max_threads=65535, hint_threads=32
[1788485541526] Granted 8 threads to pid 78096 (CPUs 1+8)
Request from pid 78360: max_threads=65535, hint_threads=32
[1788485541562] Granted 8 threads to pid 78360 (CPUs 25+8)
Read error: Connection reset by peer (os error 104)
Request from pid 78324: max_threads=65535, hint_threads=32
[1788485541682] Granted 8 threads to pid 78324 (CPUs 17+8)
Request from pid 78360: max_threads=65535, hint_threads=32
[1788485541897] Granted 8 threads to pid 78360 (CPUs 25+8)
Request from pid 78324: max_threads=65535, hint_threads=32
[1788485542085] Granted 8 threads to pid 78324 (CPUs 17+8)
Accepted connection
Handling client
Request from pid 78405: max_threads=65535, hint_threads=32
[1788485542104] Granted 6 threads to pid 78405 (CPUs 25+6)
Request from pid 78324: max_threads=65535, hint_threads=32
[1788485542391] Granted 6 threads to pid 78324 (CPUs 13+6)
Request from pid 78360: max_threads=65535, hint_threads=32
[1788485542615] Granted 6 threads to pid 78360 (CPUs 19+6)
Request from pid 78324: max_threads=65535, hint_threads=32
[1788485542874] Granted 6 threads to pid 78324 (CPUs 13+6)
Request from pid 78360: max_threads=65535, hint_threads=32
[1788485542912] Granted 6 threads to pid 78360 (CPUs 19+6)
Request from pid 78324: max_threads=65535, hint_threads=32
[1788485543077] Granted 6 threads to pid 78324 (CPUs 13+6)
Request from pid 78360: max_threads=65535, hint_threads=32
[1788485543373] Granted 6 threads to pid 78360 (CPUs 19+6)
Request from pid 78324: max_threads=65535, hint_threads=32
[1788485543483] Granted 6 threads to pid 78324 (CPUs 13+6)
Request from pid 78360: max_threads=65535, hint_threads=32
[1788485543835] Granted 6 threads to pid 78360 (CPUs 19+6)
Request from pid 78324: max_threads=65535, hint_threads=32
[1788485543889] Granted 6 threads to pid 78324 (CPUs 13+6)
Request from pid 78324: max_threads=65535, hint_threads=32
[1788485544092] Granted 6 threads to pid 78324 (CPUs 13+6)
Request from pid 78360: max_threads=65535, hint_threads=32
[1788485544297] Granted 6 threads to pid 78360 (CPUs 19+6)
Request from pid 78324: max_threads=65535, hint_threads=32
[1788485544498] Granted 6 threads to pid 78324 (CPUs 13+6)
Request from pid 78360: max_threads=65535, hint_threads=32
[1788485544758] Granted 6 threads to pid 78360 (CPUs 19+6)
Request from pid 78324: max_threads=65535, hint_threads=32
[1788485544903] Granted 8 threads to pid 78324 (CPUs 9+8)
Request from pid 78360: max_threads=65535, hint_threads=32
[1788485544990] Granted 8 threads to pid 78360 (CPUs 17+8)
Request from pid 78324: max_threads=65535, hint_threads=32
[1788485545063] Granted 8 threads to pid 78324 (CPUs 9+8)
Request from pid 78324: max_threads=65535, hint_threads=32
[1788485545373] Granted 8 threads to pid 78324 (CPUs 9+8)
Request from pid 78360: max_threads=65535, hint_threads=32
[1788485545410] Granted 8 threads to pid 78360 (CPUs 17+8)
Request from pid 78324: max_threads=65535, hint_threads=32
[1788485545685] Granted 8 threads to pid 78324 (CPUs 9+8)
Request from pid 78360: max_threads=65535, hint_threads=32
[1788485545768] Granted 8 threads to pid 78360 (CPUs 17+8)
Request from pid 78360: max_threads=65535, hint_threads=32
[1788485545946] Granted 8 threads to pid 78360 (CPUs 17+8)
Request from pid 78324: max_threads=65535, hint_threads=32
[1788485545997] Granted 8 threads to pid 78324 (CPUs 9+8)
Request from pid 78360: max_threads=65535, hint_threads=32
[1788485546303] Granted 8 threads to pid 78360 (CPUs 17+8)
Request from pid 78324: max_threads=65535, hint_threads=32
[1788485546310] Granted 8 threads to pid 78324 (CPUs 9+8)
Request from pid 78324: max_threads=65535, hint_threads=32
[1788485546466] Granted 8 threads to pid 78324 (CPUs 9+8)
[1788485546473] Client pid 78324 disconnected — removed from state
Request from pid 78360: max_threads=65535, hint_threads=32
[1788485546650] Granted 16 threads to pid 78360 (CPUs 1+16)
Request from pid 78360: max_threads=65535, hint_threads=32
[1788485546913] Granted 16 threads to pid 78360 (CPUs 1+16)
Request from pid 78360: max_threads=65535, hint_threads=32
[1788485547089] Granted 16 threads to pid 78360 (CPUs 1+16)
Request from pid 78360: max_threads=65535, hint_threads=32
[1788485547265] Granted 32 threads to pid 78360 (CPUs 1+32)
Request from pid 78360: max_threads=65535, hint_threads=32
[1788485547516] Granted 32 threads to pid 78360 (CPUs 1+32)
Request from pid 78360: max_threads=65535, hint_threads=32
[1788485547654] Granted 32 threads to pid 78360 (CPUs 1+32)
Request from pid 78360: max_threads=65535, hint_threads=32
[1788485547866] Granted 32 threads to pid 78360 (CPUs 1+32)
Request from pid 78360: max_threads=65535, hint_threads=32
[1788485548087] Granted 32 threads to pid 78360 (CPUs 1+32)
Request from pid 78360: max_threads=65535, hint_threads=32
[1788485548308] Granted 32 threads to pid 78360 (CPUs 1+32)
Request from pid 78360: max_threads=65535, hint_threads=32
[1788485548535] Granted 32 threads to pid 78360 (CPUs 1+32)
Request from pid 78360: max_threads=65535, hint_threads=32
[1788485548727] Granted 32 threads to pid 78360 (CPUs 1+32)
Request from pid 78360: max_threads=65535, hint_threads=32
[1788485548995] Granted 32 threads to pid 78360 (CPUs 1+32)
Request from pid 78360: max_threads=65535, hint_threads=32
[1788485549187] Granted 32 threads to pid 78360 (CPUs 1+32)
Request from pid 78360: max_threads=65535, hint_threads=32
[1788485549359] Granted 32 threads to pid 78360 (CPUs 1+32)
Request from pid 78360: max_threads=65535, hint_threads=32
[1788485549531] Granted 32 threads to pid 78360 (CPUs 1+32)
Request from pid 78360: max_threads=65535, hint_threads=32
[1788485549707] Granted 32 threads to pid 78360 (CPUs 1+32)
Request from pid 78360: max_threads=65535, hint_threads=32
[1788485549875] Granted 32 threads to pid 78360 (CPUs 1+32)
Request from pid 78360: max_threads=65535, hint_threads=32
[1788485550030] Granted 32 threads to pid 78360 (CPUs 1+32)
Request from pid 78360: max_threads=65535, hint_threads=32
[1788485550208] Granted 32 threads to pid 78360 (CPUs 1+32)
Request from pid 78360: max_threads=65535, hint_threads=32
[1788485550383] Granted 32 threads to pid 78360 (CPUs 1+32)
Request from pid 78360: max_threads=65535, hint_threads=32
[1788485550557] Granted 32 threads to pid 78360 (CPUs 1+32)
Request from pid 78360: max_threads=65535, hint_threads=32
[1788485550654] Granted 32 threads to pid 78360 (CPUs 1+32)
Request from pid 78360: max_threads=65535, hint_threads=32
[1788485550752] Granted 32 threads to pid 78360 (CPUs 1+32)
Request from pid 78360: max_threads=65535, hint_threads=32
[1788485550849] Granted 32 threads to pid 78360 (CPUs 1+32)
Request from pid 78360: max_threads=65535, hint_threads=32
[1788485550958] Granted 32 threads to pid 78360 (CPUs 1+32)
Request from pid 78360: max_threads=65535, hint_threads=32
[1788485551061] Granted 32 threads to pid 78360 (CPUs 1+32)
Request from pid 78360: max_threads=65535, hint_threads=32
[1788485551159] Granted 32 threads to pid 78360 (CPUs 1+32)
Request from pid 78360: max_threads=65535, hint_threads=32
[1788485551258] Granted 32 threads to pid 78360 (CPUs 1+32)
Request from pid 78360: max_threads=65535, hint_threads=32
[1788485551355] Granted 32 threads to pid 78360 (CPUs 1+32)
Request from pid 78360: max_threads=65535, hint_threads=32
[1788485551453] Granted 32 threads to pid 78360 (CPUs 1+32)
Request from pid 78360: max_threads=65535, hint_threads=32
[1788485551550] Granted 32 threads to pid 78360 (CPUs 1+32)
Request from pid 78360: max_threads=65535, hint_threads=32
[1788485551648] Granted 32 threads to pid 78360 (CPUs 1+32)
Request from pid 78360: max_threads=65535, hint_threads=32
[1788485551743] Granted 32 threads to pid 78360 (CPUs 1+32)
Request from pid 78360: max_threads=65535, hint_threads=32
[1788485551838] Granted 32 threads to pid 78360 (CPUs 1+32)
Request from pid 78360: max_threads=65535, hint_threads=32
[1788485551934] Granted 32 threads to pid 78360 (CPUs 1+32)
Request from pid 78360: max_threads=65535, hint_threads=32
[1788485552029] Granted 32 threads to pid 78360 (CPUs 1+32)
Request from pid 78360: max_threads=65535, hint_threads=32
[1788485552174] Granted 32 threads to pid 78360 (CPUs 1+32)
Request from pid 78360: max_threads=65535, hint_threads=32
[1788485552347] Granted 32 threads to pid 78360 (CPUs 1+32)
Request from pid 78360: max_threads=65535, hint_threads=32
[1788485552483] Granted 32 threads to pid 78360 (CPUs 1+32)
Request from pid 78360: max_threads=65535, hint_threads=32
[1788485552577] Granted 32 threads to pid 78360 (CPUs 1+32)
Request from pid 78360: max_threads=65535, hint_threads=32
[1788485552671] Granted 32 threads to pid 78360 (CPUs 1+32)
Request from pid 78360: max_threads=65535, hint_threads=32
[1788485552768] Granted 32 threads to pid 78360 (CPUs 1+32)
[1788485552776] Client pid 78360 disconnected — removed from state
Accepted connection
Handling client
Request from pid 78441: max_threads=65535, hint_threads=32
[1788485553316] Granted 32 threads to pid 78441 (CPUs 1+32)
Request from pid 78441: max_threads=65535, hint_threads=32
[1788485554138] Granted 32 threads to pid 78441 (CPUs 1+32)
Request from pid 78441: max_threads=65535, hint_threads=32
[1788485554291] Granted 32 threads to pid 78441 (CPUs 1+32)
Request from pid 78441: max_threads=65535, hint_threads=32
[1788485554459] Granted 32 threads to pid 78441 (CPUs 1+32)
Request from pid 78441: max_threads=65535, hint_threads=32
[1788485554626] Granted 32 threads to pid 78441 (CPUs 1+32)
Request from pid 78441: max_threads=65535, hint_threads=32
[1788485554803] Granted 32 threads to pid 78441 (CPUs 1+32)
Request from pid 78441: max_threads=65535, hint_threads=32
[1788485554969] Granted 32 threads to pid 78441 (CPUs 1+32)
Request from pid 78441: max_threads=65535, hint_threads=32
[1788485555135] Granted 32 threads to pid 78441 (CPUs 1+32)
Request from pid 78441: max_threads=65535, hint_threads=32
[1788485555287] Granted 32 threads to pid 78441 (CPUs 1+32)
Request from pid 78441: max_threads=65535, hint_threads=32
[1788485555434] Granted 32 threads to pid 78441 (CPUs 1+32)
Request from pid 78441: max_threads=65535, hint_threads=32
[1788485555581] Granted 32 threads to pid 78441 (CPUs 1+32)
Request from pid 78441: max_threads=65535, hint_threads=32
[1788485555730] Granted 32 threads to pid 78441 (CPUs 1+32)
Request from pid 78441: max_threads=65535, hint_threads=32
[1788485555877] Granted 32 threads to pid 78441 (CPUs 1+32)
Request from pid 78441: max_threads=65535, hint_threads=32
[1788485556034] Granted 32 threads to pid 78441 (CPUs 1+32)
Request from pid 78441: max_threads=65535, hint_threads=32
[1788485556188] Granted 32 threads to pid 78441 (CPUs 1+32)
Request from pid 78441: max_threads=65535, hint_threads=32
[1788485556487] Granted 32 threads to pid 78441 (CPUs 1+32)
Request from pid 78441: max_threads=65535, hint_threads=32
[1788485556652] Granted 32 threads to pid 78441 (CPUs 1+32)
Request from pid 78441: max_threads=65535, hint_threads=32
[1788485556747] Granted 32 threads to pid 78441 (CPUs 1+32)
Request from pid 78441: max_threads=65535, hint_threads=32
[1788485556832] Granted 32 threads to pid 78441 (CPUs 1+32)
Request from pid 78441: max_threads=65535, hint_threads=32
[1788485556917] Granted 32 threads to pid 78441 (CPUs 1+32)
Request from pid 78441: max_threads=65535, hint_threads=32
[1788485557003] Granted 32 threads to pid 78441 (CPUs 1+32)
Request from pid 78441: max_threads=65535, hint_threads=32
[1788485557088] Granted 32 threads to pid 78441 (CPUs 1+32)
Request from pid 78441: max_threads=65535, hint_threads=32
[1788485557175] Granted 32 threads to pid 78441 (CPUs 1+32)
Request from pid 78441: max_threads=65535, hint_threads=32
[1788485557311] Granted 32 threads to pid 78441 (CPUs 1+32)
Request from pid 78441: max_threads=65535, hint_threads=32
[1788485557459] Granted 32 threads to pid 78441 (CPUs 1+32)
Request from pid 78441: max_threads=65535, hint_threads=32
[1788485557605] Granted 32 threads to pid 78441 (CPUs 1+32)
Request from pid 78441: max_threads=65535, hint_threads=32
[1788485557759] Granted 32 threads to pid 78441 (CPUs 1+32)
Request from pid 78441: max_threads=65535, hint_threads=32
[1788485557911] Granted 32 threads to pid 78441 (CPUs 1+32)
Request from pid 78441: max_threads=65535, hint_threads=32
[1788485558059] Granted 32 threads to pid 78441 (CPUs 1+32)
Request from pid 78441: max_threads=65535, hint_threads=32
[1788485558206] Granted 32 threads to pid 78441 (CPUs 1+32)
Request from pid 78441: max_threads=65535, hint_threads=32
[1788485558368] Granted 32 threads to pid 78441 (CPUs 1+32)
Request from pid 78441: max_threads=65535, hint_threads=32
[1788485558667] Granted 32 threads to pid 78441 (CPUs 1+32)
Request from pid 78441: max_threads=65535, hint_threads=32
[1788485558831] Granted 32 threads to pid 78441 (CPUs 1+32)
Request from pid 78441: max_threads=65535, hint_threads=32
[1788485558978] Granted 32 threads to pid 78441 (CPUs 1+32)
Request from pid 78441: max_threads=65535, hint_threads=32
[1788485559191] Granted 32 threads to pid 78441 (CPUs 1+32)
Request from pid 78441: max_threads=65535, hint_threads=32
[1788485559612] Granted 32 threads to pid 78441 (CPUs 1+32)
Request from pid 78441: max_threads=65535, hint_threads=32
[1788485560061] Granted 32 threads to pid 78441 (CPUs 1+32)
Request from pid 78441: max_threads=65535, hint_threads=32
[1788485560524] Granted 32 threads to pid 78441 (CPUs 1+32)
Request from pid 78441: max_threads=65535, hint_threads=32
[1788485560667] Granted 32 threads to pid 78441 (CPUs 1+32)
Request from pid 78441: max_threads=65535, hint_threads=32
[1788485560843] Granted 32 threads to pid 78441 (CPUs 1+32)
Request from pid 78441: max_threads=65535, hint_threads=32
[1788485561116] Granted 32 threads to pid 78441 (CPUs 1+32)
Request from pid 78441: max_threads=65535, hint_threads=32
[1788485561627] Granted 32 threads to pid 78441 (CPUs 1+32)
Request from pid 78441: max_threads=65535, hint_threads=32
[1788485561883] Granted 32 threads to pid 78441 (CPUs 1+32)
Request from pid 78441: max_threads=65535, hint_threads=32
[1788485562083] Granted 32 threads to pid 78441 (CPUs 1+32)
Request from pid 78441: max_threads=65535, hint_threads=32
[1788485562319] Granted 32 threads to pid 78441 (CPUs 1+32)
Request from pid 78441: max_threads=65535, hint_threads=32
[1788485562452] Granted 32 threads to pid 78441 (CPUs 1+32)
Request from pid 78441: max_threads=65535, hint_threads=32
[1788485562539] Granted 32 threads to pid 78441 (CPUs 1+32)
Request from pid 78441: max_threads=65535, hint_threads=32
[1788485562626] Granted 32 threads to pid 78441 (CPUs 1+32)
Request from pid 78441: max_threads=65535, hint_threads=32
[1788485562713] Granted 32 threads to pid 78441 (CPUs 1+32)
Request from pid 78441: max_threads=65535, hint_threads=32
[1788485562800] Granted 32 threads to pid 78441 (CPUs 1+32)
Request from pid 78441: max_threads=65535, hint_threads=32
[1788485562943] Granted 32 threads to pid 78441 (CPUs 1+32)
Request from pid 78441: max_threads=65535, hint_threads=32
[1788485563068] Granted 32 threads to pid 78441 (CPUs 1+32)
Request from pid 78441: max_threads=65535, hint_threads=32
[1788485563155] Granted 32 threads to pid 78441 (CPUs 1+32)
Request from pid 78441: max_threads=65535, hint_threads=32
[1788485563242] Granted 32 threads to pid 78441 (CPUs 1+32)
Request from pid 78441: max_threads=65535, hint_threads=32
[1788485563329] Granted 32 threads to pid 78441 (CPUs 1+32)
Request from pid 78441: max_threads=65535, hint_threads=32
[1788485563417] Granted 32 threads to pid 78441 (CPUs 1+32)
Request from pid 78441: max_threads=65535, hint_threads=32
[1788485563507] Granted 32 threads to pid 78441 (CPUs 1+32)
Request from pid 78441: max_threads=65535, hint_threads=32
[1788485563597] Granted 32 threads to pid 78441 (CPUs 1+32)
Request from pid 78441: max_threads=65535, hint_threads=32
[1788485563687] Granted 32 threads to pid 78441 (CPUs 1+32)
Request from pid 78441: max_threads=65535, hint_threads=32
[1788485563778] Granted 32 threads to pid 78441 (CPUs 1+32)
Request from pid 78441: max_threads=65535, hint_threads=32
[1788485563868] Granted 32 threads to pid 78441 (CPUs 1+32)
Request from pid 78441: max_threads=65535, hint_threads=32
[1788485563952] Granted 32 threads to pid 78441 (CPUs 1+32)
Request from pid 78441: max_threads=65535, hint_threads=32
[1788485564035] Granted 32 threads to pid 78441 (CPUs 1+32)
Request from pid 78441: max_threads=65535, hint_threads=32
[1788485564118] Granted 32 threads to pid 78441 (CPUs 1+32)
Request from pid 78441: max_threads=65535, hint_threads=32
[1788485564203] Granted 32 threads to pid 78441 (CPUs 1+32)
Request from pid 78441: max_threads=65535, hint_threads=32
[1788485564294] Granted 32 threads to pid 78441 (CPUs 1+32)
Request from pid 78441: max_threads=65535, hint_threads=32
[1788485564385] Granted 32 threads to pid 78441 (CPUs 1+32)
Request from pid 78441: max_threads=65535, hint_threads=32
[1788485564496] Granted 32 threads to pid 78441 (CPUs 1+32)
Request from pid 78441: max_threads=65535, hint_threads=32
[1788485564580] Granted 32 threads to pid 78441 (CPUs 1+32)
Request from pid 78441: max_threads=65535, hint_threads=32
[1788485564705] Granted 32 threads to pid 78441 (CPUs 1+32)
Request from pid 78441: max_threads=65535, hint_threads=32
[1788485564797] Granted 32 threads to pid 78441 (CPUs 1+32)
Request from pid 78441: max_threads=65535, hint_threads=32
[1788485564889] Granted 32 threads to pid 78441 (CPUs 1+32)
Request from pid 78405: max_threads=65535, hint_threads=32
[1788485564938] Granted 16 threads to pid 78405 (CPUs 1+16)
Read error: Connection reset by peer (os error 104)
Request from pid 78441: max_threads=65535, hint_threads=32
[1788485564963] Granted 16 threads to pid 78441 (CPUs 17+16)
[1788485564968] Client pid 78441 disconnected — removed from state
Accepted connection
Handling client
Request from pid 78483: max_threads=65535, hint_threads=32
[1788485565488] Granted 16 threads to pid 78483 (CPUs 17+16)
Request from pid 78483: max_threads=65535, hint_threads=32
[1788485566157] Granted 16 threads to pid 78483 (CPUs 17+16)
Request from pid 78483: max_threads=65535, hint_threads=32
[1788485566243] Granted 16 threads to pid 78483 (CPUs 17+16)
Request from pid 78483: max_threads=65535, hint_threads=32
[1788485566329] Granted 16 threads to pid 78483 (CPUs 17+16)
Request from pid 78483: max_threads=65535, hint_threads=32
[1788485566502] Granted 16 threads to pid 78483 (CPUs 17+16)
Request from pid 78483: max_threads=65535, hint_threads=32
[1788485566674] Granted 16 threads to pid 78483 (CPUs 17+16)
Request from pid 78483: max_threads=65535, hint_threads=32
[1788485566845] Granted 16 threads to pid 78483 (CPUs 17+16)
Request from pid 78483: max_threads=65535, hint_threads=32
[1788485567017] Granted 16 threads to pid 78483 (CPUs 17+16)
Request from pid 78483: max_threads=65535, hint_threads=32
[1788485567188] Granted 16 threads to pid 78483 (CPUs 17+16)
Request from pid 78483: max_threads=65535, hint_threads=32
[1788485567360] Granted 16 threads to pid 78483 (CPUs 17+16)
Request from pid 78483: max_threads=65535, hint_threads=32
[1788485567531] Granted 16 threads to pid 78483 (CPUs 17+16)
Request from pid 78483: max_threads=65535, hint_threads=32
[1788485567702] Granted 16 threads to pid 78483 (CPUs 17+16)
Request from pid 78483: max_threads=65535, hint_threads=32
[1788485567874] Granted 16 threads to pid 78483 (CPUs 17+16)
Request from pid 78483: max_threads=65535, hint_threads=32
[1788485567959] Granted 16 threads to pid 78483 (CPUs 17+16)
Request from pid 78483: max_threads=65535, hint_threads=32
[1788485568131] Granted 16 threads to pid 78483 (CPUs 17+16)
Request from pid 78483: max_threads=65535, hint_threads=32
[1788485568304] Granted 16 threads to pid 78483 (CPUs 17+16)
Request from pid 78483: max_threads=65535, hint_threads=32
[1788485568476] Granted 16 threads to pid 78483 (CPUs 17+16)
Request from pid 78483: max_threads=65535, hint_threads=32
[1788485568647] Granted 16 threads to pid 78483 (CPUs 17+16)
Request from pid 78483: max_threads=65535, hint_threads=32
[1788485568818] Granted 16 threads to pid 78483 (CPUs 17+16)
Request from pid 78483: max_threads=65535, hint_threads=32
[1788485568990] Granted 16 threads to pid 78483 (CPUs 17+16)
Request from pid 78483: max_threads=65535, hint_threads=32
[1788485569161] Granted 16 threads to pid 78483 (CPUs 17+16)
Request from pid 78483: max_threads=65535, hint_threads=32
[1788485569332] Granted 16 threads to pid 78483 (CPUs 17+16)
Request from pid 78483: max_threads=65535, hint_threads=32
[1788485569504] Granted 16 threads to pid 78483 (CPUs 17+16)
Request from pid 78483: max_threads=65535, hint_threads=32
[1788485569675] Granted 16 threads to pid 78483 (CPUs 17+16)
Request from pid 78483: max_threads=65535, hint_threads=32
[1788485569847] Granted 16 threads to pid 78483 (CPUs 17+16)
Request from pid 78483: max_threads=65535, hint_threads=32
[1788485570018] Granted 32 threads to pid 78483 (CPUs 1+32)
Request from pid 78483: max_threads=65535, hint_threads=32
[1788485570161] Granted 32 threads to pid 78483 (CPUs 1+32)
Request from pid 78483: max_threads=65535, hint_threads=32
[1788485570262] Granted 32 threads to pid 78483 (CPUs 1+32)
Request from pid 78483: max_threads=65535, hint_threads=32
[1788485570362] Granted 32 threads to pid 78483 (CPUs 1+32)
Request from pid 78483: max_threads=65535, hint_threads=32
[1788485570462] Granted 32 threads to pid 78483 (CPUs 1+32)
Request from pid 78483: max_threads=65535, hint_threads=32
[1788485570561] Granted 32 threads to pid 78483 (CPUs 1+32)
Request from pid 78483: max_threads=65535, hint_threads=32
[1788485570611] Granted 32 threads to pid 78483 (CPUs 1+32)
Request from pid 78483: max_threads=65535, hint_threads=32
[1788485570711] Granted 32 threads to pid 78483 (CPUs 1+32)
Request from pid 78483: max_threads=65535, hint_threads=32
[1788485570811] Granted 32 threads to pid 78483 (CPUs 1+32)
Request from pid 78483: max_threads=65535, hint_threads=32
[1788485570861] Granted 32 threads to pid 78483 (CPUs 1+32)
Request from pid 78483: max_threads=65535, hint_threads=32
[1788485570961] Granted 32 threads to pid 78483 (CPUs 1+32)
Request from pid 78483: max_threads=65535, hint_threads=32
[1788485571061] Granted 32 threads to pid 78483 (CPUs 1+32)
Request from pid 78483: max_threads=65535, hint_threads=32
[1788485571165] Granted 32 threads to pid 78483 (CPUs 1+32)
Request from pid 78483: max_threads=65535, hint_threads=32
[1788485571268] Granted 32 threads to pid 78483 (CPUs 1+32)
Request from pid 78483: max_threads=65535, hint_threads=32
[1788485571371] Granted 32 threads to pid 78483 (CPUs 1+32)
Request from pid 78483: max_threads=65535, hint_threads=32
[1788485571474] Granted 32 threads to pid 78483 (CPUs 1+32)
Request from pid 78483: max_threads=65535, hint_threads=32
[1788485571576] Granted 32 threads to pid 78483 (CPUs 1+32)
[1788485571581] Client pid 78483 disconnected — removed from state
DRM stopped at Fri 04 Sep 2026 03:32:51, was capacity=32
Starting DRM at Fri 04 Sep 2026 03:33:01, capacity=32, cpu_pool=1,2,3,4,5,6,7,8,9,10,11,12,13,14,15,16,17,18,19,20,21,22,23,24,25,26,27,28,29,30,31,32
CPU pool (32 cores): 1–32
Listening on /tmp/omp-rm.sock (capacity=32, strategy=fair_share)
Accepted connection
Handling client
Request from pid 78543: max_threads=65535, hint_threads=32
[1788485581686] Granted 32 threads to pid 78543 (CPUs 1+32)
Request from pid 78543: max_threads=65535, hint_threads=32
[1788485581800] Granted 32 threads to pid 78543 (CPUs 1+32)
Request from pid 78543: max_threads=65535, hint_threads=32
[1788485581868] Granted 32 threads to pid 78543 (CPUs 1+32)
Request from pid 78543: max_threads=65535, hint_threads=32
[1788485581986] Granted 32 threads to pid 78543 (CPUs 1+32)
Request from pid 78543: max_threads=65535, hint_threads=32
[1788485582028] Granted 32 threads to pid 78543 (CPUs 1+32)
Request from pid 78543: max_threads=65535, hint_threads=32
[1788485582130] Granted 32 threads to pid 78543 (CPUs 1+32)
Request from pid 78543: max_threads=65535, hint_threads=32
[1788485582236] Granted 32 threads to pid 78543 (CPUs 1+32)
Request from pid 78543: max_threads=65535, hint_threads=32
[1788485582349] Granted 32 threads to pid 78543 (CPUs 1+32)
Request from pid 78543: max_threads=65535, hint_threads=32
[1788485582440] Granted 32 threads to pid 78543 (CPUs 1+32)
Request from pid 78543: max_threads=65535, hint_threads=32
[1788485582553] Granted 32 threads to pid 78543 (CPUs 1+32)
Request from pid 78543: max_threads=65535, hint_threads=32
[1788485582643] Granted 32 threads to pid 78543 (CPUs 1+32)
Request from pid 78543: max_threads=65535, hint_threads=32
[1788485582757] Granted 32 threads to pid 78543 (CPUs 1+32)
Request from pid 78543: max_threads=65535, hint_threads=32
[1788485582848] Granted 32 threads to pid 78543 (CPUs 1+32)
Request from pid 78543: max_threads=65535, hint_threads=32
[1788485582960] Granted 32 threads to pid 78543 (CPUs 1+32)
Request from pid 78543: max_threads=65535, hint_threads=32
[1788485583051] Granted 32 threads to pid 78543 (CPUs 1+32)
Request from pid 78543: max_threads=65535, hint_threads=32
[1788485583164] Granted 32 threads to pid 78543 (CPUs 1+32)
Request from pid 78543: max_threads=65535, hint_threads=32
[1788485583254] Granted 32 threads to pid 78543 (CPUs 1+32)
Request from pid 78543: max_threads=65535, hint_threads=32
[1788485583368] Granted 32 threads to pid 78543 (CPUs 1+32)
Request from pid 78543: max_threads=65535, hint_threads=32
[1788485583458] Granted 32 threads to pid 78543 (CPUs 1+32)
Request from pid 78543: max_threads=65535, hint_threads=32
[1788485583571] Granted 32 threads to pid 78543 (CPUs 1+32)
Request from pid 78543: max_threads=65535, hint_threads=32
[1788485583662] Granted 32 threads to pid 78543 (CPUs 1+32)
Request from pid 78543: max_threads=65535, hint_threads=32
[1788485583775] Granted 32 threads to pid 78543 (CPUs 1+32)
Request from pid 78543: max_threads=65535, hint_threads=32
[1788485583865] Granted 32 threads to pid 78543 (CPUs 1+32)
Request from pid 78543: max_threads=65535, hint_threads=32
[1788485583979] Granted 32 threads to pid 78543 (CPUs 1+32)
Request from pid 78543: max_threads=65535, hint_threads=32
[1788485584069] Granted 32 threads to pid 78543 (CPUs 1+32)
Request from pid 78543: max_threads=65535, hint_threads=32
[1788485584183] Granted 32 threads to pid 78543 (CPUs 1+32)
Request from pid 78543: max_threads=65535, hint_threads=32
[1788485584273] Granted 32 threads to pid 78543 (CPUs 1+32)
Request from pid 78543: max_threads=65535, hint_threads=32
[1788485584386] Granted 32 threads to pid 78543 (CPUs 1+32)
Request from pid 78543: max_threads=65535, hint_threads=32
[1788485584477] Granted 32 threads to pid 78543 (CPUs 1+32)
Request from pid 78543: max_threads=65535, hint_threads=32
[1788485584590] Granted 32 threads to pid 78543 (CPUs 1+32)
Request from pid 78543: max_threads=65535, hint_threads=32
[1788485584680] Granted 32 threads to pid 78543 (CPUs 1+32)
Request from pid 78543: max_threads=65535, hint_threads=32
[1788485584794] Granted 32 threads to pid 78543 (CPUs 1+32)
Request from pid 78543: max_threads=65535, hint_threads=32
[1788485584884] Granted 32 threads to pid 78543 (CPUs 1+32)
Request from pid 78543: max_threads=65535, hint_threads=32
[1788485584998] Granted 32 threads to pid 78543 (CPUs 1+32)
Request from pid 78543: max_threads=65535, hint_threads=32
[1788485585088] Granted 32 threads to pid 78543 (CPUs 1+32)
Request from pid 78543: max_threads=65535, hint_threads=32
[1788485585202] Granted 32 threads to pid 78543 (CPUs 1+32)
Request from pid 78543: max_threads=65535, hint_threads=32
[1788485585292] Granted 32 threads to pid 78543 (CPUs 1+32)
Request from pid 78543: max_threads=65535, hint_threads=32
[1788485585406] Granted 32 threads to pid 78543 (CPUs 1+32)
Request from pid 78543: max_threads=65535, hint_threads=32
[1788485585496] Granted 32 threads to pid 78543 (CPUs 1+32)
Request from pid 78543: max_threads=65535, hint_threads=32
[1788485585609] Granted 32 threads to pid 78543 (CPUs 1+32)
Request from pid 78543: max_threads=65535, hint_threads=32
[1788485585700] Granted 32 threads to pid 78543 (CPUs 1+32)
Request from pid 78543: max_threads=65535, hint_threads=32
[1788485585813] Granted 32 threads to pid 78543 (CPUs 1+32)
Request from pid 78543: max_threads=65535, hint_threads=32
[1788485585904] Granted 32 threads to pid 78543 (CPUs 1+32)
Request from pid 78543: max_threads=65535, hint_threads=32
[1788485586017] Granted 32 threads to pid 78543 (CPUs 1+32)
Request from pid 78543: max_threads=65535, hint_threads=32
[1788485586107] Granted 32 threads to pid 78543 (CPUs 1+32)
Request from pid 78543: max_threads=65535, hint_threads=32
[1788485586221] Granted 32 threads to pid 78543 (CPUs 1+32)
Request from pid 78543: max_threads=65535, hint_threads=32
[1788485586281] Granted 32 threads to pid 78543 (CPUs 1+32)
Read error: Connection reset by peer (os error 104)
Accepted connection
Handling client
Request from pid 78576: max_threads=65535, hint_threads=32
[1788485586812] Granted 16 threads to pid 78576 (CPUs 17+16)
Request from pid 78576: max_threads=65535, hint_threads=32
[1788485587094] Granted 16 threads to pid 78576 (CPUs 17+16)
Request from pid 78576: max_threads=65535, hint_threads=32
[1788485587323] Granted 16 threads to pid 78576 (CPUs 17+16)
Request from pid 78576: max_threads=65535, hint_threads=32
[1788485587542] Granted 16 threads to pid 78576 (CPUs 17+16)
Request from pid 78576: max_threads=65535, hint_threads=32
[1788485587611] Granted 16 threads to pid 78576 (CPUs 17+16)
Request from pid 78576: max_threads=65535, hint_threads=32
[1788485587802] Granted 16 threads to pid 78576 (CPUs 17+16)
Request from pid 78576: max_threads=65535, hint_threads=32
[1788485587973] Granted 16 threads to pid 78576 (CPUs 17+16)
Request from pid 78576: max_threads=65535, hint_threads=32
[1788485588186] Granted 16 threads to pid 78576 (CPUs 17+16)
Request from pid 78576: max_threads=65535, hint_threads=32
[1788485588329] Granted 16 threads to pid 78576 (CPUs 17+16)
Request from pid 78576: max_threads=65535, hint_threads=32
[1788485588542] Granted 16 threads to pid 78576 (CPUs 17+16)
Request from pid 78576: max_threads=65535, hint_threads=32
[1788485588684] Granted 16 threads to pid 78576 (CPUs 17+16)
Request from pid 78576: max_threads=65535, hint_threads=32
[1788485588898] Granted 16 threads to pid 78576 (CPUs 17+16)
Request from pid 78576: max_threads=65535, hint_threads=32
[1788485589040] Granted 16 threads to pid 78576 (CPUs 17+16)
Request from pid 78576: max_threads=65535, hint_threads=32
[1788485589254] Granted 16 threads to pid 78576 (CPUs 17+16)
Request from pid 78576: max_threads=65535, hint_threads=32
[1788485589396] Granted 16 threads to pid 78576 (CPUs 17+16)
Request from pid 78576: max_threads=65535, hint_threads=32
[1788485589610] Granted 16 threads to pid 78576 (CPUs 17+16)
Request from pid 78576: max_threads=65535, hint_threads=32
[1788485589752] Granted 16 threads to pid 78576 (CPUs 17+16)
Request from pid 78576: max_threads=65535, hint_threads=32
[1788485589966] Granted 16 threads to pid 78576 (CPUs 17+16)
Request from pid 78576: max_threads=65535, hint_threads=32
[1788485590109] Granted 16 threads to pid 78576 (CPUs 17+16)
Request from pid 78576: max_threads=65535, hint_threads=32
[1788485590322] Granted 16 threads to pid 78576 (CPUs 17+16)
Request from pid 78576: max_threads=65535, hint_threads=32
[1788485590464] Granted 16 threads to pid 78576 (CPUs 17+16)
Request from pid 78576: max_threads=65535, hint_threads=32
[1788485590678] Granted 16 threads to pid 78576 (CPUs 17+16)
Accepted connection
Handling client
Request from pid 78611: max_threads=65535, hint_threads=32
[1788485590692] Granted 10 threads to pid 78611 (CPUs 21+10)
Request from pid 78576: max_threads=65535, hint_threads=32
[1788485590966] Granted 10 threads to pid 78576 (CPUs 11+10)
Request from pid 78576: max_threads=65535, hint_threads=32
[1788485591464] Granted 16 threads to pid 78576 (CPUs 1+16)
Request from pid 78576: max_threads=65535, hint_threads=32
[1788485591664] Granted 16 threads to pid 78576 (CPUs 1+16)
Request from pid 78576: max_threads=65535, hint_threads=32
[1788485591878] Granted 16 threads to pid 78576 (CPUs 1+16)
Request from pid 78576: max_threads=65535, hint_threads=32
[1788485592020] Granted 16 threads to pid 78576 (CPUs 1+16)
Request from pid 78576: max_threads=65535, hint_threads=32
[1788485592234] Granted 16 threads to pid 78576 (CPUs 1+16)
Request from pid 78576: max_threads=65535, hint_threads=32
[1788485592377] Granted 16 threads to pid 78576 (CPUs 1+16)
Request from pid 78576: max_threads=65535, hint_threads=32
[1788485592591] Granted 16 threads to pid 78576 (CPUs 1+16)
Request from pid 78576: max_threads=65535, hint_threads=32
[1788485592733] Granted 16 threads to pid 78576 (CPUs 1+16)
Request from pid 78576: max_threads=65535, hint_threads=32
[1788485592947] Granted 16 threads to pid 78576 (CPUs 1+16)
Request from pid 78576: max_threads=65535, hint_threads=32
[1788485593090] Granted 16 threads to pid 78576 (CPUs 1+16)
Request from pid 78576: max_threads=65535, hint_threads=32
[1788485593304] Granted 16 threads to pid 78576 (CPUs 1+16)
Request from pid 78576: max_threads=65535, hint_threads=32
[1788485593446] Granted 16 threads to pid 78576 (CPUs 1+16)
Request from pid 78576: max_threads=65535, hint_threads=32
[1788485593660] Granted 16 threads to pid 78576 (CPUs 1+16)
Request from pid 78576: max_threads=65535, hint_threads=32
[1788485593803] Granted 16 threads to pid 78576 (CPUs 1+16)
Request from pid 78576: max_threads=65535, hint_threads=32
[1788485594017] Granted 16 threads to pid 78576 (CPUs 1+16)
Request from pid 78576: max_threads=65535, hint_threads=32
[1788485594159] Granted 16 threads to pid 78576 (CPUs 1+16)
Request from pid 78576: max_threads=65535, hint_threads=32
[1788485594373] Granted 16 threads to pid 78576 (CPUs 1+16)
Request from pid 78576: max_threads=65535, hint_threads=32
[1788485594515] Granted 16 threads to pid 78576 (CPUs 1+16)
Request from pid 78576: max_threads=65535, hint_threads=32
[1788485594729] Granted 16 threads to pid 78576 (CPUs 1+16)
Accepted connection
Handling client
Request from pid 78645: max_threads=65535, hint_threads=32
[1788485594788] Granted 10 threads to pid 78645 (CPUs 21+10)
Request from pid 78576: max_threads=65535, hint_threads=32
[1788485594895] Granted 10 threads to pid 78576 (CPUs 1+10)
Request from pid 78645: max_threads=65535, hint_threads=32
[1788485595239] Granted 10 threads to pid 78645 (CPUs 21+10)
Request from pid 78576: max_threads=65535, hint_threads=32
[1788485595390] Granted 10 threads to pid 78576 (CPUs 1+10)
Accepted connection
Handling client
Request from pid 78678: max_threads=65535, hint_threads=32
[1788485595460] Granted 8 threads to pid 78678 (CPUs 25+8)
Request from pid 78576: max_threads=65535, hint_threads=32
[1788485595637] Granted 8 threads to pid 78576 (CPUs 1+8)
Request from pid 78645: max_threads=65535, hint_threads=32
[1788485595655] Granted 8 threads to pid 78645 (CPUs 17+8)
Request from pid 78576: max_threads=65535, hint_threads=32
[1788485596458] Granted 10 threads to pid 78576 (CPUs 1+10)
Request from pid 78645: max_threads=65535, hint_threads=32
[1788485596605] Granted 10 threads to pid 78645 (CPUs 11+10)
Request from pid 78645: max_threads=65535, hint_threads=32
[1788485596808] Granted 10 threads to pid 78645 (CPUs 11+10)
Request from pid 78576: max_threads=65535, hint_threads=32
[1788485596835] Granted 10 threads to pid 78576 (CPUs 1+10)
Read error: Connection reset by peer (os error 104)
Request from pid 78678: max_threads=65535, hint_threads=32
[1788485597083] Granted 10 threads to pid 78678 (CPUs 21+10)
Request from pid 78678: max_threads=65535, hint_threads=32
[1788485597095] Granted 10 threads to pid 78678 (CPUs 21+10)
Request from pid 78645: max_threads=65535, hint_threads=32
[1788485597105] Granted 10 threads to pid 78645 (CPUs 11+10)
Request from pid 78645: max_threads=65535, hint_threads=32
[1788485597359] Granted 10 threads to pid 78645 (CPUs 11+10)
Accepted connection
Handling client
Request from pid 78711: max_threads=65535, hint_threads=32
[1788485597408] Granted 8 threads to pid 78711 (CPUs 25+8)
Request from pid 78678: max_threads=65535, hint_threads=32
[1788485597739] Granted 8 threads to pid 78678 (CPUs 17+8)
Request from pid 78645: max_threads=65535, hint_threads=32
[1788485597813] Granted 8 threads to pid 78645 (CPUs 9+8)
Request from pid 78711: max_threads=65535, hint_threads=32
[1788485597876] Granted 8 threads to pid 78711 (CPUs 25+8)
Request from pid 78645: max_threads=65535, hint_threads=32
[1788485598212] Granted 8 threads to pid 78645 (CPUs 9+8)
Request from pid 78678: max_threads=65535, hint_threads=32
[1788485598233] Granted 8 threads to pid 78678 (CPUs 17+8)
Request from pid 78711: max_threads=65535, hint_threads=32
[1788485598394] Granted 8 threads to pid 78711 (CPUs 25+8)
Request from pid 78678: max_threads=65535, hint_threads=32
[1788485598562] Granted 8 threads to pid 78678 (CPUs 17+8)
Request from pid 78645: max_threads=65535, hint_threads=32
[1788485598641] Granted 8 threads to pid 78645 (CPUs 9+8)
Request from pid 78645: max_threads=65535, hint_threads=32
[1788485598899] Granted 8 threads to pid 78645 (CPUs 9+8)
Request from pid 78678: max_threads=65535, hint_threads=32
[1788485598902] Granted 8 threads to pid 78678 (CPUs 17+8)
Request from pid 78678: max_threads=65535, hint_threads=32
[1788485599295] Granted 8 threads to pid 78678 (CPUs 17+8)
Request from pid 78645: max_threads=65535, hint_threads=32
[1788485599327] Granted 8 threads to pid 78645 (CPUs 9+8)
Request from pid 78711: max_threads=65535, hint_threads=32
[1788485599344] Granted 8 threads to pid 78711 (CPUs 25+8)
Request from pid 78645: max_threads=65535, hint_threads=32
[1788485599591] Granted 8 threads to pid 78645 (CPUs 9+8)
Request from pid 78711: max_threads=65535, hint_threads=32
[1788485599617] Granted 8 threads to pid 78711 (CPUs 25+8)
Request from pid 78678: max_threads=65535, hint_threads=32
[1788485599776] Granted 8 threads to pid 78678 (CPUs 17+8)
Request from pid 78645: max_threads=65535, hint_threads=32
[1788485600017] Granted 8 threads to pid 78645 (CPUs 9+8)
Request from pid 78645: max_threads=65535, hint_threads=32
[1788485600273] Granted 8 threads to pid 78645 (CPUs 9+8)
Request from pid 78711: max_threads=65535, hint_threads=32
[1788485600391] Granted 8 threads to pid 78711 (CPUs 25+8)
Request from pid 78678: max_threads=65535, hint_threads=32
[1788485600432] Granted 8 threads to pid 78678 (CPUs 17+8)
Request from pid 78645: max_threads=65535, hint_threads=32
[1788485600698] Granted 8 threads to pid 78645 (CPUs 9+8)
Request from pid 78645: max_threads=65535, hint_threads=32
[1788485600967] Granted 8 threads to pid 78645 (CPUs 9+8)
Request from pid 78711: max_threads=65535, hint_threads=32
[1788485601024] Granted 8 threads to pid 78711 (CPUs 25+8)
Accepted connection
Handling client
Request from pid 78752: max_threads=65535, hint_threads=32
[1788485601384] Granted 6 threads to pid 78752 (CPUs 25+6)
Request from pid 78645: max_threads=65535, hint_threads=32
[1788485601395] Granted 6 threads to pid 78645 (CPUs 7+6)
Request from pid 78678: max_threads=65535, hint_threads=32
[1788485601567] Granted 6 threads to pid 78678 (CPUs 13+6)
Request from pid 78645: max_threads=65535, hint_threads=32
[1788485601843] Granted 8 threads to pid 78645 (CPUs 1+8)
Request from pid 78711: max_threads=65535, hint_threads=32
[1788485601907] Granted 8 threads to pid 78711 (CPUs 17+8)
Request from pid 78645: max_threads=65535, hint_threads=32
[1788485602043] Granted 8 threads to pid 78645 (CPUs 1+8)
Request from pid 78678: max_threads=65535, hint_threads=32
[1788485602131] Granted 8 threads to pid 78678 (CPUs 9+8)
Request from pid 78678: max_threads=65535, hint_threads=32
[1788485602147] Granted 8 threads to pid 78678 (CPUs 9+8)
Request from pid 78711: max_threads=65535, hint_threads=32
[1788485602298] Granted 8 threads to pid 78711 (CPUs 17+8)
Accepted connection
Handling client
Request from pid 78785: max_threads=65535, hint_threads=32
[1788485602732] Granted 6 threads to pid 78785 (CPUs 25+6)
Request from pid 78785: max_threads=65535, hint_threads=32
[1788485602806] Granted 6 threads to pid 78785 (CPUs 25+6)
Request from pid 78678: max_threads=65535, hint_threads=32
[1788485603019] Granted 6 threads to pid 78678 (CPUs 7+6)
Request from pid 78711: max_threads=65535, hint_threads=32
[1788485603056] Granted 6 threads to pid 78711 (CPUs 13+6)
Request from pid 78645: max_threads=65535, hint_threads=32
[1788485603133] Granted 6 threads to pid 78645 (CPUs 1+6)
Request from pid 78678: max_threads=65535, hint_threads=32
[1788485603497] Granted 6 threads to pid 78678 (CPUs 7+6)
Request from pid 78645: max_threads=65535, hint_threads=32
[1788485603598] Granted 6 threads to pid 78645 (CPUs 1+6)
Request from pid 78678: max_threads=65535, hint_threads=32
[1788485603733] Granted 6 threads to pid 78678 (CPUs 7+6)
Request from pid 78752: max_threads=65535, hint_threads=32
[1788485603779] Granted 6 threads to pid 78752 (CPUs 19+6)
Request from pid 78711: max_threads=65535, hint_threads=32
[1788485603782] Granted 6 threads to pid 78711 (CPUs 13+6)
Request from pid 78752: max_threads=65535, hint_threads=32
[1788485603815] Granted 6 threads to pid 78752 (CPUs 19+6)
Request from pid 78711: max_threads=65535, hint_threads=32
[1788485603879] Granted 6 threads to pid 78711 (CPUs 13+6)
Request from pid 78645: max_threads=65535, hint_threads=32
[1788485604182] Granted 6 threads to pid 78645 (CPUs 1+6)
Request from pid 78678: max_threads=65535, hint_threads=32
[1788485604188] Granted 6 threads to pid 78678 (CPUs 7+6)
Request from pid 78678: max_threads=65535, hint_threads=32
[1788485604404] Granted 6 threads to pid 78678 (CPUs 7+6)
Request from pid 78711: max_threads=65535, hint_threads=32
[1788485604459] Granted 6 threads to pid 78711 (CPUs 13+6)
Request from pid 78645: max_threads=65535, hint_threads=32
[1788485604525] Granted 6 threads to pid 78645 (CPUs 1+6)
Request from pid 78711: max_threads=65535, hint_threads=32
[1788485604807] Granted 6 threads to pid 78711 (CPUs 13+6)
Request from pid 78678: max_threads=65535, hint_threads=32
[1788485604876] Granted 6 threads to pid 78678 (CPUs 7+6)
Request from pid 78752: max_threads=65535, hint_threads=32
[1788485605067] Granted 6 threads to pid 78752 (CPUs 19+6)
Request from pid 78678: max_threads=65535, hint_threads=32
[1788485605101] Granted 6 threads to pid 78678 (CPUs 7+6)
Request from pid 78645: max_threads=65535, hint_threads=32
[1788485605116] Granted 6 threads to pid 78645 (CPUs 1+6)
Request from pid 78678: max_threads=65535, hint_threads=32
[1788485605320] Granted 6 threads to pid 78678 (CPUs 7+6)
Request from pid 78711: max_threads=65535, hint_threads=32
[1788485605392] Granted 6 threads to pid 78711 (CPUs 13+6)
Request from pid 78645: max_threads=65535, hint_threads=32
[1788485605461] Granted 6 threads to pid 78645 (CPUs 1+6)
Request from pid 78752: max_threads=65535, hint_threads=32
[1788485605611] Granted 6 threads to pid 78752 (CPUs 19+6)
Request from pid 78711: max_threads=65535, hint_threads=32
[1788485605741] Granted 6 threads to pid 78711 (CPUs 13+6)
Request from pid 78678: max_threads=65535, hint_threads=32
[1788485605796] Granted 6 threads to pid 78678 (CPUs 7+6)
Request from pid 78678: max_threads=65535, hint_threads=32
[1788485606020] Granted 6 threads to pid 78678 (CPUs 7+6)
Request from pid 78645: max_threads=65535, hint_threads=32
[1788485606053] Granted 6 threads to pid 78645 (CPUs 1+6)
Request from pid 78752: max_threads=65535, hint_threads=32
[1788485606159] Granted 6 threads to pid 78752 (CPUs 19+6)
Request from pid 78711: max_threads=65535, hint_threads=32
[1788485606326] Granted 6 threads to pid 78711 (CPUs 13+6)
Request from pid 78645: max_threads=65535, hint_threads=32
[1788485606398] Granted 6 threads to pid 78645 (CPUs 1+6)
Request from pid 78678: max_threads=65535, hint_threads=32
[1788485606474] Granted 6 threads to pid 78678 (CPUs 7+6)
Request from pid 78711: max_threads=65535, hint_threads=32
[1788485606675] Granted 6 threads to pid 78711 (CPUs 13+6)
Request from pid 78752: max_threads=65535, hint_threads=32
[1788485606712] Granted 6 threads to pid 78752 (CPUs 19+6)
Request from pid 78678: max_threads=65535, hint_threads=32
[1788485606940] Granted 6 threads to pid 78678 (CPUs 7+6)
Request from pid 78645: max_threads=65535, hint_threads=32
[1788485606989] Granted 6 threads to pid 78645 (CPUs 1+6)
Request from pid 78752: max_threads=65535, hint_threads=32
[1788485607235] Granted 6 threads to pid 78752 (CPUs 19+6)
Request from pid 78711: max_threads=65535, hint_threads=32
[1788485607258] Granted 6 threads to pid 78711 (CPUs 13+6)
Request from pid 78645: max_threads=65535, hint_threads=32
[1788485607335] Granted 6 threads to pid 78645 (CPUs 1+6)
Request from pid 78678: max_threads=65535, hint_threads=32
[1788485607395] Granted 6 threads to pid 78678 (CPUs 7+6)
Request from pid 78711: max_threads=65535, hint_threads=32
[1788485607608] Granted 6 threads to pid 78711 (CPUs 13+6)
Request from pid 78678: max_threads=65535, hint_threads=32
[1788485607635] Granted 6 threads to pid 78678 (CPUs 7+6)
Request from pid 78752: max_threads=65535, hint_threads=32
[1788485607787] Granted 6 threads to pid 78752 (CPUs 19+6)
Request from pid 78645: max_threads=65535, hint_threads=32
[1788485607927] Granted 8 threads to pid 78645 (CPUs 1+8)
Request from pid 78678: max_threads=65535, hint_threads=32
[1788485608080] Granted 8 threads to pid 78678 (CPUs 9+8)
Request from pid 78711: max_threads=65535, hint_threads=32
[1788485608193] Granted 8 threads to pid 78711 (CPUs 17+8)
Request from pid 78645: max_threads=65535, hint_threads=32
[1788485608305] Granted 8 threads to pid 78645 (CPUs 1+8)
Request from pid 78752: max_threads=65535, hint_threads=32
[1788485608317] Granted 8 threads to pid 78752 (CPUs 25+8)
Request from pid 78678: max_threads=65535, hint_threads=32
[1788485608635] Granted 8 threads to pid 78678 (CPUs 9+8)
Request from pid 78711: max_threads=65535, hint_threads=32
[1788485608658] Granted 8 threads to pid 78711 (CPUs 17+8)
Request from pid 78678: max_threads=65535, hint_threads=32
[1788485608805] Granted 8 threads to pid 78678 (CPUs 9+8)
Request from pid 78645: max_threads=65535, hint_threads=32
[1788485608823] Granted 8 threads to pid 78645 (CPUs 1+8)
Request from pid 78752: max_threads=65535, hint_threads=32
[1788485608944] Granted 8 threads to pid 78752 (CPUs 25+8)
Request from pid 78645: max_threads=65535, hint_threads=32
[1788485609091] Granted 8 threads to pid 78645 (CPUs 1+8)
Request from pid 78678: max_threads=65535, hint_threads=32
[1788485609164] Granted 8 threads to pid 78678 (CPUs 9+8)
Request from pid 78752: max_threads=65535, hint_threads=32
[1788485609506] Granted 8 threads to pid 78752 (CPUs 25+8)
Request from pid 78678: max_threads=65535, hint_threads=32
[1788485609506] Granted 8 threads to pid 78678 (CPUs 9+8)
Request from pid 78645: max_threads=65535, hint_threads=32
[1788485609533] Granted 8 threads to pid 78645 (CPUs 1+8)
Request from pid 78711: max_threads=65535, hint_threads=32
[1788485609554] Granted 8 threads to pid 78711 (CPUs 17+8)
Request from pid 78611: max_threads=65535, hint_threads=32
[1788485609593] Granted 6 threads to pid 78611 (CPUs 1+6)
Read error: Connection reset by peer (os error 104)
Request from pid 78678: max_threads=65535, hint_threads=32
[1788485609675] Granted 6 threads to pid 78678 (CPUs 13+6)
Request from pid 78645: max_threads=65535, hint_threads=32
[1788485609815] Granted 6 threads to pid 78645 (CPUs 7+6)
Request from pid 78711: max_threads=65535, hint_threads=32
[1788485609862] Granted 6 threads to pid 78711 (CPUs 19+6)
Request from pid 78752: max_threads=65535, hint_threads=32
[1788485610034] Granted 6 threads to pid 78752 (CPUs 25+6)
Accepted connection
Handling client
Request from pid 78820: max_threads=65535, hint_threads=32
[1788485610136] Granted 5 threads to pid 78820 (CPUs 26+5)
Request from pid 78678: max_threads=65535, hint_threads=32
[1788485610222] Granted 5 threads to pid 78678 (CPUs 11+5)
Request from pid 78645: max_threads=65535, hint_threads=32
[1788485610528] Granted 5 threads to pid 78645 (CPUs 6+5)
Request from pid 78711: max_threads=65535, hint_threads=32
[1788485610579] Granted 5 threads to pid 78711 (CPUs 16+5)
Request from pid 78678: max_threads=65535, hint_threads=32
[1788485610980] Granted 5 threads to pid 78678 (CPUs 11+5)
Request from pid 78711: max_threads=65535, hint_threads=32
[1788485611013] Granted 5 threads to pid 78711 (CPUs 16+5)
Request from pid 78645: max_threads=65535, hint_threads=32
[1788485611072] Granted 5 threads to pid 78645 (CPUs 6+5)
Request from pid 78752: max_threads=65535, hint_threads=32
[1788485611255] Granted 5 threads to pid 78752 (CPUs 21+5)
Request from pid 78678: max_threads=65535, hint_threads=32
[1788485611345] Granted 5 threads to pid 78678 (CPUs 11+5)
Request from pid 78752: max_threads=65535, hint_threads=32
[1788485611634] Granted 5 threads to pid 78752 (CPUs 21+5)
Request from pid 78711: max_threads=65535, hint_threads=32
[1788485611707] Granted 5 threads to pid 78711 (CPUs 16+5)
Request from pid 78645: max_threads=65535, hint_threads=32
[1788485611759] Granted 5 threads to pid 78645 (CPUs 6+5)
Request from pid 78678: max_threads=65535, hint_threads=32
[1788485611858] Granted 5 threads to pid 78678 (CPUs 11+5)
Request from pid 78711: max_threads=65535, hint_threads=32
[1788485612121] Granted 5 threads to pid 78711 (CPUs 16+5)
Request from pid 78678: max_threads=65535, hint_threads=32
[1788485612135] Granted 5 threads to pid 78678 (CPUs 11+5)
Request from pid 78645: max_threads=65535, hint_threads=32
[1788485612176] Granted 5 threads to pid 78645 (CPUs 6+5)
Request from pid 78752: max_threads=65535, hint_threads=32
[1788485612240] Granted 5 threads to pid 78752 (CPUs 21+5)
Request from pid 78678: max_threads=65535, hint_threads=32
[1788485612401] Granted 5 threads to pid 78678 (CPUs 11+5)
Request from pid 78752: max_threads=65535, hint_threads=32
[1788485612621] Granted 5 threads to pid 78752 (CPUs 21+5)
Request from pid 78678: max_threads=65535, hint_threads=32
[1788485612662] Granted 5 threads to pid 78678 (CPUs 11+5)
Request from pid 78711: max_threads=65535, hint_threads=32
[1788485612817] Granted 5 threads to pid 78711 (CPUs 16+5)
Request from pid 78645: max_threads=65535, hint_threads=32
[1788485612867] Granted 5 threads to pid 78645 (CPUs 6+5)
Request from pid 78678: max_threads=65535, hint_threads=32
[1788485612915] Granted 5 threads to pid 78678 (CPUs 11+5)
Request from pid 78752: max_threads=65535, hint_threads=32
[1788485613096] Granted 5 threads to pid 78752 (CPUs 21+5)
Request from pid 78678: max_threads=65535, hint_threads=32
[1788485613181] Granted 5 threads to pid 78678 (CPUs 11+5)
Request from pid 78711: max_threads=65535, hint_threads=32
[1788485613236] Granted 5 threads to pid 78711 (CPUs 16+5)
Request from pid 78645: max_threads=65535, hint_threads=32
[1788485613287] Granted 5 threads to pid 78645 (CPUs 6+5)
Request from pid 78678: max_threads=65535, hint_threads=32
[1788485613722] Granted 5 threads to pid 78678 (CPUs 11+5)
Request from pid 78711: max_threads=65535, hint_threads=32
[1788485613932] Granted 5 threads to pid 78711 (CPUs 16+5)
Request from pid 78678: max_threads=65535, hint_threads=32
[1788485613975] Granted 5 threads to pid 78678 (CPUs 11+5)
Request from pid 78645: max_threads=65535, hint_threads=32
[1788485613977] Granted 5 threads to pid 78645 (CPUs 6+5)
Request from pid 78752: max_threads=65535, hint_threads=32
[1788485614085] Granted 5 threads to pid 78752 (CPUs 21+5)
Request from pid 78678: max_threads=65535, hint_threads=32
[1788485614231] Granted 5 threads to pid 78678 (CPUs 11+5)
Request from pid 78711: max_threads=65535, hint_threads=32
[1788485614353] Granted 5 threads to pid 78711 (CPUs 16+5)
Request from pid 78645: max_threads=65535, hint_threads=32
[1788485614399] Granted 5 threads to pid 78645 (CPUs 6+5)
Request from pid 78752: max_threads=65535, hint_threads=32
[1788485614447] Granted 5 threads to pid 78752 (CPUs 21+5)
Request from pid 78678: max_threads=65535, hint_threads=32
[1788485614523] Granted 5 threads to pid 78678 (CPUs 11+5)
Request from pid 78678: max_threads=65535, hint_threads=32
[1788485614783] Granted 6 threads to pid 78678 (CPUs 7+6)
Request from pid 78711: max_threads=65535, hint_threads=32
[1788485615045] Granted 6 threads to pid 78711 (CPUs 13+6)
Request from pid 78678: max_threads=65535, hint_threads=32
[1788485615383] Granted 8 threads to pid 78678 (CPUs 9+8)
Request from pid 78645: max_threads=65535, hint_threads=32
[1788485615399] Granted 8 threads to pid 78645 (CPUs 1+8)
Request from pid 78711: max_threads=65535, hint_threads=32
[1788485615428] Granted 8 threads to pid 78711 (CPUs 17+8)
Request from pid 78752: max_threads=65535, hint_threads=32
[1788485615553] Granted 8 threads to pid 78752 (CPUs 25+8)
Request from pid 78645: max_threads=65535, hint_threads=32
[1788485616078] Granted 8 threads to pid 78645 (CPUs 1+8)
Request from pid 78678: max_threads=65535, hint_threads=32
[1788485616136] Granted 8 threads to pid 78678 (CPUs 9+8)
Request from pid 78711: max_threads=65535, hint_threads=32
[1788485616229] Granted 8 threads to pid 78711 (CPUs 17+8)
Request from pid 78752: max_threads=65535, hint_threads=32
[1788485616271] Granted 8 threads to pid 78752 (CPUs 25+8)
Request from pid 78678: max_threads=65535, hint_threads=32
[1788485616469] Granted 8 threads to pid 78678 (CPUs 9+8)
Request from pid 78645: max_threads=65535, hint_threads=32
[1788485616514] Granted 8 threads to pid 78645 (CPUs 1+8)
Request from pid 78711: max_threads=65535, hint_threads=32
[1788485616655] Granted 8 threads to pid 78711 (CPUs 17+8)
Request from pid 78645: max_threads=65535, hint_threads=32
[1788485616717] Granted 8 threads to pid 78645 (CPUs 1+8)
Read error: Connection reset by peer (os error 104)
Request from pid 78678: max_threads=65535, hint_threads=32
[1788485616820] Granted 8 threads to pid 78678 (CPUs 9+8)
Request from pid 78711: max_threads=65535, hint_threads=32
[1788485617089] Granted 8 threads to pid 78711 (CPUs 17+8)
Request from pid 78678: max_threads=65535, hint_threads=32
[1788485617144] Granted 8 threads to pid 78678 (CPUs 9+8)
Accepted connection
Handling client
Request from pid 78853: max_threads=65535, hint_threads=32
[1788485617291] Granted 6 threads to pid 78853 (CPUs 25+6)
Request from pid 78711: max_threads=65535, hint_threads=32
[1788485617367] Granted 6 threads to pid 78711 (CPUs 13+6)
Request from pid 78678: max_threads=65535, hint_threads=32
[1788485617730] Granted 6 threads to pid 78678 (CPUs 7+6)
Request from pid 78752: max_threads=65535, hint_threads=32
[1788485617831] Granted 6 threads to pid 78752 (CPUs 19+6)
Request from pid 78853: max_threads=65535, hint_threads=32
[1788485617925] Granted 6 threads to pid 78853 (CPUs 25+6)
Request from pid 78678: max_threads=65535, hint_threads=32
[1788485617976] Granted 6 threads to pid 78678 (CPUs 7+6)
Request from pid 78752: max_threads=65535, hint_threads=32
[1788485618077] Granted 6 threads to pid 78752 (CPUs 19+6)
Request from pid 78678: max_threads=65535, hint_threads=32
[1788485618198] Granted 6 threads to pid 78678 (CPUs 7+6)
Request from pid 78711: max_threads=65535, hint_threads=32
[1788485618258] Granted 6 threads to pid 78711 (CPUs 13+6)
Request from pid 78752: max_threads=65535, hint_threads=32
[1788485618308] Granted 6 threads to pid 78752 (CPUs 19+6)
Request from pid 78711: max_threads=65535, hint_threads=32
[1788485618602] Granted 6 threads to pid 78711 (CPUs 13+6)
Request from pid 78678: max_threads=65535, hint_threads=32
[1788485618650] Granted 6 threads to pid 78678 (CPUs 7+6)
Request from pid 78752: max_threads=65535, hint_threads=32
[1788485618793] Granted 6 threads to pid 78752 (CPUs 19+6)
Request from pid 78853: max_threads=65535, hint_threads=32
[1788485618861] Granted 6 threads to pid 78853 (CPUs 25+6)
[1788485618880] Client pid 78678 disconnected — removed from state
Request from pid 78711: max_threads=65535, hint_threads=32
[1788485619180] Granted 8 threads to pid 78711 (CPUs 9+8)
Request from pid 78752: max_threads=65535, hint_threads=32
[1788485619242] Granted 8 threads to pid 78752 (CPUs 17+8)
Accepted connection
Handling client
Request from pid 78887: max_threads=65535, hint_threads=32
[1788485619420] Granted 6 threads to pid 78887 (CPUs 25+6)
Request from pid 78752: max_threads=65535, hint_threads=32
[1788485619665] Granted 6 threads to pid 78752 (CPUs 13+6)
Request from pid 78711: max_threads=65535, hint_threads=32
[1788485619708] Granted 6 threads to pid 78711 (CPUs 7+6)
Request from pid 78752: max_threads=65535, hint_threads=32
[1788485620366] Granted 6 threads to pid 78752 (CPUs 13+6)
Request from pid 78711: max_threads=65535, hint_threads=32
[1788485620640] Granted 6 threads to pid 78711 (CPUs 7+6)
Request from pid 78752: max_threads=65535, hint_threads=32
[1788485620766] Granted 6 threads to pid 78752 (CPUs 13+6)
Request from pid 78853: max_threads=65535, hint_threads=32
[1788485620965] Granted 6 threads to pid 78853 (CPUs 19+6)
Request from pid 78711: max_threads=65535, hint_threads=32
[1788485620976] Granted 6 threads to pid 78711 (CPUs 7+6)
Request from pid 78752: max_threads=65535, hint_threads=32
[1788485621227] Granted 6 threads to pid 78752 (CPUs 13+6)
Request from pid 78752: max_threads=65535, hint_threads=32
[1788485621452] Granted 6 threads to pid 78752 (CPUs 13+6)
Request from pid 78711: max_threads=65535, hint_threads=32
[1788485621552] Granted 6 threads to pid 78711 (CPUs 7+6)
Request from pid 78853: max_threads=65535, hint_threads=32
[1788485621588] Granted 6 threads to pid 78853 (CPUs 19+6)
Request from pid 78887: max_threads=65535, hint_threads=32
[1788485621624] Granted 6 threads to pid 78887 (CPUs 25+6)
Request from pid 78711: max_threads=65535, hint_threads=32
[1788485621895] Granted 8 threads to pid 78711 (CPUs 1+8)
Request from pid 78752: max_threads=65535, hint_threads=32
[1788485621922] Granted 8 threads to pid 78752 (CPUs 9+8)
Request from pid 78853: max_threads=65535, hint_threads=32
[1788485622096] Granted 8 threads to pid 78853 (CPUs 17+8)
Request from pid 78752: max_threads=65535, hint_threads=32
[1788485622368] Granted 8 threads to pid 78752 (CPUs 9+8)
Request from pid 78887: max_threads=65535, hint_threads=32
[1788485622400] Granted 8 threads to pid 78887 (CPUs 25+8)
Request from pid 78853: max_threads=65535, hint_threads=32
[1788485622502] Granted 8 threads to pid 78853 (CPUs 17+8)
Request from pid 78711: max_threads=65535, hint_threads=32
[1788485622556] Granted 8 threads to pid 78711 (CPUs 1+8)
Request from pid 78752: max_threads=65535, hint_threads=32
[1788485622581] Granted 8 threads to pid 78752 (CPUs 9+8)
Request from pid 78711: max_threads=65535, hint_threads=32
[1788485622755] Granted 8 threads to pid 78711 (CPUs 1+8)
Read error: Connection reset by peer (os error 104)
Request from pid 78752: max_threads=65535, hint_threads=32
[1788485622765] Granted 8 threads to pid 78752 (CPUs 9+8)
Request from pid 78752: max_threads=65535, hint_threads=32
[1788485622937] Granted 8 threads to pid 78752 (CPUs 9+8)
Request from pid 78853: max_threads=65535, hint_threads=32
[1788485622941] Granted 8 threads to pid 78853 (CPUs 17+8)
Request from pid 78887: max_threads=65535, hint_threads=32
[1788485622989] Granted 8 threads to pid 78887 (CPUs 25+8)
Request from pid 78853: max_threads=65535, hint_threads=32
[1788485623205] Granted 8 threads to pid 78853 (CPUs 17+8)
Request from pid 78752: max_threads=65535, hint_threads=32
[1788485623297] Granted 8 threads to pid 78752 (CPUs 9+8)
Accepted connection
Handling client
Request from pid 78923: max_threads=65535, hint_threads=32
[1788485623316] Granted 6 threads to pid 78923 (CPUs 25+6)
Request from pid 78887: max_threads=65535, hint_threads=32
[1788485623548] Granted 6 threads to pid 78887 (CPUs 19+6)
Request from pid 78752: max_threads=65535, hint_threads=32
[1788485623685] Granted 6 threads to pid 78752 (CPUs 7+6)
Request from pid 78853: max_threads=65535, hint_threads=32
[1788485623836] Granted 6 threads to pid 78853 (CPUs 13+6)
Request from pid 78923: max_threads=65535, hint_threads=32
[1788485623965] Granted 6 threads to pid 78923 (CPUs 25+6)
Request from pid 78752: max_threads=65535, hint_threads=32
[1788485624077] Granted 6 threads to pid 78752 (CPUs 7+6)
Request from pid 78887: max_threads=65535, hint_threads=32
[1788485624171] Granted 6 threads to pid 78887 (CPUs 19+6)
Request from pid 78853: max_threads=65535, hint_threads=32
[1788485624378] Granted 6 threads to pid 78853 (CPUs 13+6)
Request from pid 78887: max_threads=65535, hint_threads=32
[1788485624515] Granted 6 threads to pid 78887 (CPUs 19+6)
Request from pid 78752: max_threads=65535, hint_threads=32
[1788485624543] Granted 6 threads to pid 78752 (CPUs 7+6)
Request from pid 78887: max_threads=65535, hint_threads=32
[1788485624722] Granted 6 threads to pid 78887 (CPUs 19+6)
Request from pid 78752: max_threads=65535, hint_threads=32
[1788485624780] Granted 6 threads to pid 78752 (CPUs 7+6)
Request from pid 78923: max_threads=65535, hint_threads=32
[1788485624890] Granted 6 threads to pid 78923 (CPUs 25+6)
Request from pid 78853: max_threads=65535, hint_threads=32
[1788485624969] Granted 6 threads to pid 78853 (CPUs 13+6)
Request from pid 78887: max_threads=65535, hint_threads=32
[1788485625130] Granted 6 threads to pid 78887 (CPUs 19+6)
Request from pid 78752: max_threads=65535, hint_threads=32
[1788485625257] Granted 6 threads to pid 78752 (CPUs 7+6)
Request from pid 78853: max_threads=65535, hint_threads=32
[1788485625317] Granted 6 threads to pid 78853 (CPUs 13+6)
Request from pid 78887: max_threads=65535, hint_threads=32
[1788485625558] Granted 6 threads to pid 78887 (CPUs 19+6)
Request from pid 78752: max_threads=65535, hint_threads=32
[1788485625742] Granted 6 threads to pid 78752 (CPUs 7+6)
Request from pid 78887: max_threads=65535, hint_threads=32
[1788485625764] Granted 6 threads to pid 78887 (CPUs 19+6)
Request from pid 78853: max_threads=65535, hint_threads=32
[1788485625901] Granted 6 threads to pid 78853 (CPUs 13+6)
Request from pid 78752: max_threads=65535, hint_threads=32
[1788485625978] Granted 6 threads to pid 78752 (CPUs 7+6)
Request from pid 78887: max_threads=65535, hint_threads=32
[1788485626179] Granted 6 threads to pid 78887 (CPUs 19+6)
Request from pid 78752: max_threads=65535, hint_threads=32
[1788485626229] Granted 6 threads to pid 78752 (CPUs 7+6)
Request from pid 78853: max_threads=65535, hint_threads=32
[1788485626250] Granted 6 threads to pid 78853 (CPUs 13+6)
Request from pid 78752: max_threads=65535, hint_threads=32
[1788485626472] Granted 6 threads to pid 78752 (CPUs 7+6)
Request from pid 78887: max_threads=65535, hint_threads=32
[1788485626606] Granted 6 threads to pid 78887 (CPUs 19+6)
Request from pid 78923: max_threads=65535, hint_threads=32
[1788485626665] Granted 6 threads to pid 78923 (CPUs 25+6)
Request from pid 78887: max_threads=65535, hint_threads=32
[1788485626811] Granted 6 threads to pid 78887 (CPUs 19+6)
Request from pid 78853: max_threads=65535, hint_threads=32
[1788485626833] Granted 6 threads to pid 78853 (CPUs 13+6)
Request from pid 78752: max_threads=65535, hint_threads=32
[1788485626943] Granted 6 threads to pid 78752 (CPUs 7+6)
Request from pid 78853: max_threads=65535, hint_threads=32
[1788485627186] Granted 6 threads to pid 78853 (CPUs 13+6)
Request from pid 78923: max_threads=65535, hint_threads=32
[1788485627191] Granted 6 threads to pid 78923 (CPUs 25+6)
Request from pid 78752: max_threads=65535, hint_threads=32
[1788485627202] Granted 6 threads to pid 78752 (CPUs 7+6)
Request from pid 78887: max_threads=65535, hint_threads=32
[1788485627242] Granted 6 threads to pid 78887 (CPUs 19+6)
Request from pid 78752: max_threads=65535, hint_threads=32
[1788485627440] Granted 6 threads to pid 78752 (CPUs 7+6)
Request from pid 78887: max_threads=65535, hint_threads=32
[1788485627655] Granted 6 threads to pid 78887 (CPUs 19+6)
Request from pid 78853: max_threads=65535, hint_threads=32
[1788485627770] Granted 8 threads to pid 78853 (CPUs 9+8)
Request from pid 78887: max_threads=65535, hint_threads=32
[1788485627858] Granted 8 threads to pid 78887 (CPUs 17+8)
Request from pid 78752: max_threads=65535, hint_threads=32
[1788485627910] Granted 8 threads to pid 78752 (CPUs 1+8)
Request from pid 78853: max_threads=65535, hint_threads=32
[1788485628167] Granted 8 threads to pid 78853 (CPUs 9+8)
Request from pid 78887: max_threads=65535, hint_threads=32
[1788485628236] Granted 8 threads to pid 78887 (CPUs 17+8)
Request from pid 78752: max_threads=65535, hint_threads=32
[1788485628359] Granted 8 threads to pid 78752 (CPUs 1+8)
Request from pid 78887: max_threads=65535, hint_threads=32
[1788485628571] Granted 8 threads to pid 78887 (CPUs 17+8)
Request from pid 78853: max_threads=65535, hint_threads=32
[1788485628614] Granted 8 threads to pid 78853 (CPUs 9+8)
Request from pid 78923: max_threads=65535, hint_threads=32
[1788485628731] Granted 8 threads to pid 78923 (CPUs 25+8)
Request from pid 78752: max_threads=65535, hint_threads=32
[1788485628740] Granted 8 threads to pid 78752 (CPUs 1+8)
Request from pid 78853: max_threads=65535, hint_threads=32
[1788485628891] Granted 8 threads to pid 78853 (CPUs 9+8)
Request from pid 78887: max_threads=65535, hint_threads=32
[1788485628922] Granted 8 threads to pid 78887 (CPUs 17+8)
Request from pid 78752: max_threads=65535, hint_threads=32
[1788485629150] Granted 8 threads to pid 78752 (CPUs 1+8)
Request from pid 78887: max_threads=65535, hint_threads=32
[1788485629260] Granted 8 threads to pid 78887 (CPUs 17+8)
Request from pid 78853: max_threads=65535, hint_threads=32
[1788485629343] Granted 8 threads to pid 78853 (CPUs 9+8)
Request from pid 78752: max_threads=65535, hint_threads=32
[1788485629534] Granted 8 threads to pid 78752 (CPUs 1+8)
Request from pid 78887: max_threads=65535, hint_threads=32
[1788485629610] Granted 8 threads to pid 78887 (CPUs 17+8)
Request from pid 78853: max_threads=65535, hint_threads=32
[1788485629619] Granted 8 threads to pid 78853 (CPUs 9+8)
Request from pid 78752: max_threads=65535, hint_threads=32
[1788485629958] Granted 8 threads to pid 78752 (CPUs 1+8)
Request from pid 78887: max_threads=65535, hint_threads=32
[1788485629967] Granted 8 threads to pid 78887 (CPUs 17+8)
Request from pid 78923: max_threads=65535, hint_threads=32
[1788485630011] Granted 8 threads to pid 78923 (CPUs 25+8)
Request from pid 78853: max_threads=65535, hint_threads=32
[1788485630076] Granted 8 threads to pid 78853 (CPUs 9+8)
[1788485630162] Client pid 78752 disconnected — removed from state
Request from pid 78887: max_threads=65535, hint_threads=32
[1788485630302] Granted 10 threads to pid 78887 (CPUs 11+10)
Request from pid 78853: max_threads=65535, hint_threads=32
[1788485630344] Granted 10 threads to pid 78853 (CPUs 1+10)
Accepted connection
Handling client
Request from pid 78980: max_threads=65535, hint_threads=32
[1788485630720] Granted 8 threads to pid 78980 (CPUs 25+8)
Request from pid 78887: max_threads=65535, hint_threads=32
[1788485630756] Granted 8 threads to pid 78887 (CPUs 9+8)
Request from pid 78853: max_threads=65535, hint_threads=32
[1788485630943] Granted 8 threads to pid 78853 (CPUs 1+8)
Request from pid 78923: max_threads=65535, hint_threads=32
[1788485631323] Granted 8 threads to pid 78923 (CPUs 17+8)
Request from pid 78853: max_threads=65535, hint_threads=32
[1788485631408] Granted 8 threads to pid 78853 (CPUs 1+8)
Request from pid 78887: max_threads=65535, hint_threads=32
[1788485631489] Granted 8 threads to pid 78887 (CPUs 9+8)
Request from pid 78887: max_threads=65535, hint_threads=32
[1788485631892] Granted 8 threads to pid 78887 (CPUs 9+8)
Request from pid 78923: max_threads=65535, hint_threads=32
[1788485631911] Granted 8 threads to pid 78923 (CPUs 17+8)
Request from pid 78853: max_threads=65535, hint_threads=32
[1788485632085] Granted 8 threads to pid 78853 (CPUs 1+8)
Request from pid 78887: max_threads=65535, hint_threads=32
[1788485632224] Granted 8 threads to pid 78887 (CPUs 9+8)
Request from pid 78887: max_threads=65535, hint_threads=32
[1788485632425] Granted 8 threads to pid 78887 (CPUs 9+8)
Request from pid 78923: max_threads=65535, hint_threads=32
[1788485632451] Granted 8 threads to pid 78923 (CPUs 17+8)
Request from pid 78853: max_threads=65535, hint_threads=32
[1788485632583] Granted 8 threads to pid 78853 (CPUs 1+8)
Request from pid 78853: max_threads=65535, hint_threads=32
[1788485632667] Granted 8 threads to pid 78853 (CPUs 1+8)
Request from pid 78887: max_threads=65535, hint_threads=32
[1788485632761] Granted 8 threads to pid 78887 (CPUs 9+8)
Request from pid 78980: max_threads=65535, hint_threads=32
[1788485632795] Granted 8 threads to pid 78980 (CPUs 25+8)
Request from pid 78923: max_threads=65535, hint_threads=32
[1788485632836] Granted 8 threads to pid 78923 (CPUs 17+8)
Request from pid 78923: max_threads=65535, hint_threads=32
[1788485632921] Granted 8 threads to pid 78923 (CPUs 17+8)
Request from pid 78887: max_threads=65535, hint_threads=32
[1788485633113] Granted 8 threads to pid 78887 (CPUs 9+8)
Request from pid 78853: max_threads=65535, hint_threads=32
[1788485633123] Granted 8 threads to pid 78853 (CPUs 1+8)
Request from pid 78923: max_threads=65535, hint_threads=32
[1788485633372] Granted 8 threads to pid 78923 (CPUs 17+8)
Request from pid 78853: max_threads=65535, hint_threads=32
[1788485633397] Granted 8 threads to pid 78853 (CPUs 1+8)
Request from pid 78887: max_threads=65535, hint_threads=32
[1788485633457] Granted 8 threads to pid 78887 (CPUs 9+8)
Request from pid 78923: max_threads=65535, hint_threads=32
[1788485633645] Granted 8 threads to pid 78923 (CPUs 17+8)
Request from pid 78980: max_threads=65535, hint_threads=32
[1788485633731] Granted 8 threads to pid 78980 (CPUs 25+8)
Request from pid 78887: max_threads=65535, hint_threads=32
[1788485633808] Granted 8 threads to pid 78887 (CPUs 9+8)
Request from pid 78853: max_threads=65535, hint_threads=32
[1788485633854] Granted 8 threads to pid 78853 (CPUs 1+8)
Request from pid 78887: max_threads=65535, hint_threads=32
[1788485633972] Granted 8 threads to pid 78887 (CPUs 9+8)
Request from pid 78923: max_threads=65535, hint_threads=32
[1788485634094] Granted 8 threads to pid 78923 (CPUs 17+8)
Request from pid 78853: max_threads=65535, hint_threads=32
[1788485634128] Granted 8 threads to pid 78853 (CPUs 1+8)
Request from pid 78887: max_threads=65535, hint_threads=32
[1788485634328] Granted 8 threads to pid 78887 (CPUs 9+8)
Request from pid 78923: max_threads=65535, hint_threads=32
[1788485634367] Granted 8 threads to pid 78923 (CPUs 17+8)
Request from pid 78853: max_threads=65535, hint_threads=32
[1788485634586] Granted 8 threads to pid 78853 (CPUs 1+8)
Request from pid 78980: max_threads=65535, hint_threads=32
[1788485634627] Granted 8 threads to pid 78980 (CPUs 25+8)
Request from pid 78887: max_threads=65535, hint_threads=32
[1788485634667] Granted 8 threads to pid 78887 (CPUs 9+8)
Request from pid 78923: max_threads=65535, hint_threads=32
[1788485634816] Granted 8 threads to pid 78923 (CPUs 17+8)
Request from pid 78887: max_threads=65535, hint_threads=32
[1788485634843] Granted 8 threads to pid 78887 (CPUs 9+8)
Request from pid 78853: max_threads=65535, hint_threads=32
[1788485634859] Granted 8 threads to pid 78853 (CPUs 1+8)
Request from pid 78923: max_threads=65535, hint_threads=32
[1788485635089] Granted 8 threads to pid 78923 (CPUs 17+8)
Request from pid 78887: max_threads=65535, hint_threads=32
[1788485635197] Granted 8 threads to pid 78887 (CPUs 9+8)
Request from pid 78853: max_threads=65535, hint_threads=32
[1788485635316] Granted 8 threads to pid 78853 (CPUs 1+8)
Request from pid 78980: max_threads=65535, hint_threads=32
[1788485635479] Granted 8 threads to pid 78980 (CPUs 25+8)
Request from pid 78887: max_threads=65535, hint_threads=32
[1788485635530] Granted 8 threads to pid 78887 (CPUs 9+8)
Request from pid 78923: max_threads=65535, hint_threads=32
[1788485635538] Granted 8 threads to pid 78923 (CPUs 17+8)
Request from pid 78853: max_threads=65535, hint_threads=32
[1788485635590] Granted 8 threads to pid 78853 (CPUs 1+8)
Request from pid 78887: max_threads=65535, hint_threads=32
[1788485635707] Granted 8 threads to pid 78887 (CPUs 9+8)
Request from pid 78923: max_threads=65535, hint_threads=32
[1788485635813] Granted 8 threads to pid 78923 (CPUs 17+8)
Request from pid 78853: max_threads=65535, hint_threads=32
[1788485636048] Granted 8 threads to pid 78853 (CPUs 1+8)
Request from pid 78887: max_threads=65535, hint_threads=32
[1788485636060] Granted 8 threads to pid 78887 (CPUs 9+8)
Request from pid 78923: max_threads=65535, hint_threads=32
[1788485636261] Granted 8 threads to pid 78923 (CPUs 17+8)
Request from pid 78853: max_threads=65535, hint_threads=32
[1788485636321] Granted 8 threads to pid 78853 (CPUs 1+8)
Request from pid 78980: max_threads=65535, hint_threads=32
[1788485636327] Granted 8 threads to pid 78980 (CPUs 25+8)
Request from pid 78887: max_threads=65535, hint_threads=32
[1788485636404] Granted 8 threads to pid 78887 (CPUs 9+8)
Request from pid 78923: max_threads=65535, hint_threads=32
[1788485636535] Granted 8 threads to pid 78923 (CPUs 17+8)
Request from pid 78887: max_threads=65535, hint_threads=32
[1788485636590] Granted 8 threads to pid 78887 (CPUs 9+8)
Request from pid 78853: max_threads=65535, hint_threads=32
[1788485636778] Granted 8 threads to pid 78853 (CPUs 1+8)
Request from pid 78887: max_threads=65535, hint_threads=32
[1788485636918] Granted 8 threads to pid 78887 (CPUs 9+8)
Request from pid 78923: max_threads=65535, hint_threads=32
[1788485636981] Granted 8 threads to pid 78923 (CPUs 17+8)
Request from pid 78853: max_threads=65535, hint_threads=32
[1788485637051] Granted 8 threads to pid 78853 (CPUs 1+8)
Request from pid 78980: max_threads=65535, hint_threads=32
[1788485637171] Granted 8 threads to pid 78980 (CPUs 25+8)
Request from pid 78923: max_threads=65535, hint_threads=32
[1788485637257] Granted 8 threads to pid 78923 (CPUs 17+8)
Request from pid 78887: max_threads=65535, hint_threads=32
[1788485637285] Granted 8 threads to pid 78887 (CPUs 9+8)
Request from pid 78887: max_threads=65535, hint_threads=32
[1788485637450] Granted 8 threads to pid 78887 (CPUs 9+8)
Request from pid 78853: max_threads=65535, hint_threads=32
[1788485637508] Granted 8 threads to pid 78853 (CPUs 1+8)
Request from pid 78923: max_threads=65535, hint_threads=32
[1788485637704] Granted 8 threads to pid 78923 (CPUs 17+8)
Request from pid 78853: max_threads=65535, hint_threads=32
[1788485637781] Granted 8 threads to pid 78853 (CPUs 1+8)
Request from pid 78887: max_threads=65535, hint_threads=32
[1788485637793] Granted 8 threads to pid 78887 (CPUs 9+8)
Request from pid 78923: max_threads=65535, hint_threads=32
[1788485637980] Granted 8 threads to pid 78923 (CPUs 17+8)
Request from pid 78980: max_threads=65535, hint_threads=32
[1788485638015] Granted 8 threads to pid 78980 (CPUs 25+8)
Request from pid 78887: max_threads=65535, hint_threads=32
[1788485638147] Granted 8 threads to pid 78887 (CPUs 9+8)
[1788485638154] Client pid 78887 disconnected — removed from state
Request from pid 78853: max_threads=65535, hint_threads=32
[1788485638237] Granted 10 threads to pid 78853 (CPUs 1+10)
Request from pid 78923: max_threads=65535, hint_threads=32
[1788485638417] Granted 10 threads to pid 78923 (CPUs 11+10)
Request from pid 78853: max_threads=65535, hint_threads=32
[1788485638491] Granted 10 threads to pid 78853 (CPUs 1+10)
Request from pid 78923: max_threads=65535, hint_threads=32
[1788485638675] Granted 10 threads to pid 78923 (CPUs 11+10)
Accepted connection
Handling client
Request from pid 79017: max_threads=65535, hint_threads=32
[1788485638720] Granted 8 threads to pid 79017 (CPUs 25+8)
Request from pid 78980: max_threads=65535, hint_threads=32
[1788485638819] Granted 8 threads to pid 78980 (CPUs 17+8)
Request from pid 78980: max_threads=65535, hint_threads=32
[1788485638835] Granted 8 threads to pid 78980 (CPUs 17+8)
Request from pid 78853: max_threads=65535, hint_threads=32
[1788485638969] Granted 8 threads to pid 78853 (CPUs 1+8)
Request from pid 78853: max_threads=65535, hint_threads=32
[1788485639403] Granted 8 threads to pid 78853 (CPUs 1+8)
Read error: Connection reset by peer (os error 104)
Request from pid 78923: max_threads=65535, hint_threads=32
[1788485639556] Granted 8 threads to pid 78923 (CPUs 9+8)
Accepted connection
Handling client
Request from pid 79050: max_threads=65535, hint_threads=32
[1788485639942] Granted 6 threads to pid 79050 (CPUs 25+6)
Request from pid 78923: max_threads=65535, hint_threads=32
[1788485640142] Granted 6 threads to pid 78923 (CPUs 7+6)
Request from pid 78980: max_threads=65535, hint_threads=32
[1788485640181] Granted 6 threads to pid 78980 (CPUs 13+6)
Request from pid 79050: max_threads=65535, hint_threads=32
[1788485640642] Granted 6 threads to pid 79050 (CPUs 25+6)
Request from pid 78980: max_threads=65535, hint_threads=32
[1788485640755] Granted 6 threads to pid 78980 (CPUs 13+6)
Request from pid 79017: max_threads=65535, hint_threads=32
[1788485640839] Granted 6 threads to pid 79017 (CPUs 19+6)
Request from pid 78923: max_threads=65535, hint_threads=32
[1788485640969] Granted 6 threads to pid 78923 (CPUs 7+6)
Request from pid 78980: max_threads=65535, hint_threads=32
[1788485641022] Granted 6 threads to pid 78980 (CPUs 13+6)
Request from pid 79017: max_threads=65535, hint_threads=32
[1788485641073] Granted 6 threads to pid 79017 (CPUs 19+6)
Request from pid 79017: max_threads=65535, hint_threads=32
[1788485641306] Granted 6 threads to pid 79017 (CPUs 19+6)
Request from pid 78923: max_threads=65535, hint_threads=32
[1788485641312] Granted 6 threads to pid 78923 (CPUs 7+6)
Request from pid 78980: max_threads=65535, hint_threads=32
[1788485641533] Granted 6 threads to pid 78980 (CPUs 13+6)
Request from pid 79050: max_threads=65535, hint_threads=32
[1788485641651] Granted 6 threads to pid 79050 (CPUs 25+6)
Request from pid 79017: max_threads=65535, hint_threads=32
[1788485641747] Granted 6 threads to pid 79017 (CPUs 19+6)
Request from pid 78923: max_threads=65535, hint_threads=32
[1788485641892] Granted 6 threads to pid 78923 (CPUs 7+6)
Request from pid 78980: max_threads=65535, hint_threads=32
[1788485642028] Granted 6 threads to pid 78980 (CPUs 13+6)
Request from pid 79017: max_threads=65535, hint_threads=32
[1788485642189] Granted 6 threads to pid 79017 (CPUs 19+6)
Request from pid 78923: max_threads=65535, hint_threads=32
[1788485642235] Granted 6 threads to pid 78923 (CPUs 7+6)
Request from pid 78980: max_threads=65535, hint_threads=32
[1788485642293] Granted 6 threads to pid 78980 (CPUs 13+6)
Request from pid 79017: max_threads=65535, hint_threads=32
[1788485642637] Granted 6 threads to pid 79017 (CPUs 19+6)
Request from pid 78980: max_threads=65535, hint_threads=32
[1788485642792] Granted 6 threads to pid 78980 (CPUs 13+6)
Request from pid 78923: max_threads=65535, hint_threads=32
[1788485642816] Granted 6 threads to pid 78923 (CPUs 7+6)
Request from pid 79017: max_threads=65535, hint_threads=32
[1788485643076] Granted 6 threads to pid 79017 (CPUs 19+6)
Request from pid 78923: max_threads=65535, hint_threads=32
[1788485643159] Granted 6 threads to pid 78923 (CPUs 7+6)
Request from pid 78980: max_threads=65535, hint_threads=32
[1788485643307] Granted 6 threads to pid 78980 (CPUs 13+6)
Request from pid 79017: max_threads=65535, hint_threads=32
[1788485643311] Granted 6 threads to pid 79017 (CPUs 19+6)
Request from pid 79050: max_threads=65535, hint_threads=32
[1788485643483] Granted 6 threads to pid 79050 (CPUs 25+6)
Request from pid 79017: max_threads=65535, hint_threads=32
[1788485643532] Granted 6 threads to pid 79017 (CPUs 19+6)
Request from pid 78980: max_threads=65535, hint_threads=32
[1788485643557] Granted 6 threads to pid 78980 (CPUs 13+6)
Request from pid 78923: max_threads=65535, hint_threads=32
[1788485643738] Granted 6 threads to pid 78923 (CPUs 7+6)
Request from pid 79017: max_threads=65535, hint_threads=32
[1788485643969] Granted 6 threads to pid 79017 (CPUs 19+6)
Request from pid 79050: max_threads=65535, hint_threads=32
[1788485644020] Granted 6 threads to pid 79050 (CPUs 25+6)
Request from pid 78980: max_threads=65535, hint_threads=32
[1788485644070] Granted 6 threads to pid 78980 (CPUs 13+6)
Request from pid 78923: max_threads=65535, hint_threads=32
[1788485644083] Granted 6 threads to pid 78923 (CPUs 7+6)
Request from pid 79017: max_threads=65535, hint_threads=32
[1788485644426] Granted 8 threads to pid 79017 (CPUs 17+8)
Request from pid 78980: max_threads=65535, hint_threads=32
[1788485644570] Granted 8 threads to pid 78980 (CPUs 9+8)
Request from pid 79017: max_threads=65535, hint_threads=32
[1788485644801] Granted 8 threads to pid 79017 (CPUs 17+8)
Request from pid 78923: max_threads=65535, hint_threads=32
[1788485644853] Granted 8 threads to pid 78923 (CPUs 1+8)
Request from pid 78980: max_threads=65535, hint_threads=32
[1788485645021] Granted 8 threads to pid 78980 (CPUs 9+8)
Request from pid 79017: max_threads=65535, hint_threads=32
[1788485645125] Granted 8 threads to pid 79017 (CPUs 17+8)
Request from pid 78923: max_threads=65535, hint_threads=32
[1788485645332] Granted 8 threads to pid 78923 (CPUs 1+8)
Request from pid 78980: max_threads=65535, hint_threads=32
[1788485645359] Granted 8 threads to pid 78980 (CPUs 9+8)
Request from pid 79017: max_threads=65535, hint_threads=32
[1788485645468] Granted 8 threads to pid 79017 (CPUs 17+8)
Request from pid 79050: max_threads=65535, hint_threads=32
[1788485645513] Granted 8 threads to pid 79050 (CPUs 25+8)
Request from pid 78923: max_threads=65535, hint_threads=32
[1788485645701] Granted 8 threads to pid 78923 (CPUs 1+8)
Request from pid 78980: max_threads=65535, hint_threads=32
[1788485645767] Granted 8 threads to pid 78980 (CPUs 9+8)
Request from pid 79017: max_threads=65535, hint_threads=32
[1788485645820] Granted 8 threads to pid 79017 (CPUs 17+8)
Request from pid 78923: max_threads=65535, hint_threads=32
[1788485646082] Granted 8 threads to pid 78923 (CPUs 1+8)
Request from pid 78980: max_threads=65535, hint_threads=32
[1788485646186] Granted 8 threads to pid 78980 (CPUs 9+8)
Request from pid 79017: max_threads=65535, hint_threads=32
[1788485646191] Granted 8 threads to pid 79017 (CPUs 17+8)
Request from pid 78923: max_threads=65535, hint_threads=32
[1788485646421] Granted 8 threads to pid 78923 (CPUs 1+8)
Request from pid 79017: max_threads=65535, hint_threads=32
[1788485646549] Granted 8 threads to pid 79017 (CPUs 17+8)
Request from pid 78980: max_threads=65535, hint_threads=32
[1788485646594] Granted 8 threads to pid 78980 (CPUs 9+8)
Request from pid 79050: max_threads=65535, hint_threads=32
[1788485646789] Granted 8 threads to pid 79050 (CPUs 25+8)
Request from pid 78923: max_threads=65535, hint_threads=32
[1788485646808] Granted 8 threads to pid 78923 (CPUs 1+8)
Request from pid 79017: max_threads=65535, hint_threads=32
[1788485646941] Granted 8 threads to pid 79017 (CPUs 17+8)
Request from pid 78980: max_threads=65535, hint_threads=32
[1788485647034] Granted 8 threads to pid 78980 (CPUs 9+8)
Request from pid 79017: max_threads=65535, hint_threads=32
[1788485647126] Granted 8 threads to pid 79017 (CPUs 17+8)
Request from pid 78923: max_threads=65535, hint_threads=32
[1788485647152] Granted 8 threads to pid 78923 (CPUs 1+8)
Request from pid 78980: max_threads=65535, hint_threads=32
[1788485647242] Granted 8 threads to pid 78980 (CPUs 9+8)
Request from pid 79017: max_threads=65535, hint_threads=32
[1788485647483] Granted 8 threads to pid 79017 (CPUs 17+8)
Request from pid 78923: max_threads=65535, hint_threads=32
[1788485647534] Granted 8 threads to pid 78923 (CPUs 1+8)
Request from pid 78980: max_threads=65535, hint_threads=32
[1788485647663] Granted 8 threads to pid 78980 (CPUs 9+8)
Request from pid 79017: max_threads=65535, hint_threads=32
[1788485647862] Granted 8 threads to pid 79017 (CPUs 17+8)
Request from pid 78923: max_threads=65535, hint_threads=32
[1788485647876] Granted 8 threads to pid 78923 (CPUs 1+8)
Request from pid 78980: max_threads=65535, hint_threads=32
[1788485648070] Granted 8 threads to pid 78980 (CPUs 9+8)
Request from pid 79050: max_threads=65535, hint_threads=32
[1788485648135] Granted 8 threads to pid 79050 (CPUs 25+8)
Request from pid 79017: max_threads=65535, hint_threads=32
[1788485648214] Granted 8 threads to pid 79017 (CPUs 17+8)
Request from pid 78923: max_threads=65535, hint_threads=32
[1788485648256] Granted 8 threads to pid 78923 (CPUs 1+8)
Request from pid 78980: max_threads=65535, hint_threads=32
[1788485648271] Granted 8 threads to pid 78980 (CPUs 9+8)
[1788485648273] Client pid 78923 disconnected — removed from state
Request from pid 78980: max_threads=65535, hint_threads=32
[1788485648460] Granted 10 threads to pid 78980 (CPUs 1+10)
Request from pid 79017: max_threads=65535, hint_threads=32
[1788485648548] Granted 10 threads to pid 79017 (CPUs 11+10)
Request from pid 78980: max_threads=65535, hint_threads=32
[1788485648824] Granted 10 threads to pid 78980 (CPUs 1+10)
Request from pid 79017: max_threads=65535, hint_threads=32
[1788485648866] Granted 10 threads to pid 79017 (CPUs 11+10)
Request from pid 79050: max_threads=65535, hint_threads=32
[1788485648904] Granted 10 threads to pid 79050 (CPUs 21+10)
Request from pid 78980: max_threads=65535, hint_threads=32
[1788485649144] Granted 10 threads to pid 78980 (CPUs 1+10)
Request from pid 79017: max_threads=65535, hint_threads=32
[1788485649145] Granted 10 threads to pid 79017 (CPUs 11+10)
Request from pid 79017: max_threads=65535, hint_threads=32
[1788485649427] Granted 10 threads to pid 79017 (CPUs 11+10)
Request from pid 78980: max_threads=65535, hint_threads=32
[1788485649464] Granted 10 threads to pid 78980 (CPUs 1+10)
Request from pid 79017: max_threads=65535, hint_threads=32
[1788485649700] Granted 10 threads to pid 79017 (CPUs 11+10)
Request from pid 78980: max_threads=65535, hint_threads=32
[1788485649781] Granted 10 threads to pid 78980 (CPUs 1+10)
Request from pid 78980: max_threads=65535, hint_threads=32
[1788485649942] Granted 10 threads to pid 78980 (CPUs 1+10)
Request from pid 79017: max_threads=65535, hint_threads=32
[1788485649979] Granted 10 threads to pid 79017 (CPUs 11+10)
Request from pid 79050: max_threads=65535, hint_threads=32
[1788485650079] Granted 10 threads to pid 79050 (CPUs 21+10)
Request from pid 79017: max_threads=65535, hint_threads=32
[1788485650256] Granted 10 threads to pid 79017 (CPUs 11+10)
Request from pid 78980: max_threads=65535, hint_threads=32
[1788485650262] Granted 10 threads to pid 78980 (CPUs 1+10)
Request from pid 79050: max_threads=65535, hint_threads=32
[1788485650515] Granted 10 threads to pid 79050 (CPUs 21+10)
Request from pid 79017: max_threads=65535, hint_threads=32
[1788485650553] Granted 10 threads to pid 79017 (CPUs 11+10)
Request from pid 78980: max_threads=65535, hint_threads=32
[1788485650605] Granted 10 threads to pid 78980 (CPUs 1+10)
Request from pid 78980: max_threads=65535, hint_threads=32
[1788485650770] Granted 10 threads to pid 78980 (CPUs 1+10)
Request from pid 79017: max_threads=65535, hint_threads=32
[1788485650841] Granted 10 threads to pid 79017 (CPUs 11+10)
[1788485650860] Client pid 78785 disconnected — removed from state
Request from pid 78980: max_threads=65535, hint_threads=32
[1788485651093] Granted 10 threads to pid 78980 (CPUs 1+10)
Request from pid 79017: max_threads=65535, hint_threads=32
[1788485651123] Granted 10 threads to pid 79017 (CPUs 11+10)
Request from pid 79050: max_threads=65535, hint_threads=32
[1788485651256] Granted 10 threads to pid 79050 (CPUs 21+10)
Request from pid 79017: max_threads=65535, hint_threads=32
[1788485651403] Granted 10 threads to pid 79017 (CPUs 11+10)
Request from pid 78980: max_threads=65535, hint_threads=32
[1788485651416] Granted 10 threads to pid 78980 (CPUs 1+10)
Request from pid 78980: max_threads=65535, hint_threads=32
[1788485651575] Granted 10 threads to pid 78980 (CPUs 1+10)
Request from pid 79017: max_threads=65535, hint_threads=32
[1788485651697] Granted 10 threads to pid 79017 (CPUs 11+10)
Request from pid 79050: max_threads=65535, hint_threads=32
[1788485651701] Granted 10 threads to pid 79050 (CPUs 21+10)
Request from pid 78980: max_threads=65535, hint_threads=32
[1788485651921] Granted 10 threads to pid 78980 (CPUs 1+10)
Request from pid 79017: max_threads=65535, hint_threads=32
[1788485651986] Granted 10 threads to pid 79017 (CPUs 11+10)
Request from pid 78980: max_threads=65535, hint_threads=32
[1788485652244] Granted 10 threads to pid 78980 (CPUs 1+10)
Request from pid 79017: max_threads=65535, hint_threads=32
[1788485652268] Granted 10 threads to pid 79017 (CPUs 11+10)
Request from pid 79017: max_threads=65535, hint_threads=32
[1788485652406] Granted 10 threads to pid 79017 (CPUs 11+10)
Request from pid 79050: max_threads=65535, hint_threads=32
[1788485652447] Granted 10 threads to pid 79050 (CPUs 21+10)
Request from pid 78980: max_threads=65535, hint_threads=32
[1788485652567] Granted 10 threads to pid 78980 (CPUs 1+10)
Request from pid 79017: max_threads=65535, hint_threads=32
[1788485652685] Granted 10 threads to pid 79017 (CPUs 11+10)
Request from pid 79050: max_threads=65535, hint_threads=32
[1788485652880] Granted 10 threads to pid 79050 (CPUs 21+10)
Request from pid 78980: max_threads=65535, hint_threads=32
[1788485652907] Granted 10 threads to pid 78980 (CPUs 1+10)
Request from pid 79017: max_threads=65535, hint_threads=32
[1788485652985] Granted 10 threads to pid 79017 (CPUs 11+10)
Request from pid 79017: max_threads=65535, hint_threads=32
[1788485653130] Granted 10 threads to pid 79017 (CPUs 11+10)
Request from pid 78980: max_threads=65535, hint_threads=32
[1788485653234] Granted 10 threads to pid 78980 (CPUs 1+10)
Request from pid 79017: max_threads=65535, hint_threads=32
[1788485653412] Granted 10 threads to pid 79017 (CPUs 11+10)
Request from pid 78980: max_threads=65535, hint_threads=32
[1788485653557] Granted 10 threads to pid 78980 (CPUs 1+10)
Request from pid 79050: max_threads=65535, hint_threads=32
[1788485653607] Granted 10 threads to pid 79050 (CPUs 21+10)
Request from pid 79017: max_threads=65535, hint_threads=32
[1788485653691] Granted 10 threads to pid 79017 (CPUs 11+10)
[1788485653699] Client pid 79017 disconnected — removed from state
Request from pid 78980: max_threads=65535, hint_threads=32
[1788485653858] Granted 16 threads to pid 78980 (CPUs 1+16)
[1788485653866] Client pid 78980 disconnected — removed from state
Request from pid 79050: max_threads=65535, hint_threads=32
[1788485654022] Granted 32 threads to pid 79050 (CPUs 1+32)
Accepted connection
Handling client
Request from pid 79085: max_threads=65535, hint_threads=32
[1788485654416] Granted 16 threads to pid 79085 (CPUs 17+16)
Request from pid 79050: max_threads=65535, hint_threads=32
[1788485654561] Granted 16 threads to pid 79050 (CPUs 1+16)
Request from pid 79050: max_threads=65535, hint_threads=32
[1788485654736] Granted 16 threads to pid 79050 (CPUs 1+16)
Request from pid 79050: max_threads=65535, hint_threads=32
[1788485655150] Granted 16 threads to pid 79050 (CPUs 1+16)
Request from pid 79050: max_threads=65535, hint_threads=32
[1788485655534] Granted 16 threads to pid 79050 (CPUs 1+16)
Request from pid 79050: max_threads=65535, hint_threads=32
[1788485655612] Granted 16 threads to pid 79050 (CPUs 1+16)
Request from pid 79085: max_threads=65535, hint_threads=32
[1788485655762] Granted 16 threads to pid 79085 (CPUs 17+16)
Request from pid 79050: max_threads=65535, hint_threads=32
[1788485655965] Granted 16 threads to pid 79050 (CPUs 1+16)
Request from pid 79085: max_threads=65535, hint_threads=32
[1788485656027] Granted 16 threads to pid 79085 (CPUs 17+16)
Request from pid 79050: max_threads=65535, hint_threads=32
[1788485656113] Granted 16 threads to pid 79050 (CPUs 1+16)
Request from pid 79085: max_threads=65535, hint_threads=32
[1788485656212] Granted 16 threads to pid 79085 (CPUs 17+16)
Request from pid 79050: max_threads=65535, hint_threads=32
[1788485656335] Granted 16 threads to pid 79050 (CPUs 1+16)
Request from pid 79085: max_threads=65535, hint_threads=32
[1788485656372] Granted 16 threads to pid 79085 (CPUs 17+16)
Request from pid 79050: max_threads=65535, hint_threads=32
[1788485656483] Granted 16 threads to pid 79050 (CPUs 1+16)
Request from pid 79085: max_threads=65535, hint_threads=32
[1788485656603] Granted 16 threads to pid 79085 (CPUs 17+16)
Request from pid 79050: max_threads=65535, hint_threads=32
[1788485656702] Granted 16 threads to pid 79050 (CPUs 1+16)
Request from pid 79050: max_threads=65535, hint_threads=32
[1788485656849] Granted 16 threads to pid 79050 (CPUs 1+16)
Request from pid 79085: max_threads=65535, hint_threads=32
[1788485656890] Granted 16 threads to pid 79085 (CPUs 17+16)
Request from pid 79050: max_threads=65535, hint_threads=32
[1788485657067] Granted 16 threads to pid 79050 (CPUs 1+16)
Request from pid 79085: max_threads=65535, hint_threads=32
[1788485657159] Granted 16 threads to pid 79085 (CPUs 17+16)
Request from pid 79050: max_threads=65535, hint_threads=32
[1788485657214] Granted 16 threads to pid 79050 (CPUs 1+16)
Request from pid 79050: max_threads=65535, hint_threads=32
[1788485657432] Granted 16 threads to pid 79050 (CPUs 1+16)
Request from pid 79050: max_threads=65535, hint_threads=32
[1788485657578] Granted 16 threads to pid 79050 (CPUs 1+16)
Request from pid 79050: max_threads=65535, hint_threads=32
[1788485657795] Granted 16 threads to pid 79050 (CPUs 1+16)
Request from pid 79085: max_threads=65535, hint_threads=32
[1788485657855] Granted 16 threads to pid 79085 (CPUs 17+16)
Request from pid 79050: max_threads=65535, hint_threads=32
[1788485657941] Granted 16 threads to pid 79050 (CPUs 1+16)
Request from pid 79050: max_threads=65535, hint_threads=32
[1788485658157] Granted 16 threads to pid 79050 (CPUs 1+16)
Request from pid 79050: max_threads=65535, hint_threads=32
[1788485658303] Granted 16 threads to pid 79050 (CPUs 1+16)
Request from pid 79085: max_threads=65535, hint_threads=32
[1788485658327] Granted 16 threads to pid 79085 (CPUs 17+16)
Request from pid 79050: max_threads=65535, hint_threads=32
[1788485658522] Granted 16 threads to pid 79050 (CPUs 1+16)
Request from pid 79085: max_threads=65535, hint_threads=32
[1788485658543] Granted 16 threads to pid 79085 (CPUs 17+16)
Request from pid 79050: max_threads=65535, hint_threads=32
[1788485658670] Granted 16 threads to pid 79050 (CPUs 1+16)
Request from pid 79085: max_threads=65535, hint_threads=32
[1788485658737] Granted 16 threads to pid 79085 (CPUs 17+16)
Request from pid 79050: max_threads=65535, hint_threads=32
[1788485658892] Granted 16 threads to pid 79050 (CPUs 1+16)
Request from pid 79085: max_threads=65535, hint_threads=32
[1788485658913] Granted 16 threads to pid 79085 (CPUs 17+16)
Request from pid 79050: max_threads=65535, hint_threads=32
[1788485659041] Granted 16 threads to pid 79050 (CPUs 1+16)
Request from pid 79085: max_threads=65535, hint_threads=32
[1788485659111] Granted 16 threads to pid 79085 (CPUs 17+16)
Request from pid 79050: max_threads=65535, hint_threads=32
[1788485659263] Granted 16 threads to pid 79050 (CPUs 1+16)
Request from pid 79085: max_threads=65535, hint_threads=32
[1788485659287] Granted 16 threads to pid 79085 (CPUs 17+16)
Request from pid 79050: max_threads=65535, hint_threads=32
[1788485659411] Granted 16 threads to pid 79050 (CPUs 1+16)
Request from pid 79085: max_threads=65535, hint_threads=32
[1788485659486] Granted 16 threads to pid 79085 (CPUs 17+16)
Request from pid 79050: max_threads=65535, hint_threads=32
[1788485659633] Granted 16 threads to pid 79050 (CPUs 1+16)
Request from pid 79085: max_threads=65535, hint_threads=32
[1788485659662] Granted 16 threads to pid 79085 (CPUs 17+16)
Request from pid 79050: max_threads=65535, hint_threads=32
[1788485659782] Granted 16 threads to pid 79050 (CPUs 1+16)
Request from pid 79085: max_threads=65535, hint_threads=32
[1788485659854] Granted 16 threads to pid 79085 (CPUs 17+16)
Request from pid 79050: max_threads=65535, hint_threads=32
[1788485660004] Granted 16 threads to pid 79050 (CPUs 1+16)
Request from pid 79085: max_threads=65535, hint_threads=32
[1788485660024] Granted 16 threads to pid 79085 (CPUs 17+16)
Request from pid 79050: max_threads=65535, hint_threads=32
[1788485660153] Granted 16 threads to pid 79050 (CPUs 1+16)
Request from pid 79085: max_threads=65535, hint_threads=32
[1788485660210] Granted 16 threads to pid 79085 (CPUs 17+16)
Request from pid 79050: max_threads=65535, hint_threads=32
[1788485660376] Granted 16 threads to pid 79050 (CPUs 1+16)
Request from pid 79085: max_threads=65535, hint_threads=32
[1788485660377] Granted 16 threads to pid 79085 (CPUs 17+16)
Request from pid 79050: max_threads=65535, hint_threads=32
[1788485660483] Granted 16 threads to pid 79050 (CPUs 1+16)
Read error: Connection reset by peer (os error 104)
Request from pid 79085: max_threads=65535, hint_threads=32
[1788485660535] Granted 16 threads to pid 79085 (CPUs 17+16)
Request from pid 79085: max_threads=65535, hint_threads=32
[1788485660694] Granted 16 threads to pid 79085 (CPUs 17+16)
Request from pid 79085: max_threads=65535, hint_threads=32
[1788485660847] Granted 16 threads to pid 79085 (CPUs 17+16)
Request from pid 79085: max_threads=65535, hint_threads=32
[1788485661000] Granted 16 threads to pid 79085 (CPUs 17+16)
Request from pid 79085: max_threads=65535, hint_threads=32
[1788485661152] Granted 16 threads to pid 79085 (CPUs 17+16)
Request from pid 79085: max_threads=65535, hint_threads=32
[1788485661304] Granted 16 threads to pid 79085 (CPUs 17+16)
Request from pid 79085: max_threads=65535, hint_threads=32
[1788485661457] Granted 16 threads to pid 79085 (CPUs 17+16)
Request from pid 79085: max_threads=65535, hint_threads=32
[1788485661625] Granted 16 threads to pid 79085 (CPUs 17+16)
Request from pid 79085: max_threads=65535, hint_threads=32
[1788485661778] Granted 16 threads to pid 79085 (CPUs 17+16)
Request from pid 79085: max_threads=65535, hint_threads=32
[1788485661931] Granted 16 threads to pid 79085 (CPUs 17+16)
Request from pid 79085: max_threads=65535, hint_threads=32
[1788485662082] Granted 16 threads to pid 79085 (CPUs 17+16)
Request from pid 79085: max_threads=65535, hint_threads=32
[1788485662233] Granted 16 threads to pid 79085 (CPUs 17+16)
Request from pid 79085: max_threads=65535, hint_threads=32
[1788485662385] Granted 16 threads to pid 79085 (CPUs 17+16)
Request from pid 79085: max_threads=65535, hint_threads=32
[1788485662537] Granted 16 threads to pid 79085 (CPUs 17+16)
Request from pid 79085: max_threads=65535, hint_threads=32
[1788485662689] Granted 16 threads to pid 79085 (CPUs 17+16)
Request from pid 79085: max_threads=65535, hint_threads=32
[1788485662841] Granted 16 threads to pid 79085 (CPUs 17+16)
Request from pid 79085: max_threads=65535, hint_threads=32
[1788485662994] Granted 16 threads to pid 79085 (CPUs 17+16)
Request from pid 79085: max_threads=65535, hint_threads=32
[1788485663147] Granted 16 threads to pid 79085 (CPUs 17+16)
Request from pid 79085: max_threads=65535, hint_threads=32
[1788485663300] Granted 16 threads to pid 79085 (CPUs 17+16)
Request from pid 79085: max_threads=65535, hint_threads=32
[1788485663453] Granted 16 threads to pid 79085 (CPUs 17+16)
Request from pid 79085: max_threads=65535, hint_threads=32
[1788485663607] Granted 16 threads to pid 79085 (CPUs 17+16)
Request from pid 79085: max_threads=65535, hint_threads=32
[1788485663761] Granted 16 threads to pid 79085 (CPUs 17+16)
Request from pid 79085: max_threads=65535, hint_threads=32
[1788485663914] Granted 16 threads to pid 79085 (CPUs 17+16)
Request from pid 79085: max_threads=65535, hint_threads=32
[1788485664068] Granted 16 threads to pid 79085 (CPUs 17+16)
Request from pid 79085: max_threads=65535, hint_threads=32
[1788485664222] Granted 16 threads to pid 79085 (CPUs 17+16)
Request from pid 79085: max_threads=65535, hint_threads=32
[1788485664376] Granted 16 threads to pid 79085 (CPUs 17+16)
Request from pid 79085: max_threads=65535, hint_threads=32
[1788485664574] Granted 16 threads to pid 79085 (CPUs 17+16)
Request from pid 79085: max_threads=65535, hint_threads=32
[1788485664729] Granted 16 threads to pid 79085 (CPUs 17+16)
Request from pid 78820: max_threads=65535, hint_threads=32
[1788485664748] Granted 10 threads to pid 78820 (CPUs 1+10)
Read error: Connection reset by peer (os error 104)
Request from pid 79085: max_threads=65535, hint_threads=32
[1788485664843] Granted 10 threads to pid 79085 (CPUs 21+10)
Request from pid 79085: max_threads=65535, hint_threads=32
[1788485665145] Granted 10 threads to pid 79085 (CPUs 21+10)
Accepted connection
Handling client
Request from pid 79129: max_threads=65535, hint_threads=32
[1788485665343] Granted 8 threads to pid 79129 (CPUs 25+8)
Request from pid 79085: max_threads=65535, hint_threads=32
[1788485665475] Granted 8 threads to pid 79085 (CPUs 17+8)
Request from pid 79085: max_threads=65535, hint_threads=32
[1788485665749] Granted 10 threads to pid 79085 (CPUs 11+10)
Request from pid 79085: max_threads=65535, hint_threads=32
[1788485666027] Granted 10 threads to pid 79085 (CPUs 11+10)
Request from pid 79085: max_threads=65535, hint_threads=32
[1788485666270] Granted 10 threads to pid 79085 (CPUs 11+10)
Request from pid 79085: max_threads=65535, hint_threads=32
[1788485666513] Granted 10 threads to pid 79085 (CPUs 11+10)
Request from pid 79085: max_threads=65535, hint_threads=32
[1788485666634] Granted 10 threads to pid 79085 (CPUs 11+10)
Request from pid 79085: max_threads=65535, hint_threads=32
[1788485666877] Granted 10 threads to pid 79085 (CPUs 11+10)
Request from pid 79085: max_threads=65535, hint_threads=32
[1788485667120] Granted 10 threads to pid 79085 (CPUs 11+10)
Request from pid 79085: max_threads=65535, hint_threads=32
[1788485667364] Granted 10 threads to pid 79085 (CPUs 11+10)
Request from pid 79085: max_threads=65535, hint_threads=32
[1788485667607] Granted 10 threads to pid 79085 (CPUs 11+10)
Request from pid 79085: max_threads=65535, hint_threads=32
[1788485667850] Granted 10 threads to pid 79085 (CPUs 11+10)
Request from pid 79085: max_threads=65535, hint_threads=32
[1788485668094] Granted 10 threads to pid 79085 (CPUs 11+10)
Request from pid 79085: max_threads=65535, hint_threads=32
[1788485668337] Granted 10 threads to pid 79085 (CPUs 11+10)
[1788485668342] Client pid 79085 disconnected — removed from state
Accepted connection
Handling client
Request from pid 79163: max_threads=65535, hint_threads=32
[1788485668888] Granted 10 threads to pid 79163 (CPUs 21+10)
Request from pid 79163: max_threads=65535, hint_threads=32
[1788485670169] Granted 16 threads to pid 79163 (CPUs 17+16)
Request from pid 79163: max_threads=65535, hint_threads=32
[1788485670543] Granted 32 threads to pid 79163 (CPUs 1+32)
Request from pid 79163: max_threads=65535, hint_threads=32
[1788485670723] Granted 32 threads to pid 79163 (CPUs 1+32)
Request from pid 79163: max_threads=65535, hint_threads=32
[1788485670852] Granted 32 threads to pid 79163 (CPUs 1+32)
Request from pid 79163: max_threads=65535, hint_threads=32
[1788485670940] Granted 32 threads to pid 79163 (CPUs 1+32)
Request from pid 79163: max_threads=65535, hint_threads=32
[1788485671027] Granted 32 threads to pid 79163 (CPUs 1+32)
Request from pid 79163: max_threads=65535, hint_threads=32
[1788485671121] Granted 32 threads to pid 79163 (CPUs 1+32)
Request from pid 79163: max_threads=65535, hint_threads=32
[1788485671212] Granted 32 threads to pid 79163 (CPUs 1+32)
Request from pid 79163: max_threads=65535, hint_threads=32
[1788485671307] Granted 32 threads to pid 79163 (CPUs 1+32)
Request from pid 79163: max_threads=65535, hint_threads=32
[1788485671402] Granted 32 threads to pid 79163 (CPUs 1+32)
Request from pid 79163: max_threads=65535, hint_threads=32
[1788485671493] Granted 32 threads to pid 79163 (CPUs 1+32)
Request from pid 79163: max_threads=65535, hint_threads=32
[1788485671590] Granted 32 threads to pid 79163 (CPUs 1+32)
Request from pid 79163: max_threads=65535, hint_threads=32
[1788485671689] Granted 32 threads to pid 79163 (CPUs 1+32)
Request from pid 79163: max_threads=65535, hint_threads=32
[1788485671784] Granted 32 threads to pid 79163 (CPUs 1+32)
Request from pid 79163: max_threads=65535, hint_threads=32
[1788485671882] Granted 32 threads to pid 79163 (CPUs 1+32)
Request from pid 79163: max_threads=65535, hint_threads=32
[1788485671970] Granted 32 threads to pid 79163 (CPUs 1+32)
Request from pid 79163: max_threads=65535, hint_threads=32
[1788485672104] Granted 32 threads to pid 79163 (CPUs 1+32)
Request from pid 79163: max_threads=65535, hint_threads=32
[1788485672262] Granted 32 threads to pid 79163 (CPUs 1+32)
Request from pid 79163: max_threads=65535, hint_threads=32
[1788485672409] Granted 32 threads to pid 79163 (CPUs 1+32)
Request from pid 79163: max_threads=65535, hint_threads=32
[1788485672555] Granted 32 threads to pid 79163 (CPUs 1+32)
Request from pid 79163: max_threads=65535, hint_threads=32
[1788485672640] Granted 32 threads to pid 79163 (CPUs 1+32)
Request from pid 79163: max_threads=65535, hint_threads=32
[1788485672728] Granted 32 threads to pid 79163 (CPUs 1+32)
Request from pid 79163: max_threads=65535, hint_threads=32
[1788485672815] Granted 32 threads to pid 79163 (CPUs 1+32)
Request from pid 79163: max_threads=65535, hint_threads=32
[1788485672903] Granted 32 threads to pid 79163 (CPUs 1+32)
Request from pid 79163: max_threads=65535, hint_threads=32
[1788485672990] Granted 32 threads to pid 79163 (CPUs 1+32)
Request from pid 79163: max_threads=65535, hint_threads=32
[1788485673078] Granted 32 threads to pid 79163 (CPUs 1+32)
Request from pid 79163: max_threads=65535, hint_threads=32
[1788485673166] Granted 32 threads to pid 79163 (CPUs 1+32)
Request from pid 79163: max_threads=65535, hint_threads=32
[1788485673254] Granted 32 threads to pid 79163 (CPUs 1+32)
Request from pid 79163: max_threads=65535, hint_threads=32
[1788485673342] Granted 32 threads to pid 79163 (CPUs 1+32)
Request from pid 79163: max_threads=65535, hint_threads=32
[1788485673491] Granted 32 threads to pid 79163 (CPUs 1+32)
Request from pid 79163: max_threads=65535, hint_threads=32
[1788485673651] Granted 32 threads to pid 79163 (CPUs 1+32)
Request from pid 79163: max_threads=65535, hint_threads=32
[1788485673807] Granted 32 threads to pid 79163 (CPUs 1+32)
Request from pid 79163: max_threads=65535, hint_threads=32
[1788485673960] Granted 32 threads to pid 79163 (CPUs 1+32)
Request from pid 79163: max_threads=65535, hint_threads=32
[1788485674111] Granted 32 threads to pid 79163 (CPUs 1+32)
Request from pid 79163: max_threads=65535, hint_threads=32
[1788485674279] Granted 32 threads to pid 79163 (CPUs 1+32)
Request from pid 79163: max_threads=65535, hint_threads=32
[1788485674456] Granted 32 threads to pid 79163 (CPUs 1+32)
Request from pid 79163: max_threads=65535, hint_threads=32
[1788485674927] Granted 32 threads to pid 79163 (CPUs 1+32)
Request from pid 79163: max_threads=65535, hint_threads=32
[1788485675155] Granted 32 threads to pid 79163 (CPUs 1+32)
Request from pid 79163: max_threads=65535, hint_threads=32
[1788485675310] Granted 32 threads to pid 79163 (CPUs 1+32)
Request from pid 79163: max_threads=65535, hint_threads=32
[1788485675477] Granted 32 threads to pid 79163 (CPUs 1+32)
Request from pid 79163: max_threads=65535, hint_threads=32
[1788485675628] Granted 32 threads to pid 79163 (CPUs 1+32)
Request from pid 79163: max_threads=65535, hint_threads=32
[1788485675787] Granted 32 threads to pid 79163 (CPUs 1+32)
Request from pid 79163: max_threads=65535, hint_threads=32
[1788485675935] Granted 32 threads to pid 79163 (CPUs 1+32)
Request from pid 79163: max_threads=65535, hint_threads=32
[1788485676024] Granted 32 threads to pid 79163 (CPUs 1+32)
Request from pid 79163: max_threads=65535, hint_threads=32
[1788485676111] Granted 32 threads to pid 79163 (CPUs 1+32)
Request from pid 79163: max_threads=65535, hint_threads=32
[1788485676198] Granted 32 threads to pid 79163 (CPUs 1+32)
Request from pid 79163: max_threads=65535, hint_threads=32
[1788485676284] Granted 32 threads to pid 79163 (CPUs 1+32)
Request from pid 79163: max_threads=65535, hint_threads=32
[1788485676371] Granted 32 threads to pid 79163 (CPUs 1+32)
Request from pid 79163: max_threads=65535, hint_threads=32
[1788485676462] Granted 32 threads to pid 79163 (CPUs 1+32)
Request from pid 79163: max_threads=65535, hint_threads=32
[1788485676549] Granted 32 threads to pid 79163 (CPUs 1+32)
Request from pid 79163: max_threads=65535, hint_threads=32
[1788485676715] Granted 32 threads to pid 79163 (CPUs 1+32)
Request from pid 79163: max_threads=65535, hint_threads=32
[1788485676876] Granted 32 threads to pid 79163 (CPUs 1+32)
Request from pid 79163: max_threads=65535, hint_threads=32
[1788485677059] Granted 32 threads to pid 79163 (CPUs 1+32)
Request from pid 79163: max_threads=65535, hint_threads=32
[1788485677255] Granted 32 threads to pid 79163 (CPUs 1+32)
Request from pid 79163: max_threads=65535, hint_threads=32
[1788485677515] Granted 32 threads to pid 79163 (CPUs 1+32)
Request from pid 79163: max_threads=65535, hint_threads=32
[1788485677751] Granted 32 threads to pid 79163 (CPUs 1+32)
Request from pid 79163: max_threads=65535, hint_threads=32
[1788485677975] Granted 32 threads to pid 79163 (CPUs 1+32)
Request from pid 79163: max_threads=65535, hint_threads=32
[1788485678147] Granted 32 threads to pid 79163 (CPUs 1+32)
Request from pid 79163: max_threads=65535, hint_threads=32
[1788485678315] Granted 32 threads to pid 79163 (CPUs 1+32)
Request from pid 79163: max_threads=65535, hint_threads=32
[1788485678474] Granted 32 threads to pid 79163 (CPUs 1+32)
Request from pid 79163: max_threads=65535, hint_threads=32
[1788485678593] Granted 32 threads to pid 79163 (CPUs 1+32)
Request from pid 79163: max_threads=65535, hint_threads=32
[1788485678684] Granted 32 threads to pid 79163 (CPUs 1+32)
Request from pid 79163: max_threads=65535, hint_threads=32
[1788485678778] Granted 32 threads to pid 79163 (CPUs 1+32)
Request from pid 79163: max_threads=65535, hint_threads=32
[1788485678902] Granted 32 threads to pid 79163 (CPUs 1+32)
Request from pid 79163: max_threads=65535, hint_threads=32
[1788485679075] Granted 32 threads to pid 79163 (CPUs 1+32)
Request from pid 79163: max_threads=65535, hint_threads=32
[1788485679182] Granted 32 threads to pid 79163 (CPUs 1+32)
Request from pid 79163: max_threads=65535, hint_threads=32
[1788485679273] Granted 32 threads to pid 79163 (CPUs 1+32)
Request from pid 79163: max_threads=65535, hint_threads=32
[1788485679363] Granted 32 threads to pid 79163 (CPUs 1+32)
Request from pid 79163: max_threads=65535, hint_threads=32
[1788485679456] Granted 32 threads to pid 79163 (CPUs 1+32)
Request from pid 79163: max_threads=65535, hint_threads=32
[1788485679546] Granted 32 threads to pid 79163 (CPUs 1+32)
Request from pid 79163: max_threads=65535, hint_threads=32
[1788485679637] Granted 32 threads to pid 79163 (CPUs 1+32)
Request from pid 79163: max_threads=65535, hint_threads=32
[1788485679727] Granted 32 threads to pid 79163 (CPUs 1+32)
Request from pid 79163: max_threads=65535, hint_threads=32
[1788485679819] Granted 32 threads to pid 79163 (CPUs 1+32)
Request from pid 79163: max_threads=65535, hint_threads=32
[1788485679910] Granted 32 threads to pid 79163 (CPUs 1+32)
Request from pid 79163: max_threads=65535, hint_threads=32
[1788485679996] Granted 32 threads to pid 79163 (CPUs 1+32)
[1788485680000] Client pid 79163 disconnected — removed from state
Accepted connection
Handling client
Request from pid 79203: max_threads=65535, hint_threads=32
[1788485680580] Granted 32 threads to pid 79203 (CPUs 1+32)
Request from pid 79203: max_threads=65535, hint_threads=32
[1788485681474] Granted 32 threads to pid 79203 (CPUs 1+32)
Request from pid 79203: max_threads=65535, hint_threads=32
[1788485681602] Granted 32 threads to pid 79203 (CPUs 1+32)
Request from pid 79203: max_threads=65535, hint_threads=32
[1788485681687] Granted 32 threads to pid 79203 (CPUs 1+32)
Request from pid 79203: max_threads=65535, hint_threads=32
[1788485681772] Granted 32 threads to pid 79203 (CPUs 1+32)
Request from pid 79203: max_threads=65535, hint_threads=32
[1788485681856] Granted 32 threads to pid 79203 (CPUs 1+32)
Request from pid 79203: max_threads=65535, hint_threads=32
[1788485681943] Granted 32 threads to pid 79203 (CPUs 1+32)
Request from pid 79203: max_threads=65535, hint_threads=32
[1788485682028] Granted 32 threads to pid 79203 (CPUs 1+32)
Request from pid 79203: max_threads=65535, hint_threads=32
[1788485682113] Granted 32 threads to pid 79203 (CPUs 1+32)
Request from pid 79203: max_threads=65535, hint_threads=32
[1788485682197] Granted 32 threads to pid 79203 (CPUs 1+32)
Request from pid 79203: max_threads=65535, hint_threads=32
[1788485682281] Granted 32 threads to pid 79203 (CPUs 1+32)
Request from pid 79203: max_threads=65535, hint_threads=32
[1788485682365] Granted 32 threads to pid 79203 (CPUs 1+32)
Request from pid 79203: max_threads=65535, hint_threads=32
[1788485682450] Granted 32 threads to pid 79203 (CPUs 1+32)
Request from pid 79203: max_threads=65535, hint_threads=32
[1788485682545] Granted 32 threads to pid 79203 (CPUs 1+32)
Request from pid 79203: max_threads=65535, hint_threads=32
[1788485682635] Granted 32 threads to pid 79203 (CPUs 1+32)
Request from pid 79203: max_threads=65535, hint_threads=32
[1788485682719] Granted 32 threads to pid 79203 (CPUs 1+32)
Request from pid 79203: max_threads=65535, hint_threads=32
[1788485682801] Granted 32 threads to pid 79203 (CPUs 1+32)
Request from pid 79203: max_threads=65535, hint_threads=32
[1788485682882] Granted 32 threads to pid 79203 (CPUs 1+32)
Request from pid 79203: max_threads=65535, hint_threads=32
[1788485682964] Granted 32 threads to pid 79203 (CPUs 1+32)
Request from pid 79203: max_threads=65535, hint_threads=32
[1788485683046] Granted 32 threads to pid 79203 (CPUs 1+32)
Request from pid 79203: max_threads=65535, hint_threads=32
[1788485683128] Granted 32 threads to pid 79203 (CPUs 1+32)
Request from pid 79203: max_threads=65535, hint_threads=32
[1788485683210] Granted 32 threads to pid 79203 (CPUs 1+32)
Request from pid 79203: max_threads=65535, hint_threads=32
[1788485683292] Granted 32 threads to pid 79203 (CPUs 1+32)
Request from pid 79203: max_threads=65535, hint_threads=32
[1788485683375] Granted 32 threads to pid 79203 (CPUs 1+32)
Request from pid 79203: max_threads=65535, hint_threads=32
[1788485683457] Granted 32 threads to pid 79203 (CPUs 1+32)
Request from pid 79203: max_threads=65535, hint_threads=32
[1788485683538] Granted 32 threads to pid 79203 (CPUs 1+32)
Request from pid 79129: max_threads=65535, hint_threads=32
[1788485683560] Granted 16 threads to pid 79129 (CPUs 1+16)
Read error: Connection reset by peer (os error 104)
Request from pid 79203: max_threads=65535, hint_threads=32
[1788485683595] Granted 16 threads to pid 79203 (CPUs 17+16)
Request from pid 79203: max_threads=65535, hint_threads=32
[1788485683843] Granted 16 threads to pid 79203 (CPUs 17+16)
Request from pid 79203: max_threads=65535, hint_threads=32
[1788485683984] Granted 16 threads to pid 79203 (CPUs 17+16)
Request from pid 79203: max_threads=65535, hint_threads=32
[1788485684140] Granted 16 threads to pid 79203 (CPUs 17+16)
Request from pid 79203: max_threads=65535, hint_threads=32
[1788485684296] Granted 16 threads to pid 79203 (CPUs 17+16)
Request from pid 79203: max_threads=65535, hint_threads=32
[1788485684451] Granted 16 threads to pid 79203 (CPUs 17+16)
Request from pid 79203: max_threads=65535, hint_threads=32
[1788485684607] Granted 16 threads to pid 79203 (CPUs 17+16)
Request from pid 79203: max_threads=65535, hint_threads=32
[1788485684762] Granted 16 threads to pid 79203 (CPUs 17+16)
Request from pid 79203: max_threads=65535, hint_threads=32
[1788485684918] Granted 16 threads to pid 79203 (CPUs 17+16)
Request from pid 79203: max_threads=65535, hint_threads=32
[1788485684995] Granted 16 threads to pid 79203 (CPUs 17+16)
Request from pid 79203: max_threads=65535, hint_threads=32
[1788485685151] Granted 16 threads to pid 79203 (CPUs 17+16)
Request from pid 79203: max_threads=65535, hint_threads=32
[1788485685307] Granted 16 threads to pid 79203 (CPUs 17+16)
Request from pid 79203: max_threads=65535, hint_threads=32
[1788485685462] Granted 16 threads to pid 79203 (CPUs 17+16)
Request from pid 79203: max_threads=65535, hint_threads=32
[1788485685618] Granted 16 threads to pid 79203 (CPUs 17+16)
Request from pid 79203: max_threads=65535, hint_threads=32
[1788485685773] Granted 16 threads to pid 79203 (CPUs 17+16)
Request from pid 79203: max_threads=65535, hint_threads=32
[1788485685929] Granted 16 threads to pid 79203 (CPUs 17+16)
Request from pid 79203: max_threads=65535, hint_threads=32
[1788485686084] Granted 16 threads to pid 79203 (CPUs 17+16)
Request from pid 79203: max_threads=65535, hint_threads=32
[1788485686240] Granted 16 threads to pid 79203 (CPUs 17+16)
Request from pid 79203: max_threads=65535, hint_threads=32
[1788485686396] Granted 16 threads to pid 79203 (CPUs 17+16)
Request from pid 79203: max_threads=65535, hint_threads=32
[1788485686551] Granted 16 threads to pid 79203 (CPUs 17+16)
Request from pid 79203: max_threads=65535, hint_threads=32
[1788485686707] Granted 16 threads to pid 79203 (CPUs 17+16)
Request from pid 79203: max_threads=65535, hint_threads=32
[1788485686863] Granted 16 threads to pid 79203 (CPUs 17+16)
Request from pid 79203: max_threads=65535, hint_threads=32
[1788485686940] Granted 16 threads to pid 79203 (CPUs 17+16)
Request from pid 79203: max_threads=65535, hint_threads=32
[1788485687096] Granted 16 threads to pid 79203 (CPUs 17+16)
Request from pid 79203: max_threads=65535, hint_threads=32
[1788485687252] Granted 16 threads to pid 79203 (CPUs 17+16)
Request from pid 79203: max_threads=65535, hint_threads=32
[1788485687407] Granted 16 threads to pid 79203 (CPUs 17+16)
Request from pid 79203: max_threads=65535, hint_threads=32
[1788485687563] Granted 16 threads to pid 79203 (CPUs 17+16)
[1788485687647] Client pid 79203 disconnected — removed from state
Accepted connection
Handling client
Request from pid 79240: max_threads=65535, hint_threads=32
[1788485688194] Granted 16 threads to pid 79240 (CPUs 17+16)
Request from pid 79240: max_threads=65535, hint_threads=32
[1788485688949] Granted 32 threads to pid 79240 (CPUs 1+32)
Request from pid 79240: max_threads=65535, hint_threads=32
[1788485689005] Granted 32 threads to pid 79240 (CPUs 1+32)
Request from pid 79240: max_threads=65535, hint_threads=32
[1788485689053] Granted 32 threads to pid 79240 (CPUs 1+32)
Request from pid 79240: max_threads=65535, hint_threads=32
[1788485689148] Granted 32 threads to pid 79240 (CPUs 1+32)
Request from pid 79240: max_threads=65535, hint_threads=32
[1788485689244] Granted 32 threads to pid 79240 (CPUs 1+32)
Request from pid 79240: max_threads=65535, hint_threads=32
[1788485689339] Granted 32 threads to pid 79240 (CPUs 1+32)
Request from pid 79240: max_threads=65535, hint_threads=32
[1788485689434] Granted 32 threads to pid 79240 (CPUs 1+32)
Request from pid 79240: max_threads=65535, hint_threads=32
[1788485689482] Granted 32 threads to pid 79240 (CPUs 1+32)
Request from pid 79240: max_threads=65535, hint_threads=32
[1788485689577] Granted 32 threads to pid 79240 (CPUs 1+32)
Request from pid 79240: max_threads=65535, hint_threads=32
[1788485689672] Granted 32 threads to pid 79240 (CPUs 1+32)
Request from pid 79240: max_threads=65535, hint_threads=32
[1788485689719] Granted 32 threads to pid 79240 (CPUs 1+32)
Request from pid 79240: max_threads=65535, hint_threads=32
[1788485689815] Granted 32 threads to pid 79240 (CPUs 1+32)
Request from pid 79240: max_threads=65535, hint_threads=32
[1788485689910] Granted 32 threads to pid 79240 (CPUs 1+32)
Request from pid 79240: max_threads=65535, hint_threads=32
[1788485690005] Granted 32 threads to pid 79240 (CPUs 1+32)
Request from pid 79240: max_threads=65535, hint_threads=32
[1788485690101] Granted 32 threads to pid 79240 (CPUs 1+32)
Request from pid 79240: max_threads=65535, hint_threads=32
[1788485690196] Granted 32 threads to pid 79240 (CPUs 1+32)
Request from pid 79240: max_threads=65535, hint_threads=32
[1788485690291] Granted 32 threads to pid 79240 (CPUs 1+32)
Request from pid 79240: max_threads=65535, hint_threads=32
[1788485690387] Granted 32 threads to pid 79240 (CPUs 1+32)
Request from pid 79240: max_threads=65535, hint_threads=32
[1788485690436] Granted 32 threads to pid 79240 (CPUs 1+32)
Request from pid 79240: max_threads=65535, hint_threads=32
[1788485690535] Granted 32 threads to pid 79240 (CPUs 1+32)
Request from pid 79240: max_threads=65535, hint_threads=32
[1788485690633] Granted 32 threads to pid 79240 (CPUs 1+32)
Request from pid 79240: max_threads=65535, hint_threads=32
[1788485690730] Granted 32 threads to pid 79240 (CPUs 1+32)
Request from pid 79240: max_threads=65535, hint_threads=32
[1788485690827] Granted 32 threads to pid 79240 (CPUs 1+32)
Request from pid 79240: max_threads=65535, hint_threads=32
[1788485690925] Granted 32 threads to pid 79240 (CPUs 1+32)
Request from pid 79240: max_threads=65535, hint_threads=32
[1788485691022] Granted 32 threads to pid 79240 (CPUs 1+32)
Request from pid 79240: max_threads=65535, hint_threads=32
[1788485691119] Granted 32 threads to pid 79240 (CPUs 1+32)
Request from pid 79240: max_threads=65535, hint_threads=32
[1788485691217] Granted 32 threads to pid 79240 (CPUs 1+32)
Request from pid 79240: max_threads=65535, hint_threads=32
[1788485691314] Granted 32 threads to pid 79240 (CPUs 1+32)
Request from pid 79240: max_threads=65535, hint_threads=32
[1788485691411] Granted 32 threads to pid 79240 (CPUs 1+32)
Request from pid 79240: max_threads=65535, hint_threads=32
[1788485691508] Granted 32 threads to pid 79240 (CPUs 1+32)
Request from pid 79240: max_threads=65535, hint_threads=32
[1788485691605] Granted 32 threads to pid 79240 (CPUs 1+32)
Request from pid 79240: max_threads=65535, hint_threads=32
[1788485691703] Granted 32 threads to pid 79240 (CPUs 1+32)
Request from pid 79240: max_threads=65535, hint_threads=32
[1788485691800] Granted 32 threads to pid 79240 (CPUs 1+32)
Request from pid 79240: max_threads=65535, hint_threads=32
[1788485691897] Granted 32 threads to pid 79240 (CPUs 1+32)
Request from pid 79240: max_threads=65535, hint_threads=32
[1788485691994] Granted 32 threads to pid 79240 (CPUs 1+32)
Request from pid 79240: max_threads=65535, hint_threads=32
[1788485692043] Granted 32 threads to pid 79240 (CPUs 1+32)
Request from pid 79240: max_threads=65535, hint_threads=32
[1788485692140] Granted 32 threads to pid 79240 (CPUs 1+32)
Request from pid 79240: max_threads=65535, hint_threads=32
[1788485692237] Granted 32 threads to pid 79240 (CPUs 1+32)
Request from pid 79240: max_threads=65535, hint_threads=32
[1788485692334] Granted 32 threads to pid 79240 (CPUs 1+32)
Request from pid 79240: max_threads=65535, hint_threads=32
[1788485692383] Granted 32 threads to pid 79240 (CPUs 1+32)
Request from pid 79240: max_threads=65535, hint_threads=32
[1788485692480] Granted 32 threads to pid 79240 (CPUs 1+32)
Request from pid 79240: max_threads=65535, hint_threads=32
[1788485692577] Granted 32 threads to pid 79240 (CPUs 1+32)
[1788485692582] Client pid 79240 disconnected — removed from state
DRM stopped at Fri 04 Sep 2026 03:34:52, was capacity=32
