Linux 6.4.0-150600.23.25-default (cm4r15c02s02) 	06/28/26 	_x86_64_	(224 CPU)

19:18:39      UID      TGID       TID    %usr %system  %guest   %wait    %CPU   CPU  Command
19:18:40        0       192         -    0.00    0.87    0.00    0.00    0.87    29  ksoftirqd/29
19:18:40        0      3694         -    0.87    0.00    0.00    0.00    0.87   130  systemd-logind
19:18:40        0         -      3694    0.87    0.00    0.00    0.00    0.87   130  |__systemd-logind
19:18:40        0     14603         -    2.61    0.00    0.00    0.00    2.61   217  mmfsd
19:18:40        0         -     16108    0.00    0.87    0.00    0.00    0.87   157  |__mmfsd
19:18:40        0         -     16135    0.00    0.87    0.00    0.00    0.87   208  |__mmfsd
19:18:40        0         -     16171    0.87    0.00    0.00    0.00    0.87    45  |__mmfsd
19:18:40        0         -     16172    0.87    0.00    0.00    0.00    0.87   162  |__mmfsd
19:18:40        0         -     16377    0.00    0.87    0.00    0.00    0.87    97  |__mmfsd
19:18:40        0         -    127727    0.87    0.00    0.00    0.00    0.87   146  |__mmfsd
19:18:40        0         -     75957    0.87    0.00    0.00    0.00    0.87   139  |__mmfsd
19:18:40        0         -    185897    0.87    0.00    0.00    0.00    0.87    48  |__mmfsd
19:18:40        0     78178         -    0.00    0.87    0.00    0.00    0.87    70  kworker/70:0-events
19:18:40        0         -     93268    0.00    0.87    0.00    0.00    0.87    67  |__kworker/67:2-events
19:18:40        0    153216         -    0.00    0.87    0.00    0.00    0.87    87  kworker/87:2-events
19:18:40        0    160973         -    0.00    0.87    0.00    0.00    0.87   196  kworker/196:1-events
19:18:40        0    170051         -    0.00    0.87    0.00    0.00    0.87    81  kworker/81:0-events
19:18:40        0    197247         -    0.00    0.87    0.00    0.00    0.87   101  kworker/101:0-events
19:18:40        0    214108         -    0.00    0.87    0.00    0.00    0.87    56  kworker/56:1-events
19:18:40        0         -    214108    0.00    0.87    0.00    0.00    0.87    56  |__kworker/56:1-events
19:18:40        0         -    215446    0.00    0.87    0.00    0.00    0.87   126  |__kworker/126:1-events
19:18:40        0    216696         -    0.87    0.00    0.00    0.00    0.87     5  kworker/5:1-events
19:18:40        0         -    216696    0.87    0.00    0.00    0.00    0.87     5  |__kworker/5:1-events
19:18:40    4432689    220517         -    0.00    0.87    0.00    0.00    0.87   127  mpstat
19:18:40    4432689         -    220517    0.00    0.87    0.00    0.00    0.87   127  |__mpstat
19:18:40    4432689    220518         -    5.22   13.04    0.00    0.00   18.26   127  pidstat
19:18:40    4432689         -    220518    5.22   13.04    0.00    0.00   18.26   127  |__pidstat
19:18:40        0    220528         -    0.87    0.87    0.00    0.00    1.74     1  slurmstepd
19:18:40        0         -    220528    0.00    0.87    0.00    0.00    0.87     1  |__slurmstepd
19:18:40    4432689    220536         -    0.00    1.74    0.00    0.00    1.74   120  test_staggered.
19:18:40    4432689         -    220536    0.00    1.74    0.00    0.00    1.74   120  |__test_staggered.
19:18:40    4432689    220556         -    0.00    0.87    0.00    0.00    0.87     0  dynamic-resourc
19:18:40    4432689         -    220556    0.00    0.87    0.00    0.00    0.87     0  |__dynamic-resourc
19:18:40    4432689    220568         - 1002.61  162.61    0.00    0.00 1165.22    87  ft.C.x
19:18:40    4432689         -    220568   32.17    6.09    0.00    0.00   38.26    87  |__ft.C.x
19:18:40    4432689         -    220572   31.30    4.35    0.00    0.00   35.65    56  |__openmp_worker
19:18:40    4432689         -    220574   32.17    3.48    0.00    0.00   35.65    58  |__openmp_worker
19:18:40    4432689         -    220576   32.17    3.48    0.00    0.00   35.65    59  |__openmp_worker
19:18:40    4432689         -    220579   31.30    4.35    0.00    0.00   35.65    60  |__openmp_worker
19:18:40    4432689         -    220581   31.30    4.35    0.00    0.00   35.65    61  |__openmp_worker
19:18:40    4432689         -    220582   31.30    4.35    0.00    0.00   35.65    62  |__openmp_worker
19:18:40    4432689         -    220583   30.43    4.35    0.00    0.00   34.78    63  |__openmp_worker
19:18:40    4432689         -    220587   31.30    4.35    0.00    0.00   35.65    64  |__openmp_worker
19:18:40    4432689         -    220590   31.30    4.35    0.00    0.00   35.65    65  |__openmp_worker
19:18:40    4432689         -    220591   30.43    4.35    0.00    0.00   34.78    66  |__openmp_worker
19:18:40    4432689         -    220592   30.43    4.35    0.00    0.00   34.78    67  |__openmp_worker
19:18:40    4432689         -    220596   31.30    4.35    0.00    0.00   35.65    68  |__openmp_worker
19:18:40    4432689         -    220598   30.43    4.35    0.00    0.00   34.78    69  |__openmp_worker
19:18:40    4432689         -    220599   30.43    5.22    0.00    0.00   35.65    71  |__openmp_worker
19:18:40    4432689         -    220600   30.43    5.22    0.00    0.00   35.65    73  |__openmp_worker
19:18:40    4432689         -    220604   30.43    4.35    0.00    0.00   34.78    74  |__openmp_worker
19:18:40    4432689         -    220606   31.30    4.35    0.00    0.00   35.65    75  |__openmp_worker
19:18:40    4432689         -    220607   29.57    6.09    0.00    0.00   35.65    76  |__openmp_worker
19:18:40    4432689         -    220608   30.43    5.22    0.00    0.00   35.65    77  |__openmp_worker
19:18:40    4432689         -    220612   31.30    4.35    0.00    0.00   35.65    78  |__openmp_worker
19:18:40    4432689         -    220614   30.43    4.35    0.00    0.00   34.78    79  |__openmp_worker
19:18:40    4432689         -    220616   30.43    4.35    0.00    0.00   34.78    80  |__openmp_worker
19:18:40    4432689         -    220617   30.43    4.35    0.00    0.00   34.78    81  |__openmp_worker
19:18:40    4432689         -    220619   30.43    4.35    0.00    0.00   34.78    83  |__openmp_worker
19:18:40    4432689         -    220621   30.43    4.35    0.00    0.00   34.78    84  |__openmp_worker
19:18:40    4432689         -    220624   30.43    5.22    0.00    0.00   35.65    85  |__openmp_worker
19:18:40    4432689         -    220625   32.17    3.48    0.00    0.00   35.65    86  |__openmp_worker
19:18:40    4432689         -    220627   30.43    5.22    0.00    0.00   35.65    82  |__openmp_worker
19:18:40    4432689         -    220630   30.43    4.35    0.00    0.00   34.78    72  |__openmp_worker
19:18:40    4432689         -    220631   30.43    5.22    0.00    0.00   35.65    57  |__openmp_worker
19:18:40    4432689         -    220632   30.43    4.35    0.00    0.00   34.78    70  |__openmp_worker
19:18:40    4432689    220569         - 1011.30  160.87    0.00    0.00 1172.17    32  ft.C.x
19:18:40    4432689         -    220569   31.30    6.96    0.00    0.00   38.26    32  |__ft.C.x
19:18:40    4432689         -    220570   31.30    4.35    0.00    0.00   35.65     3  |__openmp_worker
19:18:40    4432689         -    220573   31.30    4.35    0.00    0.00   35.65     6  |__openmp_worker
19:18:40    4432689         -    220575   31.30    4.35    0.00    0.00   35.65     5  |__openmp_worker
19:18:40    4432689         -    220577   29.57    6.09    0.00    0.00   35.65     7  |__openmp_worker
19:18:40    4432689         -    220578   31.30    4.35    0.00    0.00   35.65     9  |__openmp_worker
19:18:40    4432689         -    220580   31.30    4.35    0.00    0.00   35.65    22  |__openmp_worker
19:18:40    4432689         -    220584   31.30    5.22    0.00    0.00   36.52    11  |__openmp_worker
19:18:40    4432689         -    220585   31.30    4.35    0.00    0.00   35.65    12  |__openmp_worker
19:18:40    4432689         -    220586   31.30    4.35    0.00    0.00   35.65    15  |__openmp_worker
19:18:40    4432689         -    220588   31.30    4.35    0.00    0.00   35.65    16  |__openmp_worker
19:18:40    4432689         -    220589   30.43    5.22    0.00    0.00   35.65    17  |__openmp_worker
19:18:40    4432689         -    220593   31.30    5.22    0.00    0.00   36.52    18  |__openmp_worker
19:18:40    4432689         -    220594   31.30    5.22    0.00    0.00   36.52    19  |__openmp_worker
19:18:40    4432689         -    220595   30.43    5.22    0.00    0.00   35.65    21  |__openmp_worker
19:18:40    4432689         -    220597   30.43    5.22    0.00    0.00   35.65     4  |__openmp_worker
19:18:40    4432689         -    220601   31.30    5.22    0.00    0.00   36.52    23  |__openmp_worker
19:18:40    4432689         -    220602   31.30    5.22    0.00    0.00   36.52    24  |__openmp_worker
19:18:40    4432689         -    220603   31.30    4.35    0.00    0.00   35.65    25  |__openmp_worker
19:18:40    4432689         -    220605   31.30    4.35    0.00    0.00   35.65    26  |__openmp_worker
19:18:40    4432689         -    220609   31.30    4.35    0.00    0.00   35.65    27  |__openmp_worker
19:18:40    4432689         -    220610   31.30    5.22    0.00    0.00   36.52    28  |__openmp_worker
19:18:40    4432689         -    220611   31.30    4.35    0.00    0.00   35.65    29  |__openmp_worker
19:18:40    4432689         -    220613   31.30    4.35    0.00    0.00   35.65    30  |__openmp_worker
19:18:40    4432689         -    220615   31.30    5.22    0.00    0.00   36.52    31  |__openmp_worker
19:18:40    4432689         -    220618   33.04    3.48    0.00    0.00   36.52    20  |__openmp_worker
19:18:40    4432689         -    220620   30.43    5.22    0.00    0.00   35.65     1  |__openmp_worker
19:18:40    4432689         -    220622   30.43    5.22    0.00    0.00   35.65    13  |__openmp_worker
19:18:40    4432689         -    220623   32.17    3.48    0.00    0.00   35.65     2  |__openmp_worker
19:18:40    4432689         -    220626   31.30    4.35    0.00    0.00   35.65     8  |__openmp_worker
19:18:40    4432689         -    220628   31.30    4.35    0.00    0.00   35.65    14  |__openmp_worker
19:18:40    4432689         -    220629   30.43    5.22    0.00    0.00   35.65    10  |__openmp_worker

19:18:40      UID      TGID       TID    %usr %system  %guest   %wait    %CPU   CPU  Command
19:18:41        0        17         -    0.00    1.00    0.00    0.00    1.00    34  rcu_preempt
19:18:41        0         -        17    0.00    1.00    0.00    0.00    1.00    34  |__rcu_preempt
19:18:41        0       782         -    0.00    1.00    0.00    0.00    1.00   127  ksoftirqd/127
19:18:41        0         -       782    0.00    1.00    0.00    0.00    1.00   127  |__ksoftirqd/127
19:18:41        0         -     15480    1.00    0.00    0.00    0.00    1.00    33  |__mmfsd
19:18:41        0    215432         -    1.00    0.00    0.00    0.00    1.00    19  kworker/19:2-events
19:18:41        0         -    215432    1.00    0.00    0.00    0.00    1.00    19  |__kworker/19:2-events
19:18:41    4432689    220517         -    0.00    2.00    0.00    0.00    2.00   127  mpstat
19:18:41    4432689         -    220517    0.00    2.00    0.00    0.00    2.00   127  |__mpstat
19:18:41    4432689    220518         -    5.00   13.00    0.00    1.00   18.00   127  pidstat
19:18:41    4432689         -    220518    5.00   13.00    0.00    1.00   18.00   127  |__pidstat
19:18:41    4432689    220568         - 3120.00    1.00    0.00    0.00 3121.00    87  ft.C.x
19:18:41    4432689         -    220568   97.00    0.00    0.00    0.00   97.00    87  |__ft.C.x
19:18:41    4432689         -    220572   98.00    0.00    0.00    0.00   98.00    56  |__openmp_worker
19:18:41    4432689         -    220574   97.00    0.00    0.00    0.00   97.00    58  |__openmp_worker
19:18:41    4432689         -    220576   97.00    0.00    0.00    0.00   97.00    59  |__openmp_worker
19:18:41    4432689         -    220579   98.00    0.00    0.00    0.00   98.00    60  |__openmp_worker
19:18:41    4432689         -    220581   98.00    0.00    0.00    0.00   98.00    61  |__openmp_worker
19:18:41    4432689         -    220582   98.00    0.00    0.00    0.00   98.00    62  |__openmp_worker
19:18:41    4432689         -    220583   98.00    0.00    0.00    0.00   98.00    63  |__openmp_worker
19:18:41    4432689         -    220587   98.00    0.00    0.00    0.00   98.00    64  |__openmp_worker
19:18:41    4432689         -    220590   98.00    0.00    0.00    0.00   98.00    65  |__openmp_worker
19:18:41    4432689         -    220591   98.00    0.00    0.00    0.00   98.00    66  |__openmp_worker
19:18:41    4432689         -    220592   98.00    0.00    0.00    0.00   98.00    67  |__openmp_worker
19:18:41    4432689         -    220596   98.00    0.00    0.00    0.00   98.00    68  |__openmp_worker
19:18:41    4432689         -    220598   98.00    0.00    0.00    0.00   98.00    69  |__openmp_worker
19:18:41    4432689         -    220599   98.00    0.00    0.00    0.00   98.00    71  |__openmp_worker
19:18:41    4432689         -    220600   98.00    0.00    0.00    0.00   98.00    73  |__openmp_worker
19:18:41    4432689         -    220604   98.00    0.00    0.00    0.00   98.00    74  |__openmp_worker
19:18:41    4432689         -    220606   98.00    0.00    0.00    0.00   98.00    75  |__openmp_worker
19:18:41    4432689         -    220607   98.00    0.00    0.00    0.00   98.00    76  |__openmp_worker
19:18:41    4432689         -    220608   98.00    0.00    0.00    0.00   98.00    77  |__openmp_worker
19:18:41    4432689         -    220612   98.00    0.00    0.00    0.00   98.00    78  |__openmp_worker
19:18:41    4432689         -    220614   98.00    0.00    0.00    0.00   98.00    79  |__openmp_worker
19:18:41    4432689         -    220616   98.00    0.00    0.00    0.00   98.00    80  |__openmp_worker
19:18:41    4432689         -    220617   98.00    0.00    0.00    0.00   98.00    81  |__openmp_worker
19:18:41    4432689         -    220619   98.00    0.00    0.00    0.00   98.00    83  |__openmp_worker
19:18:41    4432689         -    220621   98.00    0.00    0.00    0.00   98.00    84  |__openmp_worker
19:18:41    4432689         -    220624   98.00    0.00    0.00    0.00   98.00    85  |__openmp_worker
19:18:41    4432689         -    220625   97.00    0.00    0.00    0.00   97.00    86  |__openmp_worker
19:18:41    4432689         -    220627   97.00    0.00    0.00    0.00   97.00    82  |__openmp_worker
19:18:41    4432689         -    220630   98.00    0.00    0.00    0.00   98.00    72  |__openmp_worker
19:18:41    4432689         -    220631   97.00    0.00    0.00    0.00   97.00    57  |__openmp_worker
19:18:41    4432689         -    220632   98.00    0.00    0.00    0.00   98.00    70  |__openmp_worker
19:18:41    4432689    220569         - 3122.00    4.00    0.00    0.00 3126.00     3  ft.C.x
19:18:41    4432689         -    220569   98.00    0.00    0.00    0.00   98.00     3  |__ft.C.x
19:18:41    4432689         -    220570   98.00    0.00    0.00    0.00   98.00    13  |__openmp_worker
19:18:41    4432689         -    220573   98.00    0.00    0.00    0.00   98.00     6  |__openmp_worker
19:18:41    4432689         -    220575   98.00    0.00    0.00    0.00   98.00     5  |__openmp_worker
19:18:41    4432689         -    220577   97.00    1.00    0.00    0.00   98.00     7  |__openmp_worker
19:18:41    4432689         -    220578   98.00    0.00    0.00    0.00   98.00     9  |__openmp_worker
19:18:41    4432689         -    220580   98.00    0.00    0.00    0.00   98.00    22  |__openmp_worker
19:18:41    4432689         -    220584   97.00    0.00    0.00    0.00   97.00    11  |__openmp_worker
19:18:41    4432689         -    220585   98.00    0.00    0.00    0.00   98.00    12  |__openmp_worker
19:18:41    4432689         -    220586   97.00    0.00    0.00    0.00   97.00    18  |__openmp_worker
19:18:41    4432689         -    220588   98.00    0.00    0.00    0.00   98.00    16  |__openmp_worker
19:18:41    4432689         -    220589   97.00    1.00    0.00    0.00   98.00    17  |__openmp_worker
19:18:41    4432689         -    220593   97.00    0.00    0.00    0.00   97.00    19  |__openmp_worker
19:18:41    4432689         -    220594   97.00    0.00    0.00    0.00   97.00    32  |__openmp_worker
19:18:41    4432689         -    220595   98.00    0.00    0.00    0.00   98.00    21  |__openmp_worker
19:18:41    4432689         -    220597   98.00    0.00    0.00    0.00   98.00     4  |__openmp_worker
19:18:41    4432689         -    220601   97.00    0.00    0.00    0.00   97.00    23  |__openmp_worker
19:18:41    4432689         -    220602   97.00    0.00    0.00    0.00   97.00    24  |__openmp_worker
19:18:41    4432689         -    220603   98.00    0.00    0.00    0.00   98.00    25  |__openmp_worker
19:18:41    4432689         -    220605   98.00    0.00    0.00    0.00   98.00    26  |__openmp_worker
19:18:41    4432689         -    220609   98.00    0.00    0.00    0.00   98.00    27  |__openmp_worker
19:18:41    4432689         -    220610   97.00    0.00    0.00    0.00   97.00    28  |__openmp_worker
19:18:41    4432689         -    220611   98.00    0.00    0.00    0.00   98.00    29  |__openmp_worker
19:18:41    4432689         -    220613   98.00    0.00    0.00    0.00   98.00    30  |__openmp_worker
19:18:41    4432689         -    220615   97.00    0.00    0.00    0.00   97.00    31  |__openmp_worker
19:18:41    4432689         -    220618   97.00    0.00    0.00    0.00   97.00    20  |__openmp_worker
19:18:41    4432689         -    220620   97.00    0.00    0.00    0.00   97.00     1  |__openmp_worker
19:18:41    4432689         -    220622   98.00    0.00    0.00    0.00   98.00    15  |__openmp_worker
19:18:41    4432689         -    220623   97.00    0.00    0.00    0.00   97.00     2  |__openmp_worker
19:18:41    4432689         -    220626   98.00    0.00    0.00    0.00   98.00     8  |__openmp_worker
19:18:41    4432689         -    220628   98.00    0.00    0.00    0.00   98.00    14  |__openmp_worker
19:18:41    4432689         -    220629   97.00    0.00    0.00    0.00   97.00    10  |__openmp_worker

19:18:41      UID      TGID       TID    %usr %system  %guest   %wait    %CPU   CPU  Command
19:18:42        0     14603         -    1.00    1.00    0.00    0.00    2.00   217  mmfsd
19:18:42        0         -    127760    1.00    0.00    0.00    0.00    1.00     0  |__mmfsd
19:18:42        0         -    200797    1.00    0.00    0.00    0.00    1.00   129  |__mmfsd
19:18:42        0     73042         -    0.00    1.00    0.00    1.00    1.00    17  kworker/17:1-events
19:18:42        0         -    145133    0.00    1.00    0.00    0.00    1.00    62  |__kworker/62:2-events
19:18:42        0    180071         -    0.00    1.00    0.00    0.00    1.00    63  kworker/63:2-events
19:18:42        0         -    200700    0.00    1.00    0.00    0.00    1.00    10  |__kworker/10:2-events
19:18:42        0    211775         -    0.00    1.00    0.00    0.00    1.00    72  kworker/72:2-events
19:18:42    4432689    220517         -    0.00    1.00    0.00    0.00    1.00   127  mpstat
19:18:42    4432689         -    220517    0.00    1.00    0.00    0.00    1.00   127  |__mpstat
19:18:42    4432689    220518         -    6.00   11.00    0.00    0.00   17.00    49  pidstat
19:18:42    4432689         -    220518    6.00   11.00    0.00    0.00   17.00    49  |__pidstat
19:18:42    4432689    220568         - 2819.00   11.00    0.00   27.00 2830.00    77  ft.C.x
19:18:42    4432689         -    220568   73.00    0.00    0.00   27.00   73.00    77  |__ft.C.x
19:18:42    4432689         -    220572   89.00    0.00    0.00    9.00   89.00    56  |__openmp_worker
19:18:42    4432689         -    220574   90.00    1.00    0.00    8.00   91.00    58  |__openmp_worker
19:18:42    4432689         -    220576   89.00    1.00    0.00    9.00   90.00    59  |__openmp_worker
19:18:42    4432689         -    220579   90.00    0.00    0.00    9.00   90.00    60  |__openmp_worker
19:18:42    4432689         -    220581   89.00    0.00    0.00    9.00   89.00    61  |__openmp_worker
19:18:42    4432689         -    220582   89.00    0.00    0.00    9.00   89.00    62  |__openmp_worker
19:18:42    4432689         -    220583   90.00    1.00    0.00    9.00   91.00    63  |__openmp_worker
19:18:42    4432689         -    220587   89.00    0.00    0.00    9.00   89.00    64  |__openmp_worker
19:18:42    4432689         -    220590   89.00    0.00    0.00    9.00   89.00    65  |__openmp_worker
19:18:42    4432689         -    220591   90.00    1.00    0.00    9.00   91.00    66  |__openmp_worker
19:18:42    4432689         -    220592   90.00    1.00    0.00    9.00   91.00    67  |__openmp_worker
19:18:42    4432689         -    220596   89.00    0.00    0.00    9.00   89.00    68  |__openmp_worker
19:18:42    4432689         -    220598   90.00    0.00    0.00    9.00   90.00    69  |__openmp_worker
19:18:42    4432689         -    220599   89.00    0.00    0.00    9.00   89.00    71  |__openmp_worker
19:18:42    4432689         -    220600   89.00    1.00    0.00    8.00   90.00    73  |__openmp_worker
19:18:42    4432689         -    220604   90.00    0.00    0.00    8.00   90.00    74  |__openmp_worker
19:18:42    4432689         -    220606   90.00    0.00    0.00    8.00   90.00    75  |__openmp_worker
19:18:42    4432689         -    220607   89.00    0.00    0.00    8.00   89.00    76  |__openmp_worker
19:18:42    4432689         -    220608   89.00    0.00    0.00    9.00   89.00    77  |__openmp_worker
19:18:42    4432689         -    220612   89.00    1.00    0.00    9.00   90.00    78  |__openmp_worker
19:18:42    4432689         -    220614   90.00    1.00    0.00    9.00   91.00    79  |__openmp_worker
19:18:42    4432689         -    220616   90.00    0.00    0.00    9.00   90.00    80  |__openmp_worker
19:18:42    4432689         -    220617   89.00    1.00    0.00    9.00   90.00    81  |__openmp_worker
19:18:42    4432689         -    220619   89.00    1.00    0.00    9.00   90.00    83  |__openmp_worker
19:18:42    4432689         -    220621   73.00    0.00    0.00   26.00   73.00    64  |__openmp_worker
19:18:42    4432689         -    220624   71.00    0.00    0.00   27.00   71.00    66  |__openmp_worker
19:18:42    4432689         -    220625   90.00    1.00    0.00    9.00   91.00    86  |__openmp_worker
19:18:42    4432689         -    220627   89.00    1.00    0.00    8.00   90.00    82  |__openmp_worker
19:18:42    4432689         -    220630   90.00    0.00    0.00    9.00   90.00    72  |__openmp_worker
19:18:42    4432689         -    220631   89.00    1.00    0.00    9.00   90.00    57  |__openmp_worker
19:18:42    4432689         -    220632   90.00    1.00    0.00    9.00   91.00    70  |__openmp_worker
19:18:42    4432689    220569         - 2718.00   29.00    0.00   15.00 2747.00     3  ft.C.x
19:18:42    4432689         -    220569   82.00    1.00    0.00   15.00   83.00     3  |__ft.C.x
19:18:42    4432689         -    220570   82.00    2.00    0.00   14.00   84.00     5  |__openmp_worker
19:18:42    4432689         -    220573   83.00    1.00    0.00   14.00   84.00     6  |__openmp_worker
19:18:42    4432689         -    220575   79.00    0.00    0.00   18.00   79.00    11  |__openmp_worker
19:18:42    4432689         -    220577   85.00    1.00    0.00   10.00   86.00    12  |__openmp_worker
19:18:42    4432689         -    220578   82.00    1.00    0.00   15.00   83.00    16  |__openmp_worker
19:18:42    4432689         -    220580   79.00    0.00    0.00   18.00   79.00     1  |__openmp_worker
19:18:42    4432689         -    220584   94.00    1.00    0.00    2.00   95.00    11  |__openmp_worker
19:18:42    4432689         -    220585   84.00    1.00    0.00   13.00   85.00    12  |__openmp_worker
19:18:42    4432689         -    220586   73.00    0.00    0.00   25.00   73.00     7  |__openmp_worker
19:18:42    4432689         -    220588   96.00    0.00    0.00    1.00   96.00    16  |__openmp_worker
19:18:42    4432689         -    220589   80.00    0.00    0.00   19.00   80.00     9  |__openmp_worker
19:18:42    4432689         -    220593   77.00    1.00    0.00   20.00   78.00    11  |__openmp_worker
19:18:42    4432689         -    220594   77.00    1.00    0.00   20.00   78.00    12  |__openmp_worker
19:18:42    4432689         -    220595   81.00    2.00    0.00   15.00   83.00    16  |__openmp_worker
19:18:42    4432689         -    220597   88.00    0.00    0.00   10.00   88.00     4  |__openmp_worker
19:18:42    4432689         -    220601   85.00    0.00    0.00   14.00   85.00    23  |__openmp_worker
19:18:42    4432689         -    220602   96.00    1.00    0.00    2.00   97.00    24  |__openmp_worker
19:18:42    4432689         -    220603   95.00    0.00    0.00    3.00   95.00    25  |__openmp_worker
19:18:42    4432689         -    220605   74.00    0.00    0.00   24.00   74.00    26  |__openmp_worker
19:18:42    4432689         -    220609   80.00    0.00    0.00   19.00   80.00    27  |__openmp_worker
19:18:42    4432689         -    220610   79.00    1.00    0.00   19.00   80.00    28  |__openmp_worker
19:18:42    4432689         -    220611   92.00    1.00    0.00    2.00   93.00    29  |__openmp_worker
19:18:42    4432689         -    220613   98.00    1.00    0.00    0.00   99.00    30  |__openmp_worker
19:18:42    4432689         -    220615   86.00    0.00    0.00   12.00   86.00    31  |__openmp_worker
19:18:42    4432689         -    220618   83.00    1.00    0.00   15.00   84.00    20  |__openmp_worker
19:18:42    4432689         -    220620   84.00    1.00    0.00   14.00   85.00     1  |__openmp_worker
19:18:42    4432689         -    220622   96.00    1.00    0.00    1.00   97.00    15  |__openmp_worker
19:18:42    4432689         -    220623   88.00    1.00    0.00   10.00   89.00     2  |__openmp_worker
19:18:42    4432689         -    220626   84.00    2.00    0.00   12.00   86.00     8  |__openmp_worker
19:18:42    4432689         -    220628   81.00    0.00    0.00   17.00   81.00    25  |__openmp_worker
19:18:42    4432689         -    220629   97.00    1.00    0.00    2.00   98.00    10  |__openmp_worker
19:18:42    4432689    220641         -  243.00  110.00    0.00   27.00  353.00    76  ft.C.x
19:18:42    4432689         -    220641    9.00    5.00    0.00   27.00   14.00    76  |__ft.C.x
19:18:42    4432689         -    220644    8.00    3.00    0.00   28.00   11.00    74  |__openmp_worker
19:18:42    4432689         -    220645    8.00    3.00    0.00   28.00   11.00    58  |__openmp_worker
19:18:42    4432689         -    220646    8.00    2.00    0.00   29.00   10.00    57  |__openmp_worker
19:18:42    4432689         -    220647   14.00    3.00    0.00   14.00   17.00    85  |__openmp_worker
19:18:42    4432689         -    220648    4.00    3.00    0.00   23.00    7.00    85  |__openmp_worker
19:18:42    4432689         -    220649    7.00    3.00    0.00   18.00   10.00    70  |__openmp_worker
19:18:42    4432689         -    220650    9.00    1.00    0.00   19.00   10.00    82  |__openmp_worker
19:18:42    4432689         -    220651    6.00    4.00    0.00   28.00   10.00    75  |__openmp_worker
19:18:42    4432689         -    220652    7.00    3.00    0.00   28.00   10.00    62  |__openmp_worker
19:18:42    4432689         -    220653    7.00    3.00    0.00   20.00   10.00    71  |__openmp_worker
19:18:42    4432689         -    220654    5.00    5.00    0.00   28.00   10.00    81  |__openmp_worker
19:18:42    4432689         -    220655    8.00    2.00    0.00   28.00   10.00    73  |__openmp_worker
19:18:42    4432689         -    220656   10.00    2.00    0.00   24.00   12.00    84  |__openmp_worker
19:18:42    4432689         -    220657    5.00    3.00    0.00   27.00    8.00    87  |__openmp_worker
19:18:42    4432689         -    220658    6.00    3.00    0.00   25.00    9.00    67  |__openmp_worker
19:18:42    4432689         -    220659    6.00    3.00    0.00   24.00    9.00    56  |__openmp_worker
19:18:42    4432689         -    220660    5.00    3.00    0.00   25.00    8.00    87  |__openmp_worker
19:18:42    4432689         -    220661    6.00    4.00    0.00   23.00   10.00    78  |__openmp_worker
19:18:42    4432689         -    220662    6.00    3.00    0.00   23.00    9.00    60  |__openmp_worker
19:18:42    4432689         -    220663    7.00    3.00    0.00   23.00   10.00    69  |__openmp_worker
19:18:42    4432689         -    220664    6.00    3.00    0.00   22.00    9.00    63  |__openmp_worker
19:18:42    4432689         -    220665    7.00    3.00    0.00   22.00   10.00    59  |__openmp_worker
19:18:42    4432689         -    220666    7.00    3.00    0.00   21.00   10.00    68  |__openmp_worker
19:18:42    4432689         -    220667    8.00    2.00    0.00   21.00   10.00    80  |__openmp_worker
19:18:42    4432689         -    220668    7.00    3.00    0.00   20.00   10.00    79  |__openmp_worker
19:18:42    4432689         -    220669    9.00    1.00    0.00   19.00   10.00    61  |__openmp_worker
19:18:42    4432689         -    220670    8.00    3.00    0.00   19.00   11.00    84  |__openmp_worker
19:18:42    4432689         -    220671    6.00    4.00    0.00   24.00   10.00    72  |__openmp_worker
19:18:42    4432689         -    220672    7.00    3.00    0.00   16.00   10.00    86  |__openmp_worker
19:18:42    4432689         -    220673    7.00    3.00    0.00   17.00   10.00    83  |__openmp_worker
19:18:42    4432689         -    220674    6.00    4.00    0.00   15.00   10.00    65  |__openmp_worker
19:18:42    4432689    220643         -  361.00   86.00    0.00   19.00  447.00    21  ft.C.x
19:18:42    4432689         -    220643   22.00    2.00    0.00   19.00   24.00    21  |__ft.C.x
19:18:42    4432689         -    220675   16.00    2.00    0.00   22.00   18.00    22  |__openmp_worker
19:18:42    4432689         -    220676    9.00    1.00    0.00   20.00   10.00    23  |__openmp_worker
19:18:42    4432689         -    220678    8.00    1.00    0.00   19.00    9.00    27  |__openmp_worker
19:18:42    4432689         -    220679    8.00    2.00    0.00   20.00   10.00    29  |__openmp_worker
19:18:42    4432689         -    220680    8.00    2.00    0.00   19.00   10.00    21  |__openmp_worker
19:18:42    4432689         -    220681   10.00    3.00    0.00   16.00   13.00    17  |__openmp_worker
19:18:42    4432689         -    220682    9.00    1.00    0.00   19.00   10.00    27  |__openmp_worker
19:18:42    4432689         -    220683   17.00    2.00    0.00   21.00   19.00    22  |__openmp_worker
19:18:42    4432689         -    220684    8.00    2.00    0.00   21.00   10.00    19  |__openmp_worker
19:18:42    4432689         -    220685   12.00    2.00    0.00   23.00   14.00    24  |__openmp_worker
19:18:42    4432689         -    220686   15.00    3.00    0.00   22.00   18.00    20  |__openmp_worker
19:18:42    4432689         -    220687   15.00    3.00    0.00   21.00   18.00    32  |__openmp_worker
19:18:42    4432689         -    220688   13.00    5.00    0.00   18.00   18.00    19  |__openmp_worker
19:18:42    4432689         -    220689   11.00    3.00    0.00   24.00   14.00    18  |__openmp_worker
19:18:42    4432689         -    220690   13.00    1.00    0.00   15.00   14.00    17  |__openmp_worker
19:18:42    4432689         -    220691   16.00    4.00    0.00   21.00   20.00    28  |__openmp_worker
19:18:42    4432689         -    220692    9.00    2.00    0.00   17.00   11.00    18  |__openmp_worker
19:18:42    4432689         -    220693   10.00    2.00    0.00   17.00   12.00     2  |__openmp_worker
19:18:42    4432689         -    220694    8.00    4.00    0.00   16.00   12.00     8  |__openmp_worker
19:18:42    4432689         -    220695   11.00    1.00    0.00   21.00   12.00     5  |__openmp_worker
19:18:42    4432689         -    220696    8.00    2.00    0.00   21.00   10.00     5  |__openmp_worker
19:18:42    4432689         -    220697    9.00    3.00    0.00   15.00   12.00     1  |__openmp_worker
19:18:42    4432689         -    220698    8.00    1.00    0.00   22.00    9.00    32  |__openmp_worker
19:18:42    4432689         -    220699    8.00    3.00    0.00   21.00   11.00    14  |__openmp_worker
19:18:42    4432689         -    220700    7.00    2.00    0.00   22.00    9.00    32  |__openmp_worker
19:18:42    4432689         -    220701    7.00    3.00    0.00   20.00   10.00    14  |__openmp_worker
19:18:42    4432689         -    220702    7.00    2.00    0.00   21.00    9.00    32  |__openmp_worker
19:18:42    4432689         -    220703   15.00    2.00    0.00   15.00   17.00    13  |__openmp_worker
19:18:42    4432689         -    220704    8.00    2.00    0.00   21.00   10.00    15  |__openmp_worker
19:18:42    4432689         -    220705   11.00    2.00    0.00   15.00   13.00    17  |__openmp_worker
19:18:42    4432689         -    220706    9.00    3.00    0.00   14.00   12.00    17  |__openmp_worker

19:18:42      UID      TGID       TID    %usr %system  %guest   %wait    %CPU   CPU  Command
19:18:43        0       782         -    0.00    1.00    0.00    0.00    1.00   127  ksoftirqd/127
19:18:43        0         -       782    0.00    1.00    0.00    0.00    1.00   127  |__ksoftirqd/127
19:18:43        0         -       987    0.00    1.00    0.00    0.00    1.00   161  |__ksoftirqd/161
19:18:43        0      9085         -    0.00    1.00    0.00    0.00    1.00   148  jbd2/nvme0n1p2-8
19:18:43        0     14603         -    1.00    0.00    0.00    0.00    1.00   217  mmfsd
19:18:43        0         -     92567    0.00    1.00    0.00    0.00    1.00   218  |__mmfsd
19:18:43        0     45828         -    0.00    1.00    0.00    0.00    1.00    58  kworker/58:0-events
19:18:43        0         -     96646    0.00    1.00    0.00    0.00    1.00    61  |__kworker/61:1-events
19:18:43        0    161727         -    0.00    1.00    0.00    0.00    1.00    85  kworker/85:2-events
19:18:43    4432689    220517         -    1.00    1.00    0.00    0.00    2.00   127  mpstat
19:18:43    4432689         -    220517    1.00    1.00    0.00    0.00    2.00   127  |__mpstat
19:18:43    4432689    220518         -    6.00   11.00    0.00    0.00   17.00    49  pidstat
19:18:43    4432689         -    220518    6.00   11.00    0.00    0.00   17.00    49  |__pidstat
19:18:43    4432689    220568         - 1514.00   13.00    0.00   48.00 1527.00    77  ft.C.x
19:18:43    4432689         -    220568   47.00    1.00    0.00   48.00   48.00    77  |__ft.C.x
19:18:43    4432689         -    220572   45.00    1.00    0.00   51.00   46.00    66  |__openmp_worker
19:18:43    4432689         -    220574   47.00    0.00    0.00   50.00   47.00    58  |__openmp_worker
19:18:43    4432689         -    220576   48.00    0.00    0.00   49.00   48.00    59  |__openmp_worker
19:18:43    4432689         -    220579   47.00    0.00    0.00   49.00   47.00    60  |__openmp_worker
19:18:43    4432689         -    220581   48.00    0.00    0.00   49.00   48.00    61  |__openmp_worker
19:18:43    4432689         -    220582   47.00    1.00    0.00   49.00   48.00    62  |__openmp_worker
19:18:43    4432689         -    220583   46.00    1.00    0.00   49.00   47.00    63  |__openmp_worker
19:18:43    4432689         -    220587   48.00    0.00    0.00   49.00   48.00    64  |__openmp_worker
19:18:43    4432689         -    220590   47.00    1.00    0.00   49.00   48.00    65  |__openmp_worker
19:18:43    4432689         -    220591   45.00    0.00    0.00   51.00   45.00    56  |__openmp_worker
19:18:43    4432689         -    220592   46.00    1.00    0.00   49.00   47.00    67  |__openmp_worker
19:18:43    4432689         -    220596   47.00    1.00    0.00   49.00   48.00    68  |__openmp_worker
19:18:43    4432689         -    220598   47.00    1.00    0.00   49.00   48.00    69  |__openmp_worker
19:18:43    4432689         -    220599   48.00    0.00    0.00   49.00   48.00    71  |__openmp_worker
19:18:43    4432689         -    220600   47.00    0.00    0.00   50.00   47.00    73  |__openmp_worker
19:18:43    4432689         -    220604   47.00    1.00    0.00   49.00   48.00    74  |__openmp_worker
19:18:43    4432689         -    220606   46.00    1.00    0.00   50.00   47.00    75  |__openmp_worker
19:18:43    4432689         -    220607   47.00    0.00    0.00   50.00   47.00    76  |__openmp_worker
19:18:43    4432689         -    220608   48.00    1.00    0.00   48.00   49.00    77  |__openmp_worker
19:18:43    4432689         -    220612   47.00    0.00    0.00   49.00   47.00    78  |__openmp_worker
19:18:43    4432689         -    220614   47.00    0.00    0.00   48.00   47.00    79  |__openmp_worker
19:18:43    4432689         -    220616   51.00    1.00    0.00   44.00   52.00    80  |__openmp_worker
19:18:43    4432689         -    220617   45.00    0.00    0.00   51.00   45.00    84  |__openmp_worker
19:18:43    4432689         -    220619   48.00    0.00    0.00   49.00   48.00    83  |__openmp_worker
19:18:43    4432689         -    220621   48.00    1.00    0.00   48.00   49.00    64  |__openmp_worker
19:18:43    4432689         -    220624   54.00    0.00    0.00   43.00   54.00    66  |__openmp_worker
19:18:43    4432689         -    220625   47.00    0.00    0.00   49.00   47.00    86  |__openmp_worker
19:18:43    4432689         -    220627   47.00    1.00    0.00   50.00   48.00    82  |__openmp_worker
19:18:43    4432689         -    220630   50.00    2.00    0.00   44.00   52.00    72  |__openmp_worker
19:18:43    4432689         -    220631   47.00    0.00    0.00   49.00   47.00    57  |__openmp_worker
19:18:43    4432689         -    220632   47.00    0.00    0.00   49.00   47.00    70  |__openmp_worker
19:18:43    4432689    220569         - 1577.00    6.00    0.00    0.00 1583.00     3  ft.C.x
19:18:43    4432689         -    220569   97.00    0.00    0.00    0.00   97.00     3  |__ft.C.x
19:18:43    4432689         -    220570   91.00    0.00    0.00    6.00   91.00    15  |__openmp_worker
19:18:43    4432689         -    220573   96.00    1.00    0.00    0.00   97.00     6  |__openmp_worker
19:18:43    4432689         -    220575   85.00    1.00    0.00   11.00   86.00    11  |__openmp_worker
19:18:43    4432689         -    220577   90.00    0.00    0.00    8.00   90.00    12  |__openmp_worker
19:18:43    4432689         -    220578   82.00    0.00    0.00   15.00   82.00     8  |__openmp_worker
19:18:43    4432689         -    220580   91.00    1.00    0.00    5.00   92.00     1  |__openmp_worker
19:18:43    4432689         -    220584   88.00    0.00    0.00    9.00   88.00     5  |__openmp_worker
19:18:43    4432689         -    220585   89.00    0.00    0.00    8.00   89.00     2  |__openmp_worker
19:18:43    4432689         -    220586   97.00    0.00    0.00    0.00   97.00     7  |__openmp_worker
19:18:43    4432689         -    220588   88.00    0.00    0.00    9.00   88.00    10  |__openmp_worker
19:18:43    4432689         -    220589   95.00    1.00    0.00    0.00   96.00     9  |__openmp_worker
19:18:43    4432689         -    220593   79.00    0.00    0.00   18.00   79.00    14  |__openmp_worker
19:18:43    4432689         -    220594   92.00    0.00    0.00    5.00   92.00    13  |__openmp_worker
19:18:43    4432689         -    220595   94.00    0.00    0.00    2.00   94.00    16  |__openmp_worker
19:18:43    4432689         -    220597   96.00    1.00    0.00    0.00   97.00     4  |__openmp_worker
19:18:43    4432689         -    220601    9.00    0.00    0.00    6.00    9.00    23  |__openmp_worker
19:18:43    4432689         -    220602    4.00    0.00    0.00    3.00    4.00    24  |__openmp_worker
19:18:43    4432689         -    220603    4.00    0.00    0.00    4.00    4.00    25  |__openmp_worker
19:18:43    4432689         -    220605   14.00    0.00    0.00    0.00   14.00    26  |__openmp_worker
19:18:43    4432689         -    220609    9.00    0.00    0.00    5.00    9.00    30  |__openmp_worker
19:18:43    4432689         -    220610   10.00    0.00    0.00    1.00   10.00    28  |__openmp_worker
19:18:43    4432689         -    220611    4.00    0.00    0.00    8.00    4.00    29  |__openmp_worker
19:18:43    4432689         -    220613    5.00    0.00    0.00    2.00    5.00    30  |__openmp_worker
19:18:43    4432689         -    220615   12.00    0.00    0.00    0.00   12.00    31  |__openmp_worker
19:18:43    4432689         -    220618    5.00    0.00    0.00    7.00    5.00    31  |__openmp_worker
19:18:43    4432689         -    220620    5.00    1.00    0.00    7.00    6.00    28  |__openmp_worker
19:18:43    4432689         -    220622    9.00    0.00    0.00    1.00    9.00    15  |__openmp_worker
19:18:43    4432689         -    220623   12.00    2.00    0.00    1.00   14.00     2  |__openmp_worker
19:18:43    4432689         -    220626   11.00    0.00    0.00    0.00   11.00     8  |__openmp_worker
19:18:43    4432689         -    220628    9.00    0.00    0.00    4.00    9.00    25  |__openmp_worker
19:18:43    4432689         -    220629    7.00    0.00    0.00    0.00    7.00    10  |__openmp_worker
19:18:43    4432689    220641         - 1545.00    5.00    0.00   47.00 1550.00    76  ft.C.x
19:18:43    4432689         -    220641   48.00    0.00    0.00   47.00   48.00    76  |__ft.C.x
19:18:43    4432689         -    220644   48.00    0.00    0.00   47.00   48.00    74  |__openmp_worker
19:18:43    4432689         -    220645   49.00    0.00    0.00   47.00   49.00    58  |__openmp_worker
19:18:43    4432689         -    220646   48.00    0.00    0.00   47.00   48.00    57  |__openmp_worker
19:18:43    4432689         -    220647   45.00    0.00    0.00   51.00   45.00    85  |__openmp_worker
19:18:43    4432689         -    220648   45.00    0.00    0.00   51.00   45.00    85  |__openmp_worker
19:18:43    4432689         -    220649   49.00    0.00    0.00   48.00   49.00    70  |__openmp_worker
19:18:43    4432689         -    220650   49.00    0.00    0.00   47.00   49.00    82  |__openmp_worker
19:18:43    4432689         -    220651   49.00    0.00    0.00   47.00   49.00    75  |__openmp_worker
19:18:43    4432689         -    220652   49.00    0.00    0.00   47.00   49.00    62  |__openmp_worker
19:18:43    4432689         -    220653   49.00    0.00    0.00   47.00   49.00    71  |__openmp_worker
19:18:43    4432689         -    220654   46.00    0.00    0.00   50.00   46.00    81  |__openmp_worker
19:18:43    4432689         -    220655   49.00    0.00    0.00   47.00   49.00    73  |__openmp_worker
19:18:43    4432689         -    220656   45.00    1.00    0.00   51.00   46.00    72  |__openmp_worker
19:18:43    4432689         -    220657   48.00    0.00    0.00   47.00   48.00    87  |__openmp_worker
19:18:43    4432689         -    220658   49.00    1.00    0.00   47.00   50.00    67  |__openmp_worker
19:18:43    4432689         -    220659   47.00    0.00    0.00   49.00   47.00    56  |__openmp_worker
19:18:43    4432689         -    220660   48.00    0.00    0.00   48.00   48.00    87  |__openmp_worker
19:18:43    4432689         -    220661   48.00    0.00    0.00   47.00   48.00    78  |__openmp_worker
19:18:43    4432689         -    220662   49.00    0.00    0.00   47.00   49.00    60  |__openmp_worker
19:18:43    4432689         -    220663   48.00    0.00    0.00   47.00   48.00    69  |__openmp_worker
19:18:43    4432689         -    220664   48.00    2.00    0.00   47.00   50.00    63  |__openmp_worker
19:18:43    4432689         -    220665   48.00    0.00    0.00   47.00   48.00    59  |__openmp_worker
19:18:43    4432689         -    220666   48.00    0.00    0.00   47.00   48.00    68  |__openmp_worker
19:18:43    4432689         -    220667   47.00    0.00    0.00   49.00   47.00    80  |__openmp_worker
19:18:43    4432689         -    220668   49.00    0.00    0.00   48.00   49.00    79  |__openmp_worker
19:18:43    4432689         -    220669   48.00    1.00    0.00   48.00   49.00    61  |__openmp_worker
19:18:43    4432689         -    220670   59.00    0.00    0.00   37.00   59.00    84  |__openmp_worker
19:18:43    4432689         -    220671   44.00    0.00    0.00   52.00   44.00    81  |__openmp_worker
19:18:43    4432689         -    220672   49.00    0.00    0.00   47.00   49.00    86  |__openmp_worker
19:18:43    4432689         -    220673   48.00    1.00    0.00   46.00   49.00    83  |__openmp_worker
19:18:43    4432689         -    220674   48.00    1.00    0.00   46.00   49.00    65  |__openmp_worker
19:18:43    4432689    220643         - 1375.00    9.00    0.00   16.00 1384.00    28  ft.C.x
19:18:43    4432689         -    220643   77.00    1.00    0.00   16.00   78.00    28  |__ft.C.x
19:18:43    4432689         -    220675   80.00    3.00    0.00   11.00   83.00    22  |__openmp_worker
19:18:43    4432689         -    220676   87.00    0.00    0.00    6.00   87.00    23  |__openmp_worker
19:18:43    4432689         -    220678   88.00    0.00    0.00    6.00   88.00    27  |__openmp_worker
19:18:43    4432689         -    220679   91.00    1.00    0.00    3.00   92.00    29  |__openmp_worker
19:18:43    4432689         -    220680   82.00    0.00    0.00   11.00   82.00    25  |__openmp_worker
19:18:43    4432689         -    220681   88.00    1.00    0.00    5.00   89.00    17  |__openmp_worker
19:18:43    4432689         -    220682   87.00    0.00    0.00    5.00   87.00    26  |__openmp_worker
19:18:43    4432689         -    220683   70.00    0.00    0.00   23.00   70.00    21  |__openmp_worker
19:18:43    4432689         -    220684   88.00    0.00    0.00    6.00   88.00    19  |__openmp_worker
19:18:43    4432689         -    220685   91.00    0.00    0.00    2.00   91.00    24  |__openmp_worker
19:18:43    4432689         -    220686   85.00    0.00    0.00    7.00   85.00    20  |__openmp_worker
19:18:43    4432689         -    220687   93.00    1.00    0.00    0.00   94.00    32  |__openmp_worker
19:18:43    4432689         -    220688   87.00    0.00    0.00    7.00   87.00    30  |__openmp_worker
19:18:43    4432689         -    220689   94.00    0.00    0.00    0.00   94.00    18  |__openmp_worker
19:18:43    4432689         -    220690   87.00    2.00    0.00    5.00   89.00    31  |__openmp_worker
19:18:43        0         -    223136    0.00    1.00    0.00    0.00    1.00    75  |__kworker/75:1-events

19:18:43      UID      TGID       TID    %usr %system  %guest   %wait    %CPU   CPU  Command
19:18:44        0       987         -    0.00    1.00    0.00    0.00    1.00   161  ksoftirqd/161
19:18:44      481      6031         -    0.00    1.00    0.00    0.00    1.00    43  chronyd
19:18:44      481         -      6031    0.00    1.00    0.00    0.00    1.00    43  |__chronyd
19:18:44        0         -     48561    0.00    1.00    0.00    0.00    1.00    69  |__kworker/69:2-events
19:18:44        0    198862         -    0.00    1.00    0.00    0.00    1.00    73  kworker/73:1-events
19:18:44        0         -    218409    0.00    1.00    0.00    0.00    1.00   161  |__kworker/161:2-events
19:18:44    4432689    220517         -    0.00    1.00    0.00    0.00    1.00   127  mpstat
19:18:44    4432689         -    220517    0.00    1.00    0.00    0.00    1.00   127  |__mpstat
19:18:44    4432689    220518         -    5.00    8.00    0.00    0.00   13.00    49  pidstat
19:18:44    4432689         -    220518    5.00    8.00    0.00    0.00   13.00    49  |__pidstat
19:18:44    4432689    220568         - 1602.00    5.00    0.00   49.00 1607.00    77  ft.C.x
19:18:44    4432689         -    220568   50.00    1.00    0.00   49.00   51.00    77  |__ft.C.x
19:18:44    4432689         -    220572   48.00    1.00    0.00   50.00   49.00    66  |__openmp_worker
19:18:44    4432689         -    220574   50.00    0.00    0.00   49.00   50.00    58  |__openmp_worker
19:18:44    4432689         -    220576   50.00    0.00    0.00   49.00   50.00    59  |__openmp_worker
19:18:44    4432689         -    220579   51.00    0.00    0.00   49.00   51.00    60  |__openmp_worker
19:18:44    4432689         -    220581   49.00    0.00    0.00   49.00   49.00    61  |__openmp_worker
19:18:44    4432689         -    220582   51.00    0.00    0.00   49.00   51.00    62  |__openmp_worker
19:18:44    4432689         -    220583   50.00    0.00    0.00   49.00   50.00    63  |__openmp_worker
19:18:44    4432689         -    220587   50.00    0.00    0.00   48.00   50.00    64  |__openmp_worker
19:18:44    4432689         -    220590   49.00    0.00    0.00   50.00   49.00    65  |__openmp_worker
19:18:44    4432689         -    220591   48.00    0.00    0.00   52.00   48.00    56  |__openmp_worker
19:18:44    4432689         -    220592   50.00    0.00    0.00   49.00   50.00    67  |__openmp_worker
19:18:44    4432689         -    220596   51.00    0.00    0.00   49.00   51.00    68  |__openmp_worker
19:18:44    4432689         -    220598   50.00    0.00    0.00   49.00   50.00    69  |__openmp_worker
19:18:44    4432689         -    220599   50.00    0.00    0.00   49.00   50.00    71  |__openmp_worker
19:18:44    4432689         -    220600   50.00    0.00    0.00   49.00   50.00    73  |__openmp_worker
19:18:44    4432689         -    220604   50.00    0.00    0.00   51.00   50.00    74  |__openmp_worker
19:18:44    4432689         -    220606   50.00    0.00    0.00   49.00   50.00    75  |__openmp_worker
19:18:44    4432689         -    220607   50.00    0.00    0.00   49.00   50.00    76  |__openmp_worker
19:18:44    4432689         -    220608   49.00    0.00    0.00   51.00   49.00    77  |__openmp_worker
19:18:44    4432689         -    220612   50.00    0.00    0.00   49.00   50.00    78  |__openmp_worker
19:18:44    4432689         -    220614   50.00    0.00    0.00   50.00   50.00    79  |__openmp_worker
19:18:44    4432689         -    220616   50.00    0.00    0.00   51.00   50.00    80  |__openmp_worker
19:18:44    4432689         -    220617   58.00    0.00    0.00   42.00   58.00    84  |__openmp_worker
19:18:44    4432689         -    220619   49.00    0.00    0.00   50.00   49.00    83  |__openmp_worker
19:18:44    4432689         -    220621   48.00    0.00    0.00   51.00   48.00    64  |__openmp_worker
19:18:44    4432689         -    220624   50.00    0.00    0.00   49.00   50.00    66  |__openmp_worker
19:18:44    4432689         -    220625   49.00    0.00    0.00   50.00   49.00    86  |__openmp_worker
19:18:44    4432689         -    220627   49.00    0.00    0.00   50.00   49.00    82  |__openmp_worker
19:18:44    4432689         -    220630   50.00    1.00    0.00   50.00   51.00    72  |__openmp_worker
19:18:44    4432689         -    220631   50.00    1.00    0.00   49.00   51.00    57  |__openmp_worker
19:18:44    4432689         -    220632   50.00    0.00    0.00   49.00   50.00    70  |__openmp_worker
19:18:44    4432689    220569         - 1599.00    0.00    0.00    0.00 1599.00     3  ft.C.x
19:18:44    4432689         -    220569   99.00    0.00    0.00    0.00   99.00     3  |__ft.C.x
19:18:44    4432689         -    220570  100.00    0.00    0.00    0.00  100.00    15  |__openmp_worker
19:18:44    4432689         -    220573  100.00    0.00    0.00    0.00  100.00     6  |__openmp_worker
19:18:44    4432689         -    220575  100.00    0.00    0.00    0.00  100.00    11  |__openmp_worker
19:18:44    4432689         -    220577  100.00    0.00    0.00    0.00  100.00    12  |__openmp_worker
19:18:44    4432689         -    220578  100.00    0.00    0.00    0.00  100.00     8  |__openmp_worker
19:18:44    4432689         -    220580  100.00    0.00    0.00    0.00  100.00     1  |__openmp_worker
19:18:44    4432689         -    220584  100.00    0.00    0.00    1.00  100.00     5  |__openmp_worker
19:18:44    4432689         -    220585  100.00    0.00    0.00    0.00  100.00     2  |__openmp_worker
19:18:44    4432689         -    220586  100.00    0.00    0.00    0.00  100.00     7  |__openmp_worker
19:18:44    4432689         -    220588   99.00    1.00    0.00    0.00  100.00    10  |__openmp_worker
19:18:44    4432689         -    220589  100.00    0.00    0.00    0.00  100.00     9  |__openmp_worker
19:18:44    4432689         -    220593  100.00    0.00    0.00    0.00  100.00    14  |__openmp_worker
19:18:44    4432689         -    220594  100.00    0.00    0.00    0.00  100.00    13  |__openmp_worker
19:18:44    4432689         -    220595  100.00    0.00    0.00    0.00  100.00    16  |__openmp_worker
19:18:44    4432689         -    220597  100.00    0.00    0.00    0.00  100.00     4  |__openmp_worker
19:18:44    4432689    220641         - 1578.00   11.00    0.00   50.00 1589.00    76  ft.C.x
19:18:44    4432689         -    220641   50.00    0.00    0.00   50.00   50.00    76  |__ft.C.x
19:18:44    4432689         -    220644   51.00    0.00    0.00   50.00   51.00    74  |__openmp_worker
19:18:44    4432689         -    220645   49.00    0.00    0.00   50.00   49.00    58  |__openmp_worker
19:18:44    4432689         -    220646   50.00    0.00    0.00   50.00   50.00    57  |__openmp_worker
19:18:44    4432689         -    220647   50.00    1.00    0.00   50.00   51.00    85  |__openmp_worker
19:18:44    4432689         -    220648   49.00    1.00    0.00   51.00   50.00    85  |__openmp_worker
19:18:44    4432689         -    220649   49.00    1.00    0.00   50.00   50.00    70  |__openmp_worker
19:18:44    4432689         -    220650   50.00    0.00    0.00   50.00   50.00    82  |__openmp_worker
19:18:44    4432689         -    220651   50.00    0.00    0.00   51.00   50.00    75  |__openmp_worker
19:18:44    4432689         -    220652   49.00    0.00    0.00   51.00   49.00    62  |__openmp_worker
19:18:44    4432689         -    220653   50.00    0.00    0.00   51.00   50.00    71  |__openmp_worker
19:18:44    4432689         -    220654   49.00    0.00    0.00   50.00   49.00    81  |__openmp_worker
19:18:44    4432689         -    220655   50.00    0.00    0.00   50.00   50.00    73  |__openmp_worker
19:18:44    4432689         -    220656   49.00    0.00    0.00   51.00   49.00    72  |__openmp_worker
19:18:44    4432689         -    220657   47.00    2.00    0.00   50.00   49.00    87  |__openmp_worker
19:18:44    4432689         -    220658   50.00    0.00    0.00   50.00   50.00    67  |__openmp_worker
19:18:44    4432689         -    220659   47.00    0.00    0.00   53.00   47.00    84  |__openmp_worker
19:18:44    4432689         -    220660   50.00    1.00    0.00   50.00   51.00    87  |__openmp_worker
19:18:44    4432689         -    220661   49.00    1.00    0.00   51.00   50.00    78  |__openmp_worker
19:18:44    4432689         -    220662   50.00    0.00    0.00   49.00   50.00    60  |__openmp_worker
19:18:44    4432689         -    220663   49.00    0.00    0.00   49.00   49.00    69  |__openmp_worker
19:18:44    4432689         -    220664   49.00    0.00    0.00   50.00   49.00    63  |__openmp_worker
19:18:44    4432689         -    220665   49.00    1.00    0.00   50.00   50.00    59  |__openmp_worker
19:18:44    4432689         -    220666   49.00    1.00    0.00   49.00   50.00    68  |__openmp_worker
19:18:44    4432689         -    220667   49.00    1.00    0.00   50.00   50.00    80  |__openmp_worker
19:18:44    4432689         -    220668   49.00    0.00    0.00   50.00   49.00    79  |__openmp_worker
19:18:44    4432689         -    220669   50.00    0.00    0.00   50.00   50.00    61  |__openmp_worker
19:18:44    4432689         -    220670   48.00    0.00    0.00   51.00   48.00    56  |__openmp_worker
19:18:44    4432689         -    220671   50.00    0.00    0.00   49.00   50.00    81  |__openmp_worker
19:18:44    4432689         -    220672   50.00    0.00    0.00   50.00   50.00    86  |__openmp_worker
19:18:44    4432689         -    220673   50.00    0.00    0.00   51.00   50.00    83  |__openmp_worker
19:18:44    4432689         -    220674   50.00    0.00    0.00   51.00   50.00    65  |__openmp_worker
19:18:44    4432689    220643         - 1519.00    6.00    0.00    0.00 1525.00    28  ft.C.x
19:18:44    4432689         -    220643  100.00    0.00    0.00    0.00  100.00    28  |__ft.C.x
19:18:44    4432689         -    220675   99.00    1.00    0.00    0.00  100.00    22  |__openmp_worker
19:18:44    4432689         -    220676   98.00    2.00    0.00    0.00  100.00    23  |__openmp_worker
19:18:44    4432689         -    220678   68.00    0.00    0.00   32.00   68.00    17  |__openmp_worker
19:18:44    4432689         -    220679   99.00    0.00    0.00    0.00   99.00    29  |__openmp_worker
19:18:44    4432689         -    220680  100.00    0.00    0.00    0.00  100.00    26  |__openmp_worker
19:18:44    4432689         -    220681   69.00    0.00    0.00   32.00   69.00    17  |__openmp_worker
19:18:44    4432689         -    220682   94.00    1.00    0.00    6.00   95.00    24  |__openmp_worker
19:18:44    4432689         -    220683  100.00    0.00    0.00    0.00  100.00    21  |__openmp_worker
19:18:44    4432689         -    220684  100.00    0.00    0.00    0.00  100.00    19  |__openmp_worker
19:18:44    4432689         -    220685   94.00    1.00    0.00    6.00   95.00    25  |__openmp_worker
19:18:44    4432689         -    220686  100.00    1.00    0.00    0.00  101.00    20  |__openmp_worker
19:18:44    4432689         -    220687   99.00    0.00    0.00    0.00   99.00    32  |__openmp_worker
19:18:44    4432689         -    220688  100.00    0.00    0.00    0.00  100.00    27  |__openmp_worker
19:18:44    4432689         -    220689   99.00    1.00    0.00    0.00  100.00    18  |__openmp_worker
19:18:44    4432689         -    220690  100.00    0.00    0.00    0.00  100.00    31  |__openmp_worker

19:18:44      UID      TGID       TID    %usr %system  %guest   %wait    %CPU   CPU  Command
19:18:45        0        16         -    0.00    1.00    0.00    0.00    1.00     0  ksoftirqd/0
19:18:45        0     14603         -    1.00    1.00    0.00    0.00    2.00   217  mmfsd
19:18:45        0         -     16160    1.00    0.00    0.00    0.00    1.00   112  |__mmfsd
19:18:45        0         -     25565    0.00    1.00    0.00    0.00    1.00    74  |__kworker/74:2-events
19:18:45        0         -    129084    0.00    1.00    0.00    0.00    1.00    84  |__kworker/84:0-events
19:18:45        0    177419         -    0.00    1.00    0.00    0.00    1.00    76  kworker/76:1-events
19:18:45        0    201647         -    0.00    1.00    0.00    0.00    1.00    18  kworker/18:1-events
19:18:45        0         -    201647    0.00    1.00    0.00    0.00    1.00    18  |__kworker/18:1-events
19:18:45        0         -    202782    0.00    1.00    0.00    0.00    1.00     9  |__kworker/9:2-events
19:18:45    4432689    220517         -    0.00    1.00    0.00    0.00    1.00   127  mpstat
19:18:45    4432689         -    220517    0.00    1.00    0.00    0.00    1.00   127  |__mpstat
19:18:45    4432689    220518         -    4.00    9.00    0.00    0.00   13.00   161  pidstat
19:18:45    4432689         -    220518    4.00    9.00    0.00    0.00   13.00   161  |__pidstat
19:18:45    4432689    220568         - 1601.00    9.00    0.00   50.00 1610.00    77  ft.C.x
19:18:45    4432689         -    220568   49.00    0.00    0.00   50.00   49.00    77  |__ft.C.x
19:18:45    4432689         -    220572   50.00    0.00    0.00   50.00   50.00    66  |__openmp_worker
19:18:45    4432689         -    220574   50.00    0.00    0.00   50.00   50.00    58  |__openmp_worker
19:18:45    4432689         -    220576   50.00    0.00    0.00   50.00   50.00    59  |__openmp_worker
19:18:45    4432689         -    220579   49.00    0.00    0.00   50.00   49.00    60  |__openmp_worker
19:18:45    4432689         -    220581   51.00    0.00    0.00   49.00   51.00    61  |__openmp_worker
19:18:45    4432689         -    220582   49.00    1.00    0.00   49.00   50.00    62  |__openmp_worker
19:18:45    4432689         -    220583   50.00    0.00    0.00   50.00   50.00    63  |__openmp_worker
19:18:45    4432689         -    220587   48.00    2.00    0.00   50.00   50.00    64  |__openmp_worker
19:18:45    4432689         -    220590   51.00    0.00    0.00   48.00   51.00    65  |__openmp_worker
19:18:45    4432689         -    220591   49.00    0.00    0.00   50.00   49.00    85  |__openmp_worker
19:18:45    4432689         -    220592   50.00    0.00    0.00   49.00   50.00    67  |__openmp_worker
19:18:45    4432689         -    220596   48.00    0.00    0.00   51.00   48.00    68  |__openmp_worker
19:18:45    4432689         -    220598   49.00    1.00    0.00   50.00   50.00    84  |__openmp_worker
19:18:45    4432689         -    220599   50.00    0.00    0.00   49.00   50.00    71  |__openmp_worker
19:18:45    4432689         -    220600   51.00    0.00    0.00   49.00   51.00    73  |__openmp_worker
19:18:45    4432689         -    220604   56.00    0.00    0.00   43.00   56.00    74  |__openmp_worker
19:18:45    4432689         -    220606   50.00    1.00    0.00   49.00   51.00    75  |__openmp_worker
19:18:45    4432689         -    220607   50.00    1.00    0.00   50.00   51.00    76  |__openmp_worker
19:18:45    4432689         -    220608   49.00    0.00    0.00   49.00   49.00    77  |__openmp_worker
19:18:45    4432689         -    220612   50.00    0.00    0.00   49.00   50.00    78  |__openmp_worker
19:18:45    4432689         -    220614   50.00    0.00    0.00   49.00   50.00    79  |__openmp_worker
19:18:45    4432689         -    220616   51.00    0.00    0.00   48.00   51.00    80  |__openmp_worker
19:18:45    4432689         -    220617   51.00    1.00    0.00   48.00   52.00    72  |__openmp_worker
19:18:45    4432689         -    220619   50.00    1.00    0.00   48.00   51.00    83  |__openmp_worker
19:18:45    4432689         -    220621   50.00    0.00    0.00   49.00   50.00    64  |__openmp_worker
19:18:45    4432689         -    220624   48.00    2.00    0.00   50.00   50.00    66  |__openmp_worker
19:18:45    4432689         -    220625   51.00    0.00    0.00   48.00   51.00    86  |__openmp_worker
19:18:45    4432689         -    220627   51.00    0.00    0.00   48.00   51.00    82  |__openmp_worker
19:18:45    4432689         -    220630   49.00    0.00    0.00   49.00   49.00    72  |__openmp_worker
19:18:45    4432689         -    220631   50.00    0.00    0.00   49.00   50.00    57  |__openmp_worker
19:18:45    4432689         -    220632   50.00    0.00    0.00   50.00   50.00    70  |__openmp_worker
19:18:45    4432689    220569         - 1586.00    1.00    0.00    1.00 1587.00     3  ft.C.x
19:18:45    4432689         -    220569  100.00    0.00    0.00    1.00  100.00     3  |__ft.C.x
19:18:45    4432689         -    220570   99.00    0.00    0.00    0.00   99.00    15  |__openmp_worker
19:18:45    4432689         -    220573   99.00    0.00    0.00    0.00   99.00     6  |__openmp_worker
19:18:45    4432689         -    220575  100.00    0.00    0.00    0.00  100.00    11  |__openmp_worker
19:18:45    4432689         -    220577   99.00    0.00    0.00    0.00   99.00    12  |__openmp_worker
19:18:45    4432689         -    220578   99.00    0.00    0.00    0.00   99.00     8  |__openmp_worker
19:18:45    4432689         -    220580   99.00    0.00    0.00    0.00   99.00     1  |__openmp_worker
19:18:45    4432689         -    220584   99.00    0.00    0.00    0.00   99.00     5  |__openmp_worker
19:18:45    4432689         -    220585   99.00    0.00    0.00    0.00   99.00     2  |__openmp_worker
19:18:45    4432689         -    220586   99.00    0.00    0.00    1.00   99.00     7  |__openmp_worker
19:18:45    4432689         -    220588   99.00    0.00    0.00    0.00   99.00    10  |__openmp_worker
19:18:45    4432689         -    220589   99.00    0.00    0.00    0.00   99.00     9  |__openmp_worker
19:18:45    4432689         -    220593   99.00    0.00    0.00    0.00   99.00    14  |__openmp_worker
19:18:45    4432689         -    220594   99.00    0.00    0.00    0.00   99.00    13  |__openmp_worker
19:18:45    4432689         -    220595   99.00    0.00    0.00    0.00   99.00    16  |__openmp_worker
19:18:45    4432689         -    220597   99.00    0.00    0.00    0.00   99.00     4  |__openmp_worker
19:18:45    4432689    220641         - 1563.00    8.00    0.00   50.00 1571.00    76  ft.C.x
19:18:45    4432689         -    220641   49.00    1.00    0.00   50.00   50.00    76  |__ft.C.x
19:18:45    4432689         -    220644   46.00    0.00    0.00   53.00   46.00    68  |__openmp_worker
19:18:45    4432689         -    220645   49.00    0.00    0.00   50.00   49.00    58  |__openmp_worker
19:18:45    4432689         -    220646   48.00    1.00    0.00   51.00   49.00    57  |__openmp_worker
19:18:45    4432689         -    220647   47.00    1.00    0.00   51.00   48.00    56  |__openmp_worker
19:18:45    4432689         -    220648   49.00    0.00    0.00   50.00   49.00    85  |__openmp_worker
19:18:45    4432689         -    220649   49.00    0.00    0.00   50.00   49.00    70  |__openmp_worker
19:18:45    4432689         -    220650   49.00    0.00    0.00   51.00   49.00    82  |__openmp_worker
19:18:45    4432689         -    220651   49.00    0.00    0.00   50.00   49.00    75  |__openmp_worker
19:18:45    4432689         -    220652   49.00    0.00    0.00   50.00   49.00    62  |__openmp_worker
19:18:45    4432689         -    220653   49.00    0.00    0.00   50.00   49.00    71  |__openmp_worker
19:18:45    4432689         -    220654   50.00    1.00    0.00   50.00   51.00    81  |__openmp_worker
19:18:45    4432689         -    220655   49.00    0.00    0.00   51.00   49.00    73  |__openmp_worker
19:18:45    4432689         -    220656   49.00    0.00    0.00   50.00   49.00    72  |__openmp_worker
19:18:45    4432689         -    220657   49.00    1.00    0.00   51.00   50.00    87  |__openmp_worker
19:18:45    4432689         -    220658   49.00    0.00    0.00   51.00   49.00    67  |__openmp_worker
19:18:45    4432689         -    220659   49.00    0.00    0.00   50.00   49.00    69  |__openmp_worker
19:18:45    4432689         -    220660   49.00    0.00    0.00   50.00   49.00    87  |__openmp_worker
19:18:45    4432689         -    220661   49.00    0.00    0.00   50.00   49.00    78  |__openmp_worker
19:18:45    4432689         -    220662   49.00    0.00    0.00   51.00   49.00    60  |__openmp_worker
19:18:45    4432689         -    220663   49.00    1.00    0.00   52.00   50.00    69  |__openmp_worker
19:18:45    4432689         -    220664   49.00    0.00    0.00   51.00   49.00    63  |__openmp_worker
19:18:45    4432689         -    220665   49.00    0.00    0.00   50.00   49.00    59  |__openmp_worker
19:18:45    4432689         -    220666   47.00    0.00    0.00   53.00   47.00    74  |__openmp_worker
19:18:45    4432689         -    220667   49.00    0.00    0.00   51.00   49.00    80  |__openmp_worker
19:18:45    4432689         -    220668   50.00    0.00    0.00   50.00   50.00    79  |__openmp_worker
19:18:45    4432689         -    220669   48.00    0.00    0.00   50.00   48.00    61  |__openmp_worker
19:18:45    4432689         -    220670   53.00    0.00    0.00   47.00   53.00    56  |__openmp_worker
19:18:45    4432689         -    220671   49.00    1.00    0.00   50.00   50.00    81  |__openmp_worker
19:18:45    4432689         -    220672   48.00    1.00    0.00   51.00   49.00    86  |__openmp_worker
19:18:45    4432689         -    220673   49.00    0.00    0.00   50.00   49.00    83  |__openmp_worker
19:18:45    4432689         -    220674   48.00    0.00    0.00   51.00   48.00    65  |__openmp_worker
19:18:45    4432689    220643         - 1578.00    1.00    0.00    0.00 1579.00    28  ft.C.x
19:18:45    4432689         -    220643   99.00    0.00    0.00    0.00   99.00    28  |__ft.C.x
19:18:45    4432689         -    220675   99.00    0.00    0.00    1.00   99.00    22  |__openmp_worker
19:18:45    4432689         -    220676  100.00    0.00    0.00    0.00  100.00    23  |__openmp_worker
19:18:45    4432689         -    220678   96.00    0.00    0.00    4.00   96.00    30  |__openmp_worker
19:18:45    4432689         -    220679  100.00    0.00    0.00    0.00  100.00    29  |__openmp_worker
19:18:45    4432689         -    220680   99.00    0.00    0.00    0.00   99.00    26  |__openmp_worker
19:18:45    4432689         -    220681   94.00    0.00    0.00    5.00   94.00    17  |__openmp_worker
19:18:45    4432689         -    220682   99.00    0.00    0.00    0.00   99.00    24  |__openmp_worker
19:18:45    4432689         -    220683   99.00    0.00    0.00    0.00   99.00    21  |__openmp_worker
19:18:45    4432689         -    220684   99.00    0.00    0.00    0.00   99.00    19  |__openmp_worker
19:18:45    4432689         -    220685   98.00    1.00    0.00    0.00   99.00    25  |__openmp_worker
19:18:45    4432689         -    220686   99.00    0.00    0.00    0.00   99.00    20  |__openmp_worker
19:18:45    4432689         -    220687   99.00    0.00    0.00    0.00   99.00    32  |__openmp_worker
19:18:45    4432689         -    220688   99.00    0.00    0.00    0.00   99.00    27  |__openmp_worker
19:18:45    4432689         -    220689   99.00    0.00    0.00    0.00   99.00    18  |__openmp_worker
19:18:45    4432689         -    220690   98.00    0.00    0.00    0.00   98.00    31  |__openmp_worker

19:18:45      UID      TGID       TID    %usr %system  %guest   %wait    %CPU   CPU  Command
19:18:46        0        17         -    0.00    1.00    0.00    0.00    1.00    37  rcu_preempt
19:18:46        0         -        17    0.00    1.00    0.00    0.00    1.00    37  |__rcu_preempt
19:18:46        0    129042         -    0.00    1.00    0.00    0.00    1.00   123  kworker/123:1-events
19:18:46        0         -    210433    0.00    1.00    0.00    1.00    1.00     0  |__kworker/0:1-events
19:18:46        0    218240         -    1.00    0.00    0.00    0.00    1.00    28  kworker/28:2-events
19:18:46        0         -    218240    1.00    0.00    0.00    0.00    1.00    28  |__kworker/28:2-events
19:18:46        0    218587         -    1.00    0.00    0.00    0.00    1.00    20  kworker/20:1-events
19:18:46        0         -    218587    1.00    0.00    0.00    0.00    1.00    20  |__kworker/20:1-events
19:18:46    4432689    220517         -    0.00    1.00    0.00    0.00    1.00   127  mpstat
19:18:46    4432689         -    220517    0.00    1.00    0.00    0.00    1.00   127  |__mpstat
19:18:46    4432689    220518         -    3.00   11.00    0.00    0.00   14.00     0  pidstat
19:18:46    4432689         -    220518    3.00   11.00    0.00    0.00   14.00     0  |__pidstat
19:18:46    4432689    220568         - 1598.00   16.00    0.00   51.00 1614.00    77  ft.C.x
19:18:46    4432689         -    220568   49.00    1.00    0.00   51.00   50.00    77  |__ft.C.x
19:18:46    4432689         -    220572   50.00    2.00    0.00   50.00   52.00    66  |__openmp_worker
19:18:46    4432689         -    220574   57.00    0.00    0.00   44.00   57.00    58  |__openmp_worker
19:18:46    4432689         -    220576   50.00    1.00    0.00   50.00   51.00    59  |__openmp_worker
19:18:46    4432689         -    220579   51.00    0.00    0.00   50.00   51.00    60  |__openmp_worker
19:18:46    4432689         -    220581   50.00    0.00    0.00   51.00   50.00    61  |__openmp_worker
19:18:46    4432689         -    220582   51.00    0.00    0.00   51.00   51.00    62  |__openmp_worker
19:18:46    4432689         -    220583   50.00    0.00    0.00   50.00   50.00    63  |__openmp_worker
19:18:46    4432689         -    220587   51.00    0.00    0.00   51.00   51.00    64  |__openmp_worker
19:18:46    4432689         -    220590   49.00    1.00    0.00   52.00   50.00    65  |__openmp_worker
19:18:46    4432689         -    220591   50.00    0.00    0.00   51.00   50.00    85  |__openmp_worker
19:18:46    4432689         -    220592   50.00    0.00    0.00   51.00   50.00    67  |__openmp_worker
19:18:46    4432689         -    220596   48.00    1.00    0.00   52.00   49.00    56  |__openmp_worker
19:18:46    4432689         -    220598   54.00    1.00    0.00   46.00   55.00    80  |__openmp_worker
19:18:46    4432689         -    220599   51.00    0.00    0.00   51.00   51.00    71  |__openmp_worker
19:18:46    4432689         -    220600   50.00    0.00    0.00   51.00   50.00    73  |__openmp_worker
19:18:46    4432689         -    220604   50.00    0.00    0.00   51.00   50.00    74  |__openmp_worker
19:18:46    4432689         -    220606   50.00    0.00    0.00   51.00   50.00    75  |__openmp_worker
19:18:46    4432689         -    220607   50.00    1.00    0.00   50.00   51.00    76  |__openmp_worker
19:18:46    4432689         -    220608   50.00    1.00    0.00   51.00   51.00    77  |__openmp_worker
19:18:46    4432689         -    220612   50.00    0.00    0.00   51.00   50.00    78  |__openmp_worker
19:18:46    4432689         -    220614   46.00    1.00    0.00   55.00   47.00    57  |__openmp_worker
19:18:46    4432689         -    220616   47.00    0.00    0.00   53.00   47.00    80  |__openmp_worker
19:18:46    4432689         -    220617   48.00    0.00    0.00   54.00   48.00    72  |__openmp_worker
19:18:46    4432689         -    220619   50.00    0.00    0.00   52.00   50.00    83  |__openmp_worker
19:18:46    4432689         -    220621   50.00    1.00    0.00   51.00   51.00    64  |__openmp_worker
19:18:46    4432689         -    220624   49.00    1.00    0.00   51.00   50.00    66  |__openmp_worker
19:18:46    4432689         -    220625   51.00    0.00    0.00   51.00   51.00    86  |__openmp_worker
19:18:46    4432689         -    220627   50.00    0.00    0.00   52.00   50.00    82  |__openmp_worker
19:18:46    4432689         -    220630   48.00    0.00    0.00   53.00   48.00    72  |__openmp_worker
19:18:46    4432689         -    220631   48.00    0.00    0.00   54.00   48.00    57  |__openmp_worker
19:18:46    4432689         -    220632   50.00    1.00    0.00   50.00   51.00    70  |__openmp_worker
19:18:46    4432689    220569         - 1625.00    0.00    0.00    0.00 1625.00     3  ft.C.x
19:18:46    4432689         -    220569  101.00    0.00    0.00    0.00  101.00     3  |__ft.C.x
19:18:46    4432689         -    220570  101.00    0.00    0.00    0.00  101.00    15  |__openmp_worker
19:18:46    4432689         -    220573  102.00    0.00    0.00    0.00  102.00     6  |__openmp_worker
19:18:46    4432689         -    220575  101.00    0.00    0.00    0.00  101.00    11  |__openmp_worker
19:18:46    4432689         -    220577  102.00    0.00    0.00    0.00  102.00    12  |__openmp_worker
19:18:46    4432689         -    220578  102.00    0.00    0.00    0.00  102.00     8  |__openmp_worker
19:18:46    4432689         -    220580  101.00    0.00    0.00    0.00  101.00     1  |__openmp_worker
19:18:46    4432689         -    220584  101.00    0.00    0.00    0.00  101.00     5  |__openmp_worker
19:18:46    4432689         -    220585  102.00    0.00    0.00    0.00  102.00     2  |__openmp_worker
19:18:46    4432689         -    220586  101.00    0.00    0.00    0.00  101.00     7  |__openmp_worker
19:18:46    4432689         -    220588  102.00    0.00    0.00    0.00  102.00    10  |__openmp_worker
19:18:46    4432689         -    220589  102.00    0.00    0.00    0.00  102.00     9  |__openmp_worker
19:18:46    4432689         -    220593  102.00    0.00    0.00    0.00  102.00    14  |__openmp_worker
19:18:46    4432689         -    220594  101.00    0.00    0.00    0.00  101.00    13  |__openmp_worker
19:18:46    4432689         -    220595  101.00    0.00    0.00    0.00  101.00    16  |__openmp_worker
19:18:46    4432689         -    220597  101.00    0.00    0.00    0.00  101.00     4  |__openmp_worker
19:18:46    4432689    220641         - 1614.00   15.00    0.00   51.00 1629.00    76  ft.C.x
19:18:46    4432689         -    220641   50.00    0.00    0.00   51.00   50.00    76  |__ft.C.x
19:18:46    4432689         -    220644   52.00    0.00    0.00   49.00   52.00    68  |__openmp_worker
19:18:46    4432689         -    220645   49.00    1.00    0.00   50.00   50.00    56  |__openmp_worker
19:18:46    4432689         -    220646   49.00    0.00    0.00   52.00   49.00    58  |__openmp_worker
19:18:46    4432689         -    220647   47.00    1.00    0.00   53.00   48.00    56  |__openmp_worker
19:18:46    4432689         -    220648   51.00    0.00    0.00   51.00   51.00    85  |__openmp_worker
19:18:46    4432689         -    220649   51.00    0.00    0.00   51.00   51.00    70  |__openmp_worker
19:18:46    4432689         -    220650   51.00    0.00    0.00   50.00   51.00    82  |__openmp_worker
19:18:46    4432689         -    220651   51.00    0.00    0.00   50.00   51.00    75  |__openmp_worker
19:18:46    4432689         -    220652   50.00    1.00    0.00   51.00   51.00    62  |__openmp_worker
19:18:46    4432689         -    220653   51.00    0.00    0.00   51.00   51.00    71  |__openmp_worker
19:18:46    4432689         -    220654   48.00    2.00    0.00   51.00   50.00    81  |__openmp_worker
19:18:46    4432689         -    220655   50.00    0.00    0.00   50.00   50.00    73  |__openmp_worker
19:18:46    4432689         -    220656   55.00    0.00    0.00   46.00   55.00    84  |__openmp_worker
19:18:46    4432689         -    220657   51.00    1.00    0.00   50.00   52.00    87  |__openmp_worker
19:18:46    4432689         -    220658   51.00    0.00    0.00   50.00   51.00    67  |__openmp_worker
19:18:46    4432689         -    220659   50.00    2.00    0.00   51.00   52.00    69  |__openmp_worker
19:18:46    4432689         -    220660   50.00    1.00    0.00   51.00   51.00    87  |__openmp_worker
19:18:46    4432689         -    220661   51.00    0.00    0.00   51.00   51.00    78  |__openmp_worker
19:18:46    4432689         -    220662   51.00    0.00    0.00   51.00   51.00    60  |__openmp_worker
19:18:46    4432689         -    220663   50.00    0.00    0.00   50.00   50.00    69  |__openmp_worker
19:18:46    4432689         -    220664   51.00    0.00    0.00   50.00   51.00    63  |__openmp_worker
19:18:46    4432689         -    220665   51.00    0.00    0.00   51.00   51.00    59  |__openmp_worker
19:18:46    4432689         -    220666   50.00    1.00    0.00   52.00   51.00    74  |__openmp_worker
19:18:46    4432689         -    220667   48.00    0.00    0.00   52.00   48.00    84  |__openmp_worker
19:18:46    4432689         -    220668   56.00    0.00    0.00   45.00   56.00    79  |__openmp_worker
19:18:46    4432689         -    220669   50.00    1.00    0.00   51.00   51.00    61  |__openmp_worker
19:18:46    4432689         -    220670   48.00    1.00    0.00   52.00   49.00    79  |__openmp_worker
19:18:46    4432689         -    220671   49.00    1.00    0.00   51.00   50.00    81  |__openmp_worker
19:18:46    4432689         -    220672   50.00    0.00    0.00   51.00   50.00    86  |__openmp_worker
19:18:46    4432689         -    220673   51.00    0.00    0.00   51.00   51.00    83  |__openmp_worker
19:18:46    4432689         -    220674   51.00    1.00    0.00   50.00   52.00    65  |__openmp_worker
19:18:46    4432689    220643         - 1618.00    1.00    0.00    0.00 1619.00    28  ft.C.x
19:18:46    4432689         -    220643  101.00    0.00    0.00    0.00  101.00    28  |__ft.C.x
19:18:46    4432689         -    220675  100.00    1.00    0.00    0.00  101.00    22  |__openmp_worker
19:18:46    4432689         -    220676  101.00    0.00    0.00    0.00  101.00    23  |__openmp_worker
19:18:46    4432689         -    220678  101.00    0.00    0.00    0.00  101.00    30  |__openmp_worker
19:18:46    4432689         -    220679  101.00    0.00    0.00    0.00  101.00    29  |__openmp_worker
19:18:46    4432689         -    220680  101.00    0.00    0.00    0.00  101.00    26  |__openmp_worker
19:18:46    4432689         -    220681  101.00    0.00    0.00    0.00  101.00    17  |__openmp_worker
19:18:46    4432689         -    220682  101.00    0.00    0.00    0.00  101.00    24  |__openmp_worker
19:18:46    4432689         -    220683  101.00    0.00    0.00    0.00  101.00    21  |__openmp_worker
19:18:46    4432689         -    220684  101.00    0.00    0.00    0.00  101.00    19  |__openmp_worker
19:18:46    4432689         -    220685  102.00    0.00    0.00    0.00  102.00    25  |__openmp_worker
19:18:46    4432689         -    220686  101.00    0.00    0.00    0.00  101.00    20  |__openmp_worker
19:18:46    4432689         -    220687  101.00    1.00    0.00    0.00  102.00    32  |__openmp_worker
19:18:46    4432689         -    220688  101.00    0.00    0.00    0.00  101.00    27  |__openmp_worker
19:18:46    4432689         -    220689  102.00    0.00    0.00    0.00  102.00    18  |__openmp_worker
19:18:46    4432689         -    220690  102.00    0.00    0.00    0.00  102.00    31  |__openmp_worker

19:18:46      UID      TGID       TID    %usr %system  %guest   %wait    %CPU   CPU  Command
19:18:47        0       215         -    0.00    1.00    0.00    0.00    1.00    33  migration/33
19:18:47        0         -       215    0.00    1.00    0.00    0.00    1.00    33  |__migration/33
19:18:47        0         -       987    0.00    1.00    0.00    0.00    1.00   161  |__ksoftirqd/161
19:18:47        0     14603         -    1.00    1.00    0.00    0.00    2.00   217  mmfsd
19:18:47        0         -     92620    0.00    1.00    0.00    0.00    1.00   146  |__mmfsd
19:18:47        0         -     78217    0.00    1.00    0.00    0.00    1.00   149  |__mmfsd
19:18:47        0         -     39434    1.00    0.00    0.00    0.00    1.00    88  |__mmfsd
19:18:47        0    103581         -    0.00    1.00    0.00    0.00    1.00    77  kworker/77:2-events
19:18:47        0         -    170052    0.00    1.00    0.00    0.00    1.00    80  |__kworker/80:0-events
19:18:47    4432689    220517         -    0.00    2.00    0.00    0.00    2.00    15  mpstat
19:18:47    4432689         -    220517    0.00    2.00    0.00    0.00    2.00    15  |__mpstat
19:18:47    4432689    220518         -    3.00    9.00    0.00    0.00   12.00     0  pidstat
19:18:47    4432689         -    220518    3.00    9.00    0.00    0.00   12.00     0  |__pidstat
19:18:47    4432689    220641         - 1606.00   24.00    0.00   46.00 1630.00    76  ft.C.x
19:18:47    4432689         -    220641   52.00    0.00    0.00   46.00   52.00    76  |__ft.C.x
19:18:47    4432689         -    220644   57.00    0.00    0.00   41.00   57.00    68  |__openmp_worker
19:18:47    4432689         -    220645   45.00    0.00    0.00   54.00   45.00    81  |__openmp_worker
19:18:47    4432689         -    220646   51.00    1.00    0.00   46.00   52.00    58  |__openmp_worker
19:18:47    4432689         -    220647   44.00    0.00    0.00   52.00   44.00    56  |__openmp_worker
19:18:47    4432689         -    220648   47.00    0.00    0.00   50.00   47.00    85  |__openmp_worker
19:18:47    4432689         -    220649   52.00    0.00    0.00   46.00   52.00    70  |__openmp_worker
19:18:47    4432689         -    220650   50.00    1.00    0.00   46.00   51.00    82  |__openmp_worker
19:18:47    4432689         -    220651   50.00    1.00    0.00   47.00   51.00    75  |__openmp_worker
19:18:47    4432689         -    220652   52.00    0.00    0.00   46.00   52.00    62  |__openmp_worker
19:18:47    4432689         -    220653   52.00    0.00    0.00   46.00   52.00    71  |__openmp_worker
19:18:47    4432689         -    220654   48.00    1.00    0.00   50.00   49.00    56  |__openmp_worker
19:18:47    4432689         -    220655   55.00    1.00    0.00   43.00   56.00    73  |__openmp_worker
19:18:47    4432689         -    220656   51.00    0.00    0.00   47.00   51.00    59  |__openmp_worker
19:18:47    4432689         -    220657   50.00    1.00    0.00   47.00   51.00    77  |__openmp_worker
19:18:47    4432689         -    220658   50.00    1.00    0.00   46.00   51.00    67  |__openmp_worker
19:18:47    4432689         -    220659   48.00    0.00    0.00   49.00   48.00    69  |__openmp_worker
19:18:47    4432689         -    220660   49.00    2.00    0.00   46.00   51.00    87  |__openmp_worker
19:18:47    4432689         -    220661   51.00    1.00    0.00   46.00   52.00    78  |__openmp_worker
19:18:47    4432689         -    220662   52.00    1.00    0.00   46.00   53.00    60  |__openmp_worker
19:18:47    4432689         -    220663   49.00    1.00    0.00   49.00   50.00    69  |__openmp_worker
19:18:47    4432689         -    220664   52.00    1.00    0.00   46.00   53.00    63  |__openmp_worker
19:18:47    4432689         -    220665   51.00    0.00    0.00   47.00   51.00    57  |__openmp_worker
19:18:47    4432689         -    220666   52.00    1.00    0.00   46.00   53.00    74  |__openmp_worker
19:18:47    4432689         -    220667   54.00    0.00    0.00   44.00   54.00    84  |__openmp_worker
19:18:47    4432689         -    220668   49.00    1.00    0.00   48.00   50.00    79  |__openmp_worker
19:18:47    4432689         -    220669   52.00    1.00    0.00   46.00   53.00    61  |__openmp_worker
19:18:47    4432689         -    220670   47.00    1.00    0.00   50.00   48.00    79  |__openmp_worker
19:18:47    4432689         -    220671   54.00    1.00    0.00   44.00   55.00    81  |__openmp_worker
19:18:47    4432689         -    220672   52.00    1.00    0.00   45.00   53.00    86  |__openmp_worker
19:18:47    4432689         -    220673   52.00    0.00    0.00   46.00   52.00    83  |__openmp_worker
19:18:47    4432689         -    220674   44.00    1.00    0.00   53.00   45.00    65  |__openmp_worker
19:18:47    4432689    220643         - 1573.00    1.00    0.00    0.00 1574.00    28  ft.C.x
19:18:47    4432689         -    220643   99.00    0.00    0.00    0.00   99.00    28  |__ft.C.x
19:18:47    4432689         -    220675   99.00    0.00    0.00    0.00   99.00    22  |__openmp_worker
19:18:47    4432689         -    220676   98.00    0.00    0.00    0.00   98.00    23  |__openmp_worker
19:18:47    4432689         -    220678   99.00    0.00    0.00    0.00   99.00    30  |__openmp_worker
19:18:47    4432689         -    220679   98.00    0.00    0.00    0.00   98.00    29  |__openmp_worker
19:18:47    4432689         -    220680   98.00    0.00    0.00    0.00   98.00    26  |__openmp_worker
19:18:47    4432689         -    220681   99.00    0.00    0.00    0.00   99.00    17  |__openmp_worker
19:18:47    4432689         -    220682   99.00    0.00    0.00    0.00   99.00    24  |__openmp_worker
19:18:47    4432689         -    220683   99.00    0.00    0.00    1.00   99.00    21  |__openmp_worker
19:18:47    4432689         -    220684   98.00    0.00    0.00    0.00   98.00    19  |__openmp_worker
19:18:47    4432689         -    220685   98.00    0.00    0.00    0.00   98.00    25  |__openmp_worker
19:18:47    4432689         -    220686   98.00    0.00    0.00    0.00   98.00    20  |__openmp_worker
19:18:47    4432689         -    220687   98.00    0.00    0.00    0.00   98.00    32  |__openmp_worker
19:18:47    4432689         -    220688   98.00    0.00    0.00    0.00   98.00    27  |__openmp_worker
19:18:47    4432689         -    220689   98.00    0.00    0.00    0.00   98.00    18  |__openmp_worker
19:18:47    4432689         -    220690   98.00    0.00    0.00    0.00   98.00    31  |__openmp_worker

19:18:47      UID      TGID       TID    %usr %system  %guest   %wait    %CPU   CPU  Command
19:18:48        0     25565         -    0.00    1.00    0.00    0.00    1.00    74  kworker/74:2-events
19:18:48        0    160679         -    0.00    1.00    0.00    0.00    1.00    83  kworker/83:0-events
19:18:48        0         -    177419    0.00    1.00    0.00    0.00    1.00    76  |__kworker/76:1-events
19:18:48    4432689    220518         -    4.00    9.00    0.00    1.00   13.00     0  pidstat
19:18:48    4432689         -    220518    4.00    9.00    0.00    1.00   13.00     0  |__pidstat
19:18:48    4432689    220641         - 3172.00    6.00    0.00    0.00 3178.00    76  ft.C.x
19:18:48    4432689         -    220641  100.00    1.00    0.00    0.00  101.00    76  |__ft.C.x
19:18:48    4432689         -    220644   99.00    1.00    0.00    0.00  100.00    68  |__openmp_worker
19:18:48    4432689         -    220645   97.00    0.00    0.00    4.00   97.00    81  |__openmp_worker
19:18:48    4432689         -    220646   93.00    0.00    0.00    8.00   93.00    66  |__openmp_worker
19:18:48    4432689         -    220647  100.00    1.00    0.00    2.00  101.00    56  |__openmp_worker
19:18:48    4432689         -    220648  100.00    1.00    0.00    0.00  101.00    85  |__openmp_worker
19:18:48    4432689         -    220649   99.00    1.00    0.00    0.00  100.00    70  |__openmp_worker
19:18:48    4432689         -    220650  100.00    1.00    0.00    0.00  101.00    82  |__openmp_worker
19:18:48    4432689         -    220651  101.00    0.00    0.00    0.00  101.00    75  |__openmp_worker
19:18:48    4432689         -    220652  100.00    1.00    0.00    0.00  101.00    62  |__openmp_worker
19:18:48    4432689         -    220653  100.00    0.00    0.00    0.00  100.00    71  |__openmp_worker
19:18:48    4432689         -    220654   96.00    0.00    0.00    3.00   96.00    80  |__openmp_worker
19:18:48    4432689         -    220655  100.00    0.00    0.00    0.00  100.00    73  |__openmp_worker
19:18:48    4432689         -    220656  100.00    0.00    0.00    0.00  100.00    59  |__openmp_worker
19:18:48    4432689         -    220657  101.00    0.00    0.00    0.00  101.00    77  |__openmp_worker
19:18:48    4432689         -    220658  101.00    0.00    0.00    0.00  101.00    67  |__openmp_worker
19:18:48    4432689         -    220659   97.00    0.00    0.00    3.00   97.00    64  |__openmp_worker
19:18:48    4432689         -    220660  100.00    0.00    0.00    0.00  100.00    87  |__openmp_worker
19:18:48    4432689         -    220661  100.00    0.00    0.00    0.00  100.00    78  |__openmp_worker
19:18:48    4432689         -    220662   99.00    0.00    0.00    0.00   99.00    60  |__openmp_worker
19:18:48    4432689         -    220663   97.00    0.00    0.00    3.00   97.00    69  |__openmp_worker
19:18:48    4432689         -    220664  100.00    0.00    0.00    0.00  100.00    63  |__openmp_worker
19:18:48    4432689         -    220665  100.00    0.00    0.00    0.00  100.00    57  |__openmp_worker
19:18:48    4432689         -    220666  100.00    0.00    0.00    0.00  100.00    74  |__openmp_worker
19:18:48    4432689         -    220667   99.00    1.00    0.00    1.00  100.00    84  |__openmp_worker
19:18:48    4432689         -    220668   98.00    0.00    0.00    2.00   98.00    72  |__openmp_worker
19:18:48    4432689         -    220669  100.00    0.00    0.00    0.00  100.00    61  |__openmp_worker
19:18:48    4432689         -    220670   99.00    0.00    0.00    2.00   99.00    79  |__openmp_worker
19:18:48    4432689         -    220671   91.00    0.00    0.00    9.00   91.00    58  |__openmp_worker
19:18:48    4432689         -    220672   99.00    1.00    0.00    1.00  100.00    86  |__openmp_worker
19:18:48    4432689         -    220673   99.00    0.00    0.00    0.00   99.00    83  |__openmp_worker
19:18:48    4432689         -    220674   99.00    0.00    0.00    0.00   99.00    65  |__openmp_worker
19:18:48    4432689    220643         - 1598.00    2.00    0.00    0.00 1600.00    28  ft.C.x
19:18:48    4432689         -    220643  100.00    0.00    0.00    0.00  100.00    28  |__ft.C.x
19:18:48    4432689         -    220675  100.00    0.00    0.00    0.00  100.00    22  |__openmp_worker
19:18:48    4432689         -    220676  100.00    0.00    0.00    0.00  100.00    23  |__openmp_worker
19:18:48    4432689         -    220678  100.00    0.00    0.00    0.00  100.00    30  |__openmp_worker
19:18:48    4432689         -    220679  100.00    0.00    0.00    0.00  100.00    29  |__openmp_worker
19:18:48    4432689         -    220680  100.00    1.00    0.00    0.00  101.00    26  |__openmp_worker
19:18:48    4432689         -    220681  100.00    0.00    0.00    0.00  100.00    17  |__openmp_worker
19:18:48    4432689         -    220682  100.00    0.00    0.00    0.00  100.00    24  |__openmp_worker
19:18:48    4432689         -    220683  100.00    0.00    0.00    0.00  100.00    21  |__openmp_worker
19:18:48    4432689         -    220684  100.00    0.00    0.00    0.00  100.00    19  |__openmp_worker
19:18:48    4432689         -    220685  100.00    0.00    0.00    0.00  100.00    25  |__openmp_worker
19:18:48    4432689         -    220686  100.00    0.00    0.00    0.00  100.00    20  |__openmp_worker
19:18:48    4432689         -    220687  100.00    0.00    0.00    0.00  100.00    32  |__openmp_worker
19:18:48    4432689         -    220688  100.00    0.00    0.00    0.00  100.00    27  |__openmp_worker
19:18:48    4432689         -    220689  100.00    0.00    0.00    0.00  100.00    18  |__openmp_worker
19:18:48    4432689         -    220690   99.00    1.00    0.00    0.00  100.00    31  |__openmp_worker

19:18:48      UID      TGID       TID    %usr %system  %guest   %wait    %CPU   CPU  Command
19:18:49        0         -        16    0.00    1.00    0.00    0.00    1.00     0  |__ksoftirqd/0
19:18:49        0    210433         -    0.00    1.00    0.00    0.00    1.00     0  kworker/0:1-events
19:18:49        0    216440         -    1.00    0.00    0.00    0.00    1.00    26  kworker/26:0-events
19:18:49        0         -    216440    1.00    0.00    0.00    0.00    1.00    26  |__kworker/26:0-events
19:18:49    4432689    220517         -    0.00    1.00    0.00    0.00    1.00    15  mpstat
19:18:49    4432689         -    220517    0.00    1.00    0.00    0.00    1.00    15  |__mpstat
19:18:49    4432689    220518         -    4.00    8.00    0.00    0.00   12.00     0  pidstat
19:18:49    4432689         -    220518    4.00    8.00    0.00    0.00   12.00     0  |__pidstat
19:18:49    4432689    220641         - 3182.00    3.00    0.00    0.00 3185.00    76  ft.C.x
19:18:49    4432689         -    220641   99.00    0.00    0.00    0.00   99.00    76  |__ft.C.x
19:18:49    4432689         -    220644  100.00    0.00    0.00    0.00  100.00    68  |__openmp_worker
19:18:49    4432689         -    220645  100.00    0.00    0.00    0.00  100.00    81  |__openmp_worker
19:18:49    4432689         -    220646   99.00    0.00    0.00    0.00   99.00    66  |__openmp_worker
19:18:49    4432689         -    220647  100.00    0.00    0.00    0.00  100.00    56  |__openmp_worker
19:18:49    4432689         -    220648   99.00    0.00    0.00    0.00   99.00    85  |__openmp_worker
19:18:49    4432689         -    220649  100.00    0.00    0.00    0.00  100.00    70  |__openmp_worker
19:18:49    4432689         -    220650  100.00    0.00    0.00    0.00  100.00    82  |__openmp_worker
19:18:49    4432689         -    220651   99.00    0.00    0.00    0.00   99.00    75  |__openmp_worker
19:18:49    4432689         -    220652   99.00    0.00    0.00    0.00   99.00    62  |__openmp_worker
19:18:49    4432689         -    220653  100.00    0.00    0.00    0.00  100.00    71  |__openmp_worker
19:18:49    4432689         -    220654  100.00    0.00    0.00    0.00  100.00    80  |__openmp_worker
19:18:49    4432689         -    220655   99.00    1.00    0.00    0.00  100.00    73  |__openmp_worker
19:18:49    4432689         -    220656  100.00    0.00    0.00    0.00  100.00    59  |__openmp_worker
19:18:49    4432689         -    220657   99.00    0.00    0.00    0.00   99.00    77  |__openmp_worker
19:18:49    4432689         -    220658   99.00    0.00    0.00    0.00   99.00    67  |__openmp_worker
19:18:49    4432689         -    220659   99.00    0.00    0.00    0.00   99.00    64  |__openmp_worker
19:18:49    4432689         -    220660  100.00    0.00    0.00    0.00  100.00    87  |__openmp_worker
19:18:49    4432689         -    220661  100.00    0.00    0.00    0.00  100.00    78  |__openmp_worker
19:18:49    4432689         -    220662  100.00    0.00    0.00    0.00  100.00    60  |__openmp_worker
19:18:49    4432689         -    220663   99.00    1.00    0.00    0.00  100.00    69  |__openmp_worker
19:18:49    4432689         -    220664   99.00    0.00    0.00    0.00   99.00    63  |__openmp_worker
19:18:49    4432689         -    220665   98.00    1.00    0.00    0.00   99.00    57  |__openmp_worker
19:18:49    4432689         -    220666   99.00    0.00    0.00    0.00   99.00    74  |__openmp_worker
19:18:49    4432689         -    220667  100.00    0.00    0.00    0.00  100.00    84  |__openmp_worker
19:18:49    4432689         -    220668   99.00    0.00    0.00    0.00   99.00    72  |__openmp_worker
19:18:49    4432689         -    220669   99.00    0.00    0.00    0.00   99.00    61  |__openmp_worker
19:18:49    4432689         -    220670   99.00    1.00    0.00    0.00  100.00    79  |__openmp_worker
19:18:49    4432689         -    220671   99.00    1.00    0.00    0.00  100.00    58  |__openmp_worker
19:18:49    4432689         -    220672  100.00    0.00    0.00    0.00  100.00    86  |__openmp_worker
19:18:49    4432689         -    220673  100.00    0.00    0.00    0.00  100.00    83  |__openmp_worker
19:18:49    4432689         -    220674  100.00    0.00    0.00    0.00  100.00    65  |__openmp_worker
19:18:49    4432689    220643         - 1592.00    1.00    0.00    0.00 1593.00    28  ft.C.x
19:18:49    4432689         -    220643   99.00    0.00    0.00    0.00   99.00    28  |__ft.C.x
19:18:49    4432689         -    220675   99.00    0.00    0.00    0.00   99.00    22  |__openmp_worker
19:18:49    4432689         -    220676   99.00    0.00    0.00    0.00   99.00    23  |__openmp_worker
19:18:49    4432689         -    220678   99.00    0.00    0.00    0.00   99.00    30  |__openmp_worker
19:18:49    4432689         -    220679  100.00    0.00    0.00    0.00  100.00    29  |__openmp_worker
19:18:49    4432689         -    220680  100.00    0.00    0.00    0.00  100.00    26  |__openmp_worker
19:18:49    4432689         -    220681   99.00    0.00    0.00    0.00   99.00    17  |__openmp_worker
19:18:49    4432689         -    220682   99.00    0.00    0.00    0.00   99.00    24  |__openmp_worker
19:18:49    4432689         -    220683   99.00    0.00    0.00    0.00   99.00    21  |__openmp_worker
19:18:49    4432689         -    220684  100.00    0.00    0.00    0.00  100.00    19  |__openmp_worker
19:18:49    4432689         -    220685  100.00    0.00    0.00    0.00  100.00    25  |__openmp_worker
19:18:49    4432689         -    220686  100.00    0.00    0.00    0.00  100.00    20  |__openmp_worker
19:18:49    4432689         -    220687  100.00    0.00    0.00    0.00  100.00    32  |__openmp_worker
19:18:49    4432689         -    220688  100.00    1.00    0.00    0.00  101.00    27  |__openmp_worker
19:18:49    4432689         -    220689   99.00    0.00    0.00    0.00   99.00    18  |__openmp_worker
19:18:49    4432689         -    220690  100.00    0.00    0.00    0.00  100.00    31  |__openmp_worker

19:18:49      UID      TGID       TID    %usr %system  %guest   %wait    %CPU   CPU  Command
19:18:50        0     11958         -    2.00    1.00    0.00    0.00    3.00   139  python3.11
19:18:50        0     14603         -    1.00    0.00    0.00    0.00    1.00   217  mmfsd
19:18:50        0         -     16171    1.00    0.00    0.00    0.00    1.00    45  |__mmfsd
19:18:50        0         -    200127    0.00    1.00    0.00    0.00    1.00   104  |__kworker/104:2-events
19:18:50        0    215069         -    1.00    0.00    0.00    0.00    1.00    21  kworker/21:0-events
19:18:50        0         -    215069    1.00    0.00    0.00    0.00    1.00    21  |__kworker/21:0-events
19:18:50    4432689    220517         -    0.00    1.00    0.00    0.00    1.00    15  mpstat
19:18:50    4432689         -    220517    0.00    1.00    0.00    0.00    1.00    15  |__mpstat
19:18:50    4432689    220518         -    3.00    9.00    0.00    0.00   12.00     0  pidstat
19:18:50    4432689         -    220518    3.00    9.00    0.00    0.00   12.00     0  |__pidstat
19:18:50    4432689    220643         - 1593.00    0.00    0.00    0.00 1593.00    28  ft.C.x
19:18:50    4432689         -    220643  100.00    0.00    0.00    0.00  100.00    28  |__ft.C.x
19:18:50    4432689         -    220675  100.00    0.00    0.00    0.00  100.00    22  |__openmp_worker
19:18:50    4432689         -    220676  100.00    0.00    0.00    0.00  100.00    23  |__openmp_worker
19:18:50    4432689         -    220678  100.00    0.00    0.00    0.00  100.00    30  |__openmp_worker
19:18:50    4432689         -    220679  100.00    0.00    0.00    0.00  100.00    29  |__openmp_worker
19:18:50    4432689         -    220680   99.00    0.00    0.00    0.00   99.00    26  |__openmp_worker
19:18:50    4432689         -    220681  100.00    0.00    0.00    0.00  100.00    17  |__openmp_worker
19:18:50    4432689         -    220682  100.00    0.00    0.00    0.00  100.00    24  |__openmp_worker
19:18:50    4432689         -    220683  100.00    0.00    0.00    0.00  100.00    21  |__openmp_worker
19:18:50    4432689         -    220684  100.00    0.00    0.00    0.00  100.00    19  |__openmp_worker
19:18:50    4432689         -    220685  100.00    0.00    0.00    0.00  100.00    25  |__openmp_worker
19:18:50    4432689         -    220686  100.00    0.00    0.00    0.00  100.00    20  |__openmp_worker
19:18:50    4432689         -    220687   99.00    0.00    0.00    0.00   99.00    32  |__openmp_worker
19:18:50    4432689         -    220688   99.00    0.00    0.00    0.00   99.00    27  |__openmp_worker
19:18:50    4432689         -    220689  100.00    0.00    0.00    0.00  100.00    18  |__openmp_worker
19:18:50    4432689         -    220690  100.00    0.00    0.00    0.00  100.00    31  |__openmp_worker

19:18:50      UID      TGID       TID    %usr %system  %guest   %wait    %CPU   CPU  Command
19:18:51        0        17         -    0.00    1.00    0.00    0.00    1.00    37  rcu_preempt
19:18:51        0         -        17    0.00    1.00    0.00    0.00    1.00    37  |__rcu_preempt
19:18:51        0     14603         -    1.00    0.00    0.00    0.00    1.00   217  mmfsd
19:18:51        0         -     17316    1.00    0.00    0.00    0.00    1.00   145  |__mmfsd
19:18:51        0         -     73572    0.00    1.00    0.00    0.00    1.00   145  |__mmfsd
19:18:51        0    153215         -    0.00    1.00    0.00    0.00    1.00    88  kworker/88:0-events
19:18:51        0    219552         -    1.00    0.00    0.00    0.00    1.00    22  kworker/22:0-events
19:18:51        0         -    219552    1.00    0.00    0.00    0.00    1.00    22  |__kworker/22:0-events
19:18:51    4432689    220517         -    1.00    1.00    0.00    0.00    2.00    15  mpstat
19:18:51    4432689         -    220517    1.00    1.00    0.00    0.00    2.00    15  |__mpstat
19:18:51    4432689    220518         -    3.00    8.00    0.00    0.00   11.00    66  pidstat
19:18:51    4432689         -    220518    3.00    8.00    0.00    0.00   11.00    66  |__pidstat

19:18:51      UID      TGID       TID    %usr %system  %guest   %wait    %CPU   CPU  Command
19:18:52        0         1         -    1.00    0.00    0.00    0.00    1.00   131  systemd
19:18:52        0         -         1    1.00    0.00    0.00    0.00    1.00   131  |__systemd
19:18:52        0        16         -    0.00    1.00    0.00    0.00    1.00     0  ksoftirqd/0
19:18:52        0         -      3538    0.00    1.00    0.00    0.00    1.00    83  |__auditd
19:18:52      499      3591         -    1.00    1.00    0.00    0.00    2.00    13  dbus-daemon
19:18:52      499         -      3591    1.00    1.00    0.00    0.00    2.00    13  |__dbus-daemon
19:18:52        0     14603         -    0.00    1.00    0.00    0.00    1.00   217  mmfsd
19:18:52        0         -     16381    1.00    0.00    0.00    0.00    1.00   146  |__mmfsd
19:18:52        0         -    127790    1.00    0.00    0.00    0.00    1.00   202  |__mmfsd
19:18:52        0     21296         -    0.00    1.00    0.00    0.00    1.00   113  slurmd
19:18:52        0         -     43141    0.00    1.00    0.00    0.00    1.00   175  |__kworker/175:0-events
19:18:52        0     76727         -    0.00    1.00    0.00    0.00    1.00   142  kworker/142:1-events
19:18:52        0         -     76727    0.00    1.00    0.00    0.00    1.00   142  |__kworker/142:1-events
19:18:52        0    202782         -    0.00    1.00    0.00    0.00    1.00     9  kworker/9:2-events
19:18:52        0    218584         -    1.00    0.00    0.00    0.00    1.00     6  kworker/6:0-events
19:18:52        0         -    218584    1.00    0.00    0.00    0.00    1.00     6  |__kworker/6:0-events
19:18:52    4432689    220517         -    0.00    1.00    0.00    0.00    1.00    15  mpstat
19:18:52    4432689         -    220517    0.00    1.00    0.00    0.00    1.00    15  |__mpstat
19:18:52    4432689    220518         -    3.00   11.00    0.00    0.00   14.00     0  pidstat
19:18:52    4432689         -    220518    3.00   11.00    0.00    0.00   14.00     0  |__pidstat
19:18:52        0    220754         -    4.00    4.00    0.00    0.00    8.00   200  slurmstepd
19:18:52        0         -    220754    4.00    4.00    0.00    0.00    8.00   200  |__slurmstepd
19:18:52    4432689    220762         -    0.00    1.00    0.00    0.00    1.00   133  test_staggered.
19:18:52    4432689         -    220762    0.00    1.00    0.00    0.00    1.00   133  |__test_staggered.
19:18:52    4432689    220782         -    0.00    1.00    0.00    0.00    1.00     0  dynamic-resourc
19:18:52    4432689         -    220782    0.00    1.00    0.00    0.00    1.00     0  |__dynamic-resourc
19:18:52    4432689    220794         -  590.00   12.00    0.00    0.00  602.00    32  cg.C.x
19:18:52    4432689         -    220794   18.00    2.00    0.00    0.00   20.00    32  |__cg.C.x
19:18:52    4432689         -    220796   17.00    0.00    0.00    0.00   17.00     1  |__openmp_worker
19:18:52    4432689         -    220798   18.00    0.00    0.00    0.00   18.00     4  |__openmp_worker
19:18:52    4432689         -    220799   18.00    0.00    0.00    0.00   18.00     5  |__openmp_worker
19:18:52    4432689         -    220800   17.00    1.00    0.00    0.00   18.00     6  |__openmp_worker
19:18:52    4432689         -    220801   18.00    0.00    0.00    0.00   18.00     7  |__openmp_worker
19:18:52    4432689         -    220802   18.00    0.00    0.00    0.00   18.00     8  |__openmp_worker
19:18:52    4432689         -    220803   18.00    0.00    0.00    0.00   18.00     9  |__openmp_worker
19:18:52    4432689         -    220805   18.00    0.00    0.00    0.00   18.00    10  |__openmp_worker
19:18:52    4432689         -    220806   17.00    0.00    0.00    0.00   17.00    11  |__openmp_worker
19:18:52    4432689         -    220807   18.00    0.00    0.00    0.00   18.00    12  |__openmp_worker
19:18:52    4432689         -    220809   18.00    0.00    0.00    0.00   18.00    13  |__openmp_worker
19:18:52    4432689         -    220811   18.00    0.00    0.00    0.00   18.00    16  |__openmp_worker
19:18:52    4432689         -    220812   18.00    0.00    0.00    0.00   18.00    18  |__openmp_worker
19:18:52    4432689         -    220813   18.00    0.00    0.00    0.00   18.00    19  |__openmp_worker
19:18:52    4432689         -    220815   18.00    0.00    0.00    0.00   18.00    20  |__openmp_worker
19:18:52    4432689         -    220817   18.00    0.00    0.00    0.00   18.00    23  |__openmp_worker
19:18:52    4432689         -    220819   18.00    0.00    0.00    0.00   18.00    28  |__openmp_worker
19:18:52    4432689         -    220820   18.00    0.00    0.00    0.00   18.00     3  |__openmp_worker
19:18:52    4432689         -    220822   18.00    0.00    0.00    0.00   18.00    14  |__openmp_worker
19:18:52    4432689         -    220825   18.00    0.00    0.00    0.00   18.00    22  |__openmp_worker
19:18:52    4432689         -    220826   18.00    0.00    0.00    0.00   18.00    25  |__openmp_worker
19:18:52    4432689         -    220828   18.00    0.00    0.00    0.00   18.00    31  |__openmp_worker
19:18:52    4432689         -    220829   18.00    0.00    0.00    0.00   18.00    26  |__openmp_worker
19:18:52    4432689         -    220833   18.00    0.00    0.00    0.00   18.00    17  |__openmp_worker
19:18:52    4432689         -    220834   18.00    0.00    0.00    0.00   18.00     2  |__openmp_worker
19:18:52    4432689         -    220835   18.00    0.00    0.00    0.00   18.00    21  |__openmp_worker
19:18:52    4432689         -    220839   18.00    0.00    0.00    0.00   18.00    15  |__openmp_worker
19:18:52    4432689         -    220840   18.00    0.00    0.00    0.00   18.00    29  |__openmp_worker
19:18:52    4432689         -    220842   18.00    0.00    0.00    0.00   18.00    24  |__openmp_worker
19:18:52    4432689         -    220843   18.00    0.00    0.00    0.00   18.00    27  |__openmp_worker
19:18:52    4432689         -    220847   18.00    0.00    0.00    0.00   18.00    30  |__openmp_worker
19:18:52    4432689    220795         -  581.00   10.00    0.00    0.00  591.00    87  cg.C.x
19:18:52    4432689         -    220795   18.00    1.00    0.00    0.00   19.00    87  |__cg.C.x
19:18:52    4432689         -    220804   18.00    0.00    0.00    0.00   18.00    56  |__openmp_worker
19:18:52    4432689         -    220808   18.00    0.00    0.00    0.00   18.00    58  |__openmp_worker
19:18:52    4432689         -    220810   18.00    0.00    0.00    0.00   18.00    59  |__openmp_worker
19:18:52    4432689         -    220814   17.00    1.00    0.00    0.00   18.00    60  |__openmp_worker
19:18:52    4432689         -    220816   18.00    0.00    0.00    0.00   18.00    61  |__openmp_worker
19:18:52    4432689         -    220818   18.00    0.00    0.00    0.00   18.00    62  |__openmp_worker
19:18:52    4432689         -    220821   18.00    0.00    0.00    0.00   18.00    63  |__openmp_worker
19:18:52    4432689         -    220823   18.00    0.00    0.00    0.00   18.00    64  |__openmp_worker
19:18:52    4432689         -    220824   17.00    0.00    0.00    0.00   17.00    65  |__openmp_worker
19:18:52    4432689         -    220827   18.00    0.00    0.00    0.00   18.00    66  |__openmp_worker
19:18:52    4432689         -    220830   18.00    0.00    0.00    0.00   18.00    67  |__openmp_worker
19:18:52    4432689         -    220831   18.00    0.00    0.00    0.00   18.00    68  |__openmp_worker
19:18:52    4432689         -    220832   18.00    0.00    0.00    0.00   18.00    69  |__openmp_worker
19:18:52    4432689         -    220836   18.00    0.00    0.00    0.00   18.00    70  |__openmp_worker
19:18:52    4432689         -    220837   18.00    0.00    0.00    0.00   18.00    71  |__openmp_worker
19:18:52    4432689         -    220838   18.00    0.00    0.00    0.00   18.00    72  |__openmp_worker
19:18:52    4432689         -    220841   18.00    0.00    0.00    0.00   18.00    73  |__openmp_worker
19:18:52    4432689         -    220844   17.00    0.00    0.00    0.00   17.00    74  |__openmp_worker
19:18:52    4432689         -    220845   18.00    0.00    0.00    0.00   18.00    75  |__openmp_worker
19:18:52    4432689         -    220846   17.00    1.00    0.00    0.00   18.00    76  |__openmp_worker
19:18:52    4432689         -    220848   18.00    0.00    0.00    0.00   18.00    77  |__openmp_worker
19:18:52    4432689         -    220849   18.00    0.00    0.00    0.00   18.00    78  |__openmp_worker
19:18:52    4432689         -    220850   18.00    0.00    0.00    0.00   18.00    79  |__openmp_worker
19:18:52    4432689         -    220851   18.00    0.00    0.00    0.00   18.00    80  |__openmp_worker
19:18:52    4432689         -    220852   18.00    0.00    0.00    0.00   18.00    81  |__openmp_worker
19:18:52    4432689         -    220853   18.00    0.00    0.00    0.00   18.00    82  |__openmp_worker
19:18:52    4432689         -    220854   18.00    0.00    0.00    0.00   18.00    83  |__openmp_worker
19:18:52    4432689         -    220855   18.00    0.00    0.00    0.00   18.00    84  |__openmp_worker
19:18:52    4432689         -    220856   18.00    0.00    0.00    0.00   18.00    85  |__openmp_worker
19:18:52    4432689         -    220857   18.00    0.00    0.00    0.00   18.00    86  |__openmp_worker
19:18:52    4432689         -    220858   18.00    0.00    0.00    0.00   18.00    57  |__openmp_worker

19:18:52      UID      TGID       TID    %usr %system  %guest   %wait    %CPU   CPU  Command
19:18:53        0         -        16    0.00    1.00    0.00    1.00    1.00     0  |__ksoftirqd/0
19:18:53        0     14603         -    1.00    0.00    0.00    0.00    1.00   217  mmfsd
19:18:53        0     64700         -    0.00    1.00    0.00    0.00    1.00    82  kworker/82:2-events
19:18:53        0    118788         -    0.00    1.00    0.00    0.00    1.00    29  kworker/29:1-events
19:18:53        0         -    118788    0.00    1.00    0.00    0.00    1.00    29  |__kworker/29:1-events
19:18:53        0         -    123225    0.00    1.00    0.00    0.00    1.00   127  |__kworker/u449:3-events_unbound
19:18:53        0    170052         -    0.00    1.00    0.00    0.00    1.00    80  kworker/80:0-events
19:18:53        0         -    186123    0.00    1.00    0.00    0.00    1.00    59  |__kworker/59:2-events
19:18:53        0    209779         -    0.00    1.00    0.00    0.00    1.00    71  kworker/71:1-events
19:18:53    4432689    220517         -    1.00    1.00    0.00    0.00    2.00    33  mpstat
19:18:53    4432689         -    220517    1.00    1.00    0.00    0.00    2.00    33  |__mpstat
19:18:53    4432689    220518         -    5.00    9.00    0.00    0.00   14.00     0  pidstat
19:18:53    4432689         -    220518    5.00    9.00    0.00    0.00   14.00     0  |__pidstat
19:18:53    4432689    220794         - 3170.00   19.00    0.00    0.00 3189.00    32  cg.C.x
19:18:53    4432689         -    220794   99.00    1.00    0.00    0.00  100.00    32  |__cg.C.x
19:18:53    4432689         -    220796  100.00    1.00    0.00    0.00  101.00     1  |__openmp_worker
19:18:53    4432689         -    220798   99.00    0.00    0.00    0.00   99.00     4  |__openmp_worker
19:18:53    4432689         -    220799   99.00    1.00    0.00    0.00  100.00     5  |__openmp_worker
19:18:53    4432689         -    220800  100.00    0.00    0.00    0.00  100.00     6  |__openmp_worker
19:18:53    4432689         -    220801   99.00    0.00    0.00    0.00   99.00     9  |__openmp_worker
19:18:53    4432689         -    220802   99.00    0.00    0.00    0.00   99.00     8  |__openmp_worker
19:18:53    4432689         -    220803  100.00    0.00    0.00    0.00  100.00    12  |__openmp_worker
19:18:53    4432689         -    220805   99.00    1.00    0.00    0.00  100.00    10  |__openmp_worker
19:18:53    4432689         -    220806   99.00    1.00    0.00    0.00  100.00    11  |__openmp_worker
19:18:53    4432689         -    220807  100.00    0.00    0.00    0.00  100.00    23  |__openmp_worker
19:18:53    4432689         -    220809   99.00    0.00    0.00    0.00   99.00    13  |__openmp_worker
19:18:53    4432689         -    220811   99.00    1.00    0.00    0.00  100.00    16  |__openmp_worker
19:18:53    4432689         -    220812   99.00    1.00    0.00    0.00  100.00    18  |__openmp_worker
19:18:53    4432689         -    220813   99.00    0.00    0.00    0.00   99.00    19  |__openmp_worker
19:18:53    4432689         -    220815   99.00    1.00    0.00    0.00  100.00    20  |__openmp_worker
19:18:53    4432689         -    220817   99.00    1.00    0.00    0.00  100.00     7  |__openmp_worker
19:18:53    4432689         -    220819   99.00    0.00    0.00    0.00   99.00    28  |__openmp_worker
19:18:53    4432689         -    220820   99.00    1.00    0.00    0.00  100.00     3  |__openmp_worker
19:18:53    4432689         -    220822   99.00    1.00    0.00    0.00  100.00    14  |__openmp_worker
19:18:53    4432689         -    220825  100.00    0.00    0.00    0.00  100.00    22  |__openmp_worker
19:18:53    4432689         -    220826   99.00    1.00    0.00    0.00  100.00    25  |__openmp_worker
19:18:53    4432689         -    220828   99.00    0.00    0.00    0.00   99.00    31  |__openmp_worker
19:18:53    4432689         -    220829  100.00    0.00    0.00    0.00  100.00    26  |__openmp_worker
19:18:53    4432689         -    220833   99.00    0.00    0.00    0.00   99.00    17  |__openmp_worker
19:18:53    4432689         -    220834   99.00    1.00    0.00    0.00  100.00     2  |__openmp_worker
19:18:53    4432689         -    220835   99.00    0.00    0.00    0.00   99.00    21  |__openmp_worker
19:18:53    4432689         -    220839   99.00    0.00    0.00    0.00   99.00    15  |__openmp_worker
19:18:53    4432689         -    220840   99.00    0.00    0.00    0.00   99.00    29  |__openmp_worker
19:18:53    4432689         -    220842   99.00    0.00    0.00    0.00   99.00    24  |__openmp_worker
19:18:53    4432689         -    220843  100.00    0.00    0.00    0.00  100.00    27  |__openmp_worker
19:18:53    4432689         -    220847   99.00    1.00    0.00    0.00  100.00    30  |__openmp_worker
19:18:53    4432689    220795         - 3175.00   21.00    0.00    0.00 3196.00    87  cg.C.x
19:18:53    4432689         -    220795   99.00    2.00    0.00    0.00  101.00    87  |__cg.C.x
19:18:53    4432689         -    220804   99.00    0.00    0.00    0.00   99.00    56  |__openmp_worker
19:18:53    4432689         -    220808   99.00    0.00    0.00    0.00   99.00    58  |__openmp_worker
19:18:53    4432689         -    220810   99.00    0.00    0.00    0.00   99.00    59  |__openmp_worker
19:18:53    4432689         -    220814   99.00    0.00    0.00    0.00   99.00    60  |__openmp_worker
19:18:53    4432689         -    220816   99.00    1.00    0.00    0.00  100.00    61  |__openmp_worker
19:18:53    4432689         -    220818   99.00    0.00    0.00    0.00   99.00    62  |__openmp_worker
19:18:53    4432689         -    220821   99.00    0.00    0.00    0.00   99.00    63  |__openmp_worker
19:18:53    4432689         -    220823   99.00    0.00    0.00    0.00   99.00    64  |__openmp_worker
19:18:53    4432689         -    220824  100.00    1.00    0.00    0.00  101.00    65  |__openmp_worker
19:18:53    4432689         -    220827   99.00    1.00    0.00    0.00  100.00    66  |__openmp_worker
19:18:53    4432689         -    220830   99.00    0.00    0.00    0.00   99.00    67  |__openmp_worker
19:18:53    4432689         -    220831   99.00    0.00    0.00    0.00   99.00    68  |__openmp_worker
19:18:53    4432689         -    220832   99.00    1.00    0.00    0.00  100.00    69  |__openmp_worker
19:18:53    4432689         -    220836   98.00    1.00    0.00    0.00   99.00    70  |__openmp_worker
19:18:53    4432689         -    220837   99.00    0.00    0.00    0.00   99.00    71  |__openmp_worker
19:18:53    4432689         -    220838   99.00    0.00    0.00    0.00   99.00    72  |__openmp_worker
19:18:53    4432689         -    220841   99.00    0.00    0.00    0.00   99.00    73  |__openmp_worker
19:18:53    4432689         -    220844  100.00    1.00    0.00    0.00  101.00    74  |__openmp_worker
19:18:53    4432689         -    220845   99.00    0.00    0.00    0.00   99.00    75  |__openmp_worker
19:18:53    4432689         -    220846   99.00    0.00    0.00    0.00   99.00    76  |__openmp_worker
19:18:53    4432689         -    220848   99.00    0.00    0.00    0.00   99.00    77  |__openmp_worker
19:18:53    4432689         -    220849   99.00    0.00    0.00    0.00   99.00    78  |__openmp_worker
19:18:53    4432689         -    220850   99.00    0.00    0.00    0.00   99.00    79  |__openmp_worker
19:18:53    4432689         -    220851   99.00    0.00    0.00    0.00   99.00    80  |__openmp_worker
19:18:53    4432689         -    220852   99.00    1.00    0.00    0.00  100.00    81  |__openmp_worker
19:18:53    4432689         -    220853   99.00    0.00    0.00    0.00   99.00    82  |__openmp_worker
19:18:53    4432689         -    220854   99.00    1.00    0.00    0.00  100.00    83  |__openmp_worker
19:18:53    4432689         -    220855   99.00    1.00    0.00    0.00  100.00    84  |__openmp_worker
19:18:53    4432689         -    220856  100.00    0.00    0.00    0.00  100.00    85  |__openmp_worker
19:18:53    4432689         -    220857   99.00    0.00    0.00    0.00   99.00    86  |__openmp_worker
19:18:53    4432689         -    220858   99.00    0.00    0.00    0.00   99.00    57  |__openmp_worker

19:18:53      UID      TGID       TID    %usr %system  %guest   %wait    %CPU   CPU  Command
19:18:54        0     14603         -    0.00    1.00    0.00    0.00    1.00   217  mmfsd
19:18:54        0    145133         -    0.00    1.00    0.00    0.00    1.00    62  kworker/62:2-events
19:18:54        0         -    156827    0.00    1.00    0.00    0.00    1.00    65  |__kworker/65:0-events
19:18:54        0         -    210433    0.00    1.00    0.00    0.00    1.00     0  |__kworker/0:1-qat_misc_wq
19:18:54    4432689    220517         -    0.00    2.00    0.00    0.00    2.00    33  mpstat
19:18:54    4432689         -    220517    0.00    2.00    0.00    0.00    2.00    33  |__mpstat
19:18:54    4432689    220518         -    4.00    6.00    0.00    1.00   10.00     0  pidstat
19:18:54    4432689         -    220518    4.00    6.00    0.00    1.00   10.00     0  |__pidstat
19:18:54    4432689    220794         - 3097.00   12.00    0.00   15.00 3109.00     3  cg.C.x
19:18:54    4432689         -    220794   83.00    0.00    0.00   15.00   83.00     3  |__cg.C.x
19:18:54    4432689         -    220796   98.00    0.00    0.00    0.00   98.00     1  |__openmp_worker
19:18:54    4432689         -    220798   95.00    1.00    0.00    2.00   96.00     4  |__openmp_worker
19:18:54    4432689         -    220799   91.00    0.00    0.00    6.00   91.00     5  |__openmp_worker
19:18:54    4432689         -    220800   98.00    0.00    0.00    0.00   98.00     6  |__openmp_worker
19:18:54    4432689         -    220801   98.00    1.00    0.00    0.00   99.00     9  |__openmp_worker
19:18:54    4432689         -    220802   98.00    0.00    0.00    0.00   98.00     8  |__openmp_worker
19:18:54    4432689         -    220803   97.00    0.00    0.00    0.00   97.00    12  |__openmp_worker
19:18:54    4432689         -    220805   97.00    0.00    0.00    0.00   97.00    10  |__openmp_worker
19:18:54    4432689         -    220806   98.00    1.00    0.00    0.00   99.00    11  |__openmp_worker
19:18:54    4432689         -    220807   97.00    0.00    0.00    0.00   97.00    23  |__openmp_worker
19:18:54    4432689         -    220809   98.00    0.00    0.00    0.00   98.00    13  |__openmp_worker
19:18:54    4432689         -    220811   98.00    0.00    0.00    0.00   98.00    16  |__openmp_worker
19:18:54    4432689         -    220812   98.00    0.00    0.00    0.00   98.00    18  |__openmp_worker
19:18:54    4432689         -    220813   98.00    1.00    0.00    0.00   99.00    19  |__openmp_worker
19:18:54    4432689         -    220815   97.00    0.00    0.00    0.00   97.00    20  |__openmp_worker
19:18:54    4432689         -    220817   98.00    0.00    0.00    0.00   98.00     7  |__openmp_worker
19:18:54    4432689         -    220819   98.00    1.00    0.00    0.00   99.00    28  |__openmp_worker
19:18:54    4432689         -    220820   95.00    0.00    0.00    3.00   95.00     3  |__openmp_worker
19:18:54    4432689         -    220822   98.00    0.00    0.00    0.00   98.00    14  |__openmp_worker
19:18:54    4432689         -    220825   97.00    0.00    0.00    0.00   97.00    22  |__openmp_worker
19:18:54    4432689         -    220826   98.00    0.00    0.00    0.00   98.00    25  |__openmp_worker
19:18:54    4432689         -    220828   91.00    2.00    0.00    5.00   93.00    31  |__openmp_worker
19:18:54    4432689         -    220829   97.00    0.00    0.00    0.00   97.00    26  |__openmp_worker
19:18:54    4432689         -    220833   98.00    0.00    0.00    0.00   98.00    17  |__openmp_worker
19:18:54    4432689         -    220834   98.00    0.00    0.00    0.00   98.00     2  |__openmp_worker
19:18:54    4432689         -    220835   98.00    1.00    0.00    0.00   99.00    21  |__openmp_worker
19:18:54    4432689         -    220839   98.00    0.00    0.00    0.00   98.00    15  |__openmp_worker
19:18:54    4432689         -    220840   98.00    1.00    0.00    0.00   99.00    29  |__openmp_worker
19:18:54    4432689         -    220842   98.00    1.00    0.00    0.00   99.00    24  |__openmp_worker
19:18:54    4432689         -    220843   98.00    0.00    0.00    0.00   98.00    27  |__openmp_worker
19:18:54    4432689         -    220847   97.00    0.00    0.00    0.00   97.00    30  |__openmp_worker
19:18:54    4432689    220795         - 2960.00   17.00    0.00    0.00 2977.00    64  cg.C.x
19:18:54    4432689         -    220795   98.00    0.00    0.00    0.00   98.00    64  |__cg.C.x
19:18:54    4432689         -    220804   98.00    0.00    0.00    0.00   98.00    56  |__openmp_worker
19:18:54    4432689         -    220808   97.00    1.00    0.00    0.00   98.00    58  |__openmp_worker
19:18:54    4432689         -    220810   98.00    1.00    0.00    0.00   99.00    59  |__openmp_worker
19:18:54    4432689         -    220814   98.00    1.00    0.00    0.00   99.00    60  |__openmp_worker
19:18:54    4432689         -    220816   97.00    1.00    0.00    0.00   98.00    61  |__openmp_worker
19:18:54    4432689         -    220818   87.00    1.00    0.00   10.00   88.00    62  |__openmp_worker
19:18:54    4432689         -    220821   86.00    0.00    0.00   12.00   86.00    63  |__openmp_worker
19:18:54    4432689         -    220823   84.00    0.00    0.00   13.00   84.00    87  |__openmp_worker
19:18:54    4432689         -    220824   88.00    1.00    0.00    8.00   89.00    65  |__openmp_worker
19:18:54    4432689         -    220827   88.00    1.00    0.00    8.00   89.00    66  |__openmp_worker
19:18:54    4432689         -    220830   84.00    1.00    0.00   13.00   85.00    67  |__openmp_worker
19:18:54    4432689         -    220831   83.00    1.00    0.00   13.00   84.00    68  |__openmp_worker
19:18:54    4432689         -    220832   82.00    0.00    0.00   14.00   82.00    69  |__openmp_worker
19:18:54    4432689         -    220836   88.00    1.00    0.00    9.00   89.00    70  |__openmp_worker
19:18:54    4432689         -    220837   86.00    1.00    0.00   12.00   87.00    71  |__openmp_worker
19:18:54    4432689         -    220838   85.00    0.00    0.00   13.00   85.00    72  |__openmp_worker
19:18:54    4432689         -    220841   85.00    0.00    0.00   13.00   85.00    73  |__openmp_worker
19:18:54    4432689         -    220844   89.00    0.00    0.00    9.00   89.00    74  |__openmp_worker
19:18:54    4432689         -    220845   89.00    1.00    0.00    9.00   90.00    75  |__openmp_worker
19:18:54    4432689         -    220846   97.00    1.00    0.00    0.00   98.00    76  |__openmp_worker
19:18:54    4432689         -    220848   98.00    0.00    0.00    0.00   98.00    77  |__openmp_worker
19:18:54    4432689         -    220849   98.00    0.00    0.00    0.00   98.00    78  |__openmp_worker
19:18:54    4432689         -    220850   99.00    0.00    0.00    0.00   99.00    79  |__openmp_worker
19:18:54    4432689         -    220851   98.00    1.00    0.00    0.00   99.00    80  |__openmp_worker
19:18:54    4432689         -    220852   97.00    0.00    0.00    0.00   97.00    81  |__openmp_worker
19:18:54    4432689         -    220853   98.00    1.00    0.00    0.00   99.00    82  |__openmp_worker
19:18:54    4432689         -    220854   97.00    0.00    0.00    0.00   97.00    83  |__openmp_worker
19:18:54    4432689         -    220855   97.00    0.00    0.00    0.00   97.00    84  |__openmp_worker
19:18:54    4432689         -    220856   96.00    1.00    0.00    0.00   97.00    85  |__openmp_worker
19:18:54    4432689         -    220857   98.00    1.00    0.00    0.00   99.00    86  |__openmp_worker
19:18:54    4432689         -    220858   98.00    1.00    0.00    0.00   99.00    57  |__openmp_worker
19:18:54    4432689    220867         -  161.00    2.00    0.00   14.00  163.00    69  cg.C.x
19:18:54    4432689         -    220867    3.00    0.00    0.00   14.00    3.00    69  |__cg.C.x
19:18:54    4432689         -    220870    8.00    0.00    0.00    9.00    8.00    65  |__openmp_worker
19:18:54    4432689         -    220871    8.00    0.00    0.00    8.00    8.00    66  |__openmp_worker
19:18:54    4432689         -    220872    2.00    0.00    0.00   15.00    2.00    69  |__openmp_worker
19:18:54    4432689         -    220873    3.00    0.00    0.00   14.00    3.00    68  |__openmp_worker
19:18:54    4432689         -    220874    3.00    0.00    0.00   14.00    3.00    68  |__openmp_worker
19:18:54    4432689         -    220875    3.00    0.00    0.00   13.00    3.00    68  |__openmp_worker
19:18:54    4432689         -    220876    3.00    0.00    0.00   13.00    3.00    68  |__openmp_worker
19:18:54    4432689         -    220877    2.00    0.00    0.00   14.00    2.00    69  |__openmp_worker
19:18:54    4432689         -    220878    3.00    0.00    0.00   11.00    3.00    73  |__openmp_worker
19:18:54    4432689         -    220879    4.00    0.00    0.00   10.00    4.00    73  |__openmp_worker
19:18:54    4432689         -    220880    5.00    0.00    0.00    9.00    5.00    71  |__openmp_worker
19:18:54    4432689         -    220881    3.00    0.00    0.00   13.00    3.00    69  |__openmp_worker
19:18:54    4432689         -    220882    4.00    0.00    0.00   12.00    4.00    72  |__openmp_worker
19:18:54    4432689         -    220883    4.00    0.00    0.00   12.00    4.00    67  |__openmp_worker
19:18:54    4432689         -    220884    4.00    0.00    0.00   12.00    4.00    67  |__openmp_worker
19:18:54    4432689         -    220885    4.00    0.00    0.00   12.00    4.00    62  |__openmp_worker
19:18:54    4432689         -    220886    4.00    0.00    0.00   11.00    4.00    73  |__openmp_worker
19:18:54    4432689         -    220887    4.00    0.00    0.00   12.00    4.00    67  |__openmp_worker
19:18:54    4432689         -    220888    4.00    0.00    0.00   11.00    4.00    72  |__openmp_worker
19:18:54    4432689         -    220889    4.00    0.00    0.00   12.00    4.00    72  |__openmp_worker
19:18:54    4432689         -    220890    9.00    0.00    0.00    8.00    9.00    74  |__openmp_worker
19:18:54    4432689         -    220891    6.00    0.00    0.00   10.00    6.00    71  |__openmp_worker
19:18:54    4432689         -    220892    6.00    0.00    0.00   10.00    6.00    62  |__openmp_worker
19:18:54    4432689         -    220893    5.00    0.00    0.00   10.00    5.00    63  |__openmp_worker
19:18:54    4432689         -    220894    6.00    0.00    0.00   10.00    6.00    63  |__openmp_worker
19:18:54    4432689         -    220895    9.00    0.00    0.00    7.00    9.00    70  |__openmp_worker
19:18:54    4432689         -    220896    9.00    0.00    0.00    8.00    9.00    75  |__openmp_worker
19:18:54    4432689         -    220897    4.00    0.00    0.00   10.00    4.00    87  |__openmp_worker
19:18:54    4432689         -    220898    5.00    0.00    0.00   11.00    5.00    87  |__openmp_worker
19:18:54    4432689         -    220899    4.00    0.00    0.00   12.00    4.00    87  |__openmp_worker
19:18:54    4432689         -    220900    2.00    0.00    0.00   14.00    2.00    62  |__openmp_worker
19:18:54    4432689    220869         -   33.00    0.00    0.00   16.00   33.00     5  cg.C.x
19:18:54    4432689         -    220869    1.00    0.00    0.00   16.00    1.00     5  |__cg.C.x
19:18:54    4432689         -    220905    1.00    0.00    0.00   14.00    1.00     3  |__openmp_worker
19:18:54    4432689         -    220907    1.00    0.00    0.00    4.00    1.00     4  |__openmp_worker
19:18:54    4432689         -    220908    1.00    0.00    0.00    6.00    1.00     4  |__openmp_worker
19:18:54    4432689         -    220909    1.00    0.00    0.00   14.00    1.00     3  |__openmp_worker
19:18:54    4432689         -    220914    1.00    0.00    0.00   13.00    1.00    31  |__openmp_worker
19:18:54    4432689         -    220915    1.00    0.00    0.00   14.00    1.00    31  |__openmp_worker
19:18:54    4432689         -    220916    1.00    0.00    0.00   14.00    1.00    31  |__openmp_worker
19:18:54    4432689         -    220917    1.00    0.00    0.00   12.00    1.00    31  |__openmp_worker
19:18:54    4432689         -    220918    1.00    0.00    0.00   13.00    1.00    31  |__openmp_worker
19:18:54    4432689         -    220919    1.00    0.00    0.00   13.00    1.00    31  |__openmp_worker
19:18:54    4432689         -    220920    1.00    0.00    0.00   12.00    1.00    31  |__openmp_worker
19:18:54    4432689         -    220921    1.00    0.00    0.00   12.00    1.00    32  |__openmp_worker
19:18:54    4432689         -    220922    1.00    0.00    0.00   14.00    1.00     4  |__openmp_worker
19:18:54    4432689         -    220923    1.00    0.00    0.00   13.00    1.00    32  |__openmp_worker
19:18:54    4432689         -    220924    1.00    0.00    0.00   12.00    1.00    32  |__openmp_worker
19:18:54    4432689         -    220925    1.00    0.00    0.00   14.00    1.00    32  |__openmp_worker
19:18:54    4432689         -    220926    1.00    0.00    0.00   14.00    1.00     4  |__openmp_worker
19:18:54    4432689         -    220928    1.00    0.00    0.00   12.00    1.00    32  |__openmp_worker

19:18:54      UID      TGID       TID    %usr %system  %guest   %wait    %CPU   CPU  Command
19:18:55        0     14603         -    0.00    2.00    0.00    0.00    2.00   217  mmfsd
19:18:55        0         -     16118    1.00    0.00    0.00    0.00    1.00   220  |__mmfsd
19:18:55        0         -     16125    0.00    1.00    0.00    0.00    1.00   148  |__mmfsd
19:18:55        0         -     16138    1.00    0.00    0.00    0.00    1.00   100  |__mmfsd
19:18:55        0         -     16356    0.00    1.00    0.00    0.00    1.00    54  |__mmfsd
19:18:55        0         -    208156    0.00    1.00    0.00    0.00    1.00    93  |__mmfsd
19:18:55        0         -    208164    0.00    1.00    0.00    0.00    1.00   146  |__mmfsd
19:18:55        0         -    154567    0.00    1.00    0.00    0.00    1.00    52  |__mmfsd
19:18:55        0    210433         -    0.00    1.00    0.00    0.00    1.00     0  kworker/0:1-qat_misc_wq
19:18:55    4432689    220517         -    1.00    0.00    0.00    0.00    1.00    33  mpstat
19:18:55    4432689         -    220517    1.00    0.00    0.00    0.00    1.00    33  |__mpstat
19:18:55    4432689    220518         -    5.00   10.00    0.00    0.00   15.00   200  pidstat
19:18:55    4432689         -    220518    5.00   10.00    0.00    0.00   15.00   200  |__pidstat
19:18:55    4432689    220794         - 1274.00   40.00    0.00   25.00 1314.00     3  cg.C.x
19:18:55    4432689         -    220794   76.00    2.00    0.00   25.00   78.00     3  |__cg.C.x
19:18:55    4432689         -    220796   50.00    3.00    0.00   49.00   53.00    13  |__openmp_worker
19:18:55    4432689         -    220798   71.00    2.00    0.00   30.00   73.00     4  |__openmp_worker
19:18:55    4432689         -    220799   48.00    1.00    0.00   53.00   49.00     2  |__openmp_worker
19:18:55    4432689         -    220800   41.00    3.00    0.00   58.00   44.00    14  |__openmp_worker
19:18:55    4432689         -    220801   49.00    1.00    0.00   52.00   50.00     9  |__openmp_worker
19:18:55    4432689         -    220802   50.00    1.00    0.00   52.00   51.00     8  |__openmp_worker
19:18:55    4432689         -    220803   41.00    2.00    0.00   59.00   43.00    12  |__openmp_worker
19:18:55    4432689         -    220805   54.00    1.00    0.00   48.00   55.00    10  |__openmp_worker
19:18:55    4432689         -    220806   51.00    3.00    0.00   48.00   54.00    11  |__openmp_worker
19:18:55    4432689         -    220807   53.00    2.00    0.00   47.00   55.00     1  |__openmp_worker
19:18:55    4432689         -    220809   51.00    4.00    0.00   49.00   55.00    13  |__openmp_worker
19:18:55    4432689         -    220811   55.00    1.00    0.00   46.00   56.00    16  |__openmp_worker
19:18:55    4432689         -    220812   53.00    2.00    0.00   47.00   55.00     2  |__openmp_worker
19:18:55    4432689         -    220813   53.00    1.00    0.00   48.00   54.00    12  |__openmp_worker
19:18:55    4432689         -    220815   54.00    2.00    0.00   47.00   56.00     1  |__openmp_worker
19:18:55    4432689         -    220817   18.00    0.00    0.00   22.00   18.00    23  |__openmp_worker
19:18:55    4432689         -    220819   33.00    1.00    0.00    7.00   34.00    28  |__openmp_worker
19:18:55    4432689         -    220820   14.00    2.00    0.00   25.00   16.00     3  |__openmp_worker
19:18:55    4432689         -    220822   21.00    1.00    0.00   18.00   22.00    14  |__openmp_worker
19:18:55    4432689         -    220825   40.00    2.00    0.00    0.00   42.00    22  |__openmp_worker
19:18:55    4432689         -    220826   33.00    1.00    0.00    7.00   34.00    25  |__openmp_worker
19:18:55    4432689         -    220828   19.00    0.00    0.00   23.00   19.00    30  |__openmp_worker
19:18:55    4432689         -    220829   34.00    0.00    0.00    7.00   34.00    26  |__openmp_worker
19:18:55    4432689         -    220833   18.00    1.00    0.00   22.00   19.00    17  |__openmp_worker
19:18:55    4432689         -    220834   19.00    0.00    0.00   22.00   19.00     2  |__openmp_worker
19:18:55    4432689         -    220835   17.00    1.00    0.00   22.00   18.00    21  |__openmp_worker
19:18:55    4432689         -    220839   22.00    1.00    0.00   18.00   23.00    15  |__openmp_worker
19:18:55    4432689         -    220840   32.00    1.00    0.00    7.00   33.00    29  |__openmp_worker
19:18:55    4432689         -    220842   33.00    1.00    0.00    7.00   34.00    22  |__openmp_worker
19:18:55    4432689         -    220843   33.00    0.00    0.00    7.00   33.00    27  |__openmp_worker
19:18:55    4432689         -    220847   40.00    2.00    0.00    0.00   42.00    30  |__openmp_worker
19:18:55    4432689    220795         - 1752.00   68.00    0.00   50.00 1820.00    64  cg.C.x
19:18:55    4432689         -    220795   49.00    3.00    0.00   50.00   52.00    64  |__cg.C.x
19:18:55    4432689         -    220804   62.00    3.00    0.00   38.00   65.00    56  |__openmp_worker
19:18:55    4432689         -    220808   71.00    1.00    0.00   32.00   72.00    58  |__openmp_worker
19:18:55    4432689         -    220810   69.00    1.00    0.00   32.00   70.00    59  |__openmp_worker
19:18:55    4432689         -    220814   68.00    2.00    0.00   32.00   70.00    60  |__openmp_worker
19:18:55    4432689         -    220816   58.00    2.00    0.00   42.00   60.00    61  |__openmp_worker
19:18:55    4432689         -    220818   42.00    1.00    0.00   60.00   43.00    62  |__openmp_worker
19:18:55    4432689         -    220821   45.00    4.00    0.00   53.00   49.00    76  |__openmp_worker
19:18:55    4432689         -    220823   44.00    3.00    0.00   57.00   47.00    75  |__openmp_worker
19:18:55    4432689         -    220824   55.00    0.00    0.00   47.00   55.00    65  |__openmp_worker
19:18:55    4432689         -    220827   53.00    0.00    0.00   49.00   53.00    66  |__openmp_worker
19:18:55    4432689         -    220830   40.00    5.00    0.00   58.00   45.00    84  |__openmp_worker
19:18:55    4432689         -    220831   44.00    5.00    0.00   55.00   49.00    84  |__openmp_worker
19:18:55    4432689         -    220832   42.00    2.00    0.00   59.00   44.00    61  |__openmp_worker
19:18:55    4432689         -    220836   47.00    1.00    0.00   54.00   48.00    70  |__openmp_worker
19:18:55    4432689         -    220837   45.00    2.00    0.00   55.00   47.00    71  |__openmp_worker
19:18:55    4432689         -    220838   43.00    3.00    0.00   57.00   46.00    64  |__openmp_worker
19:18:55    4432689         -    220841   42.00    3.00    0.00   58.00   45.00    56  |__openmp_worker
19:18:55    4432689         -    220844   43.00    3.00    0.00   55.00   46.00    82  |__openmp_worker
19:18:55    4432689         -    220845   45.00    4.00    0.00   53.00   49.00    75  |__openmp_worker
19:18:55    4432689         -    220846   54.00    6.00    0.00   43.00   60.00    76  |__openmp_worker
19:18:55    4432689         -    220848   63.00    1.00    0.00   38.00   64.00    77  |__openmp_worker
19:18:55    4432689         -    220849   64.00    2.00    0.00   37.00   66.00    78  |__openmp_worker
19:18:55    4432689         -    220850   63.00    2.00    0.00   37.00   65.00    79  |__openmp_worker
19:18:55    4432689         -    220851   65.00    1.00    0.00   37.00   66.00    80  |__openmp_worker
19:18:55    4432689         -    220852   61.00    2.00    0.00   39.00   63.00    62  |__openmp_worker
19:18:55    4432689         -    220853   64.00    0.00    0.00   37.00   64.00    82  |__openmp_worker
19:18:55    4432689         -    220854   65.00    1.00    0.00   37.00   66.00    83  |__openmp_worker
19:18:55    4432689         -    220855   50.00    2.00    0.00   51.00   52.00    77  |__openmp_worker
19:18:55    4432689         -    220856   64.00    1.00    0.00   37.00   65.00    85  |__openmp_worker
19:18:55    4432689         -    220857   64.00    1.00    0.00   37.00   65.00    86  |__openmp_worker
19:18:55    4432689         -    220858   64.00    1.00    0.00   37.00   65.00    57  |__openmp_worker
19:18:55    4432689    220867         - 1427.00   35.00    0.00   59.00 1462.00    69  cg.C.x
19:18:55    4432689         -    220867   42.00    2.00    0.00   59.00   44.00    69  |__cg.C.x
19:18:55    4432689         -    220870   41.00    2.00    0.00   45.00   43.00    65  |__openmp_worker
19:18:55    4432689         -    220871   40.00    1.00    0.00   48.00   41.00    66  |__openmp_worker
19:18:55    4432689         -    220872   43.00    0.00    0.00   54.00   43.00    69  |__openmp_worker
19:18:55    4432689         -    220873   46.00    1.00    0.00   50.00   47.00    68  |__openmp_worker
19:18:55    4432689         -    220874   40.00    0.00    0.00   53.00   40.00    60  |__openmp_worker
19:18:55    4432689         -    220875   42.00    1.00    0.00   53.00   43.00    57  |__openmp_worker
19:18:55    4432689         -    220876   44.00    1.00    0.00   53.00   45.00    63  |__openmp_worker
19:18:55    4432689         -    220877   45.00    0.00    0.00   58.00   45.00    85  |__openmp_worker
19:18:55    4432689         -    220878   41.00    1.00    0.00   55.00   42.00    59  |__openmp_worker
19:18:55    4432689         -    220879   41.00    1.00    0.00   55.00   42.00    73  |__openmp_worker
19:18:55    4432689         -    220880   45.00    0.00    0.00   52.00   45.00    83  |__openmp_worker
19:18:55    4432689         -    220881   44.00    0.00    0.00   58.00   44.00    86  |__openmp_worker
19:18:55    4432689         -    220882   44.00    0.00    0.00   57.00   44.00    72  |__openmp_worker
19:18:55    4432689         -    220883   45.00    2.00    0.00   55.00   47.00    67  |__openmp_worker
19:18:55    4432689         -    220884   43.00    0.00    0.00   59.00   43.00    58  |__openmp_worker
19:18:55    4432689         -    220885   40.00    0.00    0.00   63.00   40.00    63  |__openmp_worker
19:18:55    4432689         -    220886   42.00    1.00    0.00   60.00   43.00    73  |__openmp_worker
19:18:55    4432689         -    220887   46.00    1.00    0.00   55.00   47.00    67  |__openmp_worker
19:18:55    4432689         -    220888   44.00    1.00    0.00   58.00   45.00    72  |__openmp_worker
19:18:55    4432689         -    220889   45.00    0.00    0.00   58.00   45.00    78  |__openmp_worker
19:18:55    4432689         -    220890   45.00    0.00    0.00   54.00   45.00    74  |__openmp_worker
19:18:55    4432689         -    220891   45.00    1.00    0.00   56.00   46.00    71  |__openmp_worker
19:18:55    4432689         -    220892   42.00    4.00    0.00   56.00   46.00    79  |__openmp_worker
19:18:55    4432689         -    220893   44.00    0.00    0.00   59.00   44.00    68  |__openmp_worker
19:18:55    4432689         -    220894   53.00    0.00    0.00   35.00   53.00    63  |__openmp_worker
19:18:55    4432689         -    220895   57.00    0.00    0.00   44.00   57.00    81  |__openmp_worker
19:18:55    4432689         -    220896   47.00    1.00    0.00   53.00   48.00    80  |__openmp_worker
19:18:55    4432689         -    220897   45.00    1.00    0.00   59.00   46.00    70  |__openmp_worker
19:18:55    4432689         -    220898   47.00    0.00    0.00   56.00   47.00    87  |__openmp_worker
19:18:55    4432689         -    220899   47.00    1.00    0.00   55.00   48.00    87  |__openmp_worker
19:18:55    4432689         -    220900   51.00    1.00    0.00   51.00   52.00    74  |__openmp_worker
19:18:55    4432689    220869         - 1804.00   35.00    0.00   36.00 1839.00     5  cg.C.x
19:18:55    4432689         -    220869   65.00    2.00    0.00   36.00   67.00     5  |__cg.C.x
19:18:55    4432689         -    220901   66.00    1.00    0.00   24.00   67.00    23  |__openmp_worker
19:18:55    4432689         -    220902   50.00    0.00    0.00   53.00   50.00    20  |__openmp_worker
19:18:55    4432689         -    220903   46.00    0.00    0.00   52.00   46.00    19  |__openmp_worker
19:18:55    4432689         -    220905   72.00    1.00    0.00   25.00   73.00    28  |__openmp_worker
19:18:55    4432689         -    220906   56.00    0.00    0.00   48.00   56.00    18  |__openmp_worker
19:18:55    4432689         -    220907   67.00    1.00    0.00   26.00   68.00    27  |__openmp_worker
19:18:55    4432689         -    220908   68.00    0.00    0.00   23.00   68.00    29  |__openmp_worker
19:18:55    4432689         -    220909   48.00    0.00    0.00   54.00   48.00    11  |__openmp_worker
19:18:55    4432689         -    220910   64.00    1.00    0.00   31.00   65.00    22  |__openmp_worker
19:18:55    4432689         -    220911   63.00    2.00    0.00   29.00   65.00    17  |__openmp_worker
19:18:55    4432689         -    220912   55.00    1.00    0.00   47.00   56.00    31  |__openmp_worker
19:18:55    4432689         -    220913   54.00    0.00    0.00   48.00   54.00    15  |__openmp_worker
19:18:55    4432689         -    220914   45.00    0.00    0.00   58.00   45.00     7  |__openmp_worker
19:18:55    4432689         -    220915   72.00    0.00    0.00   22.00   72.00    24  |__openmp_worker
19:18:55    4432689         -    220916   46.00    1.00    0.00   56.00   47.00     6  |__openmp_worker
19:18:55    4432689         -    220917   74.00    1.00    0.00   28.00   75.00    26  |__openmp_worker
19:18:55    4432689         -    220918   73.00    0.00    0.00   28.00   73.00    30  |__openmp_worker
19:18:55    4432689         -    220919   45.00    1.00    0.00   58.00   46.00     6  |__openmp_worker
19:18:55    4432689         -    220920   45.00    0.00    0.00   59.00   45.00     7  |__openmp_worker
19:18:55    4432689         -    220921   45.00    0.00    0.00   59.00   45.00    19  |__openmp_worker
19:18:55    4432689         -    220922   45.00    0.00    0.00   57.00   45.00     9  |__openmp_worker
19:18:55    4432689         -    220923   47.00    1.00    0.00   55.00   48.00    10  |__openmp_worker
19:18:55    4432689         -    220924   65.00    1.00    0.00   31.00   66.00    22  |__openmp_worker
19:18:55    4432689         -    220925   54.00    0.00    0.00   49.00   54.00    32  |__openmp_worker
19:18:55    4432689         -    220926   51.00    2.00    0.00   50.00   53.00    31  |__openmp_worker
19:18:55    4432689         -    220927   54.00    1.00    0.00   48.00   55.00    21  |__openmp_worker
19:18:55    4432689         -    220928   44.00    0.00    0.00   61.00   44.00    17  |__openmp_worker
19:18:55    4432689         -    220929   60.00    1.00    0.00   43.00   61.00    14  |__openmp_worker
19:18:55    4432689         -    220930   69.00    0.00    0.00   26.00   69.00    25  |__openmp_worker
19:18:55    4432689         -    220931   49.00    0.00    0.00   54.00   49.00    17  |__openmp_worker
19:18:55    4432689         -    220932   46.00    0.00    0.00   58.00   46.00     8  |__openmp_worker

19:18:55      UID      TGID       TID    %usr %system  %guest   %wait    %CPU   CPU  Command
19:18:56        0         -    145134    0.00    1.00    0.00    0.00    1.00    64  |__kworker/64:1-events
19:18:56        0    156827         -    0.00    1.00    0.00    0.00    1.00    65  kworker/65:0-events
19:18:56    4432689    220517         -    1.00    1.00    0.00    0.00    2.00    33  mpstat
19:18:56    4432689         -    220517    1.00    1.00    0.00    0.00    2.00    33  |__mpstat
19:18:56    4432689    220518         -    3.00   12.00    0.00    0.00   15.00     0  pidstat
19:18:56    4432689         -    220518    3.00   12.00    0.00    0.00   15.00     0  |__pidstat
19:18:56    4432689    220794         - 1479.00    2.00    0.00    6.00 1481.00     3  cg.C.x
19:18:56    4432689         -    220794   93.00    1.00    0.00    6.00   94.00     3  |__cg.C.x
19:18:56    4432689         -    220796   91.00    0.00    0.00    9.00   91.00     5  |__openmp_worker
19:18:56    4432689         -    220798  100.00    0.00    0.00    0.00  100.00     4  |__openmp_worker
19:18:56    4432689         -    220799   91.00    0.00    0.00   10.00   91.00     7  |__openmp_worker
19:18:56    4432689         -    220800   92.00    0.00    0.00    8.00   92.00    14  |__openmp_worker
19:18:56    4432689         -    220801   92.00    0.00    0.00    8.00   92.00     9  |__openmp_worker
19:18:56    4432689         -    220802   92.00    0.00    0.00    8.00   92.00     8  |__openmp_worker
19:18:56    4432689         -    220803   97.00    0.00    0.00    3.00   97.00    12  |__openmp_worker
19:18:56    4432689         -    220805   91.00    0.00    0.00    8.00   91.00    10  |__openmp_worker
19:18:56    4432689         -    220806   90.00    0.00    0.00    9.00   90.00    11  |__openmp_worker
19:18:56    4432689         -    220807   91.00    0.00    0.00    9.00   91.00     6  |__openmp_worker
19:18:56    4432689         -    220809   91.00    0.00    0.00    9.00   91.00    13  |__openmp_worker
19:18:56    4432689         -    220811   93.00    0.00    0.00    7.00   93.00    16  |__openmp_worker
19:18:56    4432689         -    220812   91.00    0.00    0.00    9.00   91.00     2  |__openmp_worker
19:18:56    4432689         -    220813   91.00    0.00    0.00    9.00   91.00    15  |__openmp_worker
19:18:56    4432689         -    220815   90.00    0.00    0.00    9.00   90.00     1  |__openmp_worker
19:18:56    4432689    220795         - 1522.00   71.00    0.00   50.00 1593.00    64  cg.C.x
19:18:56    4432689         -    220795   49.00    1.00    0.00   50.00   50.00    64  |__cg.C.x
19:18:56    4432689         -    220804   48.00    2.00    0.00   50.00   50.00    56  |__openmp_worker
19:18:56    4432689         -    220808   45.00    4.00    0.00   50.00   49.00    58  |__openmp_worker
19:18:56    4432689         -    220810   47.00    2.00    0.00   51.00   49.00    59  |__openmp_worker
19:18:56    4432689         -    220814   49.00    1.00    0.00   50.00   50.00    60  |__openmp_worker
19:18:56    4432689         -    220816   46.00    4.00    0.00   50.00   50.00    61  |__openmp_worker
19:18:56    4432689         -    220818   47.00    3.00    0.00   50.00   50.00    62  |__openmp_worker
19:18:56    4432689         -    220821   49.00    2.00    0.00   50.00   51.00    76  |__openmp_worker
19:18:56    4432689         -    220823   48.00    2.00    0.00   50.00   50.00    75  |__openmp_worker
19:18:56    4432689         -    220824   49.00    1.00    0.00   51.00   50.00    65  |__openmp_worker
19:18:56    4432689         -    220827   49.00    2.00    0.00   51.00   51.00    66  |__openmp_worker
19:18:56    4432689         -    220830   47.00    3.00    0.00   50.00   50.00    84  |__openmp_worker
19:18:56    4432689         -    220831   49.00    2.00    0.00   50.00   51.00    84  |__openmp_worker
19:18:56    4432689         -    220832   46.00    4.00    0.00   51.00   50.00    61  |__openmp_worker
19:18:56    4432689         -    220836   49.00    1.00    0.00   51.00   50.00    70  |__openmp_worker
19:18:56    4432689         -    220837   47.00    3.00    0.00   51.00   50.00    71  |__openmp_worker
19:18:56    4432689         -    220838   49.00    1.00    0.00   51.00   50.00    64  |__openmp_worker
19:18:56    4432689         -    220841   49.00    1.00    0.00   50.00   50.00    56  |__openmp_worker
19:18:56    4432689         -    220844   48.00    3.00    0.00   50.00   51.00    82  |__openmp_worker
19:18:56    4432689         -    220845   46.00    4.00    0.00   50.00   50.00    75  |__openmp_worker
19:18:56    4432689         -    220846   47.00    2.00    0.00   50.00   49.00    76  |__openmp_worker
19:18:56    4432689         -    220848   49.00    2.00    0.00   50.00   51.00    77  |__openmp_worker
19:18:56    4432689         -    220849   45.00    4.00    0.00   51.00   49.00    78  |__openmp_worker
19:18:56    4432689         -    220850   45.00    5.00    0.00   51.00   50.00    79  |__openmp_worker
19:18:56    4432689         -    220851   48.00    1.00    0.00   50.00   49.00    80  |__openmp_worker
19:18:56    4432689         -    220852   49.00    2.00    0.00   51.00   51.00    62  |__openmp_worker
19:18:56    4432689         -    220853   48.00    2.00    0.00   51.00   50.00    82  |__openmp_worker
19:18:56    4432689         -    220854   48.00    2.00    0.00   51.00   50.00    83  |__openmp_worker
19:18:56    4432689         -    220855   48.00    2.00    0.00   50.00   50.00    77  |__openmp_worker
19:18:56    4432689         -    220856   48.00    2.00    0.00   51.00   50.00    85  |__openmp_worker
19:18:56    4432689         -    220857   48.00    1.00    0.00   51.00   49.00    86  |__openmp_worker
19:18:56    4432689         -    220858   47.00    2.00    0.00   51.00   49.00    57  |__openmp_worker
19:18:56    4432689    220867         - 1545.00   69.00    0.00   50.00 1614.00    69  cg.C.x
19:18:56    4432689         -    220867   48.00    2.00    0.00   50.00   50.00    69  |__cg.C.x
19:18:56    4432689         -    220870   48.00    3.00    0.00   50.00   51.00    65  |__openmp_worker
19:18:56    4432689         -    220871   49.00    2.00    0.00   49.00   51.00    66  |__openmp_worker
19:18:56    4432689         -    220872   48.00    2.00    0.00   51.00   50.00    69  |__openmp_worker
19:18:56    4432689         -    220873   50.00    1.00    0.00   50.00   51.00    68  |__openmp_worker
19:18:56    4432689         -    220874   49.00    2.00    0.00   50.00   51.00    60  |__openmp_worker
19:18:56    4432689         -    220875   49.00    1.00    0.00   49.00   50.00    57  |__openmp_worker
19:18:56    4432689         -    220876   47.00    2.00    0.00   51.00   49.00    81  |__openmp_worker
19:18:56    4432689         -    220877   48.00    2.00    0.00   50.00   50.00    85  |__openmp_worker
19:18:56    4432689         -    220878   49.00    2.00    0.00   50.00   51.00    59  |__openmp_worker
19:18:56    4432689         -    220879   49.00    1.00    0.00   50.00   50.00    73  |__openmp_worker
19:18:56    4432689         -    220880   49.00    2.00    0.00   50.00   51.00    83  |__openmp_worker
19:18:56    4432689         -    220881   48.00    3.00    0.00   50.00   51.00    86  |__openmp_worker
19:18:56    4432689         -    220882   47.00    4.00    0.00   50.00   51.00    72  |__openmp_worker
19:18:56    4432689         -    220883   49.00    1.00    0.00   50.00   50.00    67  |__openmp_worker
19:18:56    4432689         -    220884   49.00    2.00    0.00   50.00   51.00    58  |__openmp_worker
19:18:56    4432689         -    220885   49.00    1.00    0.00   50.00   50.00    63  |__openmp_worker
19:18:56    4432689         -    220886   48.00    3.00    0.00   50.00   51.00    73  |__openmp_worker
19:18:56    4432689         -    220887   47.00    3.00    0.00   50.00   50.00    67  |__openmp_worker
19:18:56    4432689         -    220888   49.00    2.00    0.00   50.00   51.00    72  |__openmp_worker
19:18:56    4432689         -    220889   48.00    2.00    0.00   49.00   50.00    78  |__openmp_worker
19:18:56    4432689         -    220890   47.00    3.00    0.00   50.00   50.00    74  |__openmp_worker
19:18:56    4432689         -    220891   50.00    1.00    0.00   50.00   51.00    71  |__openmp_worker
19:18:56    4432689         -    220892   47.00    4.00    0.00   49.00   51.00    79  |__openmp_worker
19:18:56    4432689         -    220893   48.00    1.00    0.00   51.00   49.00    68  |__openmp_worker
19:18:56    4432689         -    220894   47.00    2.00    0.00   51.00   49.00    63  |__openmp_worker
19:18:56    4432689         -    220895   49.00    2.00    0.00   49.00   51.00    81  |__openmp_worker
19:18:56    4432689         -    220896   48.00    4.00    0.00   49.00   52.00    80  |__openmp_worker
19:18:56    4432689         -    220897   49.00    2.00    0.00   49.00   51.00    70  |__openmp_worker
19:18:56    4432689         -    220898   50.00    0.00    0.00   50.00   50.00    87  |__openmp_worker
19:18:56    4432689         -    220899   47.00    3.00    0.00   50.00   50.00    87  |__openmp_worker
19:18:56    4432689         -    220900   47.00    2.00    0.00   50.00   49.00    74  |__openmp_worker
19:18:56    4432689    220869         - 1696.00   10.00    0.00    8.00 1706.00    17  cg.C.x
19:18:56    4432689         -    220869   92.00    0.00    0.00    8.00   92.00    17  |__cg.C.x
19:18:56    4432689         -    220901  100.00    0.00    0.00    0.00  100.00    23  |__openmp_worker
19:18:56    4432689         -    220902  100.00    0.00    0.00    0.00  100.00    20  |__openmp_worker
19:18:56    4432689         -    220903   92.00    0.00    0.00    8.00   92.00    19  |__openmp_worker
19:18:56    4432689         -    220905  100.00    0.00    0.00    0.00  100.00    28  |__openmp_worker
19:18:56    4432689         -    220906  100.00    0.00    0.00    0.00  100.00    18  |__openmp_worker
19:18:56    4432689         -    220907  100.00    0.00    0.00    0.00  100.00    27  |__openmp_worker
19:18:56    4432689         -    220908  100.00    0.00    0.00    0.00  100.00    29  |__openmp_worker
19:18:56    4432689         -    220909   91.00    1.00    0.00    8.00   92.00    26  |__openmp_worker
19:18:56    4432689         -    220910   90.00    0.00    0.00    9.00   90.00    22  |__openmp_worker
19:18:56    4432689         -    220911   91.00    0.00    0.00    9.00   91.00    21  |__openmp_worker
19:18:56    4432689         -    220912   92.00    0.00    0.00    8.00   92.00    31  |__openmp_worker
19:18:56    4432689         -    220913  100.00    1.00    0.00    0.00  101.00    32  |__openmp_worker
19:18:56    4432689         -    220914   92.00    1.00    0.00    7.00   93.00    30  |__openmp_worker
19:18:56    4432689         -    220915  100.00    1.00    0.00    0.00  101.00    24  |__openmp_worker
19:18:56    4432689         -    220916   92.00    0.00    0.00    8.00   92.00    25  |__openmp_worker
19:18:56    4432689         -    220917   15.00    1.00    0.00    0.00   16.00    26  |__openmp_worker
19:18:56    4432689         -    220918   15.00    0.00    0.00    0.00   15.00    30  |__openmp_worker
19:18:56    4432689         -    220919    7.00    0.00    0.00    7.00    7.00     6  |__openmp_worker
19:18:56    4432689         -    220920    7.00    1.00    0.00    8.00    8.00     7  |__openmp_worker
19:18:56    4432689         -    220921    7.00    1.00    0.00    8.00    8.00    19  |__openmp_worker
19:18:56    4432689         -    220922    8.00    0.00    0.00    7.00    8.00     9  |__openmp_worker
19:18:56    4432689         -    220923    8.00    1.00    0.00    7.00    9.00    10  |__openmp_worker
19:18:56    4432689         -    220924   14.00    0.00    0.00    1.00   14.00    22  |__openmp_worker
19:18:56    4432689         -    220925   14.00    1.00    0.00    0.00   15.00    32  |__openmp_worker
19:18:56    4432689         -    220926    7.00    0.00    0.00    8.00    7.00    22  |__openmp_worker
19:18:56    4432689         -    220927   15.00    0.00    0.00    0.00   15.00    21  |__openmp_worker
19:18:56    4432689         -    220928    7.00    0.00    0.00    8.00    7.00    17  |__openmp_worker
19:18:56    4432689         -    220929    8.00    0.00    0.00    8.00    8.00    14  |__openmp_worker
19:18:56    4432689         -    220930   14.00    1.00    0.00    0.00   15.00    25  |__openmp_worker
19:18:56    4432689         -    220931    8.00    1.00    0.00    8.00    9.00    17  |__openmp_worker
19:18:56    4432689         -    220932    7.00    0.00    0.00    8.00    7.00     8  |__openmp_worker

19:18:56      UID      TGID       TID    %usr %system  %guest   %wait    %CPU   CPU  Command
19:18:57        0        16         -    0.00    1.00    0.00    0.00    1.00     0  ksoftirqd/0
19:18:57        0        17         -    0.00    1.00    0.00    0.00    1.00    34  rcu_preempt
19:18:57        0         -        17    0.00    1.00    0.00    0.00    1.00    34  |__rcu_preempt
19:18:57        0         -      1221    0.00    1.00    0.00    0.00    1.00   200  |__ksoftirqd/200
19:18:57        0     14603         -    0.00    1.00    0.00    0.00    1.00   217  mmfsd
19:18:57        0         -     15480    1.00    0.00    0.00    0.00    1.00    33  |__mmfsd
19:18:57        0     96646         -    0.00    1.00    0.00    0.00    1.00    61  kworker/61:1-events
19:18:57        0    145134         -    0.00    1.00    0.00    0.00    1.00    64  kworker/64:1-events
19:18:57    4432689    220517         -    0.00    2.00    0.00    0.00    2.00    33  mpstat
19:18:57    4432689         -    220517    0.00    2.00    0.00    0.00    2.00    33  |__mpstat
19:18:57    4432689    220518         -    4.00    9.00    0.00    0.00   13.00     0  pidstat
19:18:57    4432689         -    220518    4.00    9.00    0.00    0.00   13.00     0  |__pidstat
19:18:57    4432689    220794         - 1573.00    0.00    0.00    0.00 1573.00     3  cg.C.x
19:18:57    4432689         -    220794   99.00    0.00    0.00    0.00   99.00     3  |__cg.C.x
19:18:57    4432689         -    220796   99.00    0.00    0.00    0.00   99.00     5  |__openmp_worker
19:18:57    4432689         -    220798   99.00    0.00    0.00    0.00   99.00     4  |__openmp_worker
19:18:57    4432689         -    220799   99.00    0.00    0.00    0.00   99.00     7  |__openmp_worker
19:18:57    4432689         -    220800   98.00    0.00    0.00    0.00   98.00    14  |__openmp_worker
19:18:57    4432689         -    220801   99.00    0.00    0.00    0.00   99.00     9  |__openmp_worker
19:18:57    4432689         -    220802   99.00    0.00    0.00    0.00   99.00     8  |__openmp_worker
19:18:57    4432689         -    220803   98.00    0.00    0.00    0.00   98.00    12  |__openmp_worker
19:18:57    4432689         -    220805   99.00    0.00    0.00    0.00   99.00    10  |__openmp_worker
19:18:57    4432689         -    220806   98.00    1.00    0.00    0.00   99.00    11  |__openmp_worker
19:18:57    4432689         -    220807   99.00    0.00    0.00    0.00   99.00     6  |__openmp_worker
19:18:57    4432689         -    220809   98.00    0.00    0.00    0.00   98.00    13  |__openmp_worker
19:18:57    4432689         -    220811   98.00    0.00    0.00    0.00   98.00    16  |__openmp_worker
19:18:57    4432689         -    220812   98.00    0.00    0.00    0.00   98.00     2  |__openmp_worker
19:18:57    4432689         -    220813   99.00    0.00    0.00    0.00   99.00    15  |__openmp_worker
19:18:57    4432689         -    220815   99.00    0.00    0.00    0.00   99.00     1  |__openmp_worker
19:18:57    4432689    220795         - 1499.00   70.00    0.00   49.00 1569.00    64  cg.C.x
19:18:57    4432689         -    220795   47.00    3.00    0.00   49.00   50.00    64  |__cg.C.x
19:18:57    4432689         -    220804   46.00    1.00    0.00   52.00   47.00    68  |__openmp_worker
19:18:57    4432689         -    220808   46.00    3.00    0.00   49.00   49.00    58  |__openmp_worker
19:18:57    4432689         -    220810   46.00    4.00    0.00   49.00   50.00    59  |__openmp_worker
19:18:57    4432689         -    220814   46.00    2.00    0.00   50.00   48.00    60  |__openmp_worker
19:18:57    4432689         -    220816   47.00    2.00    0.00   49.00   49.00    61  |__openmp_worker
19:18:57    4432689         -    220818   46.00    3.00    0.00   49.00   49.00    62  |__openmp_worker
19:18:57    4432689         -    220821   48.00    1.00    0.00   49.00   49.00    76  |__openmp_worker
19:18:57    4432689         -    220823   47.00    2.00    0.00   49.00   49.00    75  |__openmp_worker
19:18:57    4432689         -    220824   45.00    4.00    0.00   49.00   49.00    65  |__openmp_worker
19:18:57    4432689         -    220827   45.00    3.00    0.00   49.00   48.00    66  |__openmp_worker
19:18:57    4432689         -    220830   46.00    3.00    0.00   49.00   49.00    84  |__openmp_worker
19:18:57    4432689         -    220831   47.00    1.00    0.00   49.00   48.00    84  |__openmp_worker
19:18:57    4432689         -    220832   48.00    2.00    0.00   49.00   50.00    61  |__openmp_worker
19:18:57    4432689         -    220836   49.00    0.00    0.00   49.00   49.00    70  |__openmp_worker
19:18:57    4432689         -    220837   45.00    4.00    0.00   49.00   49.00    71  |__openmp_worker
19:18:57    4432689         -    220838   47.00    1.00    0.00   49.00   48.00    64  |__openmp_worker
19:18:57    4432689         -    220841   45.00    2.00    0.00   51.00   47.00    56  |__openmp_worker
19:18:57    4432689         -    220844   48.00    2.00    0.00   49.00   50.00    82  |__openmp_worker
19:18:57    4432689         -    220845   48.00    1.00    0.00   49.00   49.00    75  |__openmp_worker
19:18:57    4432689         -    220846   47.00    3.00    0.00   50.00   50.00    76  |__openmp_worker
19:18:57    4432689         -    220848   47.00    3.00    0.00   49.00   50.00    77  |__openmp_worker
19:18:57    4432689         -    220849   46.00    3.00    0.00   49.00   49.00    78  |__openmp_worker
19:18:57    4432689         -    220850   46.00    2.00    0.00   49.00   48.00    79  |__openmp_worker
19:18:57    4432689         -    220851   47.00    2.00    0.00   50.00   49.00    80  |__openmp_worker
19:18:57    4432689         -    220852   46.00    3.00    0.00   49.00   49.00    62  |__openmp_worker
19:18:57    4432689         -    220853   47.00    2.00    0.00   49.00   49.00    82  |__openmp_worker
19:18:57    4432689         -    220854   47.00    2.00    0.00   49.00   49.00    83  |__openmp_worker
19:18:57    4432689         -    220855   48.00    1.00    0.00   49.00   49.00    77  |__openmp_worker
19:18:57    4432689         -    220856   47.00    2.00    0.00   49.00   49.00    85  |__openmp_worker
19:18:57    4432689         -    220857   48.00    1.00    0.00   49.00   49.00    86  |__openmp_worker
19:18:57    4432689         -    220858   47.00    2.00    0.00   49.00   49.00    57  |__openmp_worker
19:18:57    4432689    220867         - 1517.00   59.00    0.00   49.00 1576.00    69  cg.C.x
19:18:57    4432689         -    220867   49.00    1.00    0.00   49.00   50.00    69  |__cg.C.x
19:18:57    4432689         -    220870   47.00    2.00    0.00   49.00   49.00    65  |__openmp_worker
19:18:57    4432689         -    220871   47.00    2.00    0.00   49.00   49.00    66  |__openmp_worker
19:18:57    4432689         -    220872   48.00    0.00    0.00   49.00   48.00    69  |__openmp_worker
19:18:57    4432689         -    220873   46.00    1.00    0.00   50.00   47.00    56  |__openmp_worker
19:18:57    4432689         -    220874   47.00    3.00    0.00   49.00   50.00    60  |__openmp_worker
19:18:57    4432689         -    220875   47.00    2.00    0.00   49.00   49.00    57  |__openmp_worker
19:18:57    4432689         -    220876   48.00    1.00    0.00   49.00   49.00    81  |__openmp_worker
19:18:57    4432689         -    220877   46.00    3.00    0.00   49.00   49.00    85  |__openmp_worker
19:18:57    4432689         -    220878   46.00    3.00    0.00   49.00   49.00    59  |__openmp_worker
19:18:57    4432689         -    220879   49.00    0.00    0.00   49.00   49.00    73  |__openmp_worker
19:18:57    4432689         -    220880   47.00    2.00    0.00   49.00   49.00    83  |__openmp_worker
19:18:57    4432689         -    220881   48.00    1.00    0.00   49.00   49.00    86  |__openmp_worker
19:18:57    4432689         -    220882   47.00    2.00    0.00   50.00   49.00    72  |__openmp_worker
19:18:57    4432689         -    220883   48.00    2.00    0.00   49.00   50.00    67  |__openmp_worker
19:18:57    4432689         -    220884   45.00    3.00    0.00   49.00   48.00    58  |__openmp_worker
19:18:57    4432689         -    220885   48.00    1.00    0.00   49.00   49.00    63  |__openmp_worker
19:18:57    4432689         -    220886   46.00    2.00    0.00   49.00   48.00    73  |__openmp_worker
19:18:57    4432689         -    220887   48.00    1.00    0.00   50.00   49.00    67  |__openmp_worker
19:18:57    4432689         -    220888   48.00    1.00    0.00   49.00   49.00    72  |__openmp_worker
19:18:57    4432689         -    220889   48.00    2.00    0.00   50.00   50.00    78  |__openmp_worker
19:18:57    4432689         -    220890   48.00    1.00    0.00   49.00   49.00    74  |__openmp_worker
19:18:57    4432689         -    220891   44.00    5.00    0.00   49.00   49.00    71  |__openmp_worker
19:18:57    4432689         -    220892   47.00    2.00    0.00   49.00   49.00    79  |__openmp_worker
19:18:57    4432689         -    220893   53.00    3.00    0.00   43.00   56.00    68  |__openmp_worker
19:18:57    4432689         -    220894   47.00    1.00    0.00   49.00   48.00    63  |__openmp_worker
19:18:57    4432689         -    220895   47.00    2.00    0.00   49.00   49.00    81  |__openmp_worker
19:18:57    4432689         -    220896   45.00    3.00    0.00   49.00   48.00    80  |__openmp_worker
19:18:57    4432689         -    220897   48.00    1.00    0.00   49.00   49.00    70  |__openmp_worker
19:18:57    4432689         -    220898   48.00    1.00    0.00   49.00   49.00    87  |__openmp_worker
19:18:57    4432689         -    220899   47.00    1.00    0.00   49.00   48.00    87  |__openmp_worker
19:18:57    4432689         -    220900   47.00    2.00    0.00   49.00   49.00    74  |__openmp_worker
19:18:57    4432689    220869         - 1566.00    2.00    0.00    0.00 1568.00    17  cg.C.x
19:18:57    4432689         -    220869   98.00    0.00    0.00    0.00   98.00    17  |__cg.C.x
19:18:57    4432689         -    220901   98.00    0.00    0.00    0.00   98.00    23  |__openmp_worker
19:18:57    4432689         -    220902   97.00    1.00    0.00    0.00   98.00    20  |__openmp_worker
19:18:57    4432689         -    220903   98.00    0.00    0.00    0.00   98.00    19  |__openmp_worker
19:18:57    4432689         -    220905   98.00    0.00    0.00    0.00   98.00    28  |__openmp_worker
19:18:57    4432689         -    220906   98.00    0.00    0.00    0.00   98.00    18  |__openmp_worker
19:18:57    4432689         -    220907   98.00    0.00    0.00    0.00   98.00    27  |__openmp_worker
19:18:57    4432689         -    220908   99.00    0.00    0.00    0.00   99.00    29  |__openmp_worker
19:18:57    4432689         -    220909   98.00    0.00    0.00    0.00   98.00    26  |__openmp_worker
19:18:57    4432689         -    220910   99.00    0.00    0.00    0.00   99.00    22  |__openmp_worker
19:18:57    4432689         -    220911   98.00    0.00    0.00    0.00   98.00    21  |__openmp_worker
19:18:57    4432689         -    220912   99.00    0.00    0.00    0.00   99.00    31  |__openmp_worker
19:18:57    4432689         -    220913   98.00    0.00    0.00    0.00   98.00    32  |__openmp_worker
19:18:57    4432689         -    220914   98.00    0.00    0.00    0.00   98.00    30  |__openmp_worker
19:18:57    4432689         -    220915   98.00    0.00    0.00    0.00   98.00    24  |__openmp_worker
19:18:57    4432689         -    220916   98.00    0.00    0.00    0.00   98.00    25  |__openmp_worker

19:18:57      UID      TGID       TID    %usr %system  %guest   %wait    %CPU   CPU  Command
19:18:58        0     14603         -    0.00    1.00    0.00    0.00    1.00   217  mmfsd
19:18:58        0         -     15464    0.00    1.00    0.00    0.00    1.00    41  |__mmfsd
19:18:58        0         -    209779    0.00    1.00    0.00    0.00    1.00    71  |__kworker/71:1-events
19:18:58        0         -    210433    0.00    1.00    0.00    1.00    1.00     0  |__kworker/0:1-events
19:18:58    4432689    220517         -    0.00    1.00    0.00    0.00    1.00    33  mpstat
19:18:58    4432689         -    220517    0.00    1.00    0.00    0.00    1.00    33  |__mpstat
19:18:58    4432689    220518         -    3.00   10.00    0.00    0.00   13.00     0  pidstat
19:18:58    4432689         -    220518    3.00   10.00    0.00    0.00   13.00     0  |__pidstat
19:18:58    4432689    220794         - 1600.00    1.00    0.00    0.00 1601.00     3  cg.C.x
19:18:58    4432689         -    220794   99.00    0.00    0.00    0.00   99.00     3  |__cg.C.x
19:18:58    4432689         -    220796  100.00    0.00    0.00    0.00  100.00     5  |__openmp_worker
19:18:58    4432689         -    220798  100.00    0.00    0.00    0.00  100.00     4  |__openmp_worker
19:18:58    4432689         -    220799  100.00    0.00    0.00    0.00  100.00     7  |__openmp_worker
19:18:58    4432689         -    220800  100.00    0.00    0.00    0.00  100.00    14  |__openmp_worker
19:18:58    4432689         -    220801   99.00    1.00    0.00    0.00  100.00     9  |__openmp_worker
19:18:58    4432689         -    220802  100.00    0.00    0.00    0.00  100.00     8  |__openmp_worker
19:18:58    4432689         -    220803  100.00    0.00    0.00    1.00  100.00    12  |__openmp_worker
19:18:58    4432689         -    220805  100.00    0.00    0.00    0.00  100.00    10  |__openmp_worker
19:18:58    4432689         -    220806  100.00    0.00    0.00    0.00  100.00    11  |__openmp_worker
19:18:58    4432689         -    220807  100.00    0.00    0.00    0.00  100.00     6  |__openmp_worker
19:18:58    4432689         -    220809  100.00    0.00    0.00    0.00  100.00    13  |__openmp_worker
19:18:58    4432689         -    220811  100.00    0.00    0.00    0.00  100.00    16  |__openmp_worker
19:18:58    4432689         -    220812  100.00    0.00    0.00    0.00  100.00     2  |__openmp_worker
19:18:58    4432689         -    220813  100.00    0.00    0.00    0.00  100.00    15  |__openmp_worker
19:18:58    4432689         -    220815  100.00    0.00    0.00    0.00  100.00     1  |__openmp_worker
19:18:58    4432689    220795         - 1540.00   59.00    0.00   50.00 1599.00    64  cg.C.x
19:18:58    4432689         -    220795   49.00    1.00    0.00   50.00   50.00    64  |__cg.C.x
19:18:58    4432689         -    220804   49.00    1.00    0.00   50.00   50.00    84  |__openmp_worker
19:18:58    4432689         -    220808   48.00    2.00    0.00   50.00   50.00    58  |__openmp_worker
19:18:58    4432689         -    220810   48.00    2.00    0.00   50.00   50.00    59  |__openmp_worker
19:18:58    4432689         -    220814   48.00    3.00    0.00   49.00   51.00    60  |__openmp_worker
19:18:58    4432689         -    220816   49.00    1.00    0.00   50.00   50.00    61  |__openmp_worker
19:18:58    4432689         -    220818   49.00    1.00    0.00   50.00   50.00    62  |__openmp_worker
19:18:58    4432689         -    220821   48.00    2.00    0.00   50.00   50.00    76  |__openmp_worker
19:18:58    4432689         -    220823   50.00    1.00    0.00   50.00   51.00    75  |__openmp_worker
19:18:58    4432689         -    220824   48.00    2.00    0.00   50.00   50.00    65  |__openmp_worker
19:18:58    4432689         -    220827   49.00    2.00    0.00   50.00   51.00    66  |__openmp_worker
19:18:58    4432689         -    220830   48.00    2.00    0.00   50.00   50.00    84  |__openmp_worker
19:18:58    4432689         -    220831   48.00    2.00    0.00   51.00   50.00    68  |__openmp_worker
19:18:58    4432689         -    220832   50.00    0.00    0.00   50.00   50.00    61  |__openmp_worker
19:18:58    4432689         -    220836   49.00    1.00    0.00   50.00   50.00    70  |__openmp_worker
19:18:58    4432689         -    220837   47.00    2.00    0.00   50.00   49.00    71  |__openmp_worker
19:18:58    4432689         -    220838   49.00    1.00    0.00   50.00   50.00    64  |__openmp_worker
19:18:58    4432689         -    220841   48.00    2.00    0.00   51.00   50.00    56  |__openmp_worker
19:18:58    4432689         -    220844   49.00    1.00    0.00   50.00   50.00    82  |__openmp_worker
19:18:58    4432689         -    220845   48.00    2.00    0.00   50.00   50.00    75  |__openmp_worker
19:18:58    4432689         -    220846   48.00    1.00    0.00   50.00   49.00    76  |__openmp_worker
19:18:58    4432689         -    220848   48.00    2.00    0.00   50.00   50.00    77  |__openmp_worker
19:18:58    4432689         -    220849   49.00    1.00    0.00   50.00   50.00    78  |__openmp_worker
19:18:58    4432689         -    220850   47.00    4.00    0.00   49.00   51.00    79  |__openmp_worker
19:18:58    4432689         -    220851   48.00    2.00    0.00   49.00   50.00    80  |__openmp_worker
19:18:58    4432689         -    220852   48.00    1.00    0.00   50.00   49.00    62  |__openmp_worker
19:18:58    4432689         -    220853   48.00    2.00    0.00   50.00   50.00    82  |__openmp_worker
19:18:58    4432689         -    220854   49.00    1.00    0.00   50.00   50.00    83  |__openmp_worker
19:18:58    4432689         -    220855   48.00    2.00    0.00   50.00   50.00    77  |__openmp_worker
19:18:58    4432689         -    220856   47.00    3.00    0.00   50.00   50.00    85  |__openmp_worker
19:18:58    4432689         -    220857   47.00    3.00    0.00   50.00   50.00    86  |__openmp_worker
19:18:58    4432689         -    220858   47.00    2.00    0.00   51.00   49.00    56  |__openmp_worker
19:18:58    4432689    220867         - 1543.00   60.00    0.00   50.00 1603.00    69  cg.C.x
19:18:58    4432689         -    220867   49.00    0.00    0.00   50.00   49.00    69  |__cg.C.x
19:18:58    4432689         -    220870   48.00    2.00    0.00   50.00   50.00    65  |__openmp_worker
19:18:58    4432689         -    220871   47.00    3.00    0.00   50.00   50.00    66  |__openmp_worker
19:18:58    4432689         -    220872   50.00    1.00    0.00   50.00   51.00    69  |__openmp_worker
19:18:58    4432689         -    220873   47.00    2.00    0.00   52.00   49.00    56  |__openmp_worker
19:18:58    4432689         -    220874   48.00    2.00    0.00   50.00   50.00    60  |__openmp_worker
19:18:58    4432689         -    220875   50.00    3.00    0.00   48.00   53.00    57  |__openmp_worker
19:18:58    4432689         -    220876   48.00    2.00    0.00   50.00   50.00    81  |__openmp_worker
19:18:58    4432689         -    220877   49.00    2.00    0.00   50.00   51.00    85  |__openmp_worker
19:18:58    4432689         -    220878   48.00    2.00    0.00   50.00   50.00    59  |__openmp_worker
19:18:58    4432689         -    220879   50.00    1.00    0.00   50.00   51.00    73  |__openmp_worker
19:18:58    4432689         -    220880   47.00    3.00    0.00   50.00   50.00    83  |__openmp_worker
19:18:58    4432689         -    220881   46.00    5.00    0.00   50.00   51.00    86  |__openmp_worker
19:18:58    4432689         -    220882   49.00    0.00    0.00   50.00   49.00    72  |__openmp_worker
19:18:58    4432689         -    220883   48.00    1.00    0.00   50.00   49.00    67  |__openmp_worker
19:18:58    4432689         -    220884   47.00    4.00    0.00   50.00   51.00    58  |__openmp_worker
19:18:58    4432689         -    220885   48.00    2.00    0.00   50.00   50.00    63  |__openmp_worker
19:18:58    4432689         -    220886   49.00    1.00    0.00   51.00   50.00    73  |__openmp_worker
19:18:58    4432689         -    220887   48.00    3.00    0.00   49.00   51.00    67  |__openmp_worker
19:18:58    4432689         -    220888   49.00    1.00    0.00   50.00   50.00    72  |__openmp_worker
19:18:58    4432689         -    220889   48.00    1.00    0.00   50.00   49.00    78  |__openmp_worker
19:18:58    4432689         -    220890   49.00    1.00    0.00   50.00   50.00    74  |__openmp_worker
19:18:58    4432689         -    220891   47.00    3.00    0.00   50.00   50.00    71  |__openmp_worker
19:18:58    4432689         -    220892   48.00    2.00    0.00   50.00   50.00    79  |__openmp_worker
19:18:58    4432689         -    220893   49.00    2.00    0.00   49.00   51.00    68  |__openmp_worker
19:18:58    4432689         -    220894   50.00    1.00    0.00   50.00   51.00    63  |__openmp_worker
19:18:58    4432689         -    220895   50.00    1.00    0.00   50.00   51.00    81  |__openmp_worker
19:18:58    4432689         -    220896   48.00    2.00    0.00   50.00   50.00    80  |__openmp_worker
19:18:58    4432689         -    220897   47.00    3.00    0.00   50.00   50.00    70  |__openmp_worker
19:18:58    4432689         -    220898   49.00    1.00    0.00   50.00   50.00    87  |__openmp_worker
19:18:58    4432689         -    220899   48.00    3.00    0.00   50.00   51.00    87  |__openmp_worker
19:18:58    4432689         -    220900   49.00    1.00    0.00   50.00   50.00    74  |__openmp_worker
19:18:58    4432689    220869         - 1599.00    0.00    0.00    0.00 1599.00    17  cg.C.x
19:18:58    4432689         -    220869  100.00    0.00    0.00    0.00  100.00    17  |__cg.C.x
19:18:58    4432689         -    220901  100.00    0.00    0.00    0.00  100.00    23  |__openmp_worker
19:18:58    4432689         -    220902  100.00    0.00    0.00    0.00  100.00    20  |__openmp_worker
19:18:58    4432689         -    220903  100.00    0.00    0.00    0.00  100.00    19  |__openmp_worker
19:18:58    4432689         -    220905  100.00    0.00    0.00    0.00  100.00    28  |__openmp_worker
19:18:58    4432689         -    220906  101.00    0.00    0.00    0.00  101.00    18  |__openmp_worker
19:18:58    4432689         -    220907  100.00    0.00    0.00    0.00  100.00    27  |__openmp_worker
19:18:58    4432689         -    220908  100.00    0.00    0.00    1.00  100.00    29  |__openmp_worker
19:18:58    4432689         -    220909  100.00    0.00    0.00    0.00  100.00    26  |__openmp_worker
19:18:58    4432689         -    220910  100.00    0.00    0.00    1.00  100.00    22  |__openmp_worker
19:18:58    4432689         -    220911  100.00    0.00    0.00    0.00  100.00    21  |__openmp_worker
19:18:58    4432689         -    220912  100.00    0.00    0.00    0.00  100.00    31  |__openmp_worker
19:18:58    4432689         -    220913  100.00    0.00    0.00    0.00  100.00    32  |__openmp_worker
19:18:58    4432689         -    220914  101.00    0.00    0.00    1.00  101.00    30  |__openmp_worker
19:18:58    4432689         -    220915  100.00    0.00    0.00    0.00  100.00    24  |__openmp_worker
19:18:58    4432689         -    220916  100.00    0.00    0.00    0.00  100.00    25  |__openmp_worker

19:18:58      UID      TGID       TID    %usr %system  %guest   %wait    %CPU   CPU  Command
19:18:59        0         -    149526    0.00    1.00    0.00    0.00    1.00    31  |__kworker/31:2-events
19:18:59        0    215875         -    1.00    0.00    0.00    0.00    1.00     8  kworker/8:0-events
19:18:59        0         -    215875    1.00    0.00    0.00    0.00    1.00     8  |__kworker/8:0-events
19:18:59    4432689    220517         -    0.00    1.00    0.00    0.00    1.00    33  mpstat
19:18:59    4432689         -    220517    0.00    1.00    0.00    0.00    1.00    33  |__mpstat
19:18:59    4432689    220518         -    5.00    8.00    0.00    0.00   13.00     0  pidstat
19:18:59    4432689         -    220518    5.00    8.00    0.00    0.00   13.00     0  |__pidstat
19:18:59    4432689    220794         - 1597.00    2.00    0.00    0.00 1599.00     3  cg.C.x
19:18:59    4432689         -    220794  100.00    0.00    0.00    0.00  100.00     3  |__cg.C.x
19:18:59    4432689         -    220796   99.00    0.00    0.00    0.00   99.00     5  |__openmp_worker
19:18:59    4432689         -    220798  100.00    0.00    0.00    0.00  100.00     4  |__openmp_worker
19:18:59    4432689         -    220799  100.00    0.00    0.00    0.00  100.00     7  |__openmp_worker
19:18:59    4432689         -    220800  100.00    0.00    0.00    0.00  100.00    14  |__openmp_worker
19:18:59    4432689         -    220801  100.00    0.00    0.00    0.00  100.00     9  |__openmp_worker
19:18:59    4432689         -    220802   99.00    0.00    0.00    0.00   99.00     8  |__openmp_worker
19:18:59    4432689         -    220803  100.00    0.00    0.00    0.00  100.00    12  |__openmp_worker
19:18:59    4432689         -    220805  100.00    0.00    0.00    0.00  100.00    10  |__openmp_worker
19:18:59    4432689         -    220806  100.00    0.00    0.00    0.00  100.00    11  |__openmp_worker
19:18:59    4432689         -    220807  100.00    0.00    0.00    0.00  100.00     6  |__openmp_worker
19:18:59    4432689         -    220809  100.00    0.00    0.00    0.00  100.00    13  |__openmp_worker
19:18:59    4432689         -    220811  100.00    0.00    0.00    0.00  100.00    16  |__openmp_worker
19:18:59    4432689         -    220812  100.00    0.00    0.00    0.00  100.00     2  |__openmp_worker
19:18:59    4432689         -    220813   99.00    0.00    0.00    0.00   99.00    15  |__openmp_worker
19:18:59    4432689         -    220815   99.00    0.00    0.00    0.00   99.00     1  |__openmp_worker
19:18:59    4432689    220795         - 1533.00   64.00    0.00   50.00 1597.00    64  cg.C.x
19:18:59    4432689         -    220795   49.00    0.00    0.00   50.00   49.00    64  |__cg.C.x
19:18:59    4432689         -    220804   43.00    2.00    0.00   54.00   45.00    84  |__openmp_worker
19:18:59    4432689         -    220808   48.00    2.00    0.00   50.00   50.00    58  |__openmp_worker
19:18:59    4432689         -    220810   48.00    2.00    0.00   49.00   50.00    59  |__openmp_worker
19:18:59    4432689         -    220814   47.00    3.00    0.00   50.00   50.00    60  |__openmp_worker
19:18:59    4432689         -    220816   47.00    3.00    0.00   51.00   50.00    61  |__openmp_worker
19:18:59    4432689         -    220818   50.00    1.00    0.00   50.00   51.00    62  |__openmp_worker
19:18:59    4432689         -    220821   48.00    2.00    0.00   50.00   50.00    76  |__openmp_worker
19:18:59    4432689         -    220823   49.00    1.00    0.00   50.00   50.00    75  |__openmp_worker
19:18:59    4432689         -    220824   48.00    2.00    0.00   50.00   50.00    65  |__openmp_worker
19:18:59    4432689         -    220827   47.00    3.00    0.00   50.00   50.00    66  |__openmp_worker
19:18:59    4432689         -    220830   46.00    2.00    0.00   52.00   48.00    70  |__openmp_worker
19:18:59    4432689         -    220831   47.00    2.00    0.00   50.00   49.00    68  |__openmp_worker
19:18:59    4432689         -    220832   48.00    2.00    0.00   50.00   50.00    61  |__openmp_worker
19:18:59    4432689         -    220836   54.00    2.00    0.00   44.00   56.00    70  |__openmp_worker
19:18:59    4432689         -    220837   48.00    3.00    0.00   49.00   51.00    71  |__openmp_worker
19:18:59    4432689         -    220838   47.00    3.00    0.00   50.00   50.00    64  |__openmp_worker
19:18:59    4432689         -    220841   47.00    1.00    0.00   51.00   48.00    57  |__openmp_worker
19:18:59    4432689         -    220844   48.00    1.00    0.00   50.00   49.00    82  |__openmp_worker
19:18:59    4432689         -    220845   47.00    3.00    0.00   50.00   50.00    75  |__openmp_worker
19:18:59    4432689         -    220846   49.00    2.00    0.00   50.00   51.00    76  |__openmp_worker
19:18:59    4432689         -    220848   48.00    1.00    0.00   50.00   49.00    77  |__openmp_worker
19:18:59    4432689         -    220849   49.00    2.00    0.00   49.00   51.00    78  |__openmp_worker
19:18:59    4432689         -    220850   47.00    3.00    0.00   50.00   50.00    79  |__openmp_worker
19:18:59    4432689         -    220851   48.00    2.00    0.00   50.00   50.00    80  |__openmp_worker
19:18:59    4432689         -    220852   48.00    2.00    0.00   50.00   50.00    62  |__openmp_worker
19:18:59    4432689         -    220853   48.00    2.00    0.00   50.00   50.00    82  |__openmp_worker
19:18:59    4432689         -    220854   44.00    3.00    0.00   52.00   47.00    84  |__openmp_worker
19:18:59    4432689         -    220855   48.00    2.00    0.00   50.00   50.00    77  |__openmp_worker
19:18:59    4432689         -    220856   49.00    1.00    0.00   50.00   50.00    85  |__openmp_worker
19:18:59    4432689         -    220857   49.00    2.00    0.00   50.00   51.00    86  |__openmp_worker
19:18:59    4432689         -    220858   48.00    1.00    0.00   51.00   49.00    56  |__openmp_worker
19:18:59    4432689    220867         - 1532.00   69.00    0.00   51.00 1601.00    69  cg.C.x
19:18:59    4432689         -    220867   46.00    3.00    0.00   51.00   49.00    69  |__cg.C.x
19:18:59    4432689         -    220870   46.00    3.00    0.00   50.00   49.00    65  |__openmp_worker
19:18:59    4432689         -    220871   47.00    3.00    0.00   51.00   50.00    66  |__openmp_worker
19:18:59    4432689         -    220872   48.00    1.00    0.00   50.00   49.00    69  |__openmp_worker
19:18:59    4432689         -    220873   46.00    3.00    0.00   51.00   49.00    56  |__openmp_worker
19:18:59    4432689         -    220874   47.00    2.00    0.00   50.00   49.00    60  |__openmp_worker
19:18:59    4432689         -    220875   50.00    4.00    0.00   46.00   54.00    57  |__openmp_worker
19:18:59    4432689         -    220876   49.00    2.00    0.00   50.00   51.00    81  |__openmp_worker
19:18:59    4432689         -    220877   49.00    1.00    0.00   50.00   50.00    85  |__openmp_worker
19:18:59    4432689         -    220878   48.00    2.00    0.00   50.00   50.00    59  |__openmp_worker
19:18:59    4432689         -    220879   46.00    3.00    0.00   50.00   49.00    73  |__openmp_worker
19:18:59    4432689         -    220880   56.00    2.00    0.00   42.00   58.00    83  |__openmp_worker
19:18:59    4432689         -    220881   47.00    2.00    0.00   50.00   49.00    86  |__openmp_worker
19:18:59    4432689         -    220882   48.00    3.00    0.00   50.00   51.00    72  |__openmp_worker
19:18:59    4432689         -    220883   48.00    2.00    0.00   50.00   50.00    67  |__openmp_worker
19:18:59    4432689         -    220884   47.00    2.00    0.00   50.00   49.00    78  |__openmp_worker
19:18:59    4432689         -    220885   49.00    2.00    0.00   50.00   51.00    63  |__openmp_worker
19:18:59    4432689         -    220886   49.00    2.00    0.00   49.00   51.00    73  |__openmp_worker
19:18:59    4432689         -    220887   49.00    1.00    0.00   50.00   50.00    67  |__openmp_worker
19:18:59    4432689         -    220888   49.00    1.00    0.00   50.00   50.00    72  |__openmp_worker
19:18:59    4432689         -    220889   48.00    2.00    0.00   50.00   50.00    58  |__openmp_worker
19:18:59    4432689         -    220890   48.00    2.00    0.00   50.00   50.00    74  |__openmp_worker
19:18:59    4432689         -    220891   46.00    3.00    0.00   50.00   49.00    71  |__openmp_worker
19:18:59    4432689         -    220892   48.00    1.00    0.00   51.00   49.00    79  |__openmp_worker
19:18:59    4432689         -    220893   47.00    3.00    0.00   50.00   50.00    68  |__openmp_worker
19:18:59    4432689         -    220894   46.00    3.00    0.00   50.00   49.00    63  |__openmp_worker
19:18:59    4432689         -    220895   48.00    1.00    0.00   50.00   49.00    81  |__openmp_worker
19:18:59    4432689         -    220896   48.00    2.00    0.00   51.00   50.00    80  |__openmp_worker
19:18:59    4432689         -    220897   43.00    2.00    0.00   55.00   45.00    84  |__openmp_worker
19:18:59    4432689         -    220898   51.00    1.00    0.00   48.00   52.00    87  |__openmp_worker
19:18:59    4432689         -    220899   46.00    3.00    0.00   51.00   49.00    69  |__openmp_worker
19:18:59    4432689         -    220900   50.00    1.00    0.00   50.00   51.00    74  |__openmp_worker
19:18:59    4432689    220869         - 1602.00    1.00    0.00    0.00 1603.00    17  cg.C.x
19:18:59    4432689         -    220869  100.00    0.00    0.00    0.00  100.00    17  |__cg.C.x
19:18:59    4432689         -    220901  100.00    0.00    0.00    0.00  100.00    23  |__openmp_worker
19:18:59    4432689         -    220902  101.00    0.00    0.00    0.00  101.00    20  |__openmp_worker
19:18:59    4432689         -    220903  100.00    0.00    0.00    0.00  100.00    19  |__openmp_worker
19:18:59    4432689         -    220905  100.00    0.00    0.00    0.00  100.00    28  |__openmp_worker
19:18:59    4432689         -    220906  100.00    0.00    0.00    0.00  100.00    18  |__openmp_worker
19:18:59    4432689         -    220907  100.00    0.00    0.00    0.00  100.00    27  |__openmp_worker
19:18:59    4432689         -    220908  100.00    0.00    0.00    0.00  100.00    29  |__openmp_worker
19:18:59    4432689         -    220909  100.00    0.00    0.00    0.00  100.00    26  |__openmp_worker
19:18:59    4432689         -    220910  100.00    0.00    0.00    0.00  100.00    22  |__openmp_worker
19:18:59    4432689         -    220911  100.00    0.00    0.00    0.00  100.00    21  |__openmp_worker
19:18:59    4432689         -    220912  100.00    0.00    0.00    0.00  100.00    31  |__openmp_worker
19:18:59    4432689         -    220913  100.00    0.00    0.00    0.00  100.00    32  |__openmp_worker
19:18:59    4432689         -    220914  100.00    0.00    0.00    0.00  100.00    30  |__openmp_worker
19:18:59    4432689         -    220915  100.00    0.00    0.00    0.00  100.00    24  |__openmp_worker
19:18:59    4432689         -    220916  100.00    0.00    0.00    0.00  100.00    25  |__openmp_worker

19:18:59      UID      TGID       TID    %usr %system  %guest   %wait    %CPU   CPU  Command
19:19:00        0     14603         -    2.00    0.00    0.00    0.00    2.00   217  mmfsd
19:19:00        0         -     16153    1.00    0.00    0.00    0.00    1.00   167  |__mmfsd
19:19:00        0         -     23341    0.00    1.00    0.00    0.00    1.00    68  |__kworker/68:2-events
19:19:00        0    210433         -    0.00    1.00    0.00    0.00    1.00     0  kworker/0:1-events
19:19:00        0    214108         -    0.00    1.00    0.00    0.00    1.00    56  kworker/56:1-events
19:19:00        0         -    214108    0.00    1.00    0.00    0.00    1.00    56  |__kworker/56:1-events
19:19:00    4432689    220517         -    0.00    1.00    0.00    0.00    1.00    33  mpstat
19:19:00    4432689         -    220517    0.00    1.00    0.00    0.00    1.00    33  |__mpstat
19:19:00    4432689    220518         -    4.00    9.00    0.00    0.00   13.00     0  pidstat
19:19:00    4432689         -    220518    4.00    9.00    0.00    0.00   13.00     0  |__pidstat
19:19:00    4432689    220795         - 1525.00   59.00    0.00   50.00 1584.00    64  cg.C.x
19:19:00    4432689         -    220795   48.00    2.00    0.00   50.00   50.00    64  |__cg.C.x
19:19:00    4432689         -    220804   46.00    3.00    0.00   51.00   49.00    84  |__openmp_worker
19:19:00    4432689         -    220808   45.00    3.00    0.00   52.00   48.00    58  |__openmp_worker
19:19:00    4432689         -    220810   46.00    3.00    0.00   51.00   49.00    59  |__openmp_worker
19:19:00    4432689         -    220814   47.00    3.00    0.00   50.00   50.00    60  |__openmp_worker
19:19:00    4432689         -    220816   48.00    2.00    0.00   49.00   50.00    61  |__openmp_worker
19:19:00    4432689         -    220818   49.00    0.00    0.00   50.00   49.00    62  |__openmp_worker
19:19:00    4432689         -    220821   48.00    1.00    0.00   50.00   49.00    76  |__openmp_worker
19:19:00    4432689         -    220823   48.00    1.00    0.00   50.00   49.00    75  |__openmp_worker
19:19:00    4432689         -    220824   47.00    3.00    0.00   50.00   50.00    65  |__openmp_worker
19:19:00    4432689         -    220827   48.00    1.00    0.00   50.00   49.00    66  |__openmp_worker
19:19:00    4432689         -    220830   49.00    2.00    0.00   50.00   51.00    70  |__openmp_worker
19:19:00    4432689         -    220831   49.00    2.00    0.00   50.00   51.00    68  |__openmp_worker
19:19:00    4432689         -    220832   47.00    3.00    0.00   49.00   50.00    61  |__openmp_worker
19:19:00    4432689         -    220836   49.00    1.00    0.00   50.00   50.00    70  |__openmp_worker
19:19:00    4432689         -    220837   48.00    1.00    0.00   51.00   49.00    71  |__openmp_worker
19:19:00    4432689         -    220838   49.00    2.00    0.00   50.00   51.00    64  |__openmp_worker
19:19:00    4432689         -    220841   47.00    3.00    0.00   50.00   50.00    57  |__openmp_worker
19:19:00    4432689         -    220844   48.00    2.00    0.00   50.00   50.00    82  |__openmp_worker
19:19:00    4432689         -    220845   48.00    2.00    0.00   50.00   50.00    75  |__openmp_worker
19:19:00    4432689         -    220846   48.00    1.00    0.00   49.00   49.00    76  |__openmp_worker
19:19:00    4432689         -    220848   49.00    1.00    0.00   50.00   50.00    77  |__openmp_worker
19:19:00    4432689         -    220849   47.00    2.00    0.00   51.00   49.00    78  |__openmp_worker
19:19:00    4432689         -    220850   47.00    3.00    0.00   51.00   50.00    79  |__openmp_worker
19:19:00    4432689         -    220851   47.00    3.00    0.00   50.00   50.00    80  |__openmp_worker
19:19:00    4432689         -    220852   49.00    2.00    0.00   50.00   51.00    62  |__openmp_worker
19:19:00    4432689         -    220853   48.00    2.00    0.00   50.00   50.00    82  |__openmp_worker
19:19:00    4432689         -    220854   46.00    2.00    0.00   52.00   48.00    84  |__openmp_worker
19:19:00    4432689         -    220855   48.00    2.00    0.00   50.00   50.00    77  |__openmp_worker
19:19:00    4432689         -    220856   48.00    2.00    0.00   50.00   50.00    85  |__openmp_worker
19:19:00    4432689         -    220857   48.00    1.00    0.00   50.00   49.00    86  |__openmp_worker
19:19:00    4432689         -    220858   46.00    2.00    0.00   52.00   48.00    58  |__openmp_worker
19:19:00    4432689    220867         - 1550.00   56.00    0.00   51.00 1606.00    87  cg.C.x
19:19:00    4432689         -    220867   48.00    2.00    0.00   51.00   50.00    87  |__cg.C.x
19:19:00    4432689         -    220870   48.00    2.00    0.00   50.00   50.00    65  |__openmp_worker
19:19:00    4432689         -    220871   48.00    2.00    0.00   49.00   50.00    66  |__openmp_worker
19:19:00    4432689         -    220872   45.00    2.00    0.00   53.00   47.00    83  |__openmp_worker
19:19:00    4432689         -    220873   55.00    0.00    0.00   43.00   55.00    56  |__openmp_worker
19:19:00    4432689         -    220874   49.00    1.00    0.00   50.00   50.00    60  |__openmp_worker
19:19:00    4432689         -    220875   48.00    2.00    0.00   50.00   50.00    57  |__openmp_worker
19:19:00    4432689         -    220876   48.00    2.00    0.00   50.00   50.00    81  |__openmp_worker
19:19:00    4432689         -    220877   45.00    4.00    0.00   50.00   49.00    85  |__openmp_worker
19:19:00    4432689         -    220878   48.00    2.00    0.00   50.00   50.00    59  |__openmp_worker
19:19:00    4432689         -    220879   48.00    1.00    0.00   50.00   49.00    73  |__openmp_worker
19:19:00    4432689         -    220880   50.00    2.00    0.00   48.00   52.00    69  |__openmp_worker
19:19:00    4432689         -    220881   47.00    3.00    0.00   50.00   50.00    86  |__openmp_worker
19:19:00    4432689         -    220882   48.00    1.00    0.00   50.00   49.00    72  |__openmp_worker
19:19:00    4432689         -    220883   47.00    3.00    0.00   50.00   50.00    67  |__openmp_worker
19:19:00    4432689         -    220884   48.00    2.00    0.00   50.00   50.00    78  |__openmp_worker
19:19:00    4432689         -    220885   47.00    1.00    0.00   50.00   48.00    63  |__openmp_worker
19:19:00    4432689         -    220886   48.00    2.00    0.00   50.00   50.00    73  |__openmp_worker
19:19:00    4432689         -    220887   48.00    1.00    0.00   50.00   49.00    67  |__openmp_worker
19:19:00    4432689         -    220888   48.00    2.00    0.00   50.00   50.00    72  |__openmp_worker
19:19:00    4432689         -    220889   47.00    1.00    0.00   52.00   48.00    56  |__openmp_worker
19:19:00    4432689         -    220890   49.00    1.00    0.00   50.00   50.00    74  |__openmp_worker
19:19:00    4432689         -    220891   48.00    3.00    0.00   50.00   51.00    71  |__openmp_worker
19:19:00    4432689         -    220892   48.00    3.00    0.00   49.00   51.00    79  |__openmp_worker
19:19:00    4432689         -    220893   47.00    3.00    0.00   50.00   50.00    68  |__openmp_worker
19:19:00    4432689         -    220894   49.00    2.00    0.00   50.00   51.00    63  |__openmp_worker
19:19:00    4432689         -    220895   49.00    1.00    0.00   50.00   50.00    81  |__openmp_worker
19:19:00    4432689         -    220896   49.00    1.00    0.00   49.00   50.00    80  |__openmp_worker
19:19:00    4432689         -    220897   53.00    1.00    0.00   45.00   54.00    83  |__openmp_worker
19:19:00    4432689         -    220898   52.00    2.00    0.00   46.00   54.00    87  |__openmp_worker
19:19:00    4432689         -    220899   45.00    1.00    0.00   53.00   46.00    69  |__openmp_worker
19:19:00    4432689         -    220900   48.00    1.00    0.00   50.00   49.00    74  |__openmp_worker
19:19:00    4432689    220869         - 2386.00    3.00    0.00    0.00 2389.00    17  cg.C.x
19:19:00    4432689         -    220869  100.00    0.00    0.00    0.00  100.00    17  |__cg.C.x
19:19:00    4432689         -    220901   99.00    0.00    0.00    0.00   99.00    23  |__openmp_worker
19:19:00    4432689         -    220902   99.00    0.00    0.00    0.00   99.00    20  |__openmp_worker
19:19:00    4432689         -    220903  100.00    0.00    0.00    0.00  100.00    19  |__openmp_worker
19:19:00    4432689         -    220905   99.00    0.00    0.00    0.00   99.00    28  |__openmp_worker
19:19:00    4432689         -    220906   99.00    0.00    0.00    0.00   99.00    18  |__openmp_worker
19:19:00    4432689         -    220907  100.00    0.00    0.00    0.00  100.00    27  |__openmp_worker
19:19:00    4432689         -    220908   98.00    1.00    0.00    0.00   99.00    29  |__openmp_worker
19:19:00    4432689         -    220909  100.00    0.00    0.00    1.00  100.00    26  |__openmp_worker
19:19:00    4432689         -    220910   99.00    0.00    0.00    0.00   99.00    22  |__openmp_worker
19:19:00    4432689         -    220911   99.00    0.00    0.00    0.00   99.00    21  |__openmp_worker
19:19:00    4432689         -    220912   99.00    0.00    0.00    0.00   99.00    31  |__openmp_worker
19:19:00    4432689         -    220913  100.00    0.00    0.00    0.00  100.00    32  |__openmp_worker
19:19:00    4432689         -    220914   99.00    0.00    0.00    0.00   99.00    30  |__openmp_worker
19:19:00    4432689         -    220915  100.00    0.00    0.00    0.00  100.00    24  |__openmp_worker
19:19:00    4432689         -    220916   99.00    0.00    0.00    0.00   99.00    25  |__openmp_worker
19:19:00    4432689         -    220917   50.00    0.00    0.00    0.00   50.00     1  |__openmp_worker
19:19:00    4432689         -    220918   50.00    0.00    0.00    0.00   50.00     4  |__openmp_worker
19:19:00    4432689         -    220919   50.00    0.00    0.00    1.00   50.00     6  |__openmp_worker
19:19:00    4432689         -    220920   50.00    0.00    0.00    0.00   50.00     7  |__openmp_worker
19:19:00    4432689         -    220921   50.00    0.00    0.00    0.00   50.00     3  |__openmp_worker
19:19:00    4432689         -    220922   49.00    1.00    0.00    1.00   50.00    16  |__openmp_worker
19:19:00    4432689         -    220923   49.00    0.00    0.00    0.00   49.00    15  |__openmp_worker
19:19:00    4432689         -    220924   50.00    0.00    0.00    0.00   50.00    11  |__openmp_worker
19:19:00    4432689         -    220925   50.00    0.00    0.00    0.00   50.00     2  |__openmp_worker
19:19:00    4432689         -    220926   50.00    0.00    0.00    0.00   50.00    12  |__openmp_worker
19:19:00    4432689         -    220927   50.00    0.00    0.00    0.00   50.00    10  |__openmp_worker
19:19:00    4432689         -    220928   50.00    0.00    0.00    0.00   50.00     9  |__openmp_worker
19:19:00    4432689         -    220929   49.00    0.00    0.00    0.00   49.00    14  |__openmp_worker
19:19:00    4432689         -    220930   50.00    0.00    0.00    0.00   50.00    13  |__openmp_worker
19:19:00    4432689         -    220931   49.00    0.00    0.00    0.00   49.00     5  |__openmp_worker
19:19:00    4432689         -    220932   50.00    0.00    0.00    0.00   50.00     8  |__openmp_worker

19:19:00      UID      TGID       TID    %usr %system  %guest   %wait    %CPU   CPU  Command
19:19:01        0     14603         -    1.00    0.00    0.00    0.00    1.00   217  mmfsd
19:19:01        0         -     16367    0.00    1.00    0.00    0.00    1.00   148  |__mmfsd
19:19:01        0         -     45828    0.00    1.00    0.00    0.00    1.00    58  |__kworker/58:0-events
19:19:01        0         -    103581    0.00    1.00    0.00    0.00    1.00    77  |__kworker/77:2-events
19:19:01        0         -    161726    0.00    1.00    0.00    0.00    1.00    86  |__kworker/86:1-events
19:19:01        0    196630         -    0.00    1.00    0.00    0.00    1.00   133  kworker/133:2-mm_percpu_wq
19:19:01        0         -    196630    0.00    1.00    0.00    0.00    1.00   133  |__kworker/133:2-mm_percpu_wq
19:19:01        0    215433         -    1.00    0.00    0.00    0.00    1.00    12  kworker/12:0-events
19:19:01        0         -    215433    1.00    0.00    0.00    0.00    1.00    12  |__kworker/12:0-events
19:19:01    4432689    220517         -    0.00    1.00    0.00    0.00    1.00    33  mpstat
19:19:01    4432689         -    220517    0.00    1.00    0.00    0.00    1.00    33  |__mpstat
19:19:01    4432689    220518         -    2.00   11.00    0.00    0.00   13.00   112  pidstat
19:19:01    4432689         -    220518    2.00   11.00    0.00    0.00   13.00   112  |__pidstat
19:19:01    4432689    220782         -    0.00    1.00    0.00    0.00    1.00     0  dynamic-resourc
19:19:01    4432689    220795         - 1525.00   80.00    0.00   50.00 1605.00    64  cg.C.x
19:19:01    4432689         -    220795   49.00    2.00    0.00   50.00   51.00    64  |__cg.C.x
19:19:01    4432689         -    220804   49.00    1.00    0.00   50.00   50.00    84  |__openmp_worker
19:19:01    4432689         -    220808   48.00    2.00    0.00   50.00   50.00    58  |__openmp_worker
19:19:01    4432689         -    220810   47.00    4.00    0.00   50.00   51.00    59  |__openmp_worker
19:19:01    4432689         -    220814   47.00    3.00    0.00   50.00   50.00    60  |__openmp_worker
19:19:01    4432689         -    220816   47.00    3.00    0.00   51.00   50.00    61  |__openmp_worker
19:19:01    4432689         -    220818   45.00    5.00    0.00   50.00   50.00    62  |__openmp_worker
19:19:01    4432689         -    220821   49.00    2.00    0.00   50.00   51.00    76  |__openmp_worker
19:19:01    4432689         -    220823   49.00    1.00    0.00   50.00   50.00    75  |__openmp_worker
19:19:01    4432689         -    220824   47.00    3.00    0.00   50.00   50.00    65  |__openmp_worker
19:19:01    4432689         -    220827   47.00    3.00    0.00   50.00   50.00    66  |__openmp_worker
19:19:01    4432689         -    220830   48.00    2.00    0.00   50.00   50.00    70  |__openmp_worker
19:19:01    4432689         -    220831   46.00    2.00    0.00   52.00   48.00    68  |__openmp_worker
19:19:01    4432689         -    220832   48.00    2.00    0.00   51.00   50.00    61  |__openmp_worker
19:19:01    4432689         -    220836   48.00    2.00    0.00   51.00   50.00    70  |__openmp_worker
19:19:01    4432689         -    220837   48.00    3.00    0.00   50.00   51.00    71  |__openmp_worker
19:19:01    4432689         -    220838   48.00    2.00    0.00   50.00   50.00    64  |__openmp_worker
19:19:01    4432689         -    220841   47.00    3.00    0.00   50.00   50.00    57  |__openmp_worker
19:19:01    4432689         -    220844   47.00    4.00    0.00   50.00   51.00    82  |__openmp_worker
19:19:01    4432689         -    220845   48.00    2.00    0.00   51.00   50.00    75  |__openmp_worker
19:19:01    4432689         -    220846   49.00    2.00    0.00   51.00   51.00    76  |__openmp_worker
19:19:01    4432689         -    220848   50.00    0.00    0.00   50.00   50.00    77  |__openmp_worker
19:19:01    4432689         -    220849   49.00    2.00    0.00   50.00   51.00    78  |__openmp_worker
19:19:01    4432689         -    220850   45.00    5.00    0.00   50.00   50.00    79  |__openmp_worker
19:19:01    4432689         -    220851   48.00    1.00    0.00   51.00   49.00    80  |__openmp_worker
19:19:01    4432689         -    220852   48.00    1.00    0.00   50.00   49.00    62  |__openmp_worker
19:19:01    4432689         -    220853   48.00    2.00    0.00   50.00   50.00    82  |__openmp_worker
19:19:01    4432689         -    220854   48.00    3.00    0.00   50.00   51.00    84  |__openmp_worker
19:19:01    4432689         -    220855   49.00    1.00    0.00   50.00   50.00    77  |__openmp_worker
19:19:01    4432689         -    220856   45.00    5.00    0.00   50.00   50.00    85  |__openmp_worker
19:19:01    4432689         -    220857   47.00    3.00    0.00   50.00   50.00    86  |__openmp_worker
19:19:01    4432689         -    220858   48.00    1.00    0.00   51.00   49.00    58  |__openmp_worker
19:19:01    4432689    220867         - 1541.00   67.00    0.00   50.00 1608.00    87  cg.C.x
19:19:01    4432689         -    220867   48.00    1.00    0.00   50.00   49.00    87  |__cg.C.x
19:19:01    4432689         -    220870   49.00    2.00    0.00   50.00   51.00    65  |__openmp_worker
19:19:01    4432689         -    220871   48.00    2.00    0.00   50.00   50.00    66  |__openmp_worker
19:19:01    4432689         -    220872   50.00    0.00    0.00   51.00   50.00    83  |__openmp_worker
19:19:01    4432689         -    220873   48.00    3.00    0.00   50.00   51.00    56  |__openmp_worker
19:19:01    4432689         -    220874   48.00    2.00    0.00   50.00   50.00    60  |__openmp_worker
19:19:01    4432689         -    220875   49.00    1.00    0.00   50.00   50.00    57  |__openmp_worker
19:19:01    4432689         -    220876   47.00    2.00    0.00   50.00   49.00    81  |__openmp_worker
19:19:01    4432689         -    220877   49.00    1.00    0.00   50.00   50.00    85  |__openmp_worker
19:19:01    4432689         -    220878   48.00    2.00    0.00   50.00   50.00    59  |__openmp_worker
19:19:01    4432689         -    220879   48.00    3.00    0.00   50.00   51.00    73  |__openmp_worker
19:19:01    4432689         -    220880   48.00    2.00    0.00   50.00   50.00    69  |__openmp_worker
19:19:01    4432689         -    220881   47.00    3.00    0.00   50.00   50.00    86  |__openmp_worker
19:19:01    4432689         -    220882   49.00    2.00    0.00   50.00   51.00    72  |__openmp_worker
19:19:01    4432689         -    220883   49.00    1.00    0.00   50.00   50.00    67  |__openmp_worker
19:19:01    4432689         -    220884   47.00    3.00    0.00   50.00   50.00    78  |__openmp_worker
19:19:01    4432689         -    220885   48.00    3.00    0.00   50.00   51.00    63  |__openmp_worker
19:19:01    4432689         -    220886   48.00    2.00    0.00   51.00   50.00    73  |__openmp_worker
19:19:01    4432689         -    220887   48.00    2.00    0.00   51.00   50.00    67  |__openmp_worker
19:19:01    4432689         -    220888   48.00    2.00    0.00   50.00   50.00    72  |__openmp_worker
19:19:01    4432689         -    220889   47.00    3.00    0.00   50.00   50.00    56  |__openmp_worker
19:19:01    4432689         -    220890   53.00    3.00    0.00   45.00   56.00    74  |__openmp_worker
19:19:01    4432689         -    220891   47.00    3.00    0.00   50.00   50.00    71  |__openmp_worker
19:19:01    4432689         -    220892   49.00    1.00    0.00   50.00   50.00    79  |__openmp_worker
19:19:01    4432689         -    220893   46.00    3.00    0.00   52.00   49.00    68  |__openmp_worker
19:19:01    4432689         -    220894   50.00    0.00    0.00   50.00   50.00    63  |__openmp_worker
19:19:01    4432689         -    220895   48.00    2.00    0.00   50.00   50.00    81  |__openmp_worker
19:19:01    4432689         -    220896   47.00    3.00    0.00   50.00   50.00    80  |__openmp_worker
19:19:01    4432689         -    220897   48.00    2.00    0.00   51.00   50.00    83  |__openmp_worker
19:19:01    4432689         -    220898   47.00    2.00    0.00   50.00   49.00    87  |__openmp_worker
19:19:01    4432689         -    220899   49.00    2.00    0.00   51.00   51.00    69  |__openmp_worker
19:19:01    4432689         -    220900   46.00    3.00    0.00   52.00   49.00    74  |__openmp_worker
19:19:01    4432689    220869         - 3208.00    5.00    0.00    0.00 3213.00    17  cg.C.x
19:19:01    4432689         -    220869  100.00    0.00    0.00    0.00  100.00    17  |__cg.C.x
19:19:01    4432689         -    220901  100.00    1.00    0.00    0.00  101.00    23  |__openmp_worker
19:19:01    4432689         -    220902  100.00    0.00    0.00    0.00  100.00    20  |__openmp_worker
19:19:01    4432689         -    220903  100.00    0.00    0.00    0.00  100.00    19  |__openmp_worker
19:19:01    4432689         -    220905  100.00    1.00    0.00    0.00  101.00    28  |__openmp_worker
19:19:01    4432689         -    220906  100.00    1.00    0.00    0.00  101.00    18  |__openmp_worker
19:19:01    4432689         -    220907   99.00    1.00    0.00    0.00  100.00    27  |__openmp_worker
19:19:01    4432689         -    220908  100.00    0.00    0.00    0.00  100.00    29  |__openmp_worker
19:19:01    4432689         -    220909  100.00    0.00    0.00    0.00  100.00    26  |__openmp_worker
19:19:01    4432689         -    220910  100.00    0.00    0.00    0.00  100.00    22  |__openmp_worker
19:19:01    4432689         -    220911  100.00    1.00    0.00    1.00  101.00    21  |__openmp_worker
19:19:01    4432689         -    220912  100.00    0.00    0.00    0.00  100.00    31  |__openmp_worker
19:19:01    4432689         -    220913  100.00    0.00    0.00    0.00  100.00    32  |__openmp_worker
19:19:01    4432689         -    220914  100.00    0.00    0.00    0.00  100.00    30  |__openmp_worker
19:19:01    4432689         -    220915  100.00    0.00    0.00    0.00  100.00    24  |__openmp_worker
19:19:01    4432689         -    220916  100.00    0.00    0.00    0.00  100.00    25  |__openmp_worker
19:19:01    4432689         -    220917  100.00    0.00    0.00    0.00  100.00     1  |__openmp_worker
19:19:01    4432689         -    220918  100.00    0.00    0.00    0.00  100.00     4  |__openmp_worker
19:19:01    4432689         -    220919  100.00    0.00    0.00    0.00  100.00     6  |__openmp_worker
19:19:01    4432689         -    220920  100.00    0.00    0.00    0.00  100.00     7  |__openmp_worker
19:19:01    4432689         -    220921  100.00    0.00    0.00    0.00  100.00     3  |__openmp_worker
19:19:01    4432689         -    220922  101.00    0.00    0.00    0.00  101.00    16  |__openmp_worker
19:19:01    4432689         -    220923  100.00    1.00    0.00    0.00  101.00    15  |__openmp_worker
19:19:01    4432689         -    220924  100.00    0.00    0.00    0.00  100.00    11  |__openmp_worker
19:19:01    4432689         -    220925  100.00    0.00    0.00    0.00  100.00     2  |__openmp_worker
19:19:01    4432689         -    220926  100.00    0.00    0.00    0.00  100.00    12  |__openmp_worker
19:19:01    4432689         -    220927  100.00    0.00    0.00    1.00  100.00    10  |__openmp_worker
19:19:01    4432689         -    220928  100.00    0.00    0.00    0.00  100.00     9  |__openmp_worker
19:19:01    4432689         -    220929  101.00    0.00    0.00    0.00  101.00    14  |__openmp_worker
19:19:01    4432689         -    220930  100.00    0.00    0.00    0.00  100.00    13  |__openmp_worker
19:19:01    4432689         -    220931  100.00    0.00    0.00    0.00  100.00     5  |__openmp_worker
19:19:01    4432689         -    220932  101.00    0.00    0.00    0.00  101.00     8  |__openmp_worker

19:19:01      UID      TGID       TID    %usr %system  %guest   %wait    %CPU   CPU  Command
19:19:02        0         -    215971    0.00    1.00    0.00    0.00    1.00     4  |__kworker/4:2-events
19:19:02    4432689    220517         -    1.00    1.00    0.00    0.00    2.00    33  mpstat
19:19:02    4432689         -    220517    1.00    1.00    0.00    0.00    2.00    33  |__mpstat
19:19:02    4432689    220518         -    2.00   10.00    0.00    1.00   12.00   112  pidstat
19:19:02    4432689         -    220518    2.00   10.00    0.00    1.00   12.00   112  |__pidstat
19:19:02    4432689    220867         - 1708.00   60.00    0.00   43.00 1768.00    87  cg.C.x
19:19:02    4432689         -    220867   53.00    3.00    0.00   43.00   56.00    87  |__cg.C.x
19:19:02    4432689         -    220870   53.00    2.00    0.00   43.00   55.00    65  |__openmp_worker
19:19:02    4432689         -    220871   54.00    2.00    0.00   44.00   56.00    66  |__openmp_worker
19:19:02    4432689         -    220872   53.00    2.00    0.00   44.00   55.00    75  |__openmp_worker
19:19:02    4432689         -    220873   54.00    1.00    0.00   45.00   55.00    77  |__openmp_worker
19:19:02    4432689         -    220874   54.00    2.00    0.00   43.00   56.00    60  |__openmp_worker
19:19:02    4432689         -    220875   52.00    3.00    0.00   43.00   55.00    57  |__openmp_worker
19:19:02    4432689         -    220876   54.00    2.00    0.00   43.00   56.00    81  |__openmp_worker
19:19:02    4432689         -    220877   53.00    3.00    0.00   43.00   56.00    85  |__openmp_worker
19:19:02    4432689         -    220878   54.00    2.00    0.00   43.00   56.00    59  |__openmp_worker
19:19:02    4432689         -    220879   53.00    1.00    0.00   45.00   54.00    62  |__openmp_worker
19:19:02    4432689         -    220880   53.00    1.00    0.00   44.00   54.00    58  |__openmp_worker
19:19:02    4432689         -    220881   55.00    1.00    0.00   43.00   56.00    86  |__openmp_worker
19:19:02    4432689         -    220882   54.00    1.00    0.00   43.00   55.00    72  |__openmp_worker
19:19:02    4432689         -    220883   55.00    1.00    0.00   44.00   56.00    64  |__openmp_worker
19:19:02    4432689         -    220884   55.00    1.00    0.00   43.00   56.00    78  |__openmp_worker
19:19:02    4432689         -    220885   54.00    2.00    0.00   44.00   56.00    63  |__openmp_worker
19:19:02    4432689         -    220886   52.00    2.00    0.00   44.00   54.00    73  |__openmp_worker
19:19:02    4432689         -    220887   53.00    4.00    0.00   43.00   57.00    67  |__openmp_worker
19:19:02    4432689         -    220888   52.00    3.00    0.00   44.00   55.00    70  |__openmp_worker
19:19:02    4432689         -    220889   52.00    2.00    0.00   45.00   54.00    56  |__openmp_worker
19:19:02    4432689         -    220890   52.00    1.00    0.00   45.00   53.00    82  |__openmp_worker
19:19:02    4432689         -    220891   54.00    2.00    0.00   43.00   56.00    71  |__openmp_worker
19:19:02    4432689         -    220892   54.00    2.00    0.00   44.00   56.00    79  |__openmp_worker
19:19:02    4432689         -    220893   53.00    2.00    0.00   43.00   55.00    68  |__openmp_worker
19:19:02    4432689         -    220894   52.00    3.00    0.00   43.00   55.00    61  |__openmp_worker
19:19:02    4432689         -    220895   54.00    2.00    0.00   43.00   56.00    76  |__openmp_worker
19:19:02    4432689         -    220896   55.00    1.00    0.00   43.00   56.00    80  |__openmp_worker
19:19:02    4432689         -    220897   52.00    4.00    0.00   43.00   56.00    83  |__openmp_worker
19:19:02    4432689         -    220898   55.00    2.00    0.00   44.00   57.00    84  |__openmp_worker
19:19:02    4432689         -    220899   53.00    1.00    0.00   44.00   54.00    69  |__openmp_worker
19:19:02    4432689         -    220900   53.00    1.00    0.00   45.00   54.00    74  |__openmp_worker

19:19:02      UID      TGID       TID    %usr %system  %guest   %wait    %CPU   CPU  Command
19:19:03        0         -        16    0.00    1.00    0.00    0.00    1.00     0  |__ksoftirqd/0
19:19:03        0       692         -    0.00    1.00    0.00    0.00    1.00   112  ksoftirqd/112
19:19:03        0         -     48560    0.00    1.00    0.00    0.00    1.00    66  |__kworker/66:1-events
19:19:03        0     96647         -    0.00    1.00    0.00    0.00    1.00    60  kworker/60:0-events
19:19:03        0         -    170051    0.00    1.00    0.00    0.00    1.00    81  |__kworker/81:0-events
19:19:03        0         -    211775    0.00    1.00    0.00    0.00    1.00    72  |__kworker/72:2-events
19:19:03    4432689    220517         -    0.00    2.00    0.00    0.00    2.00    33  mpstat
19:19:03    4432689         -    220517    0.00    2.00    0.00    0.00    2.00    33  |__mpstat
19:19:03    4432689    220518         -    4.00    8.00    0.00    0.00   12.00   112  pidstat
19:19:03    4432689         -    220518    4.00    8.00    0.00    0.00   12.00   112  |__pidstat
19:19:03    4432689    220867         - 3174.00    8.00    0.00    0.00 3182.00    87  cg.C.x
19:19:03    4432689         -    220867   99.00    0.00    0.00    0.00   99.00    87  |__cg.C.x
19:19:03    4432689         -    220870   99.00    1.00    0.00    0.00  100.00    65  |__openmp_worker
19:19:03    4432689         -    220871   99.00    0.00    0.00    0.00   99.00    66  |__openmp_worker
19:19:03    4432689         -    220872  100.00    0.00    0.00    0.00  100.00    75  |__openmp_worker
19:19:03    4432689         -    220873   99.00    0.00    0.00    0.00   99.00    77  |__openmp_worker
19:19:03    4432689         -    220874   99.00    0.00    0.00    0.00   99.00    60  |__openmp_worker
19:19:03    4432689         -    220875   99.00    0.00    0.00    0.00   99.00    57  |__openmp_worker
19:19:03    4432689         -    220876   99.00    0.00    0.00    0.00   99.00    81  |__openmp_worker
19:19:03    4432689         -    220877   99.00    0.00    0.00    0.00   99.00    85  |__openmp_worker
19:19:03    4432689         -    220878   99.00    0.00    0.00    0.00   99.00    59  |__openmp_worker
19:19:03    4432689         -    220879   99.00    1.00    0.00    0.00  100.00    62  |__openmp_worker
19:19:03    4432689         -    220880  100.00    1.00    0.00    0.00  101.00    58  |__openmp_worker
19:19:03    4432689         -    220881   99.00    0.00    0.00    0.00   99.00    86  |__openmp_worker
19:19:03    4432689         -    220882   99.00    1.00    0.00    0.00  100.00    72  |__openmp_worker
19:19:03    4432689         -    220883   99.00    0.00    0.00    0.00   99.00    64  |__openmp_worker
19:19:03    4432689         -    220884  100.00    0.00    0.00    0.00  100.00    78  |__openmp_worker
19:19:03    4432689         -    220885   99.00    0.00    0.00    0.00   99.00    63  |__openmp_worker
19:19:03    4432689         -    220886   99.00    0.00    0.00    0.00   99.00    73  |__openmp_worker
19:19:03    4432689         -    220887   99.00    0.00    0.00    0.00   99.00    67  |__openmp_worker
19:19:03    4432689         -    220888  100.00    0.00    0.00    0.00  100.00    70  |__openmp_worker
19:19:03    4432689         -    220889  100.00    0.00    0.00    0.00  100.00    56  |__openmp_worker
19:19:03    4432689         -    220890  100.00    0.00    0.00    0.00  100.00    82  |__openmp_worker
19:19:03    4432689         -    220891   99.00    0.00    0.00    0.00   99.00    71  |__openmp_worker
19:19:03    4432689         -    220892  100.00    0.00    0.00    0.00  100.00    79  |__openmp_worker
19:19:03    4432689         -    220893   99.00    0.00    0.00    0.00   99.00    68  |__openmp_worker
19:19:03    4432689         -    220894   99.00    1.00    0.00    0.00  100.00    61  |__openmp_worker
19:19:03    4432689         -    220895   99.00    1.00    0.00    1.00  100.00    76  |__openmp_worker
19:19:03    4432689         -    220896   99.00    1.00    0.00    1.00  100.00    80  |__openmp_worker
19:19:03    4432689         -    220897   99.00    0.00    0.00    0.00   99.00    83  |__openmp_worker
19:19:03    4432689         -    220898   99.00    0.00    0.00    0.00   99.00    84  |__openmp_worker
19:19:03    4432689         -    220899   99.00    0.00    0.00    0.00   99.00    69  |__openmp_worker
19:19:03    4432689         -    220900   99.00    0.00    0.00    0.00   99.00    74  |__openmp_worker

19:19:03      UID      TGID       TID    %usr %system  %guest   %wait    %CPU   CPU  Command
19:19:04        0        17         -    0.00    1.00    0.00    0.00    1.00    45  rcu_preempt
19:19:04        0         -        17    0.00    1.00    0.00    0.00    1.00    45  |__rcu_preempt
19:19:04        0     48560         -    0.00    1.00    0.00    0.00    1.00    66  kworker/66:1-events
19:19:04        0     93268         -    0.00    1.00    0.00    0.00    1.00    67  kworker/67:2-events
19:19:04    4432689    220517         -    0.00    2.00    0.00    0.00    2.00    33  mpstat
19:19:04    4432689         -    220517    0.00    2.00    0.00    0.00    2.00    33  |__mpstat
19:19:04    4432689    220518         -    3.00    7.00    0.00    0.00   10.00   112  pidstat
19:19:04    4432689         -    220518    3.00    7.00    0.00    0.00   10.00   112  |__pidstat

19:19:04      UID      TGID       TID    %usr %system  %guest   %wait    %CPU   CPU  Command
19:19:05        0       547         -    0.00    1.00    0.00    0.00    1.00    88  migration/88
19:19:05        0         -       547    0.00    1.00    0.00    0.00    1.00    88  |__migration/88
19:19:05        0         -       692    0.00    1.00    0.00    0.00    1.00   112  |__ksoftirqd/112
19:19:05      499      3591         -    1.00    0.00    0.00    0.00    1.00   124  dbus-daemon
19:19:05      499         -      3591    1.00    0.00    0.00    0.00    1.00   124  |__dbus-daemon
19:19:05        0     14603         -    2.00    0.00    0.00    0.00    2.00   217  mmfsd
19:19:05        0         -     16171    1.00    0.00    0.00    0.00    1.00    45  |__mmfsd
19:19:05        0     21296         -    1.00    0.00    0.00    0.00    1.00    64  slurmd
19:19:05        0         -    210433    0.00    1.00    0.00    0.00    1.00     0  |__kworker/0:1-events
19:19:05    4432689    220509         -    0.00    1.00    0.00    0.00    1.00   127  slurm_script
19:19:05    4432689         -    220509    0.00    1.00    0.00    0.00    1.00   127  |__slurm_script
19:19:05    4432689    220517         -    0.00    2.00    0.00    0.00    2.00    33  mpstat
19:19:05    4432689         -    220517    0.00    2.00    0.00    0.00    2.00    33  |__mpstat
19:19:05    4432689    220518         -    3.00    8.00    0.00    0.00   11.00     0  pidstat
19:19:05    4432689         -    220518    3.00    8.00    0.00    0.00   11.00     0  |__pidstat
19:19:05    4432689    220964         -    1.00    1.00    0.00    0.00    2.00    66  srun
19:19:05        0    220973         -    3.00    4.00    0.00    0.00    7.00     1  slurmstepd
19:19:05        0         -    220973    4.00    4.00    0.00    0.00    8.00     1  |__slurmstepd
19:19:05    4432689    220980         -    0.00    2.00    0.00    0.00    2.00   117  test_staggered.
19:19:05    4432689         -    220980    0.00    2.00    0.00    0.00    2.00   117  |__test_staggered.
19:19:05    4432689    221000         -    0.00    1.00    0.00    0.00    1.00     0  dynamic-resourc
19:19:05    4432689         -    221000    0.00    1.00    0.00    0.00    1.00     0  |__dynamic-resourc
19:19:05    4432689    221012         -  140.00    2.00    0.00    0.00  142.00    32  ep.C.x
19:19:05    4432689         -    221012    6.00    1.00    0.00    0.00    7.00    32  |__ep.C.x
19:19:05    4432689         -    221016    4.00    0.00    0.00    0.00    4.00     2  |__openmp_worker
19:19:05    4432689         -    221017    4.00    0.00    0.00    0.00    4.00     4  |__openmp_worker
19:19:05    4432689         -    221018    4.00    0.00    0.00    0.00    4.00     6  |__openmp_worker
19:19:05    4432689         -    221020    4.00    0.00    0.00    0.00    4.00    13  |__openmp_worker
19:19:05    4432689         -    221023    4.00    0.00    0.00    0.00    4.00    14  |__openmp_worker
19:19:05    4432689         -    221026    4.00    0.00    0.00    0.00    4.00    15  |__openmp_worker
19:19:05    4432689         -    221027    4.00    0.00    0.00    0.00    4.00    16  |__openmp_worker
19:19:05    4432689         -    221029    4.00    0.00    0.00    0.00    4.00    17  |__openmp_worker
19:19:05    4432689         -    221030    4.00    0.00    0.00    0.00    4.00    18  |__openmp_worker
19:19:05    4432689         -    221033    4.00    0.00    0.00    0.00    4.00    19  |__openmp_worker
19:19:05    4432689         -    221034    4.00    0.00    0.00    0.00    4.00    20  |__openmp_worker
19:19:05    4432689         -    221036    4.00    0.00    0.00    0.00    4.00    21  |__openmp_worker
19:19:05    4432689         -    221038    4.00    0.00    0.00    0.00    4.00    22  |__openmp_worker
19:19:05    4432689         -    221040    4.00    0.00    0.00    0.00    4.00    23  |__openmp_worker
19:19:05    4432689         -    221042    4.00    0.00    0.00    0.00    4.00    24  |__openmp_worker
19:19:05    4432689         -    221043    4.00    0.00    0.00    0.00    4.00    25  |__openmp_worker
19:19:05    4432689         -    221045    4.00    0.00    0.00    0.00    4.00    26  |__openmp_worker
19:19:05    4432689         -    221047    4.00    0.00    0.00    0.00    4.00    27  |__openmp_worker
19:19:05    4432689         -    221049    4.00    0.00    0.00    0.00    4.00    28  |__openmp_worker
19:19:05    4432689         -    221051    4.00    0.00    0.00    0.00    4.00    29  |__openmp_worker
19:19:05    4432689         -    221053    4.00    0.00    0.00    0.00    4.00    30  |__openmp_worker
19:19:05    4432689         -    221055    4.00    0.00    0.00    0.00    4.00    31  |__openmp_worker
19:19:05    4432689         -    221057    4.00    0.00    0.00    0.00    4.00    12  |__openmp_worker
19:19:05    4432689         -    221059    4.00    0.00    0.00    0.00    4.00     1  |__openmp_worker
19:19:05    4432689         -    221061    4.00    0.00    0.00    0.00    4.00     9  |__openmp_worker
19:19:05    4432689         -    221063    4.00    0.00    0.00    0.00    4.00     8  |__openmp_worker
19:19:05    4432689         -    221065    4.00    0.00    0.00    0.00    4.00     7  |__openmp_worker
19:19:05    4432689         -    221067    4.00    0.00    0.00    0.00    4.00    11  |__openmp_worker
19:19:05    4432689         -    221069    4.00    0.00    0.00    0.00    4.00    10  |__openmp_worker
19:19:05    4432689         -    221071    4.00    0.00    0.00    0.00    4.00     3  |__openmp_worker
19:19:05    4432689         -    221073    4.00    0.00    0.00    0.00    4.00     5  |__openmp_worker
19:19:05    4432689    221013         -  152.00    3.00    0.00    0.00  155.00    87  ep.C.x
19:19:05    4432689         -    221013    4.00    3.00    0.00    0.00    7.00    87  |__ep.C.x
19:19:05    4432689         -    221019    4.00    0.00    0.00    0.00    4.00    59  |__openmp_worker
19:19:05    4432689         -    221021    4.00    0.00    0.00    0.00    4.00    60  |__openmp_worker
19:19:05    4432689         -    221022    4.00    0.00    0.00    0.00    4.00    62  |__openmp_worker
19:19:05    4432689         -    221024    4.00    0.00    0.00    0.00    4.00    63  |__openmp_worker
19:19:05    4432689         -    221025    4.00    0.00    0.00    0.00    4.00    64  |__openmp_worker
19:19:05    4432689         -    221028    4.00    0.00    0.00    0.00    4.00    65  |__openmp_worker
19:19:05    4432689         -    221031    4.00    0.00    0.00    0.00    4.00    66  |__openmp_worker
19:19:05    4432689         -    221032    4.00    0.00    0.00    0.00    4.00    67  |__openmp_worker
19:19:05    4432689         -    221035    4.00    0.00    0.00    0.00    4.00    68  |__openmp_worker
19:19:05    4432689         -    221037    4.00    0.00    0.00    0.00    4.00    69  |__openmp_worker
19:19:05    4432689         -    221039    4.00    0.00    0.00    0.00    4.00    70  |__openmp_worker
19:19:05    4432689         -    221041    4.00    0.00    0.00    0.00    4.00    71  |__openmp_worker
19:19:05    4432689         -    221044    4.00    0.00    0.00    0.00    4.00    72  |__openmp_worker
19:19:05    4432689         -    221046    4.00    0.00    0.00    0.00    4.00    73  |__openmp_worker
19:19:05    4432689         -    221048    4.00    0.00    0.00    0.00    4.00    74  |__openmp_worker
19:19:05    4432689         -    221050    4.00    0.00    0.00    0.00    4.00    75  |__openmp_worker
19:19:05    4432689         -    221052    4.00    0.00    0.00    0.00    4.00    76  |__openmp_worker
19:19:05    4432689         -    221054    4.00    0.00    0.00    0.00    4.00    77  |__openmp_worker
19:19:05    4432689         -    221056    4.00    0.00    0.00    0.00    4.00    79  |__openmp_worker
19:19:05    4432689         -    221058    4.00    0.00    0.00    0.00    4.00    80  |__openmp_worker
19:19:05    4432689         -    221060    4.00    0.00    0.00    0.00    4.00    82  |__openmp_worker
19:19:05    4432689         -    221062    4.00    0.00    0.00    0.00    4.00    83  |__openmp_worker
19:19:05    4432689         -    221064    4.00    0.00    0.00    0.00    4.00    84  |__openmp_worker
19:19:05    4432689         -    221066    4.00    0.00    0.00    0.00    4.00    85  |__openmp_worker
19:19:05    4432689         -    221068    4.00    0.00    0.00    0.00    4.00    86  |__openmp_worker
19:19:05    4432689         -    221070    4.00    0.00    0.00    0.00    4.00    61  |__openmp_worker
19:19:05    4432689         -    221072    4.00    0.00    0.00    0.00    4.00    81  |__openmp_worker
19:19:05    4432689         -    221074    4.00    0.00    0.00    0.00    4.00    78  |__openmp_worker
19:19:05    4432689         -    221075    4.00    0.00    0.00    0.00    4.00    56  |__openmp_worker
19:19:05    4432689         -    221076    4.00    0.00    0.00    0.00    4.00    58  |__openmp_worker
19:19:05    4432689         -    221077    4.00    0.00    0.00    0.00    4.00    57  |__openmp_worker

19:19:05      UID      TGID       TID    %usr %system  %guest   %wait    %CPU   CPU  Command
19:19:06        0         -        24    0.00    1.00    0.00    0.00    1.00     1  |__ksoftirqd/1
19:19:06        0     14603         -    1.00    0.00    0.00    0.00    1.00   217  mmfsd
19:19:06        0    129084         -    0.00    1.00    0.00    0.00    1.00    84  kworker/84:0-events
19:19:06        0    218876         -    0.00    1.00    0.00    0.00    1.00    94  kworker/u448:0-mlx5_cmd_0000:5a:00.0
19:19:06    4432689    220517         -    0.00    1.00    0.00    0.00    1.00    33  mpstat
19:19:06    4432689         -    220517    0.00    1.00    0.00    0.00    1.00    33  |__mpstat
19:19:06    4432689    220518         -    2.00    9.00    0.00    0.00   11.00   112  pidstat
19:19:06    4432689         -    220518    2.00    9.00    0.00    0.00   11.00   112  |__pidstat
19:19:06    4432689    221012         - 3195.00    0.00    0.00    2.00 3195.00    32  ep.C.x
19:19:06    4432689         -    221012   97.00    0.00    0.00    2.00   97.00    32  |__ep.C.x
19:19:06    4432689         -    221016   99.00    0.00    0.00    0.00   99.00     2  |__openmp_worker
19:19:06    4432689         -    221017  100.00    0.00    0.00    0.00  100.00     4  |__openmp_worker
19:19:06    4432689         -    221018  100.00    0.00    0.00    0.00  100.00     6  |__openmp_worker
19:19:06    4432689         -    221020  100.00    0.00    0.00    0.00  100.00    13  |__openmp_worker
19:19:06    4432689         -    221023  100.00    0.00    0.00    0.00  100.00    14  |__openmp_worker
19:19:06    4432689         -    221026  100.00    0.00    0.00    0.00  100.00    15  |__openmp_worker
19:19:06    4432689         -    221027  100.00    0.00    0.00    0.00  100.00    16  |__openmp_worker
19:19:06    4432689         -    221029  100.00    0.00    0.00    0.00  100.00    17  |__openmp_worker
19:19:06    4432689         -    221030  100.00    0.00    0.00    0.00  100.00    18  |__openmp_worker
19:19:06    4432689         -    221033  100.00    0.00    0.00    0.00  100.00    19  |__openmp_worker
19:19:06    4432689         -    221034  100.00    0.00    0.00    0.00  100.00    20  |__openmp_worker
19:19:06    4432689         -    221036   99.00    0.00    0.00    0.00   99.00    21  |__openmp_worker
19:19:06    4432689         -    221038  100.00    0.00    0.00    0.00  100.00    22  |__openmp_worker
19:19:06    4432689         -    221040  100.00    0.00    0.00    0.00  100.00    23  |__openmp_worker
19:19:06    4432689         -    221042  100.00    0.00    0.00    0.00  100.00    24  |__openmp_worker
19:19:06    4432689         -    221043  100.00    0.00    0.00    0.00  100.00    25  |__openmp_worker
19:19:06    4432689         -    221045  100.00    0.00    0.00    0.00  100.00    26  |__openmp_worker
19:19:06    4432689         -    221047  100.00    0.00    0.00    0.00  100.00    27  |__openmp_worker
19:19:06    4432689         -    221049  100.00    0.00    0.00    0.00  100.00    28  |__openmp_worker
19:19:06    4432689         -    221051  100.00    0.00    0.00    0.00  100.00    29  |__openmp_worker
19:19:06    4432689         -    221053  100.00    0.00    0.00    0.00  100.00    30  |__openmp_worker
19:19:06    4432689         -    221055  100.00    0.00    0.00    0.00  100.00    31  |__openmp_worker
19:19:06    4432689         -    221057   98.00    0.00    0.00    0.00   98.00    12  |__openmp_worker
19:19:06    4432689         -    221059   99.00    0.00    0.00    0.00   99.00     1  |__openmp_worker
19:19:06    4432689         -    221061  100.00    0.00    0.00    0.00  100.00     9  |__openmp_worker
19:19:06    4432689         -    221063  100.00    0.00    0.00    0.00  100.00     8  |__openmp_worker
19:19:06    4432689         -    221065  100.00    0.00    0.00    0.00  100.00     7  |__openmp_worker
19:19:06    4432689         -    221067  100.00    0.00    0.00    0.00  100.00    11  |__openmp_worker
19:19:06    4432689         -    221069  100.00    0.00    0.00    0.00  100.00    10  |__openmp_worker
19:19:06    4432689         -    221071  100.00    0.00    0.00    0.00  100.00     3  |__openmp_worker
19:19:06    4432689         -    221073  100.00    0.00    0.00    0.00  100.00     5  |__openmp_worker
19:19:06    4432689    221013         - 3193.00    0.00    0.00    1.00 3193.00    87  ep.C.x
19:19:06    4432689         -    221013   97.00    0.00    0.00    1.00   97.00    87  |__ep.C.x
19:19:06    4432689         -    221019  100.00    0.00    0.00    0.00  100.00    59  |__openmp_worker
19:19:06    4432689         -    221021  100.00    0.00    0.00    0.00  100.00    60  |__openmp_worker
19:19:06    4432689         -    221022  100.00    0.00    0.00    0.00  100.00    62  |__openmp_worker
19:19:06    4432689         -    221024  100.00    0.00    0.00    0.00  100.00    63  |__openmp_worker
19:19:06    4432689         -    221025  100.00    0.00    0.00    0.00  100.00    64  |__openmp_worker
19:19:06    4432689         -    221028  100.00    0.00    0.00    0.00  100.00    65  |__openmp_worker
19:19:06    4432689         -    221031  100.00    0.00    0.00    0.00  100.00    66  |__openmp_worker
19:19:06    4432689         -    221032  100.00    0.00    0.00    0.00  100.00    67  |__openmp_worker
19:19:06    4432689         -    221035  100.00    0.00    0.00    0.00  100.00    68  |__openmp_worker
19:19:06    4432689         -    221037  100.00    0.00    0.00    0.00  100.00    69  |__openmp_worker
19:19:06    4432689         -    221039  100.00    0.00    0.00    0.00  100.00    70  |__openmp_worker
19:19:06    4432689         -    221041  100.00    0.00    0.00    0.00  100.00    71  |__openmp_worker
19:19:06    4432689         -    221044  100.00    0.00    0.00    0.00  100.00    72  |__openmp_worker
19:19:06    4432689         -    221046  100.00    0.00    0.00    0.00  100.00    73  |__openmp_worker
19:19:06    4432689         -    221048  100.00    0.00    0.00    0.00  100.00    74  |__openmp_worker
19:19:06    4432689         -    221050  100.00    0.00    0.00    0.00  100.00    75  |__openmp_worker
19:19:06    4432689         -    221052  100.00    0.00    0.00    0.00  100.00    76  |__openmp_worker
19:19:06    4432689         -    221054  100.00    0.00    0.00    0.00  100.00    77  |__openmp_worker
19:19:06    4432689         -    221056  100.00    0.00    0.00    0.00  100.00    79  |__openmp_worker
19:19:06    4432689         -    221058  100.00    0.00    0.00    0.00  100.00    80  |__openmp_worker
19:19:06    4432689         -    221060  100.00    0.00    0.00    0.00  100.00    82  |__openmp_worker
19:19:06    4432689         -    221062  100.00    0.00    0.00    0.00  100.00    83  |__openmp_worker
19:19:06    4432689         -    221064  100.00    0.00    0.00    0.00  100.00    84  |__openmp_worker
19:19:06    4432689         -    221066  100.00    0.00    0.00    0.00  100.00    85  |__openmp_worker
19:19:06    4432689         -    221068  100.00    0.00    0.00    0.00  100.00    86  |__openmp_worker
19:19:06    4432689         -    221070  100.00    0.00    0.00    0.00  100.00    61  |__openmp_worker
19:19:06    4432689         -    221072  100.00    0.00    0.00    0.00  100.00    81  |__openmp_worker
19:19:06    4432689         -    221074  100.00    0.00    0.00    0.00  100.00    78  |__openmp_worker
19:19:06    4432689         -    221075  100.00    0.00    0.00    0.00  100.00    56  |__openmp_worker
19:19:06    4432689         -    221076   97.00    0.00    0.00    0.00   97.00    58  |__openmp_worker
19:19:06    4432689         -    221077  100.00    0.00    0.00    0.00  100.00    57  |__openmp_worker
19:19:06    4432689    221087         -    5.00    1.00    0.00    5.00    6.00    87  ep.C.x
19:19:06    4432689         -    221087    0.00    1.00    0.00    5.00    1.00    87  |__ep.C.x
19:19:06    4432689    221088         -    4.00    2.00    0.00    3.00    6.00    32  ep.C.x
19:19:06    4432689         -    221088    0.00    2.00    0.00    3.00    2.00    32  |__ep.C.x

19:19:06      UID      TGID       TID    %usr %system  %guest   %wait    %CPU   CPU  Command
19:19:07        0         -     16361    0.00    1.00    0.00    0.00    1.00    94  |__mmfsd
19:19:07    4432689    220517         -    0.00    2.00    0.00    0.00    2.00    33  mpstat
19:19:07    4432689         -    220517    0.00    2.00    0.00    0.00    2.00    33  |__mpstat
19:19:07    4432689    220518         -    3.00    8.00    0.00    0.00   11.00   112  pidstat
19:19:07    4432689         -    220518    3.00    8.00    0.00    0.00   11.00   112  |__pidstat
19:19:07    4432689    221012         - 2303.00    3.00    0.00   56.00 2306.00     2  ep.C.x
19:19:07    4432689         -    221012   43.00    0.00    0.00   56.00   43.00     2  |__ep.C.x
19:19:07    4432689         -    221016   46.00    0.00    0.00   54.00   46.00    13  |__openmp_worker
19:19:07    4432689         -    221017   75.00    0.00    0.00   25.00   75.00    22  |__openmp_worker
19:19:07    4432689         -    221018   79.00    0.00    0.00   20.00   79.00     6  |__openmp_worker
19:19:07    4432689         -    221020   63.00    0.00    0.00   37.00   63.00    13  |__openmp_worker
19:19:07    4432689         -    221023   63.00    0.00    0.00   37.00   63.00    14  |__openmp_worker
19:19:07    4432689         -    221026   63.00    0.00    0.00   37.00   63.00    15  |__openmp_worker
19:19:07    4432689         -    221027   63.00    0.00    0.00   37.00   63.00    16  |__openmp_worker
19:19:07    4432689         -    221029   63.00    0.00    0.00   36.00   63.00    17  |__openmp_worker
19:19:07    4432689         -    221030   91.00    0.00    0.00    0.00   91.00    18  |__openmp_worker
19:19:07    4432689         -    221033   93.00    0.00    0.00    0.00   93.00    19  |__openmp_worker
19:19:07    4432689         -    221034   91.00    0.00    0.00    0.00   91.00    20  |__openmp_worker
19:19:07    4432689         -    221036   91.00    1.00    0.00    0.00   92.00    21  |__openmp_worker
19:19:07    4432689         -    221038   60.00    0.00    0.00   40.00   60.00    16  |__openmp_worker
19:19:07    4432689         -    221040   92.00    0.00    0.00    0.00   92.00    23  |__openmp_worker
19:19:07    4432689         -    221042  100.00    0.00    0.00    0.00  100.00    24  |__openmp_worker
19:19:07    4432689         -    221043   91.00    0.00    0.00    0.00   91.00    25  |__openmp_worker
19:19:07    4432689         -    221045   91.00    0.00    0.00    0.00   91.00    26  |__openmp_worker
19:19:07    4432689         -    221047   91.00    0.00    0.00    0.00   91.00    27  |__openmp_worker
19:19:07    4432689         -    221049   91.00    0.00    0.00    0.00   91.00    28  |__openmp_worker
19:19:07    4432689         -    221051   97.00    0.00    0.00    0.00   97.00    29  |__openmp_worker
19:19:07    4432689         -    221053   91.00    0.00    0.00    0.00   91.00    30  |__openmp_worker
19:19:07    4432689         -    221055   77.00    0.00    0.00   23.00   77.00    31  |__openmp_worker
19:19:07    4432689         -    221057   40.00    0.00    0.00   61.00   40.00    10  |__openmp_worker
19:19:07    4432689         -    221059   44.00    0.00    0.00   56.00   44.00     3  |__openmp_worker
19:19:07    4432689         -    221061   63.00    0.00    0.00   37.00   63.00     9  |__openmp_worker
19:19:07    4432689         -    221063   63.00    0.00    0.00   37.00   63.00     8  |__openmp_worker
19:19:07    4432689         -    221065   54.00    0.00    0.00   45.00   54.00    17  |__openmp_worker
19:19:07    4432689         -    221067   62.00    0.00    0.00   37.00   62.00    11  |__openmp_worker
19:19:07    4432689         -    221069   63.00    0.00    0.00   37.00   63.00    10  |__openmp_worker
19:19:07    4432689         -    221071   57.00    0.00    0.00   43.00   57.00     3  |__openmp_worker
19:19:07    4432689         -    221073   52.00    0.00    0.00   47.00   52.00     5  |__openmp_worker
19:19:07    4432689    221013         - 1788.00    0.00    0.00   55.00 1788.00    56  ep.C.x
19:19:07    4432689         -    221013   46.00    0.00    0.00   55.00   46.00    56  |__ep.C.x
19:19:07    4432689         -    221019   57.00    0.00    0.00   42.00   57.00    59  |__openmp_worker
19:19:07    4432689         -    221021   57.00    0.00    0.00   42.00   57.00    60  |__openmp_worker
19:19:07    4432689         -    221022   57.00    0.00    0.00   42.00   57.00    62  |__openmp_worker
19:19:07    4432689         -    221024   57.00    0.00    0.00   42.00   57.00    63  |__openmp_worker
19:19:07    4432689         -    221025   63.00    0.00    0.00   36.00   63.00    64  |__openmp_worker
19:19:07    4432689         -    221028   53.00    0.00    0.00   46.00   53.00    65  |__openmp_worker
19:19:07    4432689         -    221031   57.00    0.00    0.00   42.00   57.00    66  |__openmp_worker
19:19:07    4432689         -    221032   52.00    0.00    0.00   48.00   52.00    67  |__openmp_worker
19:19:07    4432689         -    221035   55.00    0.00    0.00   44.00   55.00    68  |__openmp_worker
19:19:07    4432689         -    221037   57.00    0.00    0.00   42.00   57.00    69  |__openmp_worker
19:19:07    4432689         -    221039   57.00    0.00    0.00   43.00   57.00    70  |__openmp_worker
19:19:07    4432689         -    221041   57.00    0.00    0.00   42.00   57.00    71  |__openmp_worker
19:19:07    4432689         -    221044   57.00    0.00    0.00   42.00   57.00    72  |__openmp_worker
19:19:07    4432689         -    221046   54.00    0.00    0.00   43.00   54.00    65  |__openmp_worker
19:19:07    4432689         -    221048   53.00    0.00    0.00   46.00   53.00    74  |__openmp_worker
19:19:07    4432689         -    221050   57.00    0.00    0.00   42.00   57.00    75  |__openmp_worker
19:19:07    4432689         -    221052   62.00    0.00    0.00   37.00   62.00    76  |__openmp_worker
19:19:07    4432689         -    221054   57.00    0.00    0.00   42.00   57.00    77  |__openmp_worker
19:19:07    4432689         -    221056   57.00    0.00    0.00   42.00   57.00    79  |__openmp_worker
19:19:07    4432689         -    221058   55.00    0.00    0.00   44.00   55.00    80  |__openmp_worker
19:19:07    4432689         -    221060   57.00    0.00    0.00   43.00   57.00    82  |__openmp_worker
19:19:07    4432689         -    221062   57.00    0.00    0.00   42.00   57.00    83  |__openmp_worker
19:19:07    4432689         -    221064   68.00    0.00    0.00   31.00   68.00    84  |__openmp_worker
19:19:07    4432689         -    221066   60.00    0.00    0.00   39.00   60.00    85  |__openmp_worker
19:19:07    4432689         -    221068   57.00    0.00    0.00   43.00   57.00    86  |__openmp_worker
19:19:07    4432689         -    221070   57.00    0.00    0.00   43.00   57.00    61  |__openmp_worker
19:19:07    4432689         -    221072   57.00    0.00    0.00   42.00   57.00    81  |__openmp_worker
19:19:07    4432689         -    221074   57.00    0.00    0.00   43.00   57.00    78  |__openmp_worker
19:19:07    4432689         -    221075   48.00    0.00    0.00   50.00   48.00    69  |__openmp_worker
19:19:07    4432689         -    221076   49.00    0.00    0.00   53.00   49.00    57  |__openmp_worker
19:19:07    4432689         -    221077   51.00    0.00    0.00   48.00   51.00    60  |__openmp_worker
19:19:07    4432689    221087         - 1398.00    1.00    0.00   56.00 1399.00    77  ep.C.x
19:19:07    4432689         -    221087   43.00    0.00    0.00   56.00   43.00    77  |__ep.C.x
19:19:07    4432689         -    221089   50.00    0.00    0.00   51.00   50.00    73  |__openmp_worker
19:19:07    4432689         -    221090   45.00    0.00    0.00   57.00   45.00    56  |__openmp_worker
19:19:07    4432689         -    221091   43.00    0.00    0.00   59.00   43.00    63  |__openmp_worker
19:19:07    4432689         -    221092   43.00    0.00    0.00   59.00   43.00    71  |__openmp_worker
19:19:07    4432689         -    221094   43.00    0.00    0.00   54.00   43.00    72  |__openmp_worker
19:19:07    4432689         -    221096   43.00    0.00    0.00   55.00   43.00    66  |__openmp_worker
19:19:07    4432689         -    221098   43.00    0.00    0.00   56.00   43.00    83  |__openmp_worker
19:19:07    4432689         -    221099   49.00    0.00    0.00   50.00   49.00    80  |__openmp_worker
19:19:07    4432689         -    221101   43.00    0.00    0.00   56.00   43.00    62  |__openmp_worker
19:19:07    4432689         -    221103   43.00    0.00    0.00   56.00   43.00    79  |__openmp_worker
19:19:07    4432689         -    221105   43.00    0.00    0.00   56.00   43.00    59  |__openmp_worker
19:19:07    4432689         -    221106   44.00    0.00    0.00   55.00   44.00    70  |__openmp_worker
19:19:07    4432689         -    221108   43.00    0.00    0.00   55.00   43.00    87  |__openmp_worker
19:19:07    4432689         -    221110   38.00    0.00    0.00   61.00   38.00    67  |__openmp_worker
19:19:07    4432689         -    221111   44.00    0.00    0.00   55.00   44.00    86  |__openmp_worker
19:19:07    4432689         -    221113   42.00    0.00    0.00   57.00   42.00    76  |__openmp_worker
19:19:07    4432689         -    221116   43.00    0.00    0.00   57.00   43.00    65  |__openmp_worker
19:19:07    4432689         -    221118   44.00    0.00    0.00   55.00   44.00    87  |__openmp_worker
19:19:07    4432689         -    221119   43.00    0.00    0.00   56.00   43.00    81  |__openmp_worker
19:19:07    4432689         -    221121   49.00    0.00    0.00   50.00   49.00    68  |__openmp_worker
19:19:07    4432689         -    221123   39.00    0.00    0.00   59.00   39.00    74  |__openmp_worker
19:19:07    4432689         -    221125   43.00    0.00    0.00   56.00   43.00    58  |__openmp_worker
19:19:07    4432689         -    221126   44.00    0.00    0.00   55.00   44.00    58  |__openmp_worker
19:19:07    4432689         -    221128   41.00    0.00    0.00   58.00   41.00    64  |__openmp_worker
19:19:07    4432689         -    221130   44.00    0.00    0.00   55.00   44.00    57  |__openmp_worker
19:19:07    4432689         -    221132   43.00    0.00    0.00   56.00   43.00    61  |__openmp_worker
19:19:07    4432689         -    221133   43.00    0.00    0.00   56.00   43.00    82  |__openmp_worker
19:19:07    4432689         -    221135   44.00    0.00    0.00   56.00   44.00    75  |__openmp_worker
19:19:07    4432689         -    221137   39.00    0.00    0.00   61.00   39.00    84  |__openmp_worker
19:19:07    4432689         -    221139   43.00    0.00    0.00   56.00   43.00    78  |__openmp_worker
19:19:07    4432689         -    221140   39.00    0.00    0.00   61.00   39.00    73  |__openmp_worker
19:19:07    4432689    221088         -  811.00    4.00    0.00   60.00  815.00     9  ep.C.x
19:19:07    4432689         -    221088   41.00    0.00    0.00   60.00   41.00     9  |__ep.C.x
19:19:07    4432689         -    221093   43.00    0.00    0.00   59.00   43.00     2  |__openmp_worker
19:19:07    4432689         -    221095   80.00    0.00    0.00   20.00   80.00     4  |__openmp_worker
19:19:07    4432689         -    221097   41.00    0.00    0.00   58.00   41.00     5  |__openmp_worker
19:19:07    4432689         -    221100   41.00    0.00    0.00   58.00   41.00    15  |__openmp_worker
19:19:07    4432689         -    221102   45.00    0.00    0.00   55.00   45.00    26  |__openmp_worker
19:19:07    4432689         -    221104   41.00    0.00    0.00   58.00   41.00    14  |__openmp_worker
19:19:07    4432689         -    221107   62.00    0.00    0.00   37.00   62.00    12  |__openmp_worker
19:19:07    4432689         -    221109   41.00    0.00    0.00   58.00   41.00     8  |__openmp_worker
19:19:07    4432689         -    221112   67.00    0.00    0.00   32.00   67.00    32  |__openmp_worker
19:19:07    4432689         -    221114   44.00    0.00    0.00   55.00   44.00     1  |__openmp_worker
19:19:07    4432689         -    221117   41.00    0.00    0.00   59.00   41.00     1  |__openmp_worker
19:19:07    4432689         -    221120   42.00    0.00    0.00   57.00   42.00     7  |__openmp_worker
19:19:07    4432689         -    221122   41.00    0.00    0.00   57.00   41.00     7  |__openmp_worker
19:19:07    4432689         -    221124   42.00    0.00    0.00   57.00   42.00    11  |__openmp_worker
19:19:07    4432689         -    221127   49.00    0.00    0.00   49.00   49.00     6  |__openmp_worker
19:19:07    4432689         -    221129    4.00    0.00    0.00   19.00    4.00    12  |__openmp_worker
19:19:07    4432689         -    221131    3.00    0.00    0.00   16.00    3.00    12  |__openmp_worker
19:19:07    4432689         -    221134    2.00    1.00    0.00   17.00    3.00     4  |__openmp_worker
19:19:07    4432689         -    221136    2.00    0.00    0.00   16.00    2.00    12  |__openmp_worker
19:19:07    4432689         -    221138    2.00    0.00    0.00   16.00    2.00    12  |__openmp_worker
19:19:07    4432689         -    221141    2.00    0.00    0.00   16.00    2.00     1  |__openmp_worker
19:19:07    4432689         -    221142    2.00    0.00    0.00   16.00    2.00     1  |__openmp_worker
19:19:07    4432689         -    221143    0.00    2.00    0.00   16.00    2.00     1  |__openmp_worker
19:19:07    4432689         -    221144    2.00    0.00    0.00   23.00    2.00     4  |__openmp_worker
19:19:07    4432689         -    221145    3.00    0.00    0.00   16.00    3.00     1  |__openmp_worker
19:19:07    4432689         -    221146    2.00    1.00    0.00   17.00    3.00     1  |__openmp_worker
19:19:07    4432689         -    221147    2.00    0.00    0.00   17.00    2.00     1  |__openmp_worker
19:19:07    4432689         -    221148    2.00    0.00    0.00   22.00    2.00     1  |__openmp_worker
19:19:07    4432689         -    221149    3.00    0.00    0.00   19.00    3.00     4  |__openmp_worker
19:19:07    4432689         -    221150    5.00    0.00    0.00   17.00    5.00     2  |__openmp_worker
19:19:07    4432689         -    221151    2.00    0.00    0.00   20.00    2.00     1  |__openmp_worker

19:19:07      UID      TGID       TID    %usr %system  %guest   %wait    %CPU   CPU  Command
19:19:08        0         -    154915    0.00    1.00    0.00    0.00    1.00    79  |__kworker/79:2-events
19:19:08        0    218645         -    1.00    0.00    0.00    0.00    1.00     1  kworker/1:1-events
19:19:08        0         -    218645    1.00    0.00    0.00    0.00    1.00     1  |__kworker/1:1-events
19:19:08    4432689    220517         -    1.00    2.00    0.00    0.00    3.00   145  mpstat
19:19:08    4432689         -    220517    1.00    2.00    0.00    0.00    3.00   145  |__mpstat
19:19:08    4432689    220518         -    3.00    8.00    0.00    0.00   11.00   112  pidstat
19:19:08    4432689         -    220518    3.00    8.00    0.00    0.00   11.00   112  |__pidstat
19:19:08    4432689    221087         - 2328.00    0.00    0.00   25.00 2328.00    77  ep.C.x
19:19:08    4432689         -    221087   76.00    0.00    0.00   25.00   76.00    77  |__ep.C.x
19:19:08    4432689         -    221089   71.00    0.00    0.00   31.00   71.00    72  |__openmp_worker
19:19:08    4432689         -    221090   71.00    0.00    0.00   29.00   71.00    56  |__openmp_worker
19:19:08    4432689         -    221091   71.00    0.00    0.00   30.00   71.00    63  |__openmp_worker
19:19:08    4432689         -    221092   70.00    0.00    0.00   30.00   70.00    69  |__openmp_worker
19:19:08    4432689         -    221094   75.00    0.00    0.00   26.00   75.00    71  |__openmp_worker
19:19:08    4432689         -    221096   75.00    0.00    0.00   25.00   75.00    66  |__openmp_worker
19:19:08    4432689         -    221098   75.00    0.00    0.00   25.00   75.00    83  |__openmp_worker
19:19:08    4432689         -    221099   73.00    0.00    0.00   27.00   73.00    80  |__openmp_worker
19:19:08    4432689         -    221101   76.00    0.00    0.00   24.00   76.00    62  |__openmp_worker
19:19:08    4432689         -    221103   76.00    0.00    0.00   24.00   76.00    79  |__openmp_worker
19:19:08    4432689         -    221105   74.00    0.00    0.00   26.00   74.00    59  |__openmp_worker
19:19:08    4432689         -    221106   75.00    0.00    0.00   25.00   75.00    70  |__openmp_worker
19:19:08    4432689         -    221108   70.00    0.00    0.00   30.00   70.00    87  |__openmp_worker
19:19:08    4432689         -    221110   71.00    0.00    0.00   30.00   71.00    67  |__openmp_worker
19:19:08    4432689         -    221111   74.00    0.00    0.00   26.00   74.00    86  |__openmp_worker
19:19:08    4432689         -    221113   80.00    0.00    0.00   21.00   80.00    76  |__openmp_worker
19:19:08    4432689         -    221116   66.00    0.00    0.00   33.00   66.00    65  |__openmp_worker
19:19:08    4432689         -    221118   70.00    0.00    0.00   30.00   70.00    60  |__openmp_worker
19:19:08    4432689         -    221119   75.00    0.00    0.00   25.00   75.00    81  |__openmp_worker
19:19:08    4432689         -    221121   73.00    0.00    0.00   28.00   73.00    85  |__openmp_worker
19:19:08    4432689         -    221123   71.00    0.00    0.00   30.00   71.00    74  |__openmp_worker
19:19:08    4432689         -    221125   71.00    0.00    0.00   30.00   71.00    58  |__openmp_worker
19:19:08    4432689         -    221126   70.00    0.00    0.00   31.00   70.00    68  |__openmp_worker
19:19:08    4432689         -    221128   78.00    0.00    0.00   23.00   78.00    64  |__openmp_worker
19:19:08    4432689         -    221130   70.00    0.00    0.00   30.00   70.00    57  |__openmp_worker
19:19:08    4432689         -    221132   75.00    0.00    0.00   25.00   75.00    61  |__openmp_worker
19:19:08    4432689         -    221133   76.00    0.00    0.00   25.00   76.00    82  |__openmp_worker
19:19:08    4432689         -    221135   70.00    0.00    0.00   29.00   70.00    75  |__openmp_worker
19:19:08    4432689         -    221137   86.00    0.00    0.00   14.00   86.00    84  |__openmp_worker
19:19:08    4432689         -    221139   71.00    0.00    0.00   30.00   71.00    78  |__openmp_worker
19:19:08    4432689         -    221140   70.00    0.00    0.00   30.00   70.00    73  |__openmp_worker
19:19:08    4432689    221088         - 1559.00    0.00    0.00    2.00 1559.00     6  ep.C.x
19:19:08    4432689         -    221088   98.00    0.00    0.00    2.00   98.00     6  |__ep.C.x
19:19:08    4432689         -    221093   99.00    0.00    0.00    1.00   99.00     2  |__openmp_worker
19:19:08    4432689         -    221095   99.00    0.00    0.00    0.00   99.00     4  |__openmp_worker
19:19:08    4432689         -    221097   99.00    0.00    0.00    2.00   99.00     5  |__openmp_worker
19:19:08    4432689         -    221100   92.00    0.00    0.00    9.00   92.00    15  |__openmp_worker
19:19:08    4432689         -    221102   99.00    0.00    0.00    1.00   99.00    26  |__openmp_worker
19:19:08    4432689         -    221104   92.00    0.00    0.00    8.00   92.00    14  |__openmp_worker
19:19:08    4432689         -    221107   99.00    0.00    0.00    0.00   99.00    12  |__openmp_worker
19:19:08    4432689         -    221109   97.00    0.00    0.00    3.00   97.00    30  |__openmp_worker
19:19:08    4432689         -    221112  100.00    0.00    0.00    0.00  100.00    32  |__openmp_worker
19:19:08    4432689         -    221114   99.00    0.00    0.00    1.00   99.00     1  |__openmp_worker
19:19:08    4432689         -    221117   98.00    0.00    0.00    0.00   98.00    25  |__openmp_worker
19:19:08    4432689         -    221120   98.00    0.00    0.00    1.00   98.00     7  |__openmp_worker
19:19:08    4432689         -    221122   99.00    0.00    0.00    2.00   99.00    21  |__openmp_worker
19:19:08    4432689         -    221124   92.00    0.00    0.00    8.00   92.00    29  |__openmp_worker
19:19:08    4432689         -    221127   97.00    0.00    0.00    3.00   97.00    20  |__openmp_worker

19:19:08      UID      TGID       TID    %usr %system  %guest   %wait    %CPU   CPU  Command
19:19:09        0    154915         -    0.00    1.00    0.00    0.00    1.00    79  kworker/79:2-events
19:19:09        0    210433         -    0.00    1.00    0.00    0.00    1.00     0  kworker/0:1-events
19:19:09    4432689    220518         -    4.00    6.00    0.00    0.00   10.00   112  pidstat
19:19:09    4432689         -    220518    4.00    6.00    0.00    0.00   10.00   112  |__pidstat
19:19:09    4432689    221088         - 1593.00    0.00    0.00    0.00 1593.00     6  ep.C.x
19:19:09    4432689         -    221088   99.00    0.00    0.00    0.00   99.00     6  |__ep.C.x
19:19:09    4432689         -    221093   99.00    0.00    0.00    0.00   99.00     2  |__openmp_worker
19:19:09    4432689         -    221095  100.00    0.00    0.00    0.00  100.00     4  |__openmp_worker
19:19:09    4432689         -    221097   99.00    0.00    0.00    0.00   99.00     5  |__openmp_worker
19:19:09    4432689         -    221100   99.00    0.00    0.00    0.00   99.00    15  |__openmp_worker
19:19:09    4432689         -    221102   99.00    0.00    0.00    0.00   99.00    26  |__openmp_worker
19:19:09    4432689         -    221104   99.00    0.00    0.00    0.00   99.00    14  |__openmp_worker
19:19:09    4432689         -    221107  100.00    0.00    0.00    0.00  100.00    12  |__openmp_worker
19:19:09    4432689         -    221109   99.00    0.00    0.00    0.00   99.00    30  |__openmp_worker
19:19:09    4432689         -    221112   99.00    0.00    0.00    0.00   99.00    32  |__openmp_worker
19:19:09    4432689         -    221114   99.00    0.00    0.00    0.00   99.00     1  |__openmp_worker
19:19:09    4432689         -    221117  100.00    0.00    0.00    0.00  100.00    25  |__openmp_worker
19:19:09    4432689         -    221120  100.00    0.00    0.00    0.00  100.00     7  |__openmp_worker
19:19:09    4432689         -    221122   99.00    0.00    0.00    0.00   99.00    21  |__openmp_worker
19:19:09    4432689         -    221124  100.00    0.00    0.00    0.00  100.00    29  |__openmp_worker
19:19:09    4432689         -    221127  100.00    0.00    0.00    0.00  100.00    20  |__openmp_worker

19:19:09      UID      TGID       TID    %usr %system  %guest   %wait    %CPU   CPU  Command
19:19:10        0     14603         -    1.00    1.00    0.00    0.00    2.00   217  mmfsd
19:19:10        0    214121         -    0.00    1.00    0.00    0.00    1.00   112  kworker/112:1-events
19:19:10        0         -    214121    0.00    1.00    0.00    0.00    1.00   112  |__kworker/112:1-events
19:19:10    4432689    220517         -    1.00    1.00    0.00    0.00    2.00   145  mpstat
19:19:10    4432689         -    220517    1.00    1.00    0.00    0.00    2.00   145  |__mpstat
19:19:10    4432689    220518         -    4.00    7.00    0.00    0.00   11.00    56  pidstat
19:19:10    4432689         -    220518    4.00    7.00    0.00    0.00   11.00    56  |__pidstat
19:19:10    4432689    221088         - 1603.00    0.00    0.00    0.00 1603.00     6  ep.C.x
19:19:10    4432689         -    221088  101.00    0.00    0.00    0.00  101.00     6  |__ep.C.x
19:19:10    4432689         -    221093  101.00    0.00    0.00    0.00  101.00     2  |__openmp_worker
19:19:10    4432689         -    221095   91.00    0.00    0.00    0.00   91.00     4  |__openmp_worker
19:19:10    4432689         -    221097  101.00    0.00    0.00    0.00  101.00     5  |__openmp_worker
19:19:10    4432689         -    221100  101.00    0.00    0.00    0.00  101.00    15  |__openmp_worker
19:19:10    4432689         -    221102  101.00    0.00    0.00    0.00  101.00    26  |__openmp_worker
19:19:10    4432689         -    221104  101.00    0.00    0.00    0.00  101.00    14  |__openmp_worker
19:19:10    4432689         -    221107  101.00    0.00    0.00    0.00  101.00    12  |__openmp_worker
19:19:10    4432689         -    221109  101.00    0.00    0.00    0.00  101.00    30  |__openmp_worker
19:19:10    4432689         -    221112  101.00    0.00    0.00    0.00  101.00    32  |__openmp_worker
19:19:10    4432689         -    221114  101.00    0.00    0.00    0.00  101.00     1  |__openmp_worker
19:19:10    4432689         -    221117  101.00    0.00    0.00    0.00  101.00    25  |__openmp_worker
19:19:10    4432689         -    221120  101.00    0.00    0.00    0.00  101.00     7  |__openmp_worker
19:19:10    4432689         -    221122  101.00    0.00    0.00    0.00  101.00    21  |__openmp_worker
19:19:10    4432689         -    221124  101.00    0.00    0.00    0.00  101.00    29  |__openmp_worker
19:19:10    4432689         -    221127  101.00    0.00    0.00    0.00  101.00    20  |__openmp_worker
