CPU pool (32 cores): 1–32
Listening on /tmp/omp-rm.sock (capacity=32, strategy=fair_share)
Accepted connection
Handling client
Request from pid 228829: max_threads=65535, hint_threads=32
[1782676614832] Granted 32 threads to pid 228829 (CPUs 1+32)
Request from pid 228829: max_threads=65535, hint_threads=32
[1782676615352] Granted 32 threads to pid 228829 (CPUs 1+32)
Request from pid 228829: max_threads=65535, hint_threads=32
[1782676615399] Granted 32 threads to pid 228829 (CPUs 1+32)
Request from pid 228829: max_threads=65535, hint_threads=32
[1782676615447] Granted 32 threads to pid 228829 (CPUs 1+32)
Request from pid 228829: max_threads=65535, hint_threads=32
[1782676615541] Granted 32 threads to pid 228829 (CPUs 1+32)
Request from pid 228829: max_threads=65535, hint_threads=32
[1782676615635] Granted 32 threads to pid 228829 (CPUs 1+32)
Request from pid 228829: max_threads=65535, hint_threads=32
[1782676615729] Granted 32 threads to pid 228829 (CPUs 1+32)
Request from pid 228829: max_threads=65535, hint_threads=32
[1782676615823] Granted 32 threads to pid 228829 (CPUs 1+32)
Request from pid 228829: max_threads=65535, hint_threads=32
[1782676615870] Granted 32 threads to pid 228829 (CPUs 1+32)
Request from pid 228829: max_threads=65535, hint_threads=32
[1782676615964] Granted 32 threads to pid 228829 (CPUs 1+32)
Request from pid 228829: max_threads=65535, hint_threads=32
[1782676616057] Granted 32 threads to pid 228829 (CPUs 1+32)
Request from pid 228829: max_threads=65535, hint_threads=32
[1782676616151] Granted 32 threads to pid 228829 (CPUs 1+32)
Request from pid 228829: max_threads=65535, hint_threads=32
[1782676616245] Granted 32 threads to pid 228829 (CPUs 1+32)
Request from pid 228829: max_threads=65535, hint_threads=32
[1782676616338] Granted 32 threads to pid 228829 (CPUs 1+32)
Request from pid 228829: max_threads=65535, hint_threads=32
[1782676616432] Granted 32 threads to pid 228829 (CPUs 1+32)
Request from pid 228829: max_threads=65535, hint_threads=32
[1782676616525] Granted 32 threads to pid 228829 (CPUs 1+32)
Request from pid 228829: max_threads=65535, hint_threads=32
[1782676616572] Granted 32 threads to pid 228829 (CPUs 1+32)
Request from pid 228829: max_threads=65535, hint_threads=32
[1782676616665] Granted 32 threads to pid 228829 (CPUs 1+32)
Request from pid 228829: max_threads=65535, hint_threads=32
[1782676616759] Granted 32 threads to pid 228829 (CPUs 1+32)
Request from pid 228829: max_threads=65535, hint_threads=32
[1782676616806] Granted 32 threads to pid 228829 (CPUs 1+32)
Accepted connection
Handling client
Request from pid 228903: max_threads=65535, hint_threads=32
[1782676616830] Granted 16 threads to pid 228903 (CPUs 0+0)
Request from pid 228829: max_threads=65535, hint_threads=32
[1782676617998] Granted 16 threads to pid 228829 (CPUs 1+16)
Request from pid 228829: max_threads=65535, hint_threads=32
[1782676618281] Granted 16 threads to pid 228829 (CPUs 1+16)
Request from pid 228903: max_threads=65535, hint_threads=32
[1782676618334] Granted 16 threads to pid 228903 (CPUs 17+16)
Request from pid 228903: max_threads=65535, hint_threads=32
[1782676618430] Granted 16 threads to pid 228903 (CPUs 17+16)
Request from pid 228829: max_threads=65535, hint_threads=32
[1782676618459] Granted 16 threads to pid 228829 (CPUs 1+16)
Request from pid 228903: max_threads=65535, hint_threads=32
[1782676618522] Granted 16 threads to pid 228903 (CPUs 17+16)
Request from pid 228829: max_threads=65535, hint_threads=32
[1782676618554] Granted 16 threads to pid 228829 (CPUs 1+16)
Request from pid 228903: max_threads=65535, hint_threads=32
[1782676618712] Granted 16 threads to pid 228903 (CPUs 17+16)
Request from pid 228829: max_threads=65535, hint_threads=32
[1782676618742] Granted 16 threads to pid 228829 (CPUs 1+16)
Request from pid 228903: max_threads=65535, hint_threads=32
[1782676618903] Granted 16 threads to pid 228903 (CPUs 17+16)
Request from pid 228829: max_threads=65535, hint_threads=32
[1782676618930] Granted 16 threads to pid 228829 (CPUs 1+16)
Request from pid 228903: max_threads=65535, hint_threads=32
[1782676619095] Granted 16 threads to pid 228903 (CPUs 17+16)
Request from pid 228829: max_threads=65535, hint_threads=32
[1782676619116] Granted 16 threads to pid 228829 (CPUs 1+16)
Request from pid 228903: max_threads=65535, hint_threads=32
[1782676619289] Granted 16 threads to pid 228903 (CPUs 17+16)
Request from pid 228829: max_threads=65535, hint_threads=32
[1782676619305] Granted 16 threads to pid 228829 (CPUs 1+16)
Request from pid 228903: max_threads=65535, hint_threads=32
[1782676619489] Granted 16 threads to pid 228903 (CPUs 17+16)
Request from pid 228829: max_threads=65535, hint_threads=32
[1782676619494] Granted 16 threads to pid 228829 (CPUs 1+16)
Request from pid 228829: max_threads=65535, hint_threads=32
[1782676619684] Granted 16 threads to pid 228829 (CPUs 1+16)
Request from pid 228903: max_threads=65535, hint_threads=32
[1782676619687] Granted 16 threads to pid 228903 (CPUs 17+16)
Request from pid 228829: max_threads=65535, hint_threads=32
[1782676619871] Granted 16 threads to pid 228829 (CPUs 1+16)
Request from pid 228903: max_threads=65535, hint_threads=32
[1782676619885] Granted 16 threads to pid 228903 (CPUs 17+16)
Request from pid 228829: max_threads=65535, hint_threads=32
[1782676620059] Granted 16 threads to pid 228829 (CPUs 1+16)
Request from pid 228903: max_threads=65535, hint_threads=32
[1782676620083] Granted 16 threads to pid 228903 (CPUs 17+16)
Request from pid 228829: max_threads=65535, hint_threads=32
[1782676620246] Granted 16 threads to pid 228829 (CPUs 1+16)
Request from pid 228903: max_threads=65535, hint_threads=32
[1782676620281] Granted 16 threads to pid 228903 (CPUs 17+16)
Request from pid 228829: max_threads=65535, hint_threads=32
[1782676620433] Granted 16 threads to pid 228829 (CPUs 1+16)
Request from pid 228903: max_threads=65535, hint_threads=32
[1782676620479] Granted 16 threads to pid 228903 (CPUs 17+16)
Request from pid 228829: max_threads=65535, hint_threads=32
[1782676620620] Granted 16 threads to pid 228829 (CPUs 1+16)
Request from pid 228903: max_threads=65535, hint_threads=32
[1782676620677] Granted 16 threads to pid 228903 (CPUs 17+16)
Request from pid 228829: max_threads=65535, hint_threads=32
[1782676620807] Granted 16 threads to pid 228829 (CPUs 1+16)
Request from pid 228903: max_threads=65535, hint_threads=32
[1782676620874] Granted 16 threads to pid 228903 (CPUs 17+16)
Request from pid 228829: max_threads=65535, hint_threads=32
[1782676620994] Granted 16 threads to pid 228829 (CPUs 1+16)
Request from pid 228903: max_threads=65535, hint_threads=32
[1782676621074] Granted 16 threads to pid 228903 (CPUs 17+16)
Request from pid 228829: max_threads=65535, hint_threads=32
[1782676621181] Granted 16 threads to pid 228829 (CPUs 1+16)
Request from pid 228903: max_threads=65535, hint_threads=32
[1782676621271] Granted 16 threads to pid 228903 (CPUs 17+16)
Request from pid 228829: max_threads=65535, hint_threads=32
[1782676621376] Granted 16 threads to pid 228829 (CPUs 1+16)
Request from pid 228903: max_threads=65535, hint_threads=32
[1782676621468] Granted 16 threads to pid 228903 (CPUs 17+16)
Request from pid 228829: max_threads=65535, hint_threads=32
[1782676621557] Granted 16 threads to pid 228829 (CPUs 1+16)
Request from pid 228903: max_threads=65535, hint_threads=32
[1782676621667] Granted 16 threads to pid 228903 (CPUs 17+16)
Request from pid 228829: max_threads=65535, hint_threads=32
[1782676621744] Granted 16 threads to pid 228829 (CPUs 1+16)
Request from pid 228903: max_threads=65535, hint_threads=32
[1782676621866] Granted 16 threads to pid 228903 (CPUs 17+16)
Request from pid 228829: max_threads=65535, hint_threads=32
[1782676621930] Granted 16 threads to pid 228829 (CPUs 1+16)
Request from pid 228903: max_threads=65535, hint_threads=32
[1782676622066] Granted 16 threads to pid 228903 (CPUs 17+16)
Request from pid 228829: max_threads=65535, hint_threads=32
[1782676622118] Granted 16 threads to pid 228829 (CPUs 1+16)
[1782676622217] Client pid 228829 disconnected — removed from state
Request from pid 228903: max_threads=65535, hint_threads=32
[1782676622255] Granted 32 threads to pid 228903 (CPUs 1+32)
Request from pid 228903: max_threads=65535, hint_threads=32
[1782676622391] Granted 32 threads to pid 228903 (CPUs 1+32)
Request from pid 228903: max_threads=65535, hint_threads=32
[1782676622487] Granted 32 threads to pid 228903 (CPUs 1+32)
Request from pid 228903: max_threads=65535, hint_threads=32
[1782676622583] Granted 32 threads to pid 228903 (CPUs 1+32)
Request from pid 228903: max_threads=65535, hint_threads=32
[1782676622679] Granted 32 threads to pid 228903 (CPUs 1+32)
Accepted connection
Handling client
Request from pid 228992: max_threads=65535, hint_threads=32
[1782676622760] Granted 16 threads to pid 228992 (CPUs 0+0)
Request from pid 228903: max_threads=65535, hint_threads=32
[1782676623084] Granted 16 threads to pid 228903 (CPUs 1+16)
Request from pid 228903: max_threads=65535, hint_threads=32
[1782676623434] Granted 16 threads to pid 228903 (CPUs 1+16)
Request from pid 228903: max_threads=65535, hint_threads=32
[1782676623731] Granted 16 threads to pid 228903 (CPUs 1+16)
Request from pid 228903: max_threads=65535, hint_threads=32
[1782676623928] Granted 16 threads to pid 228903 (CPUs 1+16)
Request from pid 228992: max_threads=65535, hint_threads=32
[1782676624108] Granted 16 threads to pid 228992 (CPUs 17+16)
Request from pid 228903: max_threads=65535, hint_threads=32
[1782676624130] Granted 16 threads to pid 228903 (CPUs 1+16)
Request from pid 228992: max_threads=65535, hint_threads=32
[1782676624205] Granted 16 threads to pid 228992 (CPUs 17+16)
Request from pid 228992: max_threads=65535, hint_threads=32
[1782676624302] Granted 16 threads to pid 228992 (CPUs 17+16)
Request from pid 228903: max_threads=65535, hint_threads=32
[1782676624321] Granted 16 threads to pid 228903 (CPUs 1+16)
Request from pid 228992: max_threads=65535, hint_threads=32
[1782676624495] Granted 16 threads to pid 228992 (CPUs 17+16)
Request from pid 228903: max_threads=65535, hint_threads=32
[1782676624512] Granted 16 threads to pid 228903 (CPUs 1+16)
Request from pid 228992: max_threads=65535, hint_threads=32
[1782676624690] Granted 16 threads to pid 228992 (CPUs 17+16)
Request from pid 228903: max_threads=65535, hint_threads=32
[1782676624702] Granted 16 threads to pid 228903 (CPUs 1+16)
Request from pid 228903: max_threads=65535, hint_threads=32
[1782676624797] Granted 16 threads to pid 228903 (CPUs 1+16)
Request from pid 228992: max_threads=65535, hint_threads=32
[1782676624885] Granted 16 threads to pid 228992 (CPUs 17+16)
Request from pid 228903: max_threads=65535, hint_threads=32
[1782676624992] Granted 16 threads to pid 228903 (CPUs 1+16)
Request from pid 228992: max_threads=65535, hint_threads=32
[1782676625086] Granted 16 threads to pid 228992 (CPUs 17+16)
Request from pid 228903: max_threads=65535, hint_threads=32
[1782676625183] Granted 16 threads to pid 228903 (CPUs 1+16)
Request from pid 228992: max_threads=65535, hint_threads=32
[1782676625285] Granted 16 threads to pid 228992 (CPUs 17+16)
Request from pid 228903: max_threads=65535, hint_threads=32
[1782676625376] Granted 16 threads to pid 228903 (CPUs 1+16)
Request from pid 228992: max_threads=65535, hint_threads=32
[1782676625483] Granted 16 threads to pid 228992 (CPUs 17+16)
Request from pid 228903: max_threads=65535, hint_threads=32
[1782676625567] Granted 16 threads to pid 228903 (CPUs 1+16)
Request from pid 228992: max_threads=65535, hint_threads=32
[1782676625683] Granted 16 threads to pid 228992 (CPUs 17+16)
Request from pid 228903: max_threads=65535, hint_threads=32
[1782676625757] Granted 16 threads to pid 228903 (CPUs 1+16)
Request from pid 228992: max_threads=65535, hint_threads=32
[1782676625884] Granted 16 threads to pid 228992 (CPUs 17+16)
Request from pid 228903: max_threads=65535, hint_threads=32
[1782676625956] Granted 16 threads to pid 228903 (CPUs 1+16)
Request from pid 228992: max_threads=65535, hint_threads=32
[1782676626084] Granted 16 threads to pid 228992 (CPUs 17+16)
Request from pid 228903: max_threads=65535, hint_threads=32
[1782676626139] Granted 16 threads to pid 228903 (CPUs 1+16)
[1782676626144] Client pid 228903 disconnected — removed from state
Request from pid 228992: max_threads=65535, hint_threads=32
[1782676626259] Granted 32 threads to pid 228992 (CPUs 1+32)
Request from pid 228992: max_threads=65535, hint_threads=32
[1782676626397] Granted 32 threads to pid 228992 (CPUs 1+32)
Request from pid 228992: max_threads=65535, hint_threads=32
[1782676626494] Granted 32 threads to pid 228992 (CPUs 1+32)
Request from pid 228992: max_threads=65535, hint_threads=32
[1782676626591] Granted 32 threads to pid 228992 (CPUs 1+32)
Accepted connection
Handling client
Request from pid 229073: max_threads=65535, hint_threads=32
[1782676626685] Granted 16 threads to pid 229073 (CPUs 0+0)
Request from pid 228992: max_threads=65535, hint_threads=32
[1782676626836] Granted 16 threads to pid 228992 (CPUs 1+16)
Request from pid 228992: max_threads=65535, hint_threads=32
[1782676627178] Granted 16 threads to pid 228992 (CPUs 1+16)
Request from pid 228992: max_threads=65535, hint_threads=32
[1782676627855] Granted 16 threads to pid 228992 (CPUs 1+16)
Request from pid 229073: max_threads=65535, hint_threads=32
[1782676627953] Granted 16 threads to pid 229073 (CPUs 17+16)
Request from pid 229073: max_threads=65535, hint_threads=32
[1782676628050] Granted 16 threads to pid 229073 (CPUs 17+16)
Request from pid 228992: max_threads=65535, hint_threads=32
[1782676628062] Granted 16 threads to pid 228992 (CPUs 1+16)
Request from pid 229073: max_threads=65535, hint_threads=32
[1782676628138] Granted 16 threads to pid 229073 (CPUs 17+16)
Request from pid 228992: max_threads=65535, hint_threads=32
[1782676628186] Granted 16 threads to pid 228992 (CPUs 1+16)
Request from pid 228992: max_threads=65535, hint_threads=32
[1782676628284] Granted 16 threads to pid 228992 (CPUs 1+16)
Request from pid 229073: max_threads=65535, hint_threads=32
[1782676628327] Granted 16 threads to pid 229073 (CPUs 17+16)
Request from pid 228992: max_threads=65535, hint_threads=32
[1782676628480] Granted 16 threads to pid 228992 (CPUs 1+16)
Request from pid 229073: max_threads=65535, hint_threads=32
[1782676628517] Granted 16 threads to pid 229073 (CPUs 17+16)
Request from pid 228992: max_threads=65535, hint_threads=32
[1782676628675] Granted 16 threads to pid 228992 (CPUs 1+16)
Request from pid 229073: max_threads=65535, hint_threads=32
[1782676628708] Granted 16 threads to pid 229073 (CPUs 17+16)
Request from pid 228992: max_threads=65535, hint_threads=32
[1782676628774] Granted 16 threads to pid 228992 (CPUs 1+16)
Request from pid 229073: max_threads=65535, hint_threads=32
[1782676628902] Granted 16 threads to pid 229073 (CPUs 17+16)
Request from pid 228992: max_threads=65535, hint_threads=32
[1782676628975] Granted 16 threads to pid 228992 (CPUs 1+16)
Request from pid 229073: max_threads=65535, hint_threads=32
[1782676629096] Granted 16 threads to pid 229073 (CPUs 17+16)
Request from pid 228992: max_threads=65535, hint_threads=32
[1782676629174] Granted 16 threads to pid 228992 (CPUs 1+16)
Request from pid 228992: max_threads=65535, hint_threads=32
[1782676629273] Granted 16 threads to pid 228992 (CPUs 1+16)
Request from pid 229073: max_threads=65535, hint_threads=32
[1782676629288] Granted 16 threads to pid 229073 (CPUs 17+16)
Request from pid 228992: max_threads=65535, hint_threads=32
[1782676629472] Granted 16 threads to pid 228992 (CPUs 1+16)
Request from pid 229073: max_threads=65535, hint_threads=32
[1782676629481] Granted 16 threads to pid 229073 (CPUs 17+16)
Request from pid 228992: max_threads=65535, hint_threads=32
[1782676629670] Granted 16 threads to pid 228992 (CPUs 1+16)
Request from pid 229073: max_threads=65535, hint_threads=32
[1782676629674] Granted 16 threads to pid 229073 (CPUs 17+16)
Request from pid 228992: max_threads=65535, hint_threads=32
[1782676629769] Granted 16 threads to pid 228992 (CPUs 1+16)
Request from pid 229073: max_threads=65535, hint_threads=32
[1782676629868] Granted 16 threads to pid 229073 (CPUs 17+16)
Request from pid 228992: max_threads=65535, hint_threads=32
[1782676629967] Granted 16 threads to pid 228992 (CPUs 1+16)
Request from pid 229073: max_threads=65535, hint_threads=32
[1782676630062] Granted 16 threads to pid 229073 (CPUs 17+16)
Request from pid 228992: max_threads=65535, hint_threads=32
[1782676630165] Granted 16 threads to pid 228992 (CPUs 1+16)
Request from pid 229073: max_threads=65535, hint_threads=32
[1782676630256] Granted 16 threads to pid 229073 (CPUs 17+16)
Request from pid 228992: max_threads=65535, hint_threads=32
[1782676630263] Granted 16 threads to pid 228992 (CPUs 1+16)
Request from pid 229073: max_threads=65535, hint_threads=32
[1782676630451] Granted 16 threads to pid 229073 (CPUs 17+16)
Request from pid 228992: max_threads=65535, hint_threads=32
[1782676630462] Granted 16 threads to pid 228992 (CPUs 1+16)
Request from pid 229073: max_threads=65535, hint_threads=32
[1782676630647] Granted 16 threads to pid 229073 (CPUs 17+16)
Request from pid 228992: max_threads=65535, hint_threads=32
[1782676630661] Granted 16 threads to pid 228992 (CPUs 1+16)
Request from pid 228992: max_threads=65535, hint_threads=32
[1782676630760] Granted 16 threads to pid 228992 (CPUs 1+16)
Request from pid 229073: max_threads=65535, hint_threads=32
[1782676630843] Granted 16 threads to pid 229073 (CPUs 17+16)
Request from pid 228992: max_threads=65535, hint_threads=32
[1782676630959] Granted 16 threads to pid 228992 (CPUs 1+16)
Request from pid 229073: max_threads=65535, hint_threads=32
[1782676631041] Granted 16 threads to pid 229073 (CPUs 17+16)
Request from pid 228992: max_threads=65535, hint_threads=32
[1782676631159] Granted 16 threads to pid 228992 (CPUs 1+16)
Request from pid 229073: max_threads=65535, hint_threads=32
[1782676631237] Granted 16 threads to pid 229073 (CPUs 17+16)
Request from pid 228992: max_threads=65535, hint_threads=32
[1782676631358] Granted 16 threads to pid 228992 (CPUs 1+16)
Request from pid 229073: max_threads=65535, hint_threads=32
[1782676631431] Granted 16 threads to pid 229073 (CPUs 17+16)
Request from pid 228992: max_threads=65535, hint_threads=32
[1782676631555] Granted 16 threads to pid 228992 (CPUs 1+16)
Request from pid 229073: max_threads=65535, hint_threads=32
[1782676631625] Granted 16 threads to pid 229073 (CPUs 17+16)
Request from pid 228992: max_threads=65535, hint_threads=32
[1782676631753] Granted 16 threads to pid 228992 (CPUs 1+16)
Request from pid 229073: max_threads=65535, hint_threads=32
[1782676631818] Granted 16 threads to pid 229073 (CPUs 17+16)
Request from pid 229073: max_threads=65535, hint_threads=32
[1782676631915] Granted 16 threads to pid 229073 (CPUs 17+16)
Request from pid 228992: max_threads=65535, hint_threads=32
[1782676631951] Granted 16 threads to pid 228992 (CPUs 1+16)
Request from pid 229073: max_threads=65535, hint_threads=32
[1782676632109] Granted 16 threads to pid 229073 (CPUs 17+16)
Request from pid 228992: max_threads=65535, hint_threads=32
[1782676632149] Granted 16 threads to pid 228992 (CPUs 1+16)
[1782676632154] Client pid 228992 disconnected — removed from state
Request from pid 229073: max_threads=65535, hint_threads=32
[1782676632279] Granted 32 threads to pid 229073 (CPUs 1+32)
Request from pid 229073: max_threads=65535, hint_threads=32
[1782676632416] Granted 32 threads to pid 229073 (CPUs 1+32)
Request from pid 229073: max_threads=65535, hint_threads=32
[1782676632512] Granted 32 threads to pid 229073 (CPUs 1+32)
Request from pid 229073: max_threads=65535, hint_threads=32
[1782676632560] Granted 32 threads to pid 229073 (CPUs 1+32)
Request from pid 229073: max_threads=65535, hint_threads=32
[1782676632609] Granted 32 threads to pid 229073 (CPUs 1+32)
Accepted connection
Handling client
Request from pid 229293: max_threads=65535, hint_threads=32
[1782676632693] Granted 16 threads to pid 229293 (CPUs 0+0)
Request from pid 229073: max_threads=65535, hint_threads=32
[1782676632856] Granted 16 threads to pid 229073 (CPUs 1+16)
Request from pid 229073: max_threads=65535, hint_threads=32
[1782676633452] Granted 16 threads to pid 229073 (CPUs 1+16)
Request from pid 229073: max_threads=65535, hint_threads=32
[1782676633869] Granted 16 threads to pid 229073 (CPUs 1+16)
Request from pid 229293: max_threads=65535, hint_threads=32
[1782676633963] Granted 16 threads to pid 229293 (CPUs 17+16)
Request from pid 229293: max_threads=65535, hint_threads=32
[1782676634056] Granted 16 threads to pid 229293 (CPUs 17+16)
Request from pid 229073: max_threads=65535, hint_threads=32
[1782676634079] Granted 16 threads to pid 229073 (CPUs 1+16)
Request from pid 229293: max_threads=65535, hint_threads=32
[1782676634141] Granted 16 threads to pid 229293 (CPUs 17+16)
Request from pid 229073: max_threads=65535, hint_threads=32
[1782676634228] Granted 16 threads to pid 229073 (CPUs 1+16)
Request from pid 229293: max_threads=65535, hint_threads=32
[1782676634324] Granted 16 threads to pid 229293 (CPUs 17+16)
Request from pid 229073: max_threads=65535, hint_threads=32
[1782676634426] Granted 16 threads to pid 229073 (CPUs 1+16)
Request from pid 229293: max_threads=65535, hint_threads=32
[1782676634513] Granted 16 threads to pid 229293 (CPUs 17+16)
Request from pid 229073: max_threads=65535, hint_threads=32
[1782676634619] Granted 16 threads to pid 229073 (CPUs 1+16)
Request from pid 229293: max_threads=65535, hint_threads=32
[1782676634703] Granted 16 threads to pid 229293 (CPUs 17+16)
Request from pid 229073: max_threads=65535, hint_threads=32
[1782676634811] Granted 16 threads to pid 229073 (CPUs 1+16)
Request from pid 229293: max_threads=65535, hint_threads=32
[1782676634895] Granted 16 threads to pid 229293 (CPUs 17+16)
Request from pid 229073: max_threads=65535, hint_threads=32
[1782676635008] Granted 16 threads to pid 229073 (CPUs 1+16)
Request from pid 229293: max_threads=65535, hint_threads=32
[1782676635091] Granted 16 threads to pid 229293 (CPUs 17+16)
Request from pid 229073: max_threads=65535, hint_threads=32
[1782676635106] Granted 16 threads to pid 229073 (CPUs 1+16)
Request from pid 229293: max_threads=65535, hint_threads=32
[1782676635287] Granted 16 threads to pid 229293 (CPUs 17+16)
Request from pid 229073: max_threads=65535, hint_threads=32
[1782676635303] Granted 16 threads to pid 229073 (CPUs 1+16)
Request from pid 229293: max_threads=65535, hint_threads=32
[1782676635481] Granted 16 threads to pid 229293 (CPUs 17+16)
Request from pid 229073: max_threads=65535, hint_threads=32
[1782676635497] Granted 16 threads to pid 229073 (CPUs 1+16)
Request from pid 229073: max_threads=65535, hint_threads=32
[1782676635594] Granted 16 threads to pid 229073 (CPUs 1+16)
Request from pid 229293: max_threads=65535, hint_threads=32
[1782676635675] Granted 16 threads to pid 229293 (CPUs 17+16)
Request from pid 229073: max_threads=65535, hint_threads=32
[1782676635788] Granted 16 threads to pid 229073 (CPUs 1+16)
Request from pid 229293: max_threads=65535, hint_threads=32
[1782676635868] Granted 16 threads to pid 229293 (CPUs 17+16)
Request from pid 229073: max_threads=65535, hint_threads=32
[1782676635982] Granted 16 threads to pid 229073 (CPUs 1+16)
[1782676635987] Client pid 229073 disconnected — removed from state
Request from pid 229293: max_threads=65535, hint_threads=32
[1782676636050] Granted 32 threads to pid 229293 (CPUs 1+32)
Request from pid 229293: max_threads=65535, hint_threads=32
[1782676636187] Granted 32 threads to pid 229293 (CPUs 1+32)
Request from pid 229293: max_threads=65535, hint_threads=32
[1782676636283] Granted 32 threads to pid 229293 (CPUs 1+32)
Request from pid 229293: max_threads=65535, hint_threads=32
[1782676636379] Granted 32 threads to pid 229293 (CPUs 1+32)
Request from pid 229293: max_threads=65535, hint_threads=32
[1782676636476] Granted 32 threads to pid 229293 (CPUs 1+32)
Accepted connection
Handling client
Request from pid 229336: max_threads=65535, hint_threads=32
[1782676636525] Granted 16 threads to pid 229336 (CPUs 0+0)
Request from pid 229293: max_threads=65535, hint_threads=32
[1782676637120] Granted 16 threads to pid 229293 (CPUs 1+16)
Request from pid 229293: max_threads=65535, hint_threads=32
[1782676637615] Granted 16 threads to pid 229293 (CPUs 1+16)
Request from pid 229336: max_threads=65535, hint_threads=32
[1782676637812] Granted 16 threads to pid 229336 (CPUs 17+16)
Request from pid 229293: max_threads=65535, hint_threads=32
[1782676637828] Granted 16 threads to pid 229293 (CPUs 1+16)
Request from pid 229336: max_threads=65535, hint_threads=32
[1782676637912] Granted 16 threads to pid 229336 (CPUs 17+16)
Request from pid 229336: max_threads=65535, hint_threads=32
[1782676638002] Granted 16 threads to pid 229336 (CPUs 17+16)
Request from pid 229293: max_threads=65535, hint_threads=32
[1782676638013] Granted 16 threads to pid 229293 (CPUs 1+16)
Request from pid 229293: max_threads=65535, hint_threads=32
[1782676638174] Granted 16 threads to pid 229293 (CPUs 1+16)
Request from pid 229336: max_threads=65535, hint_threads=32
[1782676638184] Granted 16 threads to pid 229336 (CPUs 17+16)
Request from pid 229293: max_threads=65535, hint_threads=32
[1782676638365] Granted 16 threads to pid 229293 (CPUs 1+16)
Request from pid 229336: max_threads=65535, hint_threads=32
[1782676638382] Granted 16 threads to pid 229336 (CPUs 17+16)
Request from pid 229293: max_threads=65535, hint_threads=32
[1782676638553] Granted 16 threads to pid 229293 (CPUs 1+16)
Request from pid 229336: max_threads=65535, hint_threads=32
[1782676638583] Granted 16 threads to pid 229336 (CPUs 17+16)
Request from pid 229293: max_threads=65535, hint_threads=32
[1782676638648] Granted 16 threads to pid 229293 (CPUs 1+16)
Request from pid 229336: max_threads=65535, hint_threads=32
[1782676638788] Granted 16 threads to pid 229336 (CPUs 17+16)
Request from pid 229293: max_threads=65535, hint_threads=32
[1782676638840] Granted 16 threads to pid 229293 (CPUs 1+16)
Request from pid 229336: max_threads=65535, hint_threads=32
[1782676638995] Granted 16 threads to pid 229336 (CPUs 17+16)
Request from pid 229293: max_threads=65535, hint_threads=32
[1782676639031] Granted 16 threads to pid 229293 (CPUs 1+16)
Request from pid 229293: max_threads=65535, hint_threads=32
[1782676639125] Granted 16 threads to pid 229293 (CPUs 1+16)
Request from pid 229336: max_threads=65535, hint_threads=32
[1782676639202] Granted 16 threads to pid 229336 (CPUs 17+16)
Request from pid 229293: max_threads=65535, hint_threads=32
[1782676639317] Granted 16 threads to pid 229293 (CPUs 1+16)
Request from pid 229336: max_threads=65535, hint_threads=32
[1782676639409] Granted 16 threads to pid 229336 (CPUs 17+16)
Request from pid 229293: max_threads=65535, hint_threads=32
[1782676639506] Granted 16 threads to pid 229293 (CPUs 1+16)
Request from pid 229336: max_threads=65535, hint_threads=32
[1782676639616] Granted 16 threads to pid 229336 (CPUs 17+16)
Request from pid 229293: max_threads=65535, hint_threads=32
[1782676639695] Granted 16 threads to pid 229293 (CPUs 1+16)
Request from pid 229336: max_threads=65535, hint_threads=32
[1782676639823] Granted 16 threads to pid 229336 (CPUs 17+16)
Request from pid 229293: max_threads=65535, hint_threads=32
[1782676639884] Granted 16 threads to pid 229293 (CPUs 1+16)
Request from pid 229336: max_threads=65535, hint_threads=32
[1782676640030] Granted 16 threads to pid 229336 (CPUs 17+16)
Request from pid 229293: max_threads=65535, hint_threads=32
[1782676640073] Granted 16 threads to pid 229293 (CPUs 1+16)
Request from pid 229336: max_threads=65535, hint_threads=32
[1782676640237] Granted 16 threads to pid 229336 (CPUs 17+16)
Request from pid 229293: max_threads=65535, hint_threads=32
[1782676640261] Granted 16 threads to pid 229293 (CPUs 1+16)
Request from pid 229336: max_threads=65535, hint_threads=32
[1782676640444] Granted 16 threads to pid 229336 (CPUs 17+16)
Request from pid 229293: max_threads=65535, hint_threads=32
[1782676640451] Granted 16 threads to pid 229293 (CPUs 1+16)
Request from pid 229293: max_threads=65535, hint_threads=32
[1782676640546] Granted 16 threads to pid 229293 (CPUs 1+16)
Request from pid 229336: max_threads=65535, hint_threads=32
[1782676640651] Granted 16 threads to pid 229336 (CPUs 17+16)
Request from pid 229293: max_threads=65535, hint_threads=32
[1782676640734] Granted 16 threads to pid 229293 (CPUs 1+16)
Request from pid 229336: max_threads=65535, hint_threads=32
[1782676640858] Granted 16 threads to pid 229336 (CPUs 17+16)
Request from pid 229293: max_threads=65535, hint_threads=32
[1782676640923] Granted 16 threads to pid 229293 (CPUs 1+16)
Request from pid 229336: max_threads=65535, hint_threads=32
[1782676640961] Granted 16 threads to pid 229336 (CPUs 17+16)
Request from pid 229293: max_threads=65535, hint_threads=32
[1782676641112] Granted 16 threads to pid 229293 (CPUs 1+16)
Request from pid 229336: max_threads=65535, hint_threads=32
[1782676641168] Granted 16 threads to pid 229336 (CPUs 17+16)
Request from pid 229293: max_threads=65535, hint_threads=32
[1782676641303] Granted 16 threads to pid 229293 (CPUs 1+16)
Request from pid 229336: max_threads=65535, hint_threads=32
[1782676641375] Granted 16 threads to pid 229336 (CPUs 17+16)
Request from pid 229293: max_threads=65535, hint_threads=32
[1782676641492] Granted 16 threads to pid 229293 (CPUs 1+16)
Request from pid 229336: max_threads=65535, hint_threads=32
[1782676641582] Granted 16 threads to pid 229336 (CPUs 17+16)
Request from pid 229293: max_threads=65535, hint_threads=32
[1782676641681] Granted 16 threads to pid 229293 (CPUs 1+16)
Request from pid 229336: max_threads=65535, hint_threads=32
[1782676641790] Granted 16 threads to pid 229336 (CPUs 17+16)
Request from pid 229293: max_threads=65535, hint_threads=32
[1782676641869] Granted 16 threads to pid 229293 (CPUs 1+16)
[1782676641875] Client pid 229293 disconnected — removed from state
Request from pid 229336: max_threads=65535, hint_threads=32
[1782676641974] Granted 32 threads to pid 229336 (CPUs 1+32)
Request from pid 229336: max_threads=65535, hint_threads=32
[1782676642117] Granted 32 threads to pid 229336 (CPUs 1+32)
Request from pid 229336: max_threads=65535, hint_threads=32
[1782676642217] Granted 32 threads to pid 229336 (CPUs 1+32)
Request from pid 229336: max_threads=65535, hint_threads=32
[1782676642318] Granted 32 threads to pid 229336 (CPUs 1+32)
Accepted connection
Handling client
Request from pid 555: max_threads=65535, hint_threads=32
[1782676642415] Granted 16 threads to pid 555 (CPUs 0+0)
Request from pid 229336: max_threads=65535, hint_threads=32
[1782676642548] Granted 16 threads to pid 229336 (CPUs 1+16)
Request from pid 229336: max_threads=65535, hint_threads=32
[1782676642928] Granted 16 threads to pid 229336 (CPUs 1+16)
Request from pid 229336: max_threads=65535, hint_threads=32
[1782676643192] Granted 16 threads to pid 229336 (CPUs 1+16)
Request from pid 229336: max_threads=65535, hint_threads=32
[1782676643473] Granted 16 threads to pid 229336 (CPUs 1+16)
Request from pid 229336: max_threads=65535, hint_threads=32
[1782676643655] Granted 16 threads to pid 229336 (CPUs 1+16)
Request from pid 555: max_threads=65535, hint_threads=32
[1782676643673] Granted 16 threads to pid 555 (CPUs 17+16)
Request from pid 229336: max_threads=65535, hint_threads=32
[1782676643765] Granted 16 threads to pid 229336 (CPUs 1+16)
Request from pid 555: max_threads=65535, hint_threads=32
[1782676643766] Granted 16 threads to pid 555 (CPUs 17+16)
Request from pid 555: max_threads=65535, hint_threads=32
[1782676643859] Granted 16 threads to pid 555 (CPUs 17+16)
Request from pid 229336: max_threads=65535, hint_threads=32
[1782676643969] Granted 16 threads to pid 229336 (CPUs 1+16)
Request from pid 555: max_threads=65535, hint_threads=32
[1782676644045] Granted 16 threads to pid 555 (CPUs 17+16)
Request from pid 229336: max_threads=65535, hint_threads=32
[1782676644172] Granted 16 threads to pid 229336 (CPUs 1+16)
Request from pid 555: max_threads=65535, hint_threads=32
[1782676644229] Granted 16 threads to pid 555 (CPUs 17+16)
Request from pid 229336: max_threads=65535, hint_threads=32
[1782676644378] Granted 16 threads to pid 229336 (CPUs 1+16)
Request from pid 555: max_threads=65535, hint_threads=32
[1782676644416] Granted 16 threads to pid 555 (CPUs 17+16)
Request from pid 229336: max_threads=65535, hint_threads=32
[1782676644587] Granted 16 threads to pid 229336 (CPUs 1+16)
Request from pid 555: max_threads=65535, hint_threads=32
[1782676644606] Granted 16 threads to pid 555 (CPUs 17+16)
Request from pid 555: max_threads=65535, hint_threads=32
[1782676644699] Granted 16 threads to pid 555 (CPUs 17+16)
Request from pid 229336: max_threads=65535, hint_threads=32
[1782676644795] Granted 16 threads to pid 229336 (CPUs 1+16)
Request from pid 555: max_threads=65535, hint_threads=32
[1782676644887] Granted 16 threads to pid 555 (CPUs 17+16)
Request from pid 229336: max_threads=65535, hint_threads=32
[1782676645003] Granted 16 threads to pid 229336 (CPUs 1+16)
Request from pid 555: max_threads=65535, hint_threads=32
[1782676645075] Granted 16 threads to pid 555 (CPUs 17+16)
Request from pid 229336: max_threads=65535, hint_threads=32
[1782676645212] Granted 16 threads to pid 229336 (CPUs 1+16)
Request from pid 555: max_threads=65535, hint_threads=32
[1782676645263] Granted 16 threads to pid 555 (CPUs 17+16)
Request from pid 229336: max_threads=65535, hint_threads=32
[1782676645421] Granted 16 threads to pid 229336 (CPUs 1+16)
Request from pid 555: max_threads=65535, hint_threads=32
[1782676645450] Granted 16 threads to pid 555 (CPUs 17+16)
Request from pid 229336: max_threads=65535, hint_threads=32
[1782676645525] Granted 16 threads to pid 229336 (CPUs 1+16)
Request from pid 555: max_threads=65535, hint_threads=32
[1782676645638] Granted 16 threads to pid 555 (CPUs 17+16)
Request from pid 229336: max_threads=65535, hint_threads=32
[1782676645732] Granted 16 threads to pid 229336 (CPUs 1+16)
Request from pid 555: max_threads=65535, hint_threads=32
[1782676645826] Granted 16 threads to pid 555 (CPUs 17+16)
Request from pid 229336: max_threads=65535, hint_threads=32
[1782676645940] Granted 16 threads to pid 229336 (CPUs 1+16)
[1782676645945] Client pid 229336 disconnected — removed from state
Request from pid 555: max_threads=65535, hint_threads=32
[1782676646005] Granted 32 threads to pid 555 (CPUs 1+32)
Request from pid 555: max_threads=65535, hint_threads=32
[1782676646142] Granted 32 threads to pid 555 (CPUs 1+32)
Request from pid 555: max_threads=65535, hint_threads=32
[1782676646237] Granted 32 threads to pid 555 (CPUs 1+32)
Request from pid 555: max_threads=65535, hint_threads=32
[1782676646332] Granted 32 threads to pid 555 (CPUs 1+32)
Request from pid 555: max_threads=65535, hint_threads=32
[1782676646429] Granted 32 threads to pid 555 (CPUs 1+32)
Accepted connection
Handling client
Request from pid 1042: max_threads=65535, hint_threads=32
[1782676646486] Granted 16 threads to pid 1042 (CPUs 0+0)
Request from pid 555: max_threads=65535, hint_threads=32
[1782676646956] Granted 16 threads to pid 555 (CPUs 1+16)
Request from pid 555: max_threads=65535, hint_threads=32
[1782676647576] Granted 16 threads to pid 555 (CPUs 1+16)
Request from pid 1042: max_threads=65535, hint_threads=32
[1782676647855] Granted 16 threads to pid 1042 (CPUs 17+16)
Request from pid 555: max_threads=65535, hint_threads=32
[1782676647928] Granted 16 threads to pid 555 (CPUs 1+16)
Request from pid 1042: max_threads=65535, hint_threads=32
[1782676647950] Granted 16 threads to pid 1042 (CPUs 17+16)
Request from pid 1042: max_threads=65535, hint_threads=32
[1782676648041] Granted 16 threads to pid 1042 (CPUs 17+16)
Request from pid 555: max_threads=65535, hint_threads=32
[1782676648118] Granted 16 threads to pid 555 (CPUs 1+16)
Request from pid 555: max_threads=65535, hint_threads=32
[1782676648214] Granted 16 threads to pid 555 (CPUs 1+16)
Request from pid 1042: max_threads=65535, hint_threads=32
[1782676648224] Granted 16 threads to pid 1042 (CPUs 17+16)
Request from pid 555: max_threads=65535, hint_threads=32
[1782676648406] Granted 16 threads to pid 555 (CPUs 1+16)
Request from pid 1042: max_threads=65535, hint_threads=32
[1782676648407] Granted 16 threads to pid 1042 (CPUs 17+16)
Request from pid 1042: max_threads=65535, hint_threads=32
[1782676648589] Granted 16 threads to pid 1042 (CPUs 17+16)
Request from pid 555: max_threads=65535, hint_threads=32
[1782676648597] Granted 16 threads to pid 555 (CPUs 1+16)
Request from pid 555: max_threads=65535, hint_threads=32
[1782676648693] Granted 16 threads to pid 555 (CPUs 1+16)
Request from pid 1042: max_threads=65535, hint_threads=32
[1782676648774] Granted 16 threads to pid 1042 (CPUs 17+16)
Request from pid 1042: max_threads=65535, hint_threads=32
[1782676648869] Granted 16 threads to pid 1042 (CPUs 17+16)
Request from pid 555: max_threads=65535, hint_threads=32
[1782676648891] Granted 16 threads to pid 555 (CPUs 1+16)
Request from pid 1042: max_threads=65535, hint_threads=32
[1782676649055] Granted 16 threads to pid 1042 (CPUs 17+16)
Request from pid 555: max_threads=65535, hint_threads=32
[1782676649087] Granted 16 threads to pid 555 (CPUs 1+16)
Request from pid 1042: max_threads=65535, hint_threads=32
[1782676649241] Granted 16 threads to pid 1042 (CPUs 17+16)
Request from pid 555: max_threads=65535, hint_threads=32
[1782676649284] Granted 16 threads to pid 555 (CPUs 1+16)
Request from pid 1042: max_threads=65535, hint_threads=32
[1782676649427] Granted 16 threads to pid 1042 (CPUs 17+16)
Request from pid 555: max_threads=65535, hint_threads=32
[1782676649482] Granted 16 threads to pid 555 (CPUs 1+16)
Request from pid 1042: max_threads=65535, hint_threads=32
[1782676649614] Granted 16 threads to pid 1042 (CPUs 17+16)
Request from pid 555: max_threads=65535, hint_threads=32
[1782676649678] Granted 16 threads to pid 555 (CPUs 1+16)
Request from pid 1042: max_threads=65535, hint_threads=32
[1782676649801] Granted 16 threads to pid 1042 (CPUs 17+16)
Request from pid 555: max_threads=65535, hint_threads=32
[1782676649873] Granted 16 threads to pid 555 (CPUs 1+16)
Request from pid 1042: max_threads=65535, hint_threads=32
[1782676649989] Granted 16 threads to pid 1042 (CPUs 17+16)
Request from pid 555: max_threads=65535, hint_threads=32
[1782676650070] Granted 16 threads to pid 555 (CPUs 1+16)
Request from pid 1042: max_threads=65535, hint_threads=32
[1782676650175] Granted 16 threads to pid 1042 (CPUs 17+16)
Request from pid 555: max_threads=65535, hint_threads=32
[1782676650266] Granted 16 threads to pid 555 (CPUs 1+16)
Request from pid 1042: max_threads=65535, hint_threads=32
[1782676650268] Granted 16 threads to pid 1042 (CPUs 17+16)
Request from pid 1042: max_threads=65535, hint_threads=32
[1782676650454] Granted 16 threads to pid 1042 (CPUs 17+16)
Request from pid 555: max_threads=65535, hint_threads=32
[1782676650462] Granted 16 threads to pid 555 (CPUs 1+16)
Request from pid 1042: max_threads=65535, hint_threads=32
[1782676650640] Granted 16 threads to pid 1042 (CPUs 17+16)
Request from pid 555: max_threads=65535, hint_threads=32
[1782676650657] Granted 16 threads to pid 555 (CPUs 1+16)
Request from pid 1042: max_threads=65535, hint_threads=32
[1782676650733] Granted 16 threads to pid 1042 (CPUs 17+16)
Request from pid 555: max_threads=65535, hint_threads=32
[1782676650853] Granted 16 threads to pid 555 (CPUs 1+16)
Request from pid 1042: max_threads=65535, hint_threads=32
[1782676650919] Granted 16 threads to pid 1042 (CPUs 17+16)
Request from pid 555: max_threads=65535, hint_threads=32
[1782676651049] Granted 16 threads to pid 555 (CPUs 1+16)
Request from pid 1042: max_threads=65535, hint_threads=32
[1782676651105] Granted 16 threads to pid 1042 (CPUs 17+16)
Request from pid 555: max_threads=65535, hint_threads=32
[1782676651245] Granted 16 threads to pid 555 (CPUs 1+16)
Request from pid 1042: max_threads=65535, hint_threads=32
[1782676651291] Granted 16 threads to pid 1042 (CPUs 17+16)
Request from pid 555: max_threads=65535, hint_threads=32
[1782676651441] Granted 16 threads to pid 555 (CPUs 1+16)
Request from pid 1042: max_threads=65535, hint_threads=32
[1782676651477] Granted 16 threads to pid 1042 (CPUs 17+16)
[1782676651544] Client pid 555 disconnected — removed from state
Request from pid 1042: max_threads=65535, hint_threads=32
[1782676651643] Granted 32 threads to pid 1042 (CPUs 1+32)
Request from pid 1042: max_threads=65535, hint_threads=32
[1782676651777] Granted 32 threads to pid 1042 (CPUs 1+32)
Request from pid 1042: max_threads=65535, hint_threads=32
[1782676651870] Granted 32 threads to pid 1042 (CPUs 1+32)
Request from pid 1042: max_threads=65535, hint_threads=32
[1782676651964] Granted 32 threads to pid 1042 (CPUs 1+32)
Request from pid 1042: max_threads=65535, hint_threads=32
[1782676652058] Granted 32 threads to pid 1042 (CPUs 1+32)
Accepted connection
Handling client
Request from pid 1364: max_threads=65535, hint_threads=32
[1782676652081] Granted 16 threads to pid 1364 (CPUs 0+0)
Request from pid 1042: max_threads=65535, hint_threads=32
[1782676652988] Granted 16 threads to pid 1042 (CPUs 1+16)
Request from pid 1042: max_threads=65535, hint_threads=32
[1782676653307] Granted 16 threads to pid 1042 (CPUs 1+16)
Request from pid 1042: max_threads=65535, hint_threads=32
[1782676653472] Granted 16 threads to pid 1042 (CPUs 1+16)
Request from pid 1364: max_threads=65535, hint_threads=32
[1782676653501] Granted 16 threads to pid 1364 (CPUs 17+16)
Request from pid 1364: max_threads=65535, hint_threads=32
[1782676653587] Granted 16 threads to pid 1364 (CPUs 17+16)
Request from pid 1042: max_threads=65535, hint_threads=32
[1782676653639] Granted 16 threads to pid 1042 (CPUs 1+16)
Request from pid 1364: max_threads=65535, hint_threads=32
[1782676653672] Granted 16 threads to pid 1364 (CPUs 17+16)
Request from pid 1364: max_threads=65535, hint_threads=32
[1782676653757] Granted 16 threads to pid 1364 (CPUs 17+16)
Request from pid 1042: max_threads=65535, hint_threads=32
[1782676653812] Granted 16 threads to pid 1042 (CPUs 1+16)
Request from pid 1364: max_threads=65535, hint_threads=32
[1782676653929] Granted 16 threads to pid 1364 (CPUs 17+16)
Request from pid 1042: max_threads=65535, hint_threads=32
[1782676653952] Granted 16 threads to pid 1042 (CPUs 1+16)
Request from pid 1364: max_threads=65535, hint_threads=32
[1782676654023] Granted 16 threads to pid 1364 (CPUs 17+16)
Request from pid 1042: max_threads=65535, hint_threads=32
[1782676654139] Granted 16 threads to pid 1042 (CPUs 1+16)
Request from pid 1364: max_threads=65535, hint_threads=32
[1782676654211] Granted 16 threads to pid 1364 (CPUs 17+16)
Request from pid 1042: max_threads=65535, hint_threads=32
[1782676654325] Granted 16 threads to pid 1042 (CPUs 1+16)
Request from pid 1364: max_threads=65535, hint_threads=32
[1782676654403] Granted 16 threads to pid 1364 (CPUs 17+16)
Request from pid 1042: max_threads=65535, hint_threads=32
[1782676654421] Granted 16 threads to pid 1042 (CPUs 1+16)
Request from pid 1364: max_threads=65535, hint_threads=32
[1782676654500] Granted 16 threads to pid 1364 (CPUs 17+16)
Request from pid 1042: max_threads=65535, hint_threads=32
[1782676654609] Granted 16 threads to pid 1042 (CPUs 1+16)
Request from pid 1364: max_threads=65535, hint_threads=32
[1782676654693] Granted 16 threads to pid 1364 (CPUs 17+16)
Request from pid 1042: max_threads=65535, hint_threads=32
[1782676654796] Granted 16 threads to pid 1042 (CPUs 1+16)
Request from pid 1364: max_threads=65535, hint_threads=32
[1782676654886] Granted 16 threads to pid 1364 (CPUs 17+16)
Request from pid 1042: max_threads=65535, hint_threads=32
[1782676654890] Granted 16 threads to pid 1042 (CPUs 1+16)
Request from pid 1042: max_threads=65535, hint_threads=32
[1782676655077] Granted 16 threads to pid 1042 (CPUs 1+16)
Request from pid 1364: max_threads=65535, hint_threads=32
[1782676655080] Granted 16 threads to pid 1364 (CPUs 17+16)
Request from pid 1042: max_threads=65535, hint_threads=32
[1782676655263] Granted 16 threads to pid 1042 (CPUs 1+16)
Request from pid 1364: max_threads=65535, hint_threads=32
[1782676655273] Granted 16 threads to pid 1364 (CPUs 17+16)
Request from pid 1042: max_threads=65535, hint_threads=32
[1782676655451] Granted 16 threads to pid 1042 (CPUs 1+16)
Request from pid 1364: max_threads=65535, hint_threads=32
[1782676655467] Granted 16 threads to pid 1364 (CPUs 17+16)
Request from pid 1042: max_threads=65535, hint_threads=32
[1782676655637] Granted 16 threads to pid 1042 (CPUs 1+16)
Request from pid 1364: max_threads=65535, hint_threads=32
[1782676655660] Granted 16 threads to pid 1364 (CPUs 17+16)
[1782676655736] Client pid 1042 disconnected — removed from state
Request from pid 1364: max_threads=65535, hint_threads=32
[1782676655831] Granted 32 threads to pid 1364 (CPUs 1+32)
Request from pid 1364: max_threads=65535, hint_threads=32
[1782676655964] Granted 32 threads to pid 1364 (CPUs 1+32)
Request from pid 1364: max_threads=65535, hint_threads=32
[1782676656058] Granted 32 threads to pid 1364 (CPUs 1+32)
Request from pid 1364: max_threads=65535, hint_threads=32
[1782676656152] Granted 32 threads to pid 1364 (CPUs 1+32)
Request from pid 1364: max_threads=65535, hint_threads=32
[1782676656246] Granted 32 threads to pid 1364 (CPUs 1+32)
Accepted connection
Handling client
Request from pid 1466: max_threads=65535, hint_threads=32
[1782676656277] Granted 16 threads to pid 1466 (CPUs 0+0)
Request from pid 1364: max_threads=65535, hint_threads=32
[1782676657328] Granted 16 threads to pid 1364 (CPUs 1+16)
Request from pid 1364: max_threads=65535, hint_threads=32
[1782676657665] Granted 16 threads to pid 1364 (CPUs 1+16)
Request from pid 1466: max_threads=65535, hint_threads=32
[1782676657803] Granted 16 threads to pid 1466 (CPUs 17+16)
Request from pid 1364: max_threads=65535, hint_threads=32
[1782676657841] Granted 16 threads to pid 1364 (CPUs 1+16)
Request from pid 1466: max_threads=65535, hint_threads=32
[1782676657934] Granted 16 threads to pid 1466 (CPUs 17+16)
Request from pid 1364: max_threads=65535, hint_threads=32
[1782676657968] Granted 16 threads to pid 1364 (CPUs 1+16)
Request from pid 1466: max_threads=65535, hint_threads=32
[1782676658027] Granted 16 threads to pid 1466 (CPUs 17+16)
Request from pid 1364: max_threads=65535, hint_threads=32
[1782676658157] Granted 16 threads to pid 1364 (CPUs 1+16)
Request from pid 1466: max_threads=65535, hint_threads=32
[1782676658212] Granted 16 threads to pid 1466 (CPUs 17+16)
Request from pid 1364: max_threads=65535, hint_threads=32
[1782676658252] Granted 16 threads to pid 1364 (CPUs 1+16)
Request from pid 1466: max_threads=65535, hint_threads=32
[1782676658397] Granted 16 threads to pid 1466 (CPUs 17+16)
Request from pid 1364: max_threads=65535, hint_threads=32
[1782676658441] Granted 16 threads to pid 1364 (CPUs 1+16)
Request from pid 1466: max_threads=65535, hint_threads=32
[1782676658582] Granted 16 threads to pid 1466 (CPUs 17+16)
Request from pid 1364: max_threads=65535, hint_threads=32
[1782676658630] Granted 16 threads to pid 1364 (CPUs 1+16)
Request from pid 1364: max_threads=65535, hint_threads=32
[1782676658724] Granted 16 threads to pid 1364 (CPUs 1+16)
Request from pid 1466: max_threads=65535, hint_threads=32
[1782676658768] Granted 16 threads to pid 1466 (CPUs 17+16)
Request from pid 1364: max_threads=65535, hint_threads=32
[1782676658917] Granted 16 threads to pid 1364 (CPUs 1+16)
Request from pid 1466: max_threads=65535, hint_threads=32
[1782676658960] Granted 16 threads to pid 1466 (CPUs 17+16)
Request from pid 1364: max_threads=65535, hint_threads=32
[1782676659110] Granted 16 threads to pid 1364 (CPUs 1+16)
Request from pid 1466: max_threads=65535, hint_threads=32
[1782676659150] Granted 16 threads to pid 1466 (CPUs 17+16)
Request from pid 1364: max_threads=65535, hint_threads=32
[1782676659301] Granted 16 threads to pid 1364 (CPUs 1+16)
Request from pid 1466: max_threads=65535, hint_threads=32
[1782676659342] Granted 16 threads to pid 1466 (CPUs 17+16)
Request from pid 1364: max_threads=65535, hint_threads=32
[1782676659494] Granted 16 threads to pid 1364 (CPUs 1+16)
Request from pid 1466: max_threads=65535, hint_threads=32
[1782676659528] Granted 16 threads to pid 1466 (CPUs 17+16)
Request from pid 1364: max_threads=65535, hint_threads=32
[1782676659685] Granted 16 threads to pid 1364 (CPUs 1+16)
Request from pid 1466: max_threads=65535, hint_threads=32
[1782676659718] Granted 16 threads to pid 1466 (CPUs 17+16)
Request from pid 1466: max_threads=65535, hint_threads=32
[1782676659814] Granted 16 threads to pid 1466 (CPUs 17+16)
Request from pid 1364: max_threads=65535, hint_threads=32
[1782676659875] Granted 16 threads to pid 1364 (CPUs 1+16)
Request from pid 1466: max_threads=65535, hint_threads=32
[1782676660005] Granted 16 threads to pid 1466 (CPUs 17+16)
Request from pid 1364: max_threads=65535, hint_threads=32
[1782676660066] Granted 16 threads to pid 1364 (CPUs 1+16)
Request from pid 1466: max_threads=65535, hint_threads=32
[1782676660195] Granted 16 threads to pid 1466 (CPUs 17+16)
Request from pid 1364: max_threads=65535, hint_threads=32
[1782676660256] Granted 16 threads to pid 1364 (CPUs 1+16)
Request from pid 1466: max_threads=65535, hint_threads=32
[1782676660386] Granted 16 threads to pid 1466 (CPUs 17+16)
Request from pid 1364: max_threads=65535, hint_threads=32
[1782676660447] Granted 16 threads to pid 1364 (CPUs 1+16)
Request from pid 1466: max_threads=65535, hint_threads=32
[1782676660576] Granted 16 threads to pid 1466 (CPUs 17+16)
Request from pid 1364: max_threads=65535, hint_threads=32
[1782676660638] Granted 16 threads to pid 1364 (CPUs 1+16)
Request from pid 1466: max_threads=65535, hint_threads=32
[1782676660767] Granted 16 threads to pid 1466 (CPUs 17+16)
Request from pid 1364: max_threads=65535, hint_threads=32
[1782676660829] Granted 16 threads to pid 1364 (CPUs 1+16)
Request from pid 1466: max_threads=65535, hint_threads=32
[1782676660958] Granted 16 threads to pid 1466 (CPUs 17+16)
Request from pid 1364: max_threads=65535, hint_threads=32
[1782676661020] Granted 16 threads to pid 1364 (CPUs 1+16)
Request from pid 1466: max_threads=65535, hint_threads=32
[1782676661150] Granted 16 threads to pid 1466 (CPUs 17+16)
Request from pid 1364: max_threads=65535, hint_threads=32
[1782676661210] Granted 16 threads to pid 1364 (CPUs 1+16)
Request from pid 1466: max_threads=65535, hint_threads=32
[1782676661340] Granted 16 threads to pid 1466 (CPUs 17+16)
Request from pid 1364: max_threads=65535, hint_threads=32
[1782676661402] Granted 16 threads to pid 1364 (CPUs 1+16)
[1782676661505] Client pid 1364 disconnected — removed from state
Request from pid 1466: max_threads=65535, hint_threads=32
[1782676661526] Granted 32 threads to pid 1466 (CPUs 1+32)
Request from pid 1466: max_threads=65535, hint_threads=32
[1782676661660] Granted 32 threads to pid 1466 (CPUs 1+32)
Request from pid 1466: max_threads=65535, hint_threads=32
[1782676661755] Granted 32 threads to pid 1466 (CPUs 1+32)
Request from pid 1466: max_threads=65535, hint_threads=32
[1782676661850] Granted 32 threads to pid 1466 (CPUs 1+32)
Request from pid 1466: max_threads=65535, hint_threads=32
[1782676661898] Granted 32 threads to pid 1466 (CPUs 1+32)
Request from pid 1466: max_threads=65535, hint_threads=32
[1782676661996] Granted 32 threads to pid 1466 (CPUs 1+32)
Accepted connection
Handling client
Request from pid 1554: max_threads=65535, hint_threads=32
[1782676662048] Granted 16 threads to pid 1554 (CPUs 0+0)
Request from pid 1466: max_threads=65535, hint_threads=32
[1782676662432] Granted 16 threads to pid 1466 (CPUs 1+16)
Request from pid 1466: max_threads=65535, hint_threads=32
[1782676662976] Granted 16 threads to pid 1466 (CPUs 1+16)
Request from pid 1554: max_threads=65535, hint_threads=32
[1782676663345] Granted 16 threads to pid 1554 (CPUs 17+16)
Request from pid 1466: max_threads=65535, hint_threads=32
[1782676663364] Granted 16 threads to pid 1466 (CPUs 1+16)
Request from pid 1554: max_threads=65535, hint_threads=32
[1782676663440] Granted 16 threads to pid 1554 (CPUs 17+16)
Request from pid 1554: max_threads=65535, hint_threads=32
[1782676663529] Granted 16 threads to pid 1554 (CPUs 17+16)
Request from pid 1466: max_threads=65535, hint_threads=32
[1782676663534] Granted 16 threads to pid 1466 (CPUs 1+16)
Request from pid 1466: max_threads=65535, hint_threads=32
[1782676663719] Granted 16 threads to pid 1466 (CPUs 1+16)
Request from pid 1554: max_threads=65535, hint_threads=32
[1782676663724] Granted 16 threads to pid 1554 (CPUs 17+16)
Request from pid 1466: max_threads=65535, hint_threads=32
[1782676663902] Granted 16 threads to pid 1466 (CPUs 1+16)
Request from pid 1554: max_threads=65535, hint_threads=32
[1782676663920] Granted 16 threads to pid 1554 (CPUs 17+16)
Request from pid 1466: max_threads=65535, hint_threads=32
[1782676664084] Granted 16 threads to pid 1466 (CPUs 1+16)
Request from pid 1554: max_threads=65535, hint_threads=32
[1782676664117] Granted 16 threads to pid 1554 (CPUs 17+16)
Request from pid 1466: max_threads=65535, hint_threads=32
[1782676664271] Granted 16 threads to pid 1466 (CPUs 1+16)
Request from pid 1554: max_threads=65535, hint_threads=32
[1782676664320] Granted 16 threads to pid 1554 (CPUs 17+16)
Request from pid 1554: max_threads=65535, hint_threads=32
[1782676664421] Granted 16 threads to pid 1554 (CPUs 17+16)
Request from pid 1466: max_threads=65535, hint_threads=32
[1782676664457] Granted 16 threads to pid 1466 (CPUs 1+16)
Request from pid 1554: max_threads=65535, hint_threads=32
[1782676664622] Granted 16 threads to pid 1554 (CPUs 17+16)
Request from pid 1466: max_threads=65535, hint_threads=32
[1782676664642] Granted 16 threads to pid 1466 (CPUs 1+16)
Request from pid 1554: max_threads=65535, hint_threads=32
[1782676664824] Granted 16 threads to pid 1554 (CPUs 17+16)
Request from pid 1466: max_threads=65535, hint_threads=32
[1782676664826] Granted 16 threads to pid 1466 (CPUs 1+16)
Request from pid 1466: max_threads=65535, hint_threads=32
[1782676665011] Granted 16 threads to pid 1466 (CPUs 1+16)
Request from pid 1554: max_threads=65535, hint_threads=32
[1782676665028] Granted 16 threads to pid 1554 (CPUs 17+16)
Request from pid 1466: max_threads=65535, hint_threads=32
[1782676665196] Granted 16 threads to pid 1466 (CPUs 1+16)
Request from pid 1554: max_threads=65535, hint_threads=32
[1782676665230] Granted 16 threads to pid 1554 (CPUs 17+16)
Request from pid 1466: max_threads=65535, hint_threads=32
[1782676665382] Granted 16 threads to pid 1466 (CPUs 1+16)
Request from pid 1554: max_threads=65535, hint_threads=32
[1782676665432] Granted 16 threads to pid 1554 (CPUs 17+16)
[1782676665481] Client pid 1466 disconnected — removed from state
Request from pid 1554: max_threads=65535, hint_threads=32
[1782676665606] Granted 32 threads to pid 1554 (CPUs 1+32)
Request from pid 1554: max_threads=65535, hint_threads=32
[1782676665745] Granted 32 threads to pid 1554 (CPUs 1+32)
Request from pid 1554: max_threads=65535, hint_threads=32
[1782676665844] Granted 32 threads to pid 1554 (CPUs 1+32)
Request from pid 1554: max_threads=65535, hint_threads=32
[1782676665942] Granted 32 threads to pid 1554 (CPUs 1+32)
Accepted connection
Handling client
Request from pid 1597: max_threads=65535, hint_threads=32
[1782676666021] Granted 16 threads to pid 1597 (CPUs 0+0)
Request from pid 1554: max_threads=65535, hint_threads=32
[1782676666299] Granted 16 threads to pid 1554 (CPUs 1+16)
Request from pid 1554: max_threads=65535, hint_threads=32
[1782676666770] Granted 16 threads to pid 1554 (CPUs 1+16)
Request from pid 1554: max_threads=65535, hint_threads=32
[1782676667092] Granted 16 threads to pid 1554 (CPUs 1+16)
Request from pid 1597: max_threads=65535, hint_threads=32
[1782676667374] Granted 16 threads to pid 1597 (CPUs 17+16)
Request from pid 1597: max_threads=65535, hint_threads=32
[1782676667459] Granted 16 threads to pid 1597 (CPUs 17+16)
Request from pid 1554: max_threads=65535, hint_threads=32
[1782676667484] Granted 16 threads to pid 1554 (CPUs 1+16)
Request from pid 1597: max_threads=65535, hint_threads=32
[1782676667543] Granted 16 threads to pid 1597 (CPUs 17+16)
Request from pid 1554: max_threads=65535, hint_threads=32
[1782676667671] Granted 16 threads to pid 1554 (CPUs 1+16)
Request from pid 1597: max_threads=65535, hint_threads=32
[1782676667710] Granted 16 threads to pid 1597 (CPUs 17+16)
Request from pid 1554: max_threads=65535, hint_threads=32
[1782676667791] Granted 16 threads to pid 1554 (CPUs 1+16)
Request from pid 1597: max_threads=65535, hint_threads=32
[1782676667893] Granted 16 threads to pid 1597 (CPUs 17+16)
Request from pid 1554: max_threads=65535, hint_threads=32
[1782676667987] Granted 16 threads to pid 1554 (CPUs 1+16)
Request from pid 1597: max_threads=65535, hint_threads=32
[1782676668078] Granted 16 threads to pid 1597 (CPUs 17+16)
Request from pid 1554: max_threads=65535, hint_threads=32
[1782676668182] Granted 16 threads to pid 1554 (CPUs 1+16)
Request from pid 1597: max_threads=65535, hint_threads=32
[1782676668263] Granted 16 threads to pid 1597 (CPUs 17+16)
Request from pid 1597: max_threads=65535, hint_threads=32
[1782676668357] Granted 16 threads to pid 1597 (CPUs 17+16)
Request from pid 1554: max_threads=65535, hint_threads=32
[1782676668384] Granted 16 threads to pid 1554 (CPUs 1+16)
Request from pid 1597: max_threads=65535, hint_threads=32
[1782676668543] Granted 16 threads to pid 1597 (CPUs 17+16)
Request from pid 1554: max_threads=65535, hint_threads=32
[1782676668583] Granted 16 threads to pid 1554 (CPUs 1+16)
Request from pid 1554: max_threads=65535, hint_threads=32
[1782676668683] Granted 16 threads to pid 1554 (CPUs 1+16)
Request from pid 1597: max_threads=65535, hint_threads=32
[1782676668729] Granted 16 threads to pid 1597 (CPUs 17+16)
Request from pid 1597: max_threads=65535, hint_threads=32
[1782676668823] Granted 16 threads to pid 1597 (CPUs 17+16)
Request from pid 1554: max_threads=65535, hint_threads=32
[1782676668882] Granted 16 threads to pid 1554 (CPUs 1+16)
Request from pid 1597: max_threads=65535, hint_threads=32
[1782676669012] Granted 16 threads to pid 1597 (CPUs 17+16)
Request from pid 1554: max_threads=65535, hint_threads=32
[1782676669081] Granted 16 threads to pid 1554 (CPUs 1+16)
Request from pid 1597: max_threads=65535, hint_threads=32
[1782676669201] Granted 16 threads to pid 1597 (CPUs 17+16)
Request from pid 1554: max_threads=65535, hint_threads=32
[1782676669280] Granted 16 threads to pid 1554 (CPUs 1+16)
Request from pid 1597: max_threads=65535, hint_threads=32
[1782676669296] Granted 16 threads to pid 1597 (CPUs 17+16)
Request from pid 1554: max_threads=65535, hint_threads=32
[1782676669479] Granted 16 threads to pid 1554 (CPUs 1+16)
Request from pid 1597: max_threads=65535, hint_threads=32
[1782676669485] Granted 16 threads to pid 1597 (CPUs 17+16)
Request from pid 1597: max_threads=65535, hint_threads=32
[1782676669674] Granted 16 threads to pid 1597 (CPUs 17+16)
Request from pid 1554: max_threads=65535, hint_threads=32
[1782676669677] Granted 16 threads to pid 1554 (CPUs 1+16)
Request from pid 1597: max_threads=65535, hint_threads=32
[1782676669863] Granted 16 threads to pid 1597 (CPUs 17+16)
Request from pid 1554: max_threads=65535, hint_threads=32
[1782676669875] Granted 16 threads to pid 1554 (CPUs 1+16)
Request from pid 1597: max_threads=65535, hint_threads=32
[1782676670054] Granted 16 threads to pid 1597 (CPUs 17+16)
Request from pid 1554: max_threads=65535, hint_threads=32
[1782676670073] Granted 16 threads to pid 1554 (CPUs 1+16)
Request from pid 1597: max_threads=65535, hint_threads=32
[1782676670242] Granted 16 threads to pid 1597 (CPUs 17+16)
Request from pid 1554: max_threads=65535, hint_threads=32
[1782676670271] Granted 16 threads to pid 1554 (CPUs 1+16)
Request from pid 1597: max_threads=65535, hint_threads=32
[1782676670431] Granted 16 threads to pid 1597 (CPUs 17+16)
Request from pid 1554: max_threads=65535, hint_threads=32
[1782676670469] Granted 16 threads to pid 1554 (CPUs 1+16)
Request from pid 1597: max_threads=65535, hint_threads=32
[1782676670619] Granted 16 threads to pid 1597 (CPUs 17+16)
Request from pid 1554: max_threads=65535, hint_threads=32
[1782676670667] Granted 16 threads to pid 1554 (CPUs 1+16)
Request from pid 1597: max_threads=65535, hint_threads=32
[1782676670713] Granted 16 threads to pid 1597 (CPUs 17+16)
Request from pid 1554: max_threads=65535, hint_threads=32
[1782676670865] Granted 16 threads to pid 1554 (CPUs 1+16)
Request from pid 1597: max_threads=65535, hint_threads=32
[1782676670901] Granted 16 threads to pid 1597 (CPUs 17+16)
Request from pid 1554: max_threads=65535, hint_threads=32
[1782676671064] Granted 16 threads to pid 1554 (CPUs 1+16)
Request from pid 1597: max_threads=65535, hint_threads=32
[1782676671090] Granted 16 threads to pid 1597 (CPUs 17+16)
Request from pid 1554: max_threads=65535, hint_threads=32
[1782676671263] Granted 16 threads to pid 1554 (CPUs 1+16)
Request from pid 1597: max_threads=65535, hint_threads=32
[1782676671277] Granted 16 threads to pid 1597 (CPUs 17+16)
Request from pid 1554: max_threads=65535, hint_threads=32
[1782676671461] Granted 16 threads to pid 1554 (CPUs 1+16)
Request from pid 1597: max_threads=65535, hint_threads=32
[1782676671464] Granted 16 threads to pid 1597 (CPUs 17+16)
[1782676671566] Client pid 1554 disconnected — removed from state
Request from pid 1597: max_threads=65535, hint_threads=32
[1782676671636] Granted 32 threads to pid 1597 (CPUs 1+32)
Request from pid 1597: max_threads=65535, hint_threads=32
[1782676671772] Granted 32 threads to pid 1597 (CPUs 1+32)
Request from pid 1597: max_threads=65535, hint_threads=32
[1782676671866] Granted 32 threads to pid 1597 (CPUs 1+32)
Request from pid 1597: max_threads=65535, hint_threads=32
[1782676671912] Granted 32 threads to pid 1597 (CPUs 1+32)
Request from pid 1597: max_threads=65535, hint_threads=32
[1782676672006] Granted 32 threads to pid 1597 (CPUs 1+32)
Request from pid 1597: max_threads=65535, hint_threads=32
[1782676672104] Granted 32 threads to pid 1597 (CPUs 1+32)
Accepted connection
Handling client
Request from pid 1686: max_threads=65535, hint_threads=32
[1782676672109] Granted 16 threads to pid 1686 (CPUs 0+0)
Request from pid 1597: max_threads=65535, hint_threads=32
[1782676672796] Granted 16 threads to pid 1597 (CPUs 1+16)
Request from pid 1597: max_threads=65535, hint_threads=32
[1782676673315] Granted 16 threads to pid 1597 (CPUs 1+16)
Request from pid 1686: max_threads=65535, hint_threads=32
[1782676673587] Granted 16 threads to pid 1686 (CPUs 17+16)
Request from pid 1686: max_threads=65535, hint_threads=32
[1782676673682] Granted 16 threads to pid 1686 (CPUs 17+16)
Request from pid 1597: max_threads=65535, hint_threads=32
[1782676673761] Granted 16 threads to pid 1597 (CPUs 1+16)
Request from pid 1686: max_threads=65535, hint_threads=32
[1782676673775] Granted 16 threads to pid 1686 (CPUs 17+16)
Request from pid 1597: max_threads=65535, hint_threads=32
[1782676673941] Granted 16 threads to pid 1597 (CPUs 1+16)
Request from pid 1686: max_threads=65535, hint_threads=32
[1782676673963] Granted 16 threads to pid 1686 (CPUs 17+16)
Request from pid 1597: max_threads=65535, hint_threads=32
[1782676674118] Granted 16 threads to pid 1597 (CPUs 1+16)
Request from pid 1686: max_threads=65535, hint_threads=32
[1782676674150] Granted 16 threads to pid 1686 (CPUs 17+16)
Request from pid 1597: max_threads=65535, hint_threads=32
[1782676674225] Granted 16 threads to pid 1597 (CPUs 1+16)
Request from pid 1686: max_threads=65535, hint_threads=32
[1782676674358] Granted 16 threads to pid 1686 (CPUs 17+16)
Request from pid 1597: max_threads=65535, hint_threads=32
[1782676674406] Granted 16 threads to pid 1597 (CPUs 1+16)
Request from pid 1686: max_threads=65535, hint_threads=32
[1782676674570] Granted 16 threads to pid 1686 (CPUs 17+16)
Request from pid 1597: max_threads=65535, hint_threads=32
[1782676674585] Granted 16 threads to pid 1597 (CPUs 1+16)
Request from pid 1597: max_threads=65535, hint_threads=32
[1782676674767] Granted 16 threads to pid 1597 (CPUs 1+16)
Request from pid 1686: max_threads=65535, hint_threads=32
[1782676674788] Granted 16 threads to pid 1686 (CPUs 17+16)
Request from pid 1597: max_threads=65535, hint_threads=32
[1782676674947] Granted 16 threads to pid 1597 (CPUs 1+16)
Request from pid 1686: max_threads=65535, hint_threads=32
[1782676675007] Granted 16 threads to pid 1686 (CPUs 17+16)
Request from pid 1597: max_threads=65535, hint_threads=32
[1782676675128] Granted 16 threads to pid 1597 (CPUs 1+16)
Request from pid 1686: max_threads=65535, hint_threads=32
[1782676675222] Granted 16 threads to pid 1686 (CPUs 17+16)
Request from pid 1597: max_threads=65535, hint_threads=32
[1782676675308] Granted 16 threads to pid 1597 (CPUs 1+16)
[1782676675404] Client pid 1597 disconnected — removed from state
Request from pid 1686: max_threads=65535, hint_threads=32
[1782676675431] Granted 32 threads to pid 1686 (CPUs 1+32)
Request from pid 1686: max_threads=65535, hint_threads=32
[1782676675577] Granted 32 threads to pid 1686 (CPUs 1+32)
Request from pid 1686: max_threads=65535, hint_threads=32
[1782676675628] Granted 32 threads to pid 1686 (CPUs 1+32)
Request from pid 1686: max_threads=65535, hint_threads=32
[1782676675678] Granted 32 threads to pid 1686 (CPUs 1+32)
Request from pid 1686: max_threads=65535, hint_threads=32
[1782676675778] Granted 32 threads to pid 1686 (CPUs 1+32)
Request from pid 1686: max_threads=65535, hint_threads=32
[1782676675881] Granted 32 threads to pid 1686 (CPUs 1+32)
Accepted connection
Handling client
Request from pid 1762: max_threads=65535, hint_threads=32
[1782676675944] Granted 16 threads to pid 1762 (CPUs 0+0)
Request from pid 1686: max_threads=65535, hint_threads=32
[1782676676672] Granted 16 threads to pid 1686 (CPUs 1+16)
Request from pid 1686: max_threads=65535, hint_threads=32
[1782676677097] Granted 16 threads to pid 1686 (CPUs 1+16)
Request from pid 1762: max_threads=65535, hint_threads=32
[1782676677216] Granted 16 threads to pid 1762 (CPUs 17+16)
Request from pid 1686: max_threads=65535, hint_threads=32
[1782676677295] Granted 16 threads to pid 1686 (CPUs 1+16)
Request from pid 1762: max_threads=65535, hint_threads=32
[1782676677395] Granted 16 threads to pid 1762 (CPUs 17+16)
Request from pid 1686: max_threads=65535, hint_threads=32
[1782676677480] Granted 16 threads to pid 1686 (CPUs 1+16)
Request from pid 1762: max_threads=65535, hint_threads=32
[1782676677576] Granted 16 threads to pid 1762 (CPUs 17+16)
Request from pid 1686: max_threads=65535, hint_threads=32
[1782676677673] Granted 16 threads to pid 1686 (CPUs 1+16)
Request from pid 1762: max_threads=65535, hint_threads=32
[1782676677756] Granted 16 threads to pid 1762 (CPUs 17+16)
Request from pid 1686: max_threads=65535, hint_threads=32
[1782676677875] Granted 16 threads to pid 1686 (CPUs 1+16)
Request from pid 1762: max_threads=65535, hint_threads=32
[1782676677936] Granted 16 threads to pid 1762 (CPUs 17+16)
Request from pid 1686: max_threads=65535, hint_threads=32
[1782676678080] Granted 16 threads to pid 1686 (CPUs 1+16)
Request from pid 1762: max_threads=65535, hint_threads=32
[1782676678114] Granted 16 threads to pid 1762 (CPUs 17+16)
Request from pid 1686: max_threads=65535, hint_threads=32
[1782676678263] Granted 16 threads to pid 1686 (CPUs 1+16)
Request from pid 1762: max_threads=65535, hint_threads=32
[1782676678296] Granted 16 threads to pid 1762 (CPUs 17+16)
Request from pid 1686: max_threads=65535, hint_threads=32
[1782676678366] Granted 16 threads to pid 1686 (CPUs 1+16)
Request from pid 1762: max_threads=65535, hint_threads=32
[1782676678393] Granted 16 threads to pid 1762 (CPUs 17+16)
Request from pid 1686: max_threads=65535, hint_threads=32
[1782676678576] Granted 16 threads to pid 1686 (CPUs 1+16)
Request from pid 1762: max_threads=65535, hint_threads=32
[1782676678591] Granted 16 threads to pid 1762 (CPUs 17+16)
Request from pid 1686: max_threads=65535, hint_threads=32
[1782676678785] Granted 16 threads to pid 1686 (CPUs 1+16)
Request from pid 1762: max_threads=65535, hint_threads=32
[1782676678789] Granted 16 threads to pid 1762 (CPUs 17+16)
Request from pid 1686: max_threads=65535, hint_threads=32
[1782676678889] Granted 16 threads to pid 1686 (CPUs 1+16)
Request from pid 1762: max_threads=65535, hint_threads=32
[1782676678889] Granted 16 threads to pid 1762 (CPUs 17+16)
Request from pid 1762: max_threads=65535, hint_threads=32
[1782676679089] Granted 16 threads to pid 1762 (CPUs 17+16)
Request from pid 1686: max_threads=65535, hint_threads=32
[1782676679097] Granted 16 threads to pid 1686 (CPUs 1+16)
Request from pid 1762: max_threads=65535, hint_threads=32
[1782676679286] Granted 16 threads to pid 1762 (CPUs 17+16)
Request from pid 1686: max_threads=65535, hint_threads=32
[1782676679304] Granted 16 threads to pid 1686 (CPUs 1+16)
Request from pid 1762: max_threads=65535, hint_threads=32
[1782676679386] Granted 16 threads to pid 1762 (CPUs 17+16)
Request from pid 1686: max_threads=65535, hint_threads=32
[1782676679409] Granted 16 threads to pid 1686 (CPUs 1+16)
Request from pid 1762: max_threads=65535, hint_threads=32
[1782676679586] Granted 16 threads to pid 1762 (CPUs 17+16)
Request from pid 1686: max_threads=65535, hint_threads=32
[1782676679618] Granted 16 threads to pid 1686 (CPUs 1+16)
Request from pid 1762: max_threads=65535, hint_threads=32
[1782676679783] Granted 16 threads to pid 1762 (CPUs 17+16)
Request from pid 1686: max_threads=65535, hint_threads=32
[1782676679844] Granted 16 threads to pid 1686 (CPUs 1+16)
Request from pid 1762: max_threads=65535, hint_threads=32
[1782676679981] Granted 16 threads to pid 1762 (CPUs 17+16)
Request from pid 1686: max_threads=65535, hint_threads=32
[1782676680054] Granted 16 threads to pid 1686 (CPUs 1+16)
Request from pid 1762: max_threads=65535, hint_threads=32
[1782676680180] Granted 16 threads to pid 1762 (CPUs 17+16)
Request from pid 1686: max_threads=65535, hint_threads=32
[1782676680262] Granted 16 threads to pid 1686 (CPUs 1+16)
Request from pid 1762: max_threads=65535, hint_threads=32
[1782676680376] Granted 16 threads to pid 1762 (CPUs 17+16)
Request from pid 1686: max_threads=65535, hint_threads=32
[1782676680470] Granted 16 threads to pid 1686 (CPUs 1+16)
Request from pid 1762: max_threads=65535, hint_threads=32
[1782676680573] Granted 16 threads to pid 1762 (CPUs 17+16)
Request from pid 1686: max_threads=65535, hint_threads=32
[1782676680678] Granted 16 threads to pid 1686 (CPUs 1+16)
Request from pid 1762: max_threads=65535, hint_threads=32
[1782676680769] Granted 16 threads to pid 1762 (CPUs 17+16)
Request from pid 1686: max_threads=65535, hint_threads=32
[1782676680886] Granted 16 threads to pid 1686 (CPUs 1+16)
Request from pid 1762: max_threads=65535, hint_threads=32
[1782676680967] Granted 16 threads to pid 1762 (CPUs 17+16)
Request from pid 1686: max_threads=65535, hint_threads=32
[1782676681094] Granted 16 threads to pid 1686 (CPUs 1+16)
Request from pid 1762: max_threads=65535, hint_threads=32
[1782676681165] Granted 16 threads to pid 1762 (CPUs 17+16)
Request from pid 1686: max_threads=65535, hint_threads=32
[1782676681303] Granted 16 threads to pid 1686 (CPUs 1+16)
Request from pid 1762: max_threads=65535, hint_threads=32
[1782676681361] Granted 16 threads to pid 1762 (CPUs 17+16)
Request from pid 1686: max_threads=65535, hint_threads=32
[1782676681512] Granted 16 threads to pid 1686 (CPUs 1+16)
Request from pid 1762: max_threads=65535, hint_threads=32
[1782676681559] Granted 16 threads to pid 1762 (CPUs 17+16)
Request from pid 1686: max_threads=65535, hint_threads=32
[1782676681719] Granted 16 threads to pid 1686 (CPUs 1+16)
Request from pid 1762: max_threads=65535, hint_threads=32
[1782676681758] Granted 16 threads to pid 1762 (CPUs 17+16)
Request from pid 1762: max_threads=65535, hint_threads=32
[1782676681858] Granted 16 threads to pid 1762 (CPUs 17+16)
Request from pid 1686: max_threads=65535, hint_threads=32
[1782676681926] Granted 16 threads to pid 1686 (CPUs 1+16)
Request from pid 1762: max_threads=65535, hint_threads=32
[1782676682058] Granted 16 threads to pid 1762 (CPUs 17+16)
Request from pid 1686: max_threads=65535, hint_threads=32
[1782676682134] Granted 16 threads to pid 1686 (CPUs 1+16)
Request from pid 1762: max_threads=65535, hint_threads=32
[1782676682256] Granted 16 threads to pid 1762 (CPUs 17+16)
Request from pid 1686: max_threads=65535, hint_threads=32
[1782676682341] Granted 16 threads to pid 1686 (CPUs 1+16)
[1782676682451] Client pid 1686 disconnected — removed from state
Request from pid 1762: max_threads=65535, hint_threads=32
[1782676682452] Granted 32 threads to pid 1762 (CPUs 1+32)
Request from pid 1762: max_threads=65535, hint_threads=32
[1782676682593] Granted 32 threads to pid 1762 (CPUs 1+32)
Request from pid 1762: max_threads=65535, hint_threads=32
[1782676682693] Granted 32 threads to pid 1762 (CPUs 1+32)
Request from pid 1762: max_threads=65535, hint_threads=32
[1782676682745] Granted 32 threads to pid 1762 (CPUs 1+32)
Request from pid 1762: max_threads=65535, hint_threads=32
[1782676682849] Granted 32 threads to pid 1762 (CPUs 1+32)
Request from pid 1762: max_threads=65535, hint_threads=32
[1782676682951] Granted 32 threads to pid 1762 (CPUs 1+32)
Accepted connection
Handling client
Request from pid 1917: max_threads=65535, hint_threads=32
[1782676682991] Granted 16 threads to pid 1917 (CPUs 0+0)
Request from pid 1762: max_threads=65535, hint_threads=32
[1782676683052] Granted 16 threads to pid 1762 (CPUs 1+16)
Request from pid 1762: max_threads=65535, hint_threads=32
[1782676684018] Granted 16 threads to pid 1762 (CPUs 1+16)
Request from pid 1917: max_threads=65535, hint_threads=32
[1782676684329] Granted 16 threads to pid 1917 (CPUs 17+16)
Request from pid 1917: max_threads=65535, hint_threads=32
[1782676684418] Granted 16 threads to pid 1917 (CPUs 17+16)
Request from pid 1762: max_threads=65535, hint_threads=32
[1782676684490] Granted 16 threads to pid 1762 (CPUs 1+16)
Request from pid 1917: max_threads=65535, hint_threads=32
[1782676684506] Granted 16 threads to pid 1917 (CPUs 17+16)
Request from pid 1762: max_threads=65535, hint_threads=32
[1782676684676] Granted 16 threads to pid 1762 (CPUs 1+16)
Request from pid 1917: max_threads=65535, hint_threads=32
[1782676684681] Granted 16 threads to pid 1917 (CPUs 17+16)
Request from pid 1762: max_threads=65535, hint_threads=32
[1782676684791] Granted 16 threads to pid 1762 (CPUs 1+16)
Request from pid 1917: max_threads=65535, hint_threads=32
[1782676684870] Granted 16 threads to pid 1917 (CPUs 17+16)
Request from pid 1762: max_threads=65535, hint_threads=32
[1782676684992] Granted 16 threads to pid 1762 (CPUs 1+16)
Request from pid 1917: max_threads=65535, hint_threads=32
[1782676685061] Granted 16 threads to pid 1917 (CPUs 17+16)
Request from pid 1762: max_threads=65535, hint_threads=32
[1782676685192] Granted 16 threads to pid 1762 (CPUs 1+16)
Request from pid 1917: max_threads=65535, hint_threads=32
[1782676685256] Granted 16 threads to pid 1917 (CPUs 17+16)
Request from pid 1762: max_threads=65535, hint_threads=32
[1782676685399] Granted 16 threads to pid 1762 (CPUs 1+16)
Request from pid 1917: max_threads=65535, hint_threads=32
[1782676685455] Granted 16 threads to pid 1917 (CPUs 17+16)
Request from pid 1762: max_threads=65535, hint_threads=32
[1782676685605] Granted 16 threads to pid 1762 (CPUs 1+16)
[1782676685610] Client pid 1762 disconnected — removed from state
Request from pid 1917: max_threads=65535, hint_threads=32
[1782676685646] Granted 32 threads to pid 1917 (CPUs 1+32)
Request from pid 1917: max_threads=65535, hint_threads=32
[1782676685785] Granted 32 threads to pid 1917 (CPUs 1+32)
Request from pid 1917: max_threads=65535, hint_threads=32
[1782676685883] Granted 32 threads to pid 1917 (CPUs 1+32)
Request from pid 1917: max_threads=65535, hint_threads=32
[1782676685981] Granted 32 threads to pid 1917 (CPUs 1+32)
Request from pid 1917: max_threads=65535, hint_threads=32
[1782676686031] Granted 32 threads to pid 1917 (CPUs 1+32)
Request from pid 1917: max_threads=65535, hint_threads=32
[1782676686133] Granted 32 threads to pid 1917 (CPUs 1+32)
Accepted connection
Handling client
Request from pid 1967: max_threads=65535, hint_threads=32
[1782676686147] Granted 16 threads to pid 1967 (CPUs 0+0)
Request from pid 1917: max_threads=65535, hint_threads=32
[1782676686604] Granted 16 threads to pid 1917 (CPUs 1+16)
Request from pid 1917: max_threads=65535, hint_threads=32
[1782676687279] Granted 16 threads to pid 1917 (CPUs 1+16)
Request from pid 1967: max_threads=65535, hint_threads=32
[1782676687545] Granted 16 threads to pid 1967 (CPUs 17+16)
Request from pid 1917: max_threads=65535, hint_threads=32
[1782676687683] Granted 16 threads to pid 1917 (CPUs 1+16)
Request from pid 1967: max_threads=65535, hint_threads=32
[1782676687702] Granted 16 threads to pid 1967 (CPUs 17+16)
Request from pid 1967: max_threads=65535, hint_threads=32
[1782676687796] Granted 16 threads to pid 1967 (CPUs 17+16)
Request from pid 1917: max_threads=65535, hint_threads=32
[1782676687878] Granted 16 threads to pid 1917 (CPUs 1+16)
Request from pid 1967: max_threads=65535, hint_threads=32
[1782676687982] Granted 16 threads to pid 1967 (CPUs 17+16)
Request from pid 1917: max_threads=65535, hint_threads=32
[1782676688074] Granted 16 threads to pid 1917 (CPUs 1+16)
Request from pid 1967: max_threads=65535, hint_threads=32
[1782676688166] Granted 16 threads to pid 1967 (CPUs 17+16)
Request from pid 1917: max_threads=65535, hint_threads=32
[1782676688270] Granted 16 threads to pid 1917 (CPUs 1+16)
Request from pid 1967: max_threads=65535, hint_threads=32
[1782676688350] Granted 16 threads to pid 1967 (CPUs 17+16)
Request from pid 1917: max_threads=65535, hint_threads=32
[1782676688467] Granted 16 threads to pid 1917 (CPUs 1+16)
Request from pid 1967: max_threads=65535, hint_threads=32
[1782676688538] Granted 16 threads to pid 1967 (CPUs 17+16)
Request from pid 1917: max_threads=65535, hint_threads=32
[1782676688675] Granted 16 threads to pid 1917 (CPUs 1+16)
Request from pid 1967: max_threads=65535, hint_threads=32
[1782676688729] Granted 16 threads to pid 1967 (CPUs 17+16)
Request from pid 1917: max_threads=65535, hint_threads=32
[1782676688898] Granted 16 threads to pid 1917 (CPUs 1+16)
Request from pid 1967: max_threads=65535, hint_threads=32
[1782676688915] Granted 16 threads to pid 1967 (CPUs 17+16)
Request from pid 1917: max_threads=65535, hint_threads=32
[1782676689099] Granted 16 threads to pid 1917 (CPUs 1+16)
Request from pid 1967: max_threads=65535, hint_threads=32
[1782676689102] Granted 16 threads to pid 1967 (CPUs 17+16)
Request from pid 1967: max_threads=65535, hint_threads=32
[1782676689288] Granted 16 threads to pid 1967 (CPUs 17+16)
Request from pid 1917: max_threads=65535, hint_threads=32
[1782676689302] Granted 16 threads to pid 1917 (CPUs 1+16)
Request from pid 1967: max_threads=65535, hint_threads=32
[1782676689475] Granted 16 threads to pid 1967 (CPUs 17+16)
Request from pid 1917: max_threads=65535, hint_threads=32
[1782676689511] Granted 16 threads to pid 1917 (CPUs 1+16)
Request from pid 1917: max_threads=65535, hint_threads=32
[1782676689625] Granted 16 threads to pid 1917 (CPUs 1+16)
Request from pid 1967: max_threads=65535, hint_threads=32
[1782676689665] Granted 16 threads to pid 1967 (CPUs 17+16)
Request from pid 1917: max_threads=65535, hint_threads=32
[1782676689829] Granted 16 threads to pid 1917 (CPUs 1+16)
Request from pid 1967: max_threads=65535, hint_threads=32
[1782676689859] Granted 16 threads to pid 1967 (CPUs 17+16)
Request from pid 1917: max_threads=65535, hint_threads=32
[1782676690032] Granted 16 threads to pid 1917 (CPUs 1+16)
Request from pid 1967: max_threads=65535, hint_threads=32
[1782676690048] Granted 16 threads to pid 1967 (CPUs 17+16)
Request from pid 1917: max_threads=65535, hint_threads=32
[1782676690234] Granted 16 threads to pid 1917 (CPUs 1+16)
Request from pid 1967: max_threads=65535, hint_threads=32
[1782676690235] Granted 16 threads to pid 1967 (CPUs 17+16)
Request from pid 1967: max_threads=65535, hint_threads=32
[1782676690422] Granted 16 threads to pid 1967 (CPUs 17+16)
Request from pid 1917: max_threads=65535, hint_threads=32
[1782676690435] Granted 16 threads to pid 1917 (CPUs 1+16)
Request from pid 1967: max_threads=65535, hint_threads=32
[1782676690611] Granted 16 threads to pid 1967 (CPUs 17+16)
Request from pid 1917: max_threads=65535, hint_threads=32
[1782676690639] Granted 16 threads to pid 1917 (CPUs 1+16)
Request from pid 1967: max_threads=65535, hint_threads=32
[1782676690801] Granted 16 threads to pid 1967 (CPUs 17+16)
Request from pid 1917: max_threads=65535, hint_threads=32
[1782676690846] Granted 16 threads to pid 1917 (CPUs 1+16)
Request from pid 1967: max_threads=65535, hint_threads=32
[1782676690990] Granted 16 threads to pid 1967 (CPUs 17+16)
Request from pid 1917: max_threads=65535, hint_threads=32
[1782676691049] Granted 16 threads to pid 1917 (CPUs 1+16)
Request from pid 1967: max_threads=65535, hint_threads=32
[1782676691177] Granted 16 threads to pid 1967 (CPUs 17+16)
Request from pid 1917: max_threads=65535, hint_threads=32
[1782676691251] Granted 16 threads to pid 1917 (CPUs 1+16)
Request from pid 1967: max_threads=65535, hint_threads=32
[1782676691364] Granted 16 threads to pid 1967 (CPUs 17+16)
Request from pid 1917: max_threads=65535, hint_threads=32
[1782676691452] Granted 16 threads to pid 1917 (CPUs 1+16)
Request from pid 1967: max_threads=65535, hint_threads=32
[1782676691458] Granted 16 threads to pid 1967 (CPUs 17+16)
Request from pid 1967: max_threads=65535, hint_threads=32
[1782676691644] Granted 16 threads to pid 1967 (CPUs 17+16)
Request from pid 1917: max_threads=65535, hint_threads=32
[1782676691653] Granted 16 threads to pid 1917 (CPUs 1+16)
Request from pid 1967: max_threads=65535, hint_threads=32
[1782676691831] Granted 16 threads to pid 1967 (CPUs 17+16)
Request from pid 1917: max_threads=65535, hint_threads=32
[1782676691854] Granted 16 threads to pid 1917 (CPUs 1+16)
Request from pid 1967: max_threads=65535, hint_threads=32
[1782676692018] Granted 16 threads to pid 1967 (CPUs 17+16)
Request from pid 1917: max_threads=65535, hint_threads=32
[1782676692056] Granted 16 threads to pid 1917 (CPUs 1+16)
Request from pid 1967: max_threads=65535, hint_threads=32
[1782676692205] Granted 16 threads to pid 1967 (CPUs 17+16)
Request from pid 1917: max_threads=65535, hint_threads=32
[1782676692257] Granted 16 threads to pid 1917 (CPUs 1+16)
Request from pid 1967: max_threads=65535, hint_threads=32
[1782676692391] Granted 16 threads to pid 1967 (CPUs 17+16)
Request from pid 1917: max_threads=65535, hint_threads=32
[1782676692458] Granted 16 threads to pid 1917 (CPUs 1+16)
[1782676692564] Client pid 1917 disconnected — removed from state
Request from pid 1967: max_threads=65535, hint_threads=32
[1782676692575] Granted 32 threads to pid 1967 (CPUs 1+32)
Request from pid 1967: max_threads=65535, hint_threads=32
[1782676692710] Granted 32 threads to pid 1967 (CPUs 1+32)
Request from pid 1967: max_threads=65535, hint_threads=32
[1782676692804] Granted 32 threads to pid 1967 (CPUs 1+32)
Request from pid 1967: max_threads=65535, hint_threads=32
[1782676692898] Granted 32 threads to pid 1967 (CPUs 1+32)
Request from pid 1967: max_threads=65535, hint_threads=32
[1782676692994] Granted 32 threads to pid 1967 (CPUs 1+32)
Request from pid 1967: max_threads=65535, hint_threads=32
[1782676693092] Granted 32 threads to pid 1967 (CPUs 1+32)
Accepted connection
Handling client
Request from pid 2091: max_threads=65535, hint_threads=32
[1782676693104] Granted 16 threads to pid 2091 (CPUs 0+0)
Request from pid 1967: max_threads=65535, hint_threads=32
[1782676693676] Granted 16 threads to pid 1967 (CPUs 1+16)
Request from pid 1967: max_threads=65535, hint_threads=32
[1782676694227] Granted 16 threads to pid 1967 (CPUs 1+16)
Request from pid 1967: max_threads=65535, hint_threads=32
[1782676694505] Granted 16 threads to pid 1967 (CPUs 1+16)
Request from pid 2091: max_threads=65535, hint_threads=32
[1782676694520] Granted 16 threads to pid 2091 (CPUs 17+16)
Request from pid 2091: max_threads=65535, hint_threads=32
[1782676694607] Granted 16 threads to pid 2091 (CPUs 17+16)
Request from pid 1967: max_threads=65535, hint_threads=32
[1782676694680] Granted 16 threads to pid 1967 (CPUs 1+16)
Request from pid 2091: max_threads=65535, hint_threads=32
[1782676694693] Granted 16 threads to pid 2091 (CPUs 17+16)
Request from pid 2091: max_threads=65535, hint_threads=32
[1782676694876] Granted 16 threads to pid 2091 (CPUs 17+16)
Request from pid 1967: max_threads=65535, hint_threads=32
[1782676694913] Granted 16 threads to pid 1967 (CPUs 1+16)
Request from pid 2091: max_threads=65535, hint_threads=32
[1782676695068] Granted 16 threads to pid 2091 (CPUs 17+16)
Request from pid 1967: max_threads=65535, hint_threads=32
[1782676695100] Granted 16 threads to pid 1967 (CPUs 1+16)
Request from pid 2091: max_threads=65535, hint_threads=32
[1782676695261] Granted 16 threads to pid 2091 (CPUs 17+16)
Request from pid 1967: max_threads=65535, hint_threads=32
[1782676695285] Granted 16 threads to pid 1967 (CPUs 1+16)
Request from pid 2091: max_threads=65535, hint_threads=32
[1782676695457] Granted 16 threads to pid 2091 (CPUs 17+16)
Request from pid 1967: max_threads=65535, hint_threads=32
[1782676695473] Granted 16 threads to pid 1967 (CPUs 1+16)
[1782676695478] Client pid 1967 disconnected — removed from state
Request from pid 2091: max_threads=65535, hint_threads=32
[1782676695623] Granted 32 threads to pid 2091 (CPUs 1+32)
Request from pid 2091: max_threads=65535, hint_threads=32
[1782676695759] Granted 32 threads to pid 2091 (CPUs 1+32)
Request from pid 2091: max_threads=65535, hint_threads=32
[1782676695855] Granted 32 threads to pid 2091 (CPUs 1+32)
Request from pid 2091: max_threads=65535, hint_threads=32
[1782676695951] Granted 32 threads to pid 2091 (CPUs 1+32)
Accepted connection
Handling client
Request from pid 2251: max_threads=65535, hint_threads=32
[1782676696037] Granted 16 threads to pid 2251 (CPUs 0+0)
Request from pid 2091: max_threads=65535, hint_threads=32
[1782676696285] Granted 16 threads to pid 2091 (CPUs 1+16)
Request from pid 2091: max_threads=65535, hint_threads=32
[1782676696678] Granted 16 threads to pid 2091 (CPUs 1+16)
Request from pid 2091: max_threads=65535, hint_threads=32
[1782676696972] Granted 16 threads to pid 2091 (CPUs 1+16)
Request from pid 2251: max_threads=65535, hint_threads=32
[1782676697257] Granted 16 threads to pid 2251 (CPUs 17+16)
Request from pid 2091: max_threads=65535, hint_threads=32
[1782676697308] Granted 16 threads to pid 2091 (CPUs 1+16)
Request from pid 2251: max_threads=65535, hint_threads=32
[1782676697355] Granted 16 threads to pid 2251 (CPUs 17+16)
Request from pid 2251: max_threads=65535, hint_threads=32
[1782676697455] Granted 16 threads to pid 2251 (CPUs 17+16)
Request from pid 2091: max_threads=65535, hint_threads=32
[1782676697499] Granted 16 threads to pid 2091 (CPUs 1+16)
Request from pid 2251: max_threads=65535, hint_threads=32
[1782676697654] Granted 16 threads to pid 2251 (CPUs 17+16)
Request from pid 2091: max_threads=65535, hint_threads=32
[1782676697689] Granted 16 threads to pid 2091 (CPUs 1+16)
Request from pid 2251: max_threads=65535, hint_threads=32
[1782676697854] Granted 16 threads to pid 2251 (CPUs 17+16)
Request from pid 2091: max_threads=65535, hint_threads=32
[1782676697877] Granted 16 threads to pid 2091 (CPUs 1+16)
Request from pid 2251: max_threads=65535, hint_threads=32
[1782676698059] Granted 16 threads to pid 2251 (CPUs 17+16)
Request from pid 2091: max_threads=65535, hint_threads=32
[1782676698071] Granted 16 threads to pid 2091 (CPUs 1+16)
Request from pid 2251: max_threads=65535, hint_threads=32
[1782676698262] Granted 16 threads to pid 2251 (CPUs 17+16)
Request from pid 2091: max_threads=65535, hint_threads=32
[1782676698263] Granted 16 threads to pid 2091 (CPUs 1+16)
Request from pid 2091: max_threads=65535, hint_threads=32
[1782676698359] Granted 16 threads to pid 2091 (CPUs 1+16)
Request from pid 2251: max_threads=65535, hint_threads=32
[1782676698465] Granted 16 threads to pid 2251 (CPUs 17+16)
Request from pid 2091: max_threads=65535, hint_threads=32
[1782676698550] Granted 16 threads to pid 2091 (CPUs 1+16)
Request from pid 2251: max_threads=65535, hint_threads=32
[1782676698667] Granted 16 threads to pid 2251 (CPUs 17+16)
Request from pid 2091: max_threads=65535, hint_threads=32
[1782676698742] Granted 16 threads to pid 2091 (CPUs 1+16)
Request from pid 2251: max_threads=65535, hint_threads=32
[1782676698869] Granted 16 threads to pid 2251 (CPUs 17+16)
Request from pid 2091: max_threads=65535, hint_threads=32
[1782676698940] Granted 16 threads to pid 2091 (CPUs 1+16)
Request from pid 2251: max_threads=65535, hint_threads=32
[1782676699072] Granted 16 threads to pid 2251 (CPUs 17+16)
Request from pid 2091: max_threads=65535, hint_threads=32
[1782676699126] Granted 16 threads to pid 2091 (CPUs 1+16)
Request from pid 2251: max_threads=65535, hint_threads=32
[1782676699275] Granted 16 threads to pid 2251 (CPUs 17+16)
Request from pid 2091: max_threads=65535, hint_threads=32
[1782676699318] Granted 16 threads to pid 2091 (CPUs 1+16)
Request from pid 2251: max_threads=65535, hint_threads=32
[1782676699376] Granted 16 threads to pid 2251 (CPUs 17+16)
Request from pid 2091: max_threads=65535, hint_threads=32
[1782676699413] Granted 16 threads to pid 2091 (CPUs 1+16)
Request from pid 2251: max_threads=65535, hint_threads=32
[1782676699579] Granted 16 threads to pid 2251 (CPUs 17+16)
Request from pid 2091: max_threads=65535, hint_threads=32
[1782676699605] Granted 16 threads to pid 2091 (CPUs 1+16)
Request from pid 2251: max_threads=65535, hint_threads=32
[1782676699781] Granted 16 threads to pid 2251 (CPUs 17+16)
Request from pid 2091: max_threads=65535, hint_threads=32
[1782676699797] Granted 16 threads to pid 2091 (CPUs 1+16)
Request from pid 2091: max_threads=65535, hint_threads=32
[1782676699893] Granted 16 threads to pid 2091 (CPUs 1+16)
Request from pid 2251: max_threads=65535, hint_threads=32
[1782676699996] Granted 16 threads to pid 2251 (CPUs 17+16)
Request from pid 2091: max_threads=65535, hint_threads=32
[1782676700084] Granted 16 threads to pid 2091 (CPUs 1+16)
Request from pid 2251: max_threads=65535, hint_threads=32
[1782676700187] Granted 16 threads to pid 2251 (CPUs 17+16)
Request from pid 2091: max_threads=65535, hint_threads=32
[1782676700276] Granted 16 threads to pid 2091 (CPUs 1+16)
Request from pid 2251: max_threads=65535, hint_threads=32
[1782676700389] Granted 16 threads to pid 2251 (CPUs 17+16)
Request from pid 2091: max_threads=65535, hint_threads=32
[1782676700468] Granted 16 threads to pid 2091 (CPUs 1+16)
Request from pid 2251: max_threads=65535, hint_threads=32
[1782676700592] Granted 16 threads to pid 2251 (CPUs 17+16)
Request from pid 2091: max_threads=65535, hint_threads=32
[1782676700660] Granted 16 threads to pid 2091 (CPUs 1+16)
Request from pid 2251: max_threads=65535, hint_threads=32
[1782676700794] Granted 16 threads to pid 2251 (CPUs 17+16)
Request from pid 2091: max_threads=65535, hint_threads=32
[1782676700851] Granted 16 threads to pid 2091 (CPUs 1+16)
Request from pid 2251: max_threads=65535, hint_threads=32
[1782676701000] Granted 16 threads to pid 2251 (CPUs 17+16)
Request from pid 2091: max_threads=65535, hint_threads=32
[1782676701049] Granted 16 threads to pid 2091 (CPUs 1+16)
Request from pid 2251: max_threads=65535, hint_threads=32
[1782676701200] Granted 16 threads to pid 2251 (CPUs 17+16)
Request from pid 2091: max_threads=65535, hint_threads=32
[1782676701235] Granted 16 threads to pid 2091 (CPUs 1+16)
Request from pid 2091: max_threads=65535, hint_threads=32
[1782676701332] Granted 16 threads to pid 2091 (CPUs 1+16)
Request from pid 2251: max_threads=65535, hint_threads=32
[1782676701402] Granted 16 threads to pid 2251 (CPUs 17+16)
Request from pid 2091: max_threads=65535, hint_threads=32
[1782676701524] Granted 16 threads to pid 2091 (CPUs 1+16)
Request from pid 2251: max_threads=65535, hint_threads=32
[1782676701605] Granted 16 threads to pid 2251 (CPUs 17+16)
Request from pid 2091: max_threads=65535, hint_threads=32
[1782676701716] Granted 16 threads to pid 2091 (CPUs 1+16)
Request from pid 2251: max_threads=65535, hint_threads=32
[1782676701808] Granted 16 threads to pid 2251 (CPUs 17+16)
Request from pid 2091: max_threads=65535, hint_threads=32
[1782676701811] Granted 16 threads to pid 2091 (CPUs 1+16)
Request from pid 2091: max_threads=65535, hint_threads=32
[1782676702012] Granted 16 threads to pid 2091 (CPUs 1+16)
Request from pid 2251: max_threads=65535, hint_threads=32
[1782676702024] Granted 16 threads to pid 2251 (CPUs 17+16)
Request from pid 2091: max_threads=65535, hint_threads=32
[1782676702193] Granted 16 threads to pid 2091 (CPUs 1+16)
[1782676702199] Client pid 2091 disconnected — removed from state
Request from pid 2251: max_threads=65535, hint_threads=32
[1782676702212] Granted 32 threads to pid 2251 (CPUs 1+32)
Request from pid 2251: max_threads=65535, hint_threads=32
[1782676702353] Granted 32 threads to pid 2251 (CPUs 1+32)
Request from pid 2251: max_threads=65535, hint_threads=32
[1782676702451] Granted 32 threads to pid 2251 (CPUs 1+32)
Request from pid 2251: max_threads=65535, hint_threads=32
[1782676702549] Granted 32 threads to pid 2251 (CPUs 1+32)
Request from pid 2251: max_threads=65535, hint_threads=32
[1782676702599] Granted 32 threads to pid 2251 (CPUs 1+32)
Request from pid 2251: max_threads=65535, hint_threads=32
[1782676702701] Granted 32 threads to pid 2251 (CPUs 1+32)
Accepted connection
Handling client
Request from pid 2340: max_threads=65535, hint_threads=32
[1782676702741] Granted 16 threads to pid 2340 (CPUs 0+0)
Request from pid 2251: max_threads=65535, hint_threads=32
[1782676702936] Granted 16 threads to pid 2251 (CPUs 1+16)
Request from pid 2251: max_threads=65535, hint_threads=32
[1782676703485] Granted 16 threads to pid 2251 (CPUs 1+16)
Request from pid 2340: max_threads=65535, hint_threads=32
[1782676704086] Granted 16 threads to pid 2340 (CPUs 17+16)
Request from pid 2251: max_threads=65535, hint_threads=32
[1782676704132] Granted 16 threads to pid 2251 (CPUs 1+16)
Request from pid 2340: max_threads=65535, hint_threads=32
[1782676704180] Granted 16 threads to pid 2340 (CPUs 17+16)
Request from pid 2340: max_threads=65535, hint_threads=32
[1782676704274] Granted 16 threads to pid 2340 (CPUs 17+16)
Request from pid 2251: max_threads=65535, hint_threads=32
[1782676704331] Granted 16 threads to pid 2251 (CPUs 1+16)
Request from pid 2340: max_threads=65535, hint_threads=32
[1782676704461] Granted 16 threads to pid 2340 (CPUs 17+16)
Request from pid 2251: max_threads=65535, hint_threads=32
[1782676704530] Granted 16 threads to pid 2251 (CPUs 1+16)
Request from pid 2340: max_threads=65535, hint_threads=32
[1782676704648] Granted 16 threads to pid 2340 (CPUs 17+16)
Request from pid 2251: max_threads=65535, hint_threads=32
[1782676704728] Granted 16 threads to pid 2251 (CPUs 1+16)
Request from pid 2340: max_threads=65535, hint_threads=32
[1782676704835] Granted 16 threads to pid 2340 (CPUs 17+16)
Request from pid 2251: max_threads=65535, hint_threads=32
[1782676704928] Granted 16 threads to pid 2251 (CPUs 1+16)
Request from pid 2340: max_threads=65535, hint_threads=32
[1782676705036] Granted 16 threads to pid 2340 (CPUs 17+16)
Request from pid 2251: max_threads=65535, hint_threads=32
[1782676705131] Granted 16 threads to pid 2251 (CPUs 1+16)
Request from pid 2340: max_threads=65535, hint_threads=32
[1782676705219] Granted 16 threads to pid 2340 (CPUs 17+16)
Request from pid 2251: max_threads=65535, hint_threads=32
[1782676705334] Granted 16 threads to pid 2251 (CPUs 1+16)
Request from pid 2340: max_threads=65535, hint_threads=32
[1782676705411] Granted 16 threads to pid 2340 (CPUs 17+16)
[1782676705442] Client pid 2251 disconnected — removed from state
Request from pid 2340: max_threads=65535, hint_threads=32
[1782676705577] Granted 32 threads to pid 2340 (CPUs 1+32)
Request from pid 2340: max_threads=65535, hint_threads=32
[1782676705715] Granted 32 threads to pid 2340 (CPUs 1+32)
Request from pid 2340: max_threads=65535, hint_threads=32
[1782676705812] Granted 32 threads to pid 2340 (CPUs 1+32)
Request from pid 2340: max_threads=65535, hint_threads=32
[1782676705860] Granted 32 threads to pid 2340 (CPUs 1+32)
Request from pid 2340: max_threads=65535, hint_threads=32
[1782676705964] Granted 32 threads to pid 2340 (CPUs 1+32)
Accepted connection
Handling client
Request from pid 2383: max_threads=65535, hint_threads=32
[1782676705988] Granted 16 threads to pid 2383 (CPUs 0+0)
Request from pid 2340: max_threads=65535, hint_threads=32
[1782676706331] Granted 16 threads to pid 2340 (CPUs 1+16)
Request from pid 2340: max_threads=65535, hint_threads=32
[1782676707149] Granted 16 threads to pid 2340 (CPUs 1+16)
Request from pid 2383: max_threads=65535, hint_threads=32
[1782676707489] Granted 16 threads to pid 2383 (CPUs 17+16)
Request from pid 2383: max_threads=65535, hint_threads=32
[1782676707579] Granted 16 threads to pid 2383 (CPUs 17+16)
Request from pid 2340: max_threads=65535, hint_threads=32
[1782676707610] Granted 16 threads to pid 2340 (CPUs 1+16)
Request from pid 2383: max_threads=65535, hint_threads=32
[1782676707667] Granted 16 threads to pid 2383 (CPUs 17+16)
Request from pid 2340: max_threads=65535, hint_threads=32
[1782676707805] Granted 16 threads to pid 2340 (CPUs 1+16)
Request from pid 2383: max_threads=65535, hint_threads=32
[1782676707849] Granted 16 threads to pid 2383 (CPUs 17+16)
Request from pid 2340: max_threads=65535, hint_threads=32
[1782676708008] Granted 16 threads to pid 2340 (CPUs 1+16)
Request from pid 2383: max_threads=65535, hint_threads=32
[1782676708032] Granted 16 threads to pid 2383 (CPUs 17+16)
Request from pid 2340: max_threads=65535, hint_threads=32
[1782676708195] Granted 16 threads to pid 2340 (CPUs 1+16)
Request from pid 2383: max_threads=65535, hint_threads=32
[1782676708212] Granted 16 threads to pid 2383 (CPUs 17+16)
Request from pid 2340: max_threads=65535, hint_threads=32
[1782676708389] Granted 16 threads to pid 2340 (CPUs 1+16)
Request from pid 2383: max_threads=65535, hint_threads=32
[1782676708393] Granted 16 threads to pid 2383 (CPUs 17+16)
Request from pid 2383: max_threads=65535, hint_threads=32
[1782676708486] Granted 16 threads to pid 2383 (CPUs 17+16)
Request from pid 2340: max_threads=65535, hint_threads=32
[1782676708489] Granted 16 threads to pid 2340 (CPUs 1+16)
Request from pid 2340: max_threads=65535, hint_threads=32
[1782676708590] Granted 16 threads to pid 2340 (CPUs 1+16)
Request from pid 2383: max_threads=65535, hint_threads=32
[1782676708671] Granted 16 threads to pid 2383 (CPUs 17+16)
Request from pid 2340: max_threads=65535, hint_threads=32
[1782676708788] Granted 16 threads to pid 2340 (CPUs 1+16)
Request from pid 2383: max_threads=65535, hint_threads=32
[1782676708855] Granted 16 threads to pid 2383 (CPUs 17+16)
Request from pid 2340: max_threads=65535, hint_threads=32
[1782676708987] Granted 16 threads to pid 2340 (CPUs 1+16)
Request from pid 2383: max_threads=65535, hint_threads=32
[1782676709040] Granted 16 threads to pid 2383 (CPUs 17+16)
Request from pid 2340: max_threads=65535, hint_threads=32
[1782676709186] Granted 16 threads to pid 2340 (CPUs 1+16)
Request from pid 2383: max_threads=65535, hint_threads=32
[1782676709224] Granted 16 threads to pid 2383 (CPUs 17+16)
Request from pid 2340: max_threads=65535, hint_threads=32
[1782676709385] Granted 16 threads to pid 2340 (CPUs 1+16)
Request from pid 2383: max_threads=65535, hint_threads=32
[1782676709408] Granted 16 threads to pid 2383 (CPUs 17+16)
Request from pid 2340: max_threads=65535, hint_threads=32
[1782676709486] Granted 16 threads to pid 2340 (CPUs 1+16)
Request from pid 2383: max_threads=65535, hint_threads=32
[1782676709593] Granted 16 threads to pid 2383 (CPUs 17+16)
Request from pid 2340: max_threads=65535, hint_threads=32
[1782676709684] Granted 16 threads to pid 2340 (CPUs 1+16)
Request from pid 2383: max_threads=65535, hint_threads=32
[1782676709778] Granted 16 threads to pid 2383 (CPUs 17+16)
Request from pid 2340: max_threads=65535, hint_threads=32
[1782676709882] Granted 16 threads to pid 2340 (CPUs 1+16)
Request from pid 2383: max_threads=65535, hint_threads=32
[1782676709963] Granted 16 threads to pid 2383 (CPUs 17+16)
Request from pid 2340: max_threads=65535, hint_threads=32
[1782676709981] Granted 16 threads to pid 2340 (CPUs 1+16)
Request from pid 2383: max_threads=65535, hint_threads=32
[1782676710147] Granted 16 threads to pid 2383 (CPUs 17+16)
Request from pid 2340: max_threads=65535, hint_threads=32
[1782676710179] Granted 16 threads to pid 2340 (CPUs 1+16)
Request from pid 2383: max_threads=65535, hint_threads=32
[1782676710331] Granted 16 threads to pid 2383 (CPUs 17+16)
Request from pid 2340: max_threads=65535, hint_threads=32
[1782676710377] Granted 16 threads to pid 2340 (CPUs 1+16)
Request from pid 2340: max_threads=65535, hint_threads=32
[1782676710477] Granted 16 threads to pid 2340 (CPUs 1+16)
Request from pid 2383: max_threads=65535, hint_threads=32
[1782676710515] Granted 16 threads to pid 2383 (CPUs 17+16)
Request from pid 2340: max_threads=65535, hint_threads=32
[1782676710675] Granted 16 threads to pid 2340 (CPUs 1+16)
Request from pid 2383: max_threads=65535, hint_threads=32
[1782676710699] Granted 16 threads to pid 2383 (CPUs 17+16)
Request from pid 2383: max_threads=65535, hint_threads=32
[1782676710791] Granted 16 threads to pid 2383 (CPUs 17+16)
Request from pid 2340: max_threads=65535, hint_threads=32
[1782676710873] Granted 16 threads to pid 2340 (CPUs 1+16)
Request from pid 2383: max_threads=65535, hint_threads=32
[1782676710975] Granted 16 threads to pid 2383 (CPUs 17+16)
Request from pid 2340: max_threads=65535, hint_threads=32
[1782676711072] Granted 16 threads to pid 2340 (CPUs 1+16)
Request from pid 2383: max_threads=65535, hint_threads=32
[1782676711160] Granted 16 threads to pid 2383 (CPUs 17+16)
Request from pid 2340: max_threads=65535, hint_threads=32
[1782676711270] Granted 16 threads to pid 2340 (CPUs 1+16)
Request from pid 2383: max_threads=65535, hint_threads=32
[1782676711344] Granted 16 threads to pid 2383 (CPUs 17+16)
Request from pid 2340: max_threads=65535, hint_threads=32
[1782676711468] Granted 16 threads to pid 2340 (CPUs 1+16)
Request from pid 2383: max_threads=65535, hint_threads=32
[1782676711527] Granted 16 threads to pid 2383 (CPUs 17+16)
Request from pid 2340: max_threads=65535, hint_threads=32
[1782676711666] Granted 16 threads to pid 2340 (CPUs 1+16)
Request from pid 2383: max_threads=65535, hint_threads=32
[1782676711711] Granted 16 threads to pid 2383 (CPUs 17+16)
Request from pid 2340: max_threads=65535, hint_threads=32
[1782676711864] Granted 16 threads to pid 2340 (CPUs 1+16)
Request from pid 2383: max_threads=65535, hint_threads=32
[1782676711895] Granted 16 threads to pid 2383 (CPUs 17+16)
Request from pid 2340: max_threads=65535, hint_threads=32
[1782676711968] Granted 16 threads to pid 2340 (CPUs 1+16)
Request from pid 2383: max_threads=65535, hint_threads=32
[1782676712080] Granted 16 threads to pid 2383 (CPUs 17+16)
Request from pid 2340: max_threads=65535, hint_threads=32
[1782676712162] Granted 16 threads to pid 2340 (CPUs 1+16)
Request from pid 2383: max_threads=65535, hint_threads=32
[1782676712263] Granted 16 threads to pid 2383 (CPUs 17+16)
Request from pid 2340: max_threads=65535, hint_threads=32
[1782676712361] Granted 16 threads to pid 2340 (CPUs 1+16)
[1782676712368] Client pid 2340 disconnected — removed from state
Request from pid 2383: max_threads=65535, hint_threads=32
[1782676712434] Granted 32 threads to pid 2383 (CPUs 1+32)
Request from pid 2383: max_threads=65535, hint_threads=32
[1782676712566] Granted 32 threads to pid 2383 (CPUs 1+32)
Request from pid 2383: max_threads=65535, hint_threads=32
[1782676712659] Granted 32 threads to pid 2383 (CPUs 1+32)
Request from pid 2383: max_threads=65535, hint_threads=32
[1782676712751] Granted 32 threads to pid 2383 (CPUs 1+32)
Request from pid 2383: max_threads=65535, hint_threads=32
[1782676712798] Granted 32 threads to pid 2383 (CPUs 1+32)
Request from pid 2383: max_threads=65535, hint_threads=32
[1782676712892] Granted 32 threads to pid 2383 (CPUs 1+32)
Accepted connection
Handling client
Request from pid 2548: max_threads=65535, hint_threads=32
[1782676712908] Granted 16 threads to pid 2548 (CPUs 0+0)
Request from pid 2383: max_threads=65535, hint_threads=32
[1782676713292] Granted 16 threads to pid 2383 (CPUs 1+16)
Request from pid 2383: max_threads=65535, hint_threads=32
[1782676714129] Granted 16 threads to pid 2383 (CPUs 1+16)
Request from pid 2548: max_threads=65535, hint_threads=32
[1782676714320] Granted 16 threads to pid 2548 (CPUs 17+16)
Request from pid 2548: max_threads=65535, hint_threads=32
[1782676714407] Granted 16 threads to pid 2548 (CPUs 17+16)
Request from pid 2548: max_threads=65535, hint_threads=32
[1782676714493] Granted 16 threads to pid 2548 (CPUs 17+16)
Request from pid 2383: max_threads=65535, hint_threads=32
[1782676714565] Granted 16 threads to pid 2383 (CPUs 1+16)
Request from pid 2548: max_threads=65535, hint_threads=32
[1782676714666] Granted 16 threads to pid 2548 (CPUs 17+16)
Request from pid 2383: max_threads=65535, hint_threads=32
[1782676714740] Granted 16 threads to pid 2383 (CPUs 1+16)
Request from pid 2548: max_threads=65535, hint_threads=32
[1782676714851] Granted 16 threads to pid 2548 (CPUs 17+16)
Request from pid 2383: max_threads=65535, hint_threads=32
[1782676714925] Granted 16 threads to pid 2383 (CPUs 1+16)
Request from pid 2548: max_threads=65535, hint_threads=32
[1782676715045] Granted 16 threads to pid 2548 (CPUs 17+16)
Request from pid 2383: max_threads=65535, hint_threads=32
[1782676715109] Granted 16 threads to pid 2383 (CPUs 1+16)
Request from pid 2548: max_threads=65535, hint_threads=32
[1782676715240] Granted 16 threads to pid 2548 (CPUs 17+16)
Request from pid 2383: max_threads=65535, hint_threads=32
[1782676715291] Granted 16 threads to pid 2383 (CPUs 1+16)
Request from pid 2548: max_threads=65535, hint_threads=32
[1782676715341] Granted 16 threads to pid 2548 (CPUs 17+16)
[1782676715391] Client pid 2383 disconnected — removed from state
Request from pid 2548: max_threads=65535, hint_threads=32
[1782676715514] Granted 32 threads to pid 2548 (CPUs 1+32)
Request from pid 2548: max_threads=65535, hint_threads=32
[1782676715651] Granted 32 threads to pid 2548 (CPUs 1+32)
Request from pid 2548: max_threads=65535, hint_threads=32
[1782676715748] Granted 32 threads to pid 2548 (CPUs 1+32)
Request from pid 2548: max_threads=65535, hint_threads=32
[1782676715845] Granted 32 threads to pid 2548 (CPUs 1+32)
Accepted connection
Handling client
Request from pid 2710: max_threads=65535, hint_threads=32
[1782676715952] Granted 16 threads to pid 2710 (CPUs 0+0)
Request from pid 2548: max_threads=65535, hint_threads=32
[1782676716160] Granted 16 threads to pid 2548 (CPUs 1+16)
Request from pid 2548: max_threads=65535, hint_threads=32
[1782676716511] Granted 16 threads to pid 2548 (CPUs 1+16)
Request from pid 2548: max_threads=65535, hint_threads=32
[1782676716672] Granted 16 threads to pid 2548 (CPUs 1+16)
Request from pid 2548: max_threads=65535, hint_threads=32
[1782676716832] Granted 16 threads to pid 2548 (CPUs 1+16)
Request from pid 2548: max_threads=65535, hint_threads=32
[1782676717015] Granted 16 threads to pid 2548 (CPUs 1+16)
Request from pid 2710: max_threads=65535, hint_threads=32
[1782676717178] Granted 16 threads to pid 2710 (CPUs 17+16)
Request from pid 2548: max_threads=65535, hint_threads=32
[1782676717204] Granted 16 threads to pid 2548 (CPUs 1+16)
Request from pid 2710: max_threads=65535, hint_threads=32
[1782676717340] Granted 16 threads to pid 2710 (CPUs 17+16)
Request from pid 2710: max_threads=65535, hint_threads=32
[1782676717507] Granted 16 threads to pid 2710 (CPUs 17+16)
Request from pid 2548: max_threads=65535, hint_threads=32
[1782676717569] Granted 16 threads to pid 2548 (CPUs 1+16)
Request from pid 2710: max_threads=65535, hint_threads=32
[1782676717600] Granted 16 threads to pid 2710 (CPUs 17+16)
Request from pid 2548: max_threads=65535, hint_threads=32
[1782676717758] Granted 16 threads to pid 2548 (CPUs 1+16)
Request from pid 2710: max_threads=65535, hint_threads=32
[1782676717765] Granted 16 threads to pid 2710 (CPUs 17+16)
Request from pid 2710: max_threads=65535, hint_threads=32
[1782676717849] Granted 16 threads to pid 2710 (CPUs 17+16)
Request from pid 2548: max_threads=65535, hint_threads=32
[1782676717952] Granted 16 threads to pid 2548 (CPUs 1+16)
Request from pid 2710: max_threads=65535, hint_threads=32
[1782676718024] Granted 16 threads to pid 2710 (CPUs 17+16)
Request from pid 2548: max_threads=65535, hint_threads=32
[1782676718154] Granted 16 threads to pid 2548 (CPUs 1+16)
Request from pid 2710: max_threads=65535, hint_threads=32
[1782676718201] Granted 16 threads to pid 2710 (CPUs 17+16)
Request from pid 2710: max_threads=65535, hint_threads=32
[1782676718294] Granted 16 threads to pid 2710 (CPUs 17+16)
Request from pid 2548: max_threads=65535, hint_threads=32
[1782676718355] Granted 16 threads to pid 2548 (CPUs 1+16)
Request from pid 2710: max_threads=65535, hint_threads=32
[1782676718480] Granted 16 threads to pid 2710 (CPUs 17+16)
Request from pid 2548: max_threads=65535, hint_threads=32
[1782676718556] Granted 16 threads to pid 2548 (CPUs 1+16)
Request from pid 2710: max_threads=65535, hint_threads=32
[1782676718664] Granted 16 threads to pid 2710 (CPUs 17+16)
Request from pid 2548: max_threads=65535, hint_threads=32
[1782676718756] Granted 16 threads to pid 2548 (CPUs 1+16)
Request from pid 2710: max_threads=65535, hint_threads=32
[1782676718756] Granted 16 threads to pid 2710 (CPUs 17+16)
Request from pid 2710: max_threads=65535, hint_threads=32
[1782676718948] Granted 16 threads to pid 2710 (CPUs 17+16)
Request from pid 2548: max_threads=65535, hint_threads=32
[1782676718957] Granted 16 threads to pid 2548 (CPUs 1+16)
Request from pid 2710: max_threads=65535, hint_threads=32
[1782676719126] Granted 16 threads to pid 2710 (CPUs 17+16)
Request from pid 2548: max_threads=65535, hint_threads=32
[1782676719157] Granted 16 threads to pid 2548 (CPUs 1+16)
Request from pid 2710: max_threads=65535, hint_threads=32
[1782676719311] Granted 16 threads to pid 2710 (CPUs 17+16)
Request from pid 2548: max_threads=65535, hint_threads=32
[1782676719356] Granted 16 threads to pid 2548 (CPUs 1+16)
Request from pid 2710: max_threads=65535, hint_threads=32
[1782676719496] Granted 16 threads to pid 2710 (CPUs 17+16)
Request from pid 2548: max_threads=65535, hint_threads=32
[1782676719556] Granted 16 threads to pid 2548 (CPUs 1+16)
Request from pid 2710: max_threads=65535, hint_threads=32
[1782676719680] Granted 16 threads to pid 2710 (CPUs 17+16)
Request from pid 2548: max_threads=65535, hint_threads=32
[1782676719756] Granted 16 threads to pid 2548 (CPUs 1+16)
Request from pid 2710: max_threads=65535, hint_threads=32
[1782676719864] Granted 16 threads to pid 2710 (CPUs 17+16)
Request from pid 2548: max_threads=65535, hint_threads=32
[1782676719956] Granted 16 threads to pid 2548 (CPUs 1+16)
Request from pid 2710: max_threads=65535, hint_threads=32
[1782676720050] Granted 16 threads to pid 2710 (CPUs 17+16)
Request from pid 2548: max_threads=65535, hint_threads=32
[1782676720157] Granted 16 threads to pid 2548 (CPUs 1+16)
Request from pid 2710: max_threads=65535, hint_threads=32
[1782676720234] Granted 16 threads to pid 2710 (CPUs 17+16)
Request from pid 2548: max_threads=65535, hint_threads=32
[1782676720356] Granted 16 threads to pid 2548 (CPUs 1+16)
Request from pid 2710: max_threads=65535, hint_threads=32
[1782676720419] Granted 16 threads to pid 2710 (CPUs 17+16)
Request from pid 2548: max_threads=65535, hint_threads=32
[1782676720557] Granted 16 threads to pid 2548 (CPUs 1+16)
Request from pid 2710: max_threads=65535, hint_threads=32
[1782676720604] Granted 16 threads to pid 2710 (CPUs 17+16)
Request from pid 2548: max_threads=65535, hint_threads=32
[1782676720757] Granted 16 threads to pid 2548 (CPUs 1+16)
Request from pid 2710: max_threads=65535, hint_threads=32
[1782676720789] Granted 16 threads to pid 2710 (CPUs 17+16)
Request from pid 2548: max_threads=65535, hint_threads=32
[1782676720957] Granted 16 threads to pid 2548 (CPUs 1+16)
Request from pid 2710: max_threads=65535, hint_threads=32
[1782676720974] Granted 16 threads to pid 2710 (CPUs 17+16)
Request from pid 2548: max_threads=65535, hint_threads=32
[1782676721158] Granted 16 threads to pid 2548 (CPUs 1+16)
Request from pid 2710: max_threads=65535, hint_threads=32
[1782676721159] Granted 16 threads to pid 2710 (CPUs 17+16)
Request from pid 2710: max_threads=65535, hint_threads=32
[1782676721344] Granted 16 threads to pid 2710 (CPUs 17+16)
Request from pid 2548: max_threads=65535, hint_threads=32
[1782676721358] Granted 16 threads to pid 2548 (CPUs 1+16)
Request from pid 2548: max_threads=65535, hint_threads=32
[1782676721458] Granted 16 threads to pid 2548 (CPUs 1+16)
Request from pid 2710: max_threads=65535, hint_threads=32
[1782676721528] Granted 16 threads to pid 2710 (CPUs 17+16)
Request from pid 2548: max_threads=65535, hint_threads=32
[1782676721558] Granted 16 threads to pid 2548 (CPUs 1+16)
Request from pid 2710: max_threads=65535, hint_threads=32
[1782676721713] Granted 16 threads to pid 2710 (CPUs 17+16)
Request from pid 2548: max_threads=65535, hint_threads=32
[1782676721758] Granted 16 threads to pid 2548 (CPUs 1+16)
Request from pid 2710: max_threads=65535, hint_threads=32
[1782676721899] Granted 16 threads to pid 2710 (CPUs 17+16)
Request from pid 2548: max_threads=65535, hint_threads=32
[1782676721957] Granted 16 threads to pid 2548 (CPUs 1+16)
Request from pid 2710: max_threads=65535, hint_threads=32
[1782676722085] Granted 16 threads to pid 2710 (CPUs 17+16)
Request from pid 2548: max_threads=65535, hint_threads=32
[1782676722158] Granted 16 threads to pid 2548 (CPUs 1+16)
Request from pid 2710: max_threads=65535, hint_threads=32
[1782676722269] Granted 16 threads to pid 2710 (CPUs 17+16)
Request from pid 2548: max_threads=65535, hint_threads=32
[1782676722358] Granted 16 threads to pid 2548 (CPUs 1+16)
Request from pid 2710: max_threads=65535, hint_threads=32
[1782676722454] Granted 16 threads to pid 2710 (CPUs 17+16)
[1782676722463] Client pid 2548 disconnected — removed from state
Request from pid 2710: max_threads=65535, hint_threads=32
[1782676722610] Granted 32 threads to pid 2710 (CPUs 1+32)
Request from pid 2710: max_threads=65535, hint_threads=32
[1782676722742] Granted 32 threads to pid 2710 (CPUs 1+32)
Request from pid 2710: max_threads=65535, hint_threads=32
[1782676722836] Granted 32 threads to pid 2710 (CPUs 1+32)
Request from pid 2710: max_threads=65535, hint_threads=32
[1782676722930] Granted 32 threads to pid 2710 (CPUs 1+32)
Accepted connection
Handling client
Request from pid 2791: max_threads=65535, hint_threads=32
[1782676723005] Granted 16 threads to pid 2791 (CPUs 0+0)
Request from pid 2710: max_threads=65535, hint_threads=32
[1782676723268] Granted 16 threads to pid 2710 (CPUs 1+16)
Request from pid 2710: max_threads=65535, hint_threads=32
[1782676723956] Granted 16 threads to pid 2710 (CPUs 1+16)
Request from pid 2710: max_threads=65535, hint_threads=32
[1782676724174] Granted 16 threads to pid 2710 (CPUs 1+16)
Request from pid 2791: max_threads=65535, hint_threads=32
[1782676724261] Granted 16 threads to pid 2791 (CPUs 17+16)
Request from pid 2710: max_threads=65535, hint_threads=32
[1782676724344] Granted 16 threads to pid 2710 (CPUs 1+16)
Request from pid 2791: max_threads=65535, hint_threads=32
[1782676724348] Granted 16 threads to pid 2791 (CPUs 17+16)
Request from pid 2791: max_threads=65535, hint_threads=32
[1782676724433] Granted 16 threads to pid 2791 (CPUs 17+16)
Request from pid 2710: max_threads=65535, hint_threads=32
[1782676724514] Granted 16 threads to pid 2710 (CPUs 1+16)
Request from pid 2791: max_threads=65535, hint_threads=32
[1782676724603] Granted 16 threads to pid 2791 (CPUs 17+16)
Request from pid 2710: max_threads=65535, hint_threads=32
[1782676724646] Granted 16 threads to pid 2710 (CPUs 1+16)
Request from pid 2710: max_threads=65535, hint_threads=32
[1782676724741] Granted 16 threads to pid 2710 (CPUs 1+16)
Request from pid 2791: max_threads=65535, hint_threads=32
[1782676724791] Granted 16 threads to pid 2791 (CPUs 17+16)
Request from pid 2710: max_threads=65535, hint_threads=32
[1782676724835] Granted 16 threads to pid 2710 (CPUs 1+16)
Request from pid 2791: max_threads=65535, hint_threads=32
[1782676724884] Granted 16 threads to pid 2791 (CPUs 17+16)
Request from pid 2791: max_threads=65535, hint_threads=32
[1782676724978] Granted 16 threads to pid 2791 (CPUs 17+16)
Request from pid 2710: max_threads=65535, hint_threads=32
[1782676725022] Granted 16 threads to pid 2710 (CPUs 1+16)
[1782676725027] Client pid 2710 disconnected — removed from state
Request from pid 2791: max_threads=65535, hint_threads=32
[1782676725143] Granted 32 threads to pid 2791 (CPUs 1+32)
Request from pid 2791: max_threads=65535, hint_threads=32
[1782676725275] Granted 32 threads to pid 2791 (CPUs 1+32)
Request from pid 2791: max_threads=65535, hint_threads=32
[1782676725369] Granted 32 threads to pid 2791 (CPUs 1+32)
Request from pid 2791: max_threads=65535, hint_threads=32
[1782676725465] Granted 32 threads to pid 2791 (CPUs 1+32)
Request from pid 2791: max_threads=65535, hint_threads=32
[1782676725561] Granted 32 threads to pid 2791 (CPUs 1+32)
Accepted connection
Handling client
Request from pid 2834: max_threads=65535, hint_threads=32
[1782676725566] Granted 16 threads to pid 2834 (CPUs 0+0)
Request from pid 2791: max_threads=65535, hint_threads=32
[1782676725885] Granted 16 threads to pid 2791 (CPUs 1+16)
Request from pid 2791: max_threads=65535, hint_threads=32
[1782676726395] Granted 16 threads to pid 2791 (CPUs 1+16)
Request from pid 2791: max_threads=65535, hint_threads=32
[1782676726645] Granted 16 threads to pid 2791 (CPUs 1+16)
Request from pid 2834: max_threads=65535, hint_threads=32
[1782676726814] Granted 16 threads to pid 2834 (CPUs 17+16)
Request from pid 2791: max_threads=65535, hint_threads=32
[1782676726824] Granted 16 threads to pid 2791 (CPUs 1+16)
Request from pid 2834: max_threads=65535, hint_threads=32
[1782676726920] Granted 16 threads to pid 2834 (CPUs 17+16)
Request from pid 2791: max_threads=65535, hint_threads=32
[1782676726960] Granted 16 threads to pid 2791 (CPUs 1+16)
Request from pid 2834: max_threads=65535, hint_threads=32
[1782676727115] Granted 16 threads to pid 2834 (CPUs 17+16)
Request from pid 2791: max_threads=65535, hint_threads=32
[1782676727145] Granted 16 threads to pid 2791 (CPUs 1+16)
Request from pid 2791: max_threads=65535, hint_threads=32
[1782676727236] Granted 16 threads to pid 2791 (CPUs 1+16)
Request from pid 2834: max_threads=65535, hint_threads=32
[1782676727317] Granted 16 threads to pid 2834 (CPUs 17+16)
Request from pid 2791: max_threads=65535, hint_threads=32
[1782676727418] Granted 16 threads to pid 2791 (CPUs 1+16)
Request from pid 2834: max_threads=65535, hint_threads=32
[1782676727418] Granted 16 threads to pid 2834 (CPUs 17+16)
Request from pid 2791: max_threads=65535, hint_threads=32
[1782676727602] Granted 16 threads to pid 2791 (CPUs 1+16)
Request from pid 2834: max_threads=65535, hint_threads=32
[1782676727625] Granted 16 threads to pid 2834 (CPUs 17+16)
Request from pid 2791: max_threads=65535, hint_threads=32
[1782676727787] Granted 16 threads to pid 2791 (CPUs 1+16)
Request from pid 2834: max_threads=65535, hint_threads=32
[1782676727834] Granted 16 threads to pid 2834 (CPUs 17+16)
Request from pid 2791: max_threads=65535, hint_threads=32
[1782676727971] Granted 16 threads to pid 2791 (CPUs 1+16)
Request from pid 2834: max_threads=65535, hint_threads=32
[1782676728043] Granted 16 threads to pid 2834 (CPUs 17+16)
Request from pid 2791: max_threads=65535, hint_threads=32
[1782676728156] Granted 16 threads to pid 2791 (CPUs 1+16)
Request from pid 2834: max_threads=65535, hint_threads=32
[1782676728251] Granted 16 threads to pid 2834 (CPUs 17+16)
Request from pid 2791: max_threads=65535, hint_threads=32
[1782676728339] Granted 16 threads to pid 2791 (CPUs 1+16)
Request from pid 2791: max_threads=65535, hint_threads=32
[1782676728430] Granted 16 threads to pid 2791 (CPUs 1+16)
Request from pid 2834: max_threads=65535, hint_threads=32
[1782676728459] Granted 16 threads to pid 2834 (CPUs 17+16)
Request from pid 2791: max_threads=65535, hint_threads=32
[1782676728522] Granted 16 threads to pid 2791 (CPUs 1+16)
Request from pid 2791: max_threads=65535, hint_threads=32
[1782676728613] Granted 16 threads to pid 2791 (CPUs 1+16)
Request from pid 2834: max_threads=65535, hint_threads=32
[1782676728667] Granted 16 threads to pid 2834 (CPUs 17+16)
Request from pid 2791: max_threads=65535, hint_threads=32
[1782676728705] Granted 16 threads to pid 2791 (CPUs 1+16)
Request from pid 2834: max_threads=65535, hint_threads=32
[1782676728771] Granted 16 threads to pid 2834 (CPUs 17+16)
Request from pid 2791: max_threads=65535, hint_threads=32
[1782676728797] Granted 16 threads to pid 2791 (CPUs 1+16)
Request from pid 2834: max_threads=65535, hint_threads=32
[1782676728875] Granted 16 threads to pid 2834 (CPUs 17+16)
Request from pid 2791: max_threads=65535, hint_threads=32
[1782676728889] Granted 16 threads to pid 2791 (CPUs 1+16)
Request from pid 2834: max_threads=65535, hint_threads=32
[1782676728980] Granted 16 threads to pid 2834 (CPUs 17+16)
Request from pid 2791: max_threads=65535, hint_threads=32
[1782676728992] Granted 16 threads to pid 2791 (CPUs 1+16)
Request from pid 2791: max_threads=65535, hint_threads=32
[1782676729165] Granted 16 threads to pid 2791 (CPUs 1+16)
Request from pid 2834: max_threads=65535, hint_threads=32
[1782676729188] Granted 16 threads to pid 2834 (CPUs 17+16)
Request from pid 2791: max_threads=65535, hint_threads=32
[1782676729349] Granted 16 threads to pid 2791 (CPUs 1+16)
Request from pid 2834: max_threads=65535, hint_threads=32
[1782676729396] Granted 16 threads to pid 2834 (CPUs 17+16)
Request from pid 2834: max_threads=65535, hint_threads=32
[1782676729500] Granted 16 threads to pid 2834 (CPUs 17+16)
Request from pid 2791: max_threads=65535, hint_threads=32
[1782676729534] Granted 16 threads to pid 2791 (CPUs 1+16)
Request from pid 2834: max_threads=65535, hint_threads=32
[1782676729708] Granted 16 threads to pid 2834 (CPUs 17+16)
Request from pid 2791: max_threads=65535, hint_threads=32
[1782676729717] Granted 16 threads to pid 2791 (CPUs 1+16)
Request from pid 2791: max_threads=65535, hint_threads=32
[1782676729899] Granted 16 threads to pid 2791 (CPUs 1+16)
Request from pid 2834: max_threads=65535, hint_threads=32
[1782676729918] Granted 16 threads to pid 2834 (CPUs 17+16)
Request from pid 2791: max_threads=65535, hint_threads=32
[1782676730083] Granted 16 threads to pid 2791 (CPUs 1+16)
Request from pid 2834: max_threads=65535, hint_threads=32
[1782676730126] Granted 16 threads to pid 2834 (CPUs 17+16)
Request from pid 2791: max_threads=65535, hint_threads=32
[1782676730266] Granted 16 threads to pid 2791 (CPUs 1+16)
Request from pid 2834: max_threads=65535, hint_threads=32
[1782676730335] Granted 16 threads to pid 2834 (CPUs 17+16)
Request from pid 2791: max_threads=65535, hint_threads=32
[1782676730449] Granted 16 threads to pid 2791 (CPUs 1+16)
Request from pid 2834: max_threads=65535, hint_threads=32
[1782676730543] Granted 16 threads to pid 2834 (CPUs 17+16)
Request from pid 2791: max_threads=65535, hint_threads=32
[1782676730632] Granted 16 threads to pid 2791 (CPUs 1+16)
Request from pid 2834: max_threads=65535, hint_threads=32
[1782676730751] Granted 16 threads to pid 2834 (CPUs 17+16)
Request from pid 2791: max_threads=65535, hint_threads=32
[1782676730816] Granted 16 threads to pid 2791 (CPUs 1+16)
Request from pid 2834: max_threads=65535, hint_threads=32
[1782676730960] Granted 16 threads to pid 2834 (CPUs 17+16)
Request from pid 2791: max_threads=65535, hint_threads=32
[1782676731008] Granted 16 threads to pid 2791 (CPUs 1+16)
Request from pid 2834: max_threads=65535, hint_threads=32
[1782676731168] Granted 16 threads to pid 2834 (CPUs 17+16)
Request from pid 2791: max_threads=65535, hint_threads=32
[1782676731184] Granted 16 threads to pid 2791 (CPUs 1+16)
Request from pid 2791: max_threads=65535, hint_threads=32
[1782676731367] Granted 16 threads to pid 2791 (CPUs 1+16)
Request from pid 2834: max_threads=65535, hint_threads=32
[1782676731376] Granted 16 threads to pid 2834 (CPUs 17+16)
Request from pid 2791: max_threads=65535, hint_threads=32
[1782676731551] Granted 16 threads to pid 2791 (CPUs 1+16)
Request from pid 2834: max_threads=65535, hint_threads=32
[1782676731585] Granted 16 threads to pid 2834 (CPUs 17+16)
Request from pid 2791: max_threads=65535, hint_threads=32
[1782676731734] Granted 16 threads to pid 2791 (CPUs 1+16)
[1782676731739] Client pid 2791 disconnected — removed from state
Request from pid 2834: max_threads=65535, hint_threads=32
[1782676731784] Granted 32 threads to pid 2834 (CPUs 1+32)
Request from pid 2834: max_threads=65535, hint_threads=32
[1782676731932] Granted 32 threads to pid 2834 (CPUs 1+32)
Request from pid 2834: max_threads=65535, hint_threads=32
[1782676732024] Granted 32 threads to pid 2834 (CPUs 1+32)
Request from pid 2834: max_threads=65535, hint_threads=32
[1782676732123] Granted 32 threads to pid 2834 (CPUs 1+32)
Request from pid 2834: max_threads=65535, hint_threads=32
[1782676732222] Granted 32 threads to pid 2834 (CPUs 1+32)
Accepted connection
Handling client
Request from pid 2915: max_threads=65535, hint_threads=32
[1782676732282] Granted 16 threads to pid 2915 (CPUs 0+0)
Request from pid 2834: max_threads=65535, hint_threads=32
[1782676733301] Granted 16 threads to pid 2834 (CPUs 1+16)
Request from pid 2915: max_threads=65535, hint_threads=32
[1782676733632] Granted 16 threads to pid 2915 (CPUs 17+16)
Request from pid 2834: max_threads=65535, hint_threads=32
[1782676733640] Granted 16 threads to pid 2834 (CPUs 1+16)
Request from pid 2915: max_threads=65535, hint_threads=32
[1782676733729] Granted 16 threads to pid 2915 (CPUs 17+16)
Request from pid 2834: max_threads=65535, hint_threads=32
[1782676733790] Granted 16 threads to pid 2834 (CPUs 1+16)
Request from pid 2915: max_threads=65535, hint_threads=32
[1782676733822] Granted 16 threads to pid 2915 (CPUs 17+16)
Request from pid 2834: max_threads=65535, hint_threads=32
[1782676733892] Granted 16 threads to pid 2834 (CPUs 1+16)
Request from pid 2915: max_threads=65535, hint_threads=32
[1782676734013] Granted 16 threads to pid 2915 (CPUs 17+16)
Request from pid 2834: max_threads=65535, hint_threads=32
[1782676734094] Granted 16 threads to pid 2834 (CPUs 1+16)
Request from pid 2915: max_threads=65535, hint_threads=32
[1782676734202] Granted 16 threads to pid 2915 (CPUs 17+16)
Request from pid 2834: max_threads=65535, hint_threads=32
[1782676734296] Granted 16 threads to pid 2834 (CPUs 1+16)
Request from pid 2915: max_threads=65535, hint_threads=32
[1782676734391] Granted 16 threads to pid 2915 (CPUs 17+16)
Request from pid 2834: max_threads=65535, hint_threads=32
[1782676734396] Granted 16 threads to pid 2834 (CPUs 1+16)
Request from pid 2915: max_threads=65535, hint_threads=32
[1782676734582] Granted 16 threads to pid 2915 (CPUs 17+16)
Request from pid 2834: max_threads=65535, hint_threads=32
[1782676734600] Granted 16 threads to pid 2834 (CPUs 1+16)
Request from pid 2915: max_threads=65535, hint_threads=32
[1782676734680] Granted 16 threads to pid 2915 (CPUs 17+16)
Request from pid 2834: max_threads=65535, hint_threads=32
[1782676734807] Granted 16 threads to pid 2834 (CPUs 1+16)
Request from pid 2915: max_threads=65535, hint_threads=32
[1782676734873] Granted 16 threads to pid 2915 (CPUs 17+16)
Request from pid 2834: max_threads=65535, hint_threads=32
[1782676734910] Granted 16 threads to pid 2834 (CPUs 1+16)
Request from pid 2915: max_threads=65535, hint_threads=32
[1782676735067] Granted 16 threads to pid 2915 (CPUs 17+16)
Request from pid 2834: max_threads=65535, hint_threads=32
[1782676735116] Granted 16 threads to pid 2834 (CPUs 1+16)
Request from pid 2915: max_threads=65535, hint_threads=32
[1782676735260] Granted 16 threads to pid 2915 (CPUs 17+16)
Request from pid 2834: max_threads=65535, hint_threads=32
[1782676735322] Granted 16 threads to pid 2834 (CPUs 1+16)
[1782676735327] Client pid 2834 disconnected — removed from state
Request from pid 2915: max_threads=65535, hint_threads=32
[1782676735434] Granted 32 threads to pid 2915 (CPUs 1+32)
Request from pid 2915: max_threads=65535, hint_threads=32
[1782676735572] Granted 32 threads to pid 2915 (CPUs 1+32)
Request from pid 2915: max_threads=65535, hint_threads=32
[1782676735670] Granted 32 threads to pid 2915 (CPUs 1+32)
Request from pid 2915: max_threads=65535, hint_threads=32
[1782676735719] Granted 32 threads to pid 2915 (CPUs 1+32)
Request from pid 2915: max_threads=65535, hint_threads=32
[1782676735816] Granted 32 threads to pid 2915 (CPUs 1+32)
Accepted connection
Handling client
Request from pid 2996: max_threads=65535, hint_threads=32
[1782676735864] Granted 16 threads to pid 2996 (CPUs 0+0)
Request from pid 2915: max_threads=65535, hint_threads=32
[1782676735940] Granted 16 threads to pid 2915 (CPUs 1+16)
Request from pid 2915: max_threads=65535, hint_threads=32
[1782676736916] Granted 16 threads to pid 2915 (CPUs 1+16)
Request from pid 2996: max_threads=65535, hint_threads=32
[1782676737239] Granted 16 threads to pid 2996 (CPUs 17+16)
Request from pid 2996: max_threads=65535, hint_threads=32
[1782676737330] Granted 16 threads to pid 2996 (CPUs 17+16)
Request from pid 2915: max_threads=65535, hint_threads=32
[1782676737407] Granted 16 threads to pid 2915 (CPUs 1+16)
Request from pid 2996: max_threads=65535, hint_threads=32
[1782676737412] Granted 16 threads to pid 2996 (CPUs 17+16)
Request from pid 2996: max_threads=65535, hint_threads=32
[1782676737575] Granted 16 threads to pid 2996 (CPUs 17+16)
Request from pid 2915: max_threads=65535, hint_threads=32
[1782676737599] Granted 16 threads to pid 2915 (CPUs 1+16)
Request from pid 2996: max_threads=65535, hint_threads=32
[1782676737755] Granted 16 threads to pid 2996 (CPUs 17+16)
Request from pid 2915: max_threads=65535, hint_threads=32
[1782676737798] Granted 16 threads to pid 2915 (CPUs 1+16)
Request from pid 2996: max_threads=65535, hint_threads=32
[1782676737944] Granted 16 threads to pid 2996 (CPUs 17+16)
Request from pid 2915: max_threads=65535, hint_threads=32
[1782676737997] Granted 16 threads to pid 2915 (CPUs 1+16)
Request from pid 2996: max_threads=65535, hint_threads=32
[1782676738118] Granted 16 threads to pid 2996 (CPUs 17+16)
Request from pid 2915: max_threads=65535, hint_threads=32
[1782676738197] Granted 16 threads to pid 2915 (CPUs 1+16)
Request from pid 2996: max_threads=65535, hint_threads=32
[1782676738302] Granted 16 threads to pid 2996 (CPUs 17+16)
Request from pid 2915: max_threads=65535, hint_threads=32
[1782676738402] Granted 16 threads to pid 2915 (CPUs 1+16)
Request from pid 2996: max_threads=65535, hint_threads=32
[1782676738486] Granted 16 threads to pid 2996 (CPUs 17+16)
Request from pid 2915: max_threads=65535, hint_threads=32
[1782676738604] Granted 16 threads to pid 2915 (CPUs 1+16)
Request from pid 2996: max_threads=65535, hint_threads=32
[1782676738669] Granted 16 threads to pid 2996 (CPUs 17+16)
Request from pid 2915: max_threads=65535, hint_threads=32
[1782676738807] Granted 16 threads to pid 2915 (CPUs 1+16)
Request from pid 2996: max_threads=65535, hint_threads=32
[1782676738852] Granted 16 threads to pid 2996 (CPUs 17+16)
Request from pid 2915: max_threads=65535, hint_threads=32
[1782676739010] Granted 16 threads to pid 2915 (CPUs 1+16)
Request from pid 2996: max_threads=65535, hint_threads=32
[1782676739036] Granted 16 threads to pid 2996 (CPUs 17+16)
Request from pid 2915: max_threads=65535, hint_threads=32
[1782676739213] Granted 16 threads to pid 2915 (CPUs 1+16)
Request from pid 2996: max_threads=65535, hint_threads=32
[1782676739219] Granted 16 threads to pid 2996 (CPUs 17+16)
Request from pid 2996: max_threads=65535, hint_threads=32
[1782676739402] Granted 16 threads to pid 2996 (CPUs 17+16)
Request from pid 2915: max_threads=65535, hint_threads=32
[1782676739416] Granted 16 threads to pid 2915 (CPUs 1+16)
Request from pid 2996: max_threads=65535, hint_threads=32
[1782676739586] Granted 16 threads to pid 2996 (CPUs 17+16)
Request from pid 2915: max_threads=65535, hint_threads=32
[1782676739620] Granted 16 threads to pid 2915 (CPUs 1+16)
Request from pid 2996: max_threads=65535, hint_threads=32
[1782676739770] Granted 16 threads to pid 2996 (CPUs 17+16)
Request from pid 2915: max_threads=65535, hint_threads=32
[1782676739824] Granted 16 threads to pid 2915 (CPUs 1+16)
Request from pid 2996: max_threads=65535, hint_threads=32
[1782676739954] Granted 16 threads to pid 2996 (CPUs 17+16)
Request from pid 2915: max_threads=65535, hint_threads=32
[1782676740036] Granted 16 threads to pid 2915 (CPUs 1+16)
Request from pid 2996: max_threads=65535, hint_threads=32
[1782676740138] Granted 16 threads to pid 2996 (CPUs 17+16)
Request from pid 2915: max_threads=65535, hint_threads=32
[1782676740231] Granted 16 threads to pid 2915 (CPUs 1+16)
Request from pid 2996: max_threads=65535, hint_threads=32
[1782676740321] Granted 16 threads to pid 2996 (CPUs 17+16)
Request from pid 2915: max_threads=65535, hint_threads=32
[1782676740433] Granted 16 threads to pid 2915 (CPUs 1+16)
Request from pid 2996: max_threads=65535, hint_threads=32
[1782676740505] Granted 16 threads to pid 2996 (CPUs 17+16)
Request from pid 2915: max_threads=65535, hint_threads=32
[1782676740636] Granted 16 threads to pid 2915 (CPUs 1+16)
Request from pid 2996: max_threads=65535, hint_threads=32
[1782676740688] Granted 16 threads to pid 2996 (CPUs 17+16)
Request from pid 2915: max_threads=65535, hint_threads=32
[1782676740839] Granted 16 threads to pid 2915 (CPUs 1+16)
Request from pid 2996: max_threads=65535, hint_threads=32
[1782676740871] Granted 16 threads to pid 2996 (CPUs 17+16)
Request from pid 2996: max_threads=65535, hint_threads=32
[1782676740972] Granted 16 threads to pid 2996 (CPUs 17+16)
Request from pid 2915: max_threads=65535, hint_threads=32
[1782676741042] Granted 16 threads to pid 2915 (CPUs 1+16)
Request from pid 2996: max_threads=65535, hint_threads=32
[1782676741146] Granted 16 threads to pid 2996 (CPUs 17+16)
Request from pid 2915: max_threads=65535, hint_threads=32
[1782676741246] Granted 16 threads to pid 2915 (CPUs 1+16)
Request from pid 2996: max_threads=65535, hint_threads=32
[1782676741329] Granted 16 threads to pid 2996 (CPUs 17+16)
Request from pid 2996: max_threads=65535, hint_threads=32
[1782676741421] Granted 16 threads to pid 2996 (CPUs 17+16)
Request from pid 2915: max_threads=65535, hint_threads=32
[1782676741450] Granted 16 threads to pid 2915 (CPUs 1+16)
Request from pid 2996: max_threads=65535, hint_threads=32
[1782676741512] Granted 16 threads to pid 2996 (CPUs 17+16)
Request from pid 2915: max_threads=65535, hint_threads=32
[1782676741552] Granted 16 threads to pid 2915 (CPUs 1+16)
Request from pid 2915: max_threads=65535, hint_threads=32
[1782676741653] Granted 16 threads to pid 2915 (CPUs 1+16)
Request from pid 2996: max_threads=65535, hint_threads=32
[1782676741697] Granted 16 threads to pid 2996 (CPUs 17+16)
Request from pid 2915: max_threads=65535, hint_threads=32
[1782676741755] Granted 16 threads to pid 2915 (CPUs 1+16)
Request from pid 2996: max_threads=65535, hint_threads=32
[1782676741789] Granted 16 threads to pid 2996 (CPUs 17+16)
Request from pid 2915: max_threads=65535, hint_threads=32
[1782676741856] Granted 16 threads to pid 2915 (CPUs 1+16)
Request from pid 2996: max_threads=65535, hint_threads=32
[1782676741881] Granted 16 threads to pid 2996 (CPUs 17+16)
Request from pid 2996: max_threads=65535, hint_threads=32
[1782676741974] Granted 16 threads to pid 2996 (CPUs 17+16)
Request from pid 2915: max_threads=65535, hint_threads=32
[1782676742059] Granted 16 threads to pid 2915 (CPUs 1+16)
[1782676742065] Client pid 2915 disconnected — removed from state
Request from pid 2996: max_threads=65535, hint_threads=32
[1782676742143] Granted 32 threads to pid 2996 (CPUs 1+32)
Request from pid 2996: max_threads=65535, hint_threads=32
[1782676742274] Granted 32 threads to pid 2996 (CPUs 1+32)
Request from pid 2996: max_threads=65535, hint_threads=32
[1782676742366] Granted 32 threads to pid 2996 (CPUs 1+32)
Request from pid 2996: max_threads=65535, hint_threads=32
[1782676742459] Granted 32 threads to pid 2996 (CPUs 1+32)
Request from pid 2996: max_threads=65535, hint_threads=32
[1782676742506] Granted 32 threads to pid 2996 (CPUs 1+32)
Request from pid 2996: max_threads=65535, hint_threads=32
[1782676742604] Granted 32 threads to pid 2996 (CPUs 1+32)
Accepted connection
Handling client
Request from pid 3099: max_threads=65535, hint_threads=32
[1782676742609] Granted 16 threads to pid 3099 (CPUs 0+0)
Request from pid 2996: max_threads=65535, hint_threads=32
[1782676743228] Granted 16 threads to pid 2996 (CPUs 1+16)
Request from pid 2996: max_threads=65535, hint_threads=32
[1782676743807] Granted 16 threads to pid 2996 (CPUs 1+16)
Request from pid 3099: max_threads=65535, hint_threads=32
[1782676743940] Granted 16 threads to pid 3099 (CPUs 17+16)
Request from pid 3099: max_threads=65535, hint_threads=32
[1782676744088] Granted 16 threads to pid 3099 (CPUs 17+16)
Request from pid 2996: max_threads=65535, hint_threads=32
[1782676744193] Granted 16 threads to pid 2996 (CPUs 1+16)
Request from pid 3099: max_threads=65535, hint_threads=32
[1782676744267] Granted 16 threads to pid 3099 (CPUs 17+16)
Request from pid 2996: max_threads=65535, hint_threads=32
[1782676744379] Granted 16 threads to pid 2996 (CPUs 1+16)
Request from pid 3099: max_threads=65535, hint_threads=32
[1782676744457] Granted 16 threads to pid 3099 (CPUs 17+16)
Request from pid 3099: max_threads=65535, hint_threads=32
[1782676744553] Granted 16 threads to pid 3099 (CPUs 17+16)
Request from pid 2996: max_threads=65535, hint_threads=32
[1782676744563] Granted 16 threads to pid 2996 (CPUs 1+16)
Request from pid 3099: max_threads=65535, hint_threads=32
[1782676744743] Granted 16 threads to pid 3099 (CPUs 17+16)
Request from pid 2996: max_threads=65535, hint_threads=32
[1782676744747] Granted 16 threads to pid 2996 (CPUs 1+16)
Request from pid 2996: max_threads=65535, hint_threads=32
[1782676744931] Granted 16 threads to pid 2996 (CPUs 1+16)
Request from pid 3099: max_threads=65535, hint_threads=32
[1782676744936] Granted 16 threads to pid 3099 (CPUs 17+16)
[1782676744938] Client pid 2996 disconnected — removed from state
Request from pid 3099: max_threads=65535, hint_threads=32
[1782676745097] Granted 32 threads to pid 3099 (CPUs 1+32)
Request from pid 3099: max_threads=65535, hint_threads=32
[1782676745231] Granted 32 threads to pid 3099 (CPUs 1+32)
Request from pid 3099: max_threads=65535, hint_threads=32
[1782676745327] Granted 32 threads to pid 3099 (CPUs 1+32)
Request from pid 3099: max_threads=65535, hint_threads=32
[1782676745424] Granted 32 threads to pid 3099 (CPUs 1+32)
Accepted connection
Handling client
Request from pid 3141: max_threads=65535, hint_threads=32
[1782676745477] Granted 16 threads to pid 3141 (CPUs 0+0)
Request from pid 3099: max_threads=65535, hint_threads=32
[1782676745730] Granted 16 threads to pid 3099 (CPUs 1+16)
Request from pid 3099: max_threads=65535, hint_threads=32
[1782676746038] Granted 16 threads to pid 3099 (CPUs 1+16)
Request from pid 3099: max_threads=65535, hint_threads=32
[1782676746226] Granted 16 threads to pid 3099 (CPUs 1+16)
Request from pid 3099: max_threads=65535, hint_threads=32
[1782676746455] Granted 16 threads to pid 3099 (CPUs 1+16)
Request from pid 3141: max_threads=65535, hint_threads=32
[1782676746715] Granted 16 threads to pid 3141 (CPUs 17+16)
Request from pid 3099: max_threads=65535, hint_threads=32
[1782676746815] Granted 16 threads to pid 3099 (CPUs 1+16)
Request from pid 3141: max_threads=65535, hint_threads=32
[1782676746818] Granted 16 threads to pid 3141 (CPUs 17+16)
Request from pid 3141: max_threads=65535, hint_threads=32
[1782676746916] Granted 16 threads to pid 3141 (CPUs 17+16)
Request from pid 3099: max_threads=65535, hint_threads=32
[1782676746969] Granted 16 threads to pid 3099 (CPUs 1+16)
Request from pid 3141: max_threads=65535, hint_threads=32
[1782676747106] Granted 16 threads to pid 3141 (CPUs 17+16)
Request from pid 3099: max_threads=65535, hint_threads=32
[1782676747156] Granted 16 threads to pid 3099 (CPUs 1+16)
Request from pid 3141: max_threads=65535, hint_threads=32
[1782676747310] Granted 16 threads to pid 3141 (CPUs 17+16)
Request from pid 3099: max_threads=65535, hint_threads=32
[1782676747342] Granted 16 threads to pid 3099 (CPUs 1+16)
Request from pid 3099: max_threads=65535, hint_threads=32
[1782676747437] Granted 16 threads to pid 3099 (CPUs 1+16)
Request from pid 3141: max_threads=65535, hint_threads=32
[1782676747522] Granted 16 threads to pid 3141 (CPUs 17+16)
Request from pid 3099: max_threads=65535, hint_threads=32
[1782676747624] Granted 16 threads to pid 3099 (CPUs 1+16)
Request from pid 3141: max_threads=65535, hint_threads=32
[1782676747732] Granted 16 threads to pid 3141 (CPUs 17+16)
Request from pid 3099: max_threads=65535, hint_threads=32
[1782676747810] Granted 16 threads to pid 3099 (CPUs 1+16)
Request from pid 3099: max_threads=65535, hint_threads=32
[1782676747904] Granted 16 threads to pid 3099 (CPUs 1+16)
Request from pid 3141: max_threads=65535, hint_threads=32
[1782676747943] Granted 16 threads to pid 3141 (CPUs 17+16)
Request from pid 3099: max_threads=65535, hint_threads=32
[1782676748090] Granted 16 threads to pid 3099 (CPUs 1+16)
Request from pid 3141: max_threads=65535, hint_threads=32
[1782676748153] Granted 16 threads to pid 3141 (CPUs 17+16)
Request from pid 3099: max_threads=65535, hint_threads=32
[1782676748276] Granted 16 threads to pid 3099 (CPUs 1+16)
Request from pid 3141: max_threads=65535, hint_threads=32
[1782676748363] Granted 16 threads to pid 3141 (CPUs 17+16)
Request from pid 3099: max_threads=65535, hint_threads=32
[1782676748369] Granted 16 threads to pid 3099 (CPUs 1+16)
Request from pid 3099: max_threads=65535, hint_threads=32
[1782676748554] Granted 16 threads to pid 3099 (CPUs 1+16)
Request from pid 3141: max_threads=65535, hint_threads=32
[1782676748573] Granted 16 threads to pid 3141 (CPUs 17+16)
Request from pid 3099: max_threads=65535, hint_threads=32
[1782676748740] Granted 16 threads to pid 3099 (CPUs 1+16)
Request from pid 3141: max_threads=65535, hint_threads=32
[1782676748783] Granted 16 threads to pid 3141 (CPUs 17+16)
Request from pid 3099: max_threads=65535, hint_threads=32
[1782676748927] Granted 16 threads to pid 3099 (CPUs 1+16)
Request from pid 3141: max_threads=65535, hint_threads=32
[1782676748994] Granted 16 threads to pid 3141 (CPUs 17+16)
Request from pid 3099: max_threads=65535, hint_threads=32
[1782676749113] Granted 16 threads to pid 3099 (CPUs 1+16)
Request from pid 3141: max_threads=65535, hint_threads=32
[1782676749204] Granted 16 threads to pid 3141 (CPUs 17+16)
Request from pid 3099: max_threads=65535, hint_threads=32
[1782676749300] Granted 16 threads to pid 3099 (CPUs 1+16)
Request from pid 3141: max_threads=65535, hint_threads=32
[1782676749415] Granted 16 threads to pid 3141 (CPUs 17+16)
Request from pid 3099: max_threads=65535, hint_threads=32
[1782676749486] Granted 16 threads to pid 3099 (CPUs 1+16)
Request from pid 3141: max_threads=65535, hint_threads=32
[1782676749624] Granted 16 threads to pid 3141 (CPUs 17+16)
Request from pid 3099: max_threads=65535, hint_threads=32
[1782676749672] Granted 16 threads to pid 3099 (CPUs 1+16)
Request from pid 3099: max_threads=65535, hint_threads=32
[1782676749765] Granted 16 threads to pid 3099 (CPUs 1+16)
Request from pid 3141: max_threads=65535, hint_threads=32
[1782676749835] Granted 16 threads to pid 3141 (CPUs 17+16)
Request from pid 3141: max_threads=65535, hint_threads=32
[1782676749940] Granted 16 threads to pid 3141 (CPUs 17+16)
Request from pid 3099: max_threads=65535, hint_threads=32
[1782676749952] Granted 16 threads to pid 3099 (CPUs 1+16)
Request from pid 3099: max_threads=65535, hint_threads=32
[1782676750138] Granted 16 threads to pid 3099 (CPUs 1+16)
Request from pid 3141: max_threads=65535, hint_threads=32
[1782676750151] Granted 16 threads to pid 3141 (CPUs 17+16)
Request from pid 3099: max_threads=65535, hint_threads=32
[1782676750323] Granted 16 threads to pid 3099 (CPUs 1+16)
Request from pid 3141: max_threads=65535, hint_threads=32
[1782676750361] Granted 16 threads to pid 3141 (CPUs 17+16)
Request from pid 3141: max_threads=65535, hint_threads=32
[1782676750467] Granted 16 threads to pid 3141 (CPUs 17+16)
Request from pid 3099: max_threads=65535, hint_threads=32
[1782676750510] Granted 16 threads to pid 3099 (CPUs 1+16)
Request from pid 3141: max_threads=65535, hint_threads=32
[1782676750677] Granted 16 threads to pid 3141 (CPUs 17+16)
Request from pid 3099: max_threads=65535, hint_threads=32
[1782676750696] Granted 16 threads to pid 3099 (CPUs 1+16)
Request from pid 3099: max_threads=65535, hint_threads=32
[1782676750882] Granted 16 threads to pid 3099 (CPUs 1+16)
Request from pid 3141: max_threads=65535, hint_threads=32
[1782676750887] Granted 16 threads to pid 3141 (CPUs 17+16)
Request from pid 3099: max_threads=65535, hint_threads=32
[1782676751068] Granted 16 threads to pid 3099 (CPUs 1+16)
Request from pid 3141: max_threads=65535, hint_threads=32
[1782676751098] Granted 16 threads to pid 3141 (CPUs 17+16)
Request from pid 3099: max_threads=65535, hint_threads=32
[1782676751255] Granted 16 threads to pid 3099 (CPUs 1+16)
Request from pid 3141: max_threads=65535, hint_threads=32
[1782676751309] Granted 16 threads to pid 3141 (CPUs 17+16)
Request from pid 3099: max_threads=65535, hint_threads=32
[1782676751441] Granted 16 threads to pid 3099 (CPUs 1+16)
Request from pid 3141: max_threads=65535, hint_threads=32
[1782676751519] Granted 16 threads to pid 3141 (CPUs 17+16)
[1782676751538] Client pid 3099 disconnected — removed from state
Request from pid 3141: max_threads=65535, hint_threads=32
[1782676751694] Granted 32 threads to pid 3141 (CPUs 1+32)
Request from pid 3141: max_threads=65535, hint_threads=32
[1782676751837] Granted 32 threads to pid 3141 (CPUs 1+32)
Request from pid 3141: max_threads=65535, hint_threads=32
[1782676751887] Granted 32 threads to pid 3141 (CPUs 1+32)
Request from pid 3141: max_threads=65535, hint_threads=32
[1782676751989] Granted 32 threads to pid 3141 (CPUs 1+32)
Accepted connection
Handling client
Request from pid 3227: max_threads=65535, hint_threads=32
[1782676752076] Granted 16 threads to pid 3227 (CPUs 0+0)
Request from pid 3141: max_threads=65535, hint_threads=32
[1782676752264] Granted 16 threads to pid 3141 (CPUs 1+16)
Request from pid 3141: max_threads=65535, hint_threads=32
[1782676752918] Granted 16 threads to pid 3141 (CPUs 1+16)
Request from pid 3141: max_threads=65535, hint_threads=32
[1782676753136] Granted 16 threads to pid 3141 (CPUs 1+16)
Request from pid 3227: max_threads=65535, hint_threads=32
[1782676753296] Granted 16 threads to pid 3227 (CPUs 17+16)
Request from pid 3141: max_threads=65535, hint_threads=32
[1782676753343] Granted 16 threads to pid 3141 (CPUs 1+16)
Request from pid 3227: max_threads=65535, hint_threads=32
[1782676753382] Granted 16 threads to pid 3227 (CPUs 17+16)
Request from pid 3227: max_threads=65535, hint_threads=32
[1782676753468] Granted 16 threads to pid 3227 (CPUs 17+16)
Request from pid 3141: max_threads=65535, hint_threads=32
[1782676753538] Granted 16 threads to pid 3141 (CPUs 1+16)
Request from pid 3227: max_threads=65535, hint_threads=32
[1782676753641] Granted 16 threads to pid 3227 (CPUs 17+16)
Request from pid 3141: max_threads=65535, hint_threads=32
[1782676753724] Granted 16 threads to pid 3141 (CPUs 1+16)
Request from pid 3227: max_threads=65535, hint_threads=32
[1782676753819] Granted 16 threads to pid 3227 (CPUs 17+16)
Request from pid 3141: max_threads=65535, hint_threads=32
[1782676753831] Granted 16 threads to pid 3141 (CPUs 1+16)
Request from pid 3227: max_threads=65535, hint_threads=32
[1782676754004] Granted 16 threads to pid 3227 (CPUs 17+16)
Request from pid 3141: max_threads=65535, hint_threads=32
[1782676754036] Granted 16 threads to pid 3141 (CPUs 1+16)
Request from pid 3227: max_threads=65535, hint_threads=32
[1782676754193] Granted 16 threads to pid 3227 (CPUs 17+16)
Request from pid 3141: max_threads=65535, hint_threads=32
[1782676754245] Granted 16 threads to pid 3141 (CPUs 1+16)
Request from pid 3141: max_threads=65535, hint_threads=32
[1782676754349] Granted 16 threads to pid 3141 (CPUs 1+16)
Request from pid 3227: max_threads=65535, hint_threads=32
[1782676754384] Granted 16 threads to pid 3227 (CPUs 17+16)
Request from pid 3141: max_threads=65535, hint_threads=32
[1782676754558] Granted 16 threads to pid 3141 (CPUs 1+16)
Request from pid 3227: max_threads=65535, hint_threads=32
[1782676754572] Granted 16 threads to pid 3227 (CPUs 17+16)
Request from pid 3227: max_threads=65535, hint_threads=32
[1782676754761] Granted 16 threads to pid 3227 (CPUs 17+16)
Request from pid 3141: max_threads=65535, hint_threads=32
[1782676754766] Granted 16 threads to pid 3141 (CPUs 1+16)
Request from pid 3141: max_threads=65535, hint_threads=32
[1782676754870] Granted 16 threads to pid 3141 (CPUs 1+16)
Request from pid 3227: max_threads=65535, hint_threads=32
[1782676754950] Granted 16 threads to pid 3227 (CPUs 17+16)
Request from pid 3141: max_threads=65535, hint_threads=32
[1782676755079] Granted 16 threads to pid 3141 (CPUs 1+16)
Request from pid 3227: max_threads=65535, hint_threads=32
[1782676755139] Granted 16 threads to pid 3227 (CPUs 17+16)
Request from pid 3141: max_threads=65535, hint_threads=32
[1782676755287] Granted 16 threads to pid 3141 (CPUs 1+16)
[1782676755292] Client pid 3141 disconnected — removed from state
Request from pid 3227: max_threads=65535, hint_threads=32
[1782676755323] Granted 32 threads to pid 3227 (CPUs 1+32)
Request from pid 3227: max_threads=65535, hint_threads=32
[1782676755460] Granted 32 threads to pid 3227 (CPUs 1+32)
Request from pid 3227: max_threads=65535, hint_threads=32
[1782676755556] Granted 32 threads to pid 3227 (CPUs 1+32)
Request from pid 3227: max_threads=65535, hint_threads=32
[1782676755652] Granted 32 threads to pid 3227 (CPUs 1+32)
Request from pid 3227: max_threads=65535, hint_threads=32
[1782676755749] Granted 32 threads to pid 3227 (CPUs 1+32)
Request from pid 3227: max_threads=65535, hint_threads=32
[1782676755799] Granted 32 threads to pid 3227 (CPUs 1+32)
Accepted connection
Handling client
Request from pid 3311: max_threads=65535, hint_threads=32
[1782676755831] Granted 16 threads to pid 3311 (CPUs 0+0)
Request from pid 3227: max_threads=65535, hint_threads=32
[1782676756897] Granted 16 threads to pid 3227 (CPUs 1+16)
Request from pid 3227: max_threads=65535, hint_threads=32
[1782676757266] Granted 16 threads to pid 3227 (CPUs 1+16)
Request from pid 3311: max_threads=65535, hint_threads=32
[1782676757372] Granted 16 threads to pid 3311 (CPUs 17+16)
Request from pid 3227: max_threads=65535, hint_threads=32
[1782676757460] Granted 16 threads to pid 3227 (CPUs 1+16)
Request from pid 3311: max_threads=65535, hint_threads=32
[1782676757469] Granted 16 threads to pid 3311 (CPUs 17+16)
Request from pid 3311: max_threads=65535, hint_threads=32
[1782676757564] Granted 16 threads to pid 3311 (CPUs 17+16)
Request from pid 3227: max_threads=65535, hint_threads=32
[1782676757653] Granted 16 threads to pid 3227 (CPUs 1+16)
Request from pid 3311: max_threads=65535, hint_threads=32
[1782676757754] Granted 16 threads to pid 3311 (CPUs 17+16)
Request from pid 3227: max_threads=65535, hint_threads=32
[1782676757848] Granted 16 threads to pid 3227 (CPUs 1+16)
Request from pid 3311: max_threads=65535, hint_threads=32
[1782676757948] Granted 16 threads to pid 3311 (CPUs 17+16)
Request from pid 3227: max_threads=65535, hint_threads=32
[1782676758041] Granted 16 threads to pid 3227 (CPUs 1+16)
Request from pid 3311: max_threads=65535, hint_threads=32
[1782676758137] Granted 16 threads to pid 3311 (CPUs 17+16)
Request from pid 3227: max_threads=65535, hint_threads=32
[1782676758231] Granted 16 threads to pid 3227 (CPUs 1+16)
Request from pid 3311: max_threads=65535, hint_threads=32
[1782676758328] Granted 16 threads to pid 3311 (CPUs 17+16)
Request from pid 3311: max_threads=65535, hint_threads=32
[1782676758426] Granted 16 threads to pid 3311 (CPUs 17+16)
Request from pid 3227: max_threads=65535, hint_threads=32
[1782676758427] Granted 16 threads to pid 3227 (CPUs 1+16)
Request from pid 3227: max_threads=65535, hint_threads=32
[1782676758525] Granted 16 threads to pid 3227 (CPUs 1+16)
Request from pid 3311: max_threads=65535, hint_threads=32
[1782676758619] Granted 16 threads to pid 3311 (CPUs 17+16)
Request from pid 3227: max_threads=65535, hint_threads=32
[1782676758719] Granted 16 threads to pid 3227 (CPUs 1+16)
Request from pid 3311: max_threads=65535, hint_threads=32
[1782676758813] Granted 16 threads to pid 3311 (CPUs 17+16)
Request from pid 3227: max_threads=65535, hint_threads=32
[1782676758914] Granted 16 threads to pid 3227 (CPUs 1+16)
Request from pid 3311: max_threads=65535, hint_threads=32
[1782676759006] Granted 16 threads to pid 3311 (CPUs 17+16)
Request from pid 3227: max_threads=65535, hint_threads=32
[1782676759109] Granted 16 threads to pid 3227 (CPUs 1+16)
Request from pid 3311: max_threads=65535, hint_threads=32
[1782676759199] Granted 16 threads to pid 3311 (CPUs 17+16)
Request from pid 3227: max_threads=65535, hint_threads=32
[1782676759302] Granted 16 threads to pid 3227 (CPUs 1+16)
Request from pid 3311: max_threads=65535, hint_threads=32
[1782676759392] Granted 16 threads to pid 3311 (CPUs 17+16)
Request from pid 3227: max_threads=65535, hint_threads=32
[1782676759399] Granted 16 threads to pid 3227 (CPUs 1+16)
Request from pid 3227: max_threads=65535, hint_threads=32
[1782676759497] Granted 16 threads to pid 3227 (CPUs 1+16)
Request from pid 3311: max_threads=65535, hint_threads=32
[1782676759587] Granted 16 threads to pid 3311 (CPUs 17+16)
Request from pid 3227: max_threads=65535, hint_threads=32
[1782676759595] Granted 16 threads to pid 3227 (CPUs 1+16)
Request from pid 3311: max_threads=65535, hint_threads=32
[1782676759779] Granted 16 threads to pid 3311 (CPUs 17+16)
Request from pid 3227: max_threads=65535, hint_threads=32
[1782676759788] Granted 16 threads to pid 3227 (CPUs 1+16)
Request from pid 3311: max_threads=65535, hint_threads=32
[1782676759972] Granted 16 threads to pid 3311 (CPUs 17+16)
Request from pid 3227: max_threads=65535, hint_threads=32
[1782676759982] Granted 16 threads to pid 3227 (CPUs 1+16)
Request from pid 3311: max_threads=65535, hint_threads=32
[1782676760166] Granted 16 threads to pid 3311 (CPUs 17+16)
Request from pid 3227: max_threads=65535, hint_threads=32
[1782676760177] Granted 16 threads to pid 3227 (CPUs 1+16)
Request from pid 3311: max_threads=65535, hint_threads=32
[1782676760363] Granted 16 threads to pid 3311 (CPUs 17+16)
Request from pid 3227: max_threads=65535, hint_threads=32
[1782676760374] Granted 16 threads to pid 3227 (CPUs 1+16)
Request from pid 3227: max_threads=65535, hint_threads=32
[1782676760473] Granted 16 threads to pid 3227 (CPUs 1+16)
Request from pid 3311: max_threads=65535, hint_threads=32
[1782676760558] Granted 16 threads to pid 3311 (CPUs 17+16)
Request from pid 3227: max_threads=65535, hint_threads=32
[1782676760570] Granted 16 threads to pid 3227 (CPUs 1+16)
Request from pid 3311: max_threads=65535, hint_threads=32
[1782676760750] Granted 16 threads to pid 3311 (CPUs 17+16)
Request from pid 3227: max_threads=65535, hint_threads=32
[1782676760764] Granted 16 threads to pid 3227 (CPUs 1+16)
Request from pid 3311: max_threads=65535, hint_threads=32
[1782676760847] Granted 16 threads to pid 3311 (CPUs 17+16)
Request from pid 3227: max_threads=65535, hint_threads=32
[1782676760959] Granted 16 threads to pid 3227 (CPUs 1+16)
Request from pid 3311: max_threads=65535, hint_threads=32
[1782676761041] Granted 16 threads to pid 3311 (CPUs 17+16)
Request from pid 3227: max_threads=65535, hint_threads=32
[1782676761154] Granted 16 threads to pid 3227 (CPUs 1+16)
Request from pid 3311: max_threads=65535, hint_threads=32
[1782676761233] Granted 16 threads to pid 3311 (CPUs 17+16)
Request from pid 3311: max_threads=65535, hint_threads=32
[1782676761329] Granted 16 threads to pid 3311 (CPUs 17+16)
Request from pid 3227: max_threads=65535, hint_threads=32
[1782676761350] Granted 16 threads to pid 3227 (CPUs 1+16)
[1782676761356] Client pid 3227 disconnected — removed from state
Request from pid 3311: max_threads=65535, hint_threads=32
[1782676761493] Granted 32 threads to pid 3311 (CPUs 1+32)
Request from pid 3311: max_threads=65535, hint_threads=32
[1782676761628] Granted 32 threads to pid 3311 (CPUs 1+32)
Request from pid 3311: max_threads=65535, hint_threads=32
[1782676761676] Granted 32 threads to pid 3311 (CPUs 1+32)
Request from pid 3311: max_threads=65535, hint_threads=32
[1782676761772] Granted 32 threads to pid 3311 (CPUs 1+32)
Request from pid 3311: max_threads=65535, hint_threads=32
[1782676761867] Granted 32 threads to pid 3311 (CPUs 1+32)
Request from pid 3311: max_threads=65535, hint_threads=32
[1782676761964] Granted 32 threads to pid 3311 (CPUs 1+32)
Request from pid 3311: max_threads=65535, hint_threads=32
[1782676762063] Granted 32 threads to pid 3311 (CPUs 1+32)
Request from pid 3311: max_threads=65535, hint_threads=32
[1782676762161] Granted 32 threads to pid 3311 (CPUs 1+32)
Request from pid 3311: max_threads=65535, hint_threads=32
[1782676762258] Granted 32 threads to pid 3311 (CPUs 1+32)
Request from pid 3311: max_threads=65535, hint_threads=32
[1782676762355] Granted 32 threads to pid 3311 (CPUs 1+32)
Request from pid 3311: max_threads=65535, hint_threads=32
[1782676762452] Granted 32 threads to pid 3311 (CPUs 1+32)
Request from pid 3311: max_threads=65535, hint_threads=32
[1782676762549] Granted 32 threads to pid 3311 (CPUs 1+32)
Request from pid 3311: max_threads=65535, hint_threads=32
[1782676762646] Granted 32 threads to pid 3311 (CPUs 1+32)
Request from pid 3311: max_threads=65535, hint_threads=32
[1782676762742] Granted 32 threads to pid 3311 (CPUs 1+32)
Request from pid 3311: max_threads=65535, hint_threads=32
[1782676762839] Granted 32 threads to pid 3311 (CPUs 1+32)
Request from pid 3311: max_threads=65535, hint_threads=32
[1782676762937] Granted 32 threads to pid 3311 (CPUs 1+32)
Request from pid 3311: max_threads=65535, hint_threads=32
[1782676763034] Granted 32 threads to pid 3311 (CPUs 1+32)
[1782676763088] Client pid 3311 disconnected — removed from state
