Building DRM at Mon Mar  9 22:12:57 CET 2026
warning: fields `max_threads` and `hint_threads` are never read
  --> src/state.rs:9:9
   |
 8 | pub struct ClientInfo {
   |            ---------- fields in this struct
 9 |     pub max_threads: u16,
   |         ^^^^^^^^^^^
10 |     pub hint_threads: u16,
   |         ^^^^^^^^^^^^
   |
   = note: `ClientInfo` has derived impls for the traits `Debug` and `Clone`, but these are intentionally ignored during dead code analysis
   = note: `#[warn(dead_code)]` (part of `#[warn(unused)]`) on by default

warning: field `active_window` is never read
  --> src/scheduler/mod.rs:15:5
   |
13 | pub struct Scheduler {
   |            --------- field in this struct
14 |     capacity: u16,
15 |     active_window: Duration,
   |     ^^^^^^^^^^^^^

warning: methods `set_strategy` and `active_window` are never used
  --> src/scheduler/mod.rs:25:12
   |
19 | impl Scheduler {
   | -------------- methods in this implementation
...
25 |     pub fn set_strategy(&mut self, strategy: Arc<dyn SchedulingStrategy>) {
   |            ^^^^^^^^^^^^
...
41 |     pub fn active_window(&self) -> Duration {
   |            ^^^^^^^^^^^^^

warning: `dynamic-resource-manager` (bin "dynamic-resource-manager") generated 3 warnings
    Finished `release` profile [optimized] target(s) in 0.18s
Starting DRM at Mon Mar  9 22:12:58 CET 2026, capacity=2, RM_CPU=0
Listening on /tmp/omp-rm.sock (capacity=2, strategy=fair_share)
   PID CMD
164150 /dss/dsshome1/09/ga27qam2/dynamic-resource-manager/target/release/dynamic-resource-manager
Accepted connection
Handling client
Request from pid 164174: max_threads=65535, hint_threads=2
Granted 2 threads to pid 164174
Request from pid 164174: max_threads=65535, hint_threads=2
Granted 2 threads to pid 164174
Request from pid 164174: max_threads=65535, hint_threads=2
Granted 2 threads to pid 164174
Request from pid 164174: max_threads=65535, hint_threads=2
Granted 2 threads to pid 164174
Request from pid 164174: max_threads=65535, hint_threads=2
Granted 2 threads to pid 164174
Request from pid 164174: max_threads=65535, hint_threads=2
Granted 2 threads to pid 164174
Request from pid 164174: max_threads=65535, hint_threads=2
Granted 2 threads to pid 164174
Request from pid 164174: max_threads=65535, hint_threads=2
Granted 2 threads to pid 164174
Request from pid 164174: max_threads=65535, hint_threads=2
Granted 2 threads to pid 164174
Request from pid 164174: max_threads=65535, hint_threads=2
Granted 2 threads to pid 164174
Request from pid 164174: max_threads=65535, hint_threads=2
Granted 2 threads to pid 164174
Request from pid 164174: max_threads=65535, hint_threads=2
Granted 2 threads to pid 164174
Request from pid 164174: max_threads=65535, hint_threads=2
Granted 2 threads to pid 164174
Request from pid 164174: max_threads=65535, hint_threads=2
Granted 2 threads to pid 164174
Request from pid 164174: max_threads=65535, hint_threads=2
Granted 2 threads to pid 164174
Request from pid 164174: max_threads=65535, hint_threads=2
Granted 2 threads to pid 164174
Request from pid 164174: max_threads=65535, hint_threads=2
Granted 2 threads to pid 164174
Request from pid 164174: max_threads=65535, hint_threads=2
Granted 2 threads to pid 164174
Request from pid 164174: max_threads=65535, hint_threads=2
Granted 2 threads to pid 164174
Request from pid 164174: max_threads=65535, hint_threads=2
Granted 2 threads to pid 164174
Request from pid 164174: max_threads=65535, hint_threads=2
Granted 2 threads to pid 164174
Request from pid 164174: max_threads=65535, hint_threads=2
Granted 2 threads to pid 164174
Request from pid 164174: max_threads=65535, hint_threads=2
Granted 2 threads to pid 164174
Request from pid 164174: max_threads=65535, hint_threads=2
Granted 2 threads to pid 164174
Request from pid 164174: max_threads=65535, hint_threads=2
Granted 2 threads to pid 164174
Request from pid 164174: max_threads=65535, hint_threads=2
Granted 2 threads to pid 164174
Request from pid 164174: max_threads=65535, hint_threads=2
Granted 2 threads to pid 164174
Request from pid 164174: max_threads=65535, hint_threads=2
Granted 2 threads to pid 164174
Request from pid 164174: max_threads=65535, hint_threads=2
Granted 2 threads to pid 164174
Request from pid 164174: max_threads=65535, hint_threads=2
Granted 2 threads to pid 164174
Request from pid 164174: max_threads=65535, hint_threads=2
Granted 2 threads to pid 164174
Request from pid 164174: max_threads=65535, hint_threads=2
Granted 2 threads to pid 164174
Request from pid 164174: max_threads=65535, hint_threads=2
Granted 2 threads to pid 164174
Request from pid 164174: max_threads=65535, hint_threads=2
Granted 2 threads to pid 164174
Request from pid 164174: max_threads=65535, hint_threads=2
Granted 2 threads to pid 164174
Request from pid 164174: max_threads=65535, hint_threads=2
Granted 2 threads to pid 164174
Request from pid 164174: max_threads=65535, hint_threads=2
Granted 2 threads to pid 164174
Request from pid 164174: max_threads=65535, hint_threads=2
Granted 2 threads to pid 164174
Request from pid 164174: max_threads=65535, hint_threads=2
Granted 2 threads to pid 164174
Request from pid 164174: max_threads=65535, hint_threads=2
Granted 2 threads to pid 164174
Request from pid 164174: max_threads=65535, hint_threads=2
Granted 2 threads to pid 164174
Request from pid 164174: max_threads=65535, hint_threads=2
Granted 2 threads to pid 164174
Request from pid 164174: max_threads=65535, hint_threads=2
Granted 2 threads to pid 164174
Request from pid 164174: max_threads=65535, hint_threads=2
Granted 2 threads to pid 164174
Request from pid 164174: max_threads=65535, hint_threads=2
Granted 2 threads to pid 164174
Request from pid 164174: max_threads=65535, hint_threads=2
Granted 2 threads to pid 164174
Request from pid 164174: max_threads=65535, hint_threads=2
Granted 2 threads to pid 164174
Read error: Connection reset by peer (os error 104)
Accepted connection
Handling client
Request from pid 164428: max_threads=65535, hint_threads=2
Granted 2 threads to pid 164428
Request from pid 164428: max_threads=65535, hint_threads=2
Granted 2 threads to pid 164428
Request from pid 164428: max_threads=65535, hint_threads=2
Granted 2 threads to pid 164428
Request from pid 164428: max_threads=65535, hint_threads=2
Granted 2 threads to pid 164428
Request from pid 164428: max_threads=65535, hint_threads=2
Granted 2 threads to pid 164428
Request from pid 164428: max_threads=65535, hint_threads=2
Granted 2 threads to pid 164428
Request from pid 164428: max_threads=65535, hint_threads=2
Granted 2 threads to pid 164428
Request from pid 164428: max_threads=65535, hint_threads=2
Granted 2 threads to pid 164428
Request from pid 164428: max_threads=65535, hint_threads=2
Granted 2 threads to pid 164428
Request from pid 164428: max_threads=65535, hint_threads=2
Granted 2 threads to pid 164428
Request from pid 164428: max_threads=65535, hint_threads=2
Granted 2 threads to pid 164428
Request from pid 164428: max_threads=65535, hint_threads=2
Granted 2 threads to pid 164428
Request from pid 164428: max_threads=65535, hint_threads=2
Granted 2 threads to pid 164428
Request from pid 164428: max_threads=65535, hint_threads=2
Granted 2 threads to pid 164428
Request from pid 164428: max_threads=65535, hint_threads=2
Granted 2 threads to pid 164428
Request from pid 164428: max_threads=65535, hint_threads=2
Granted 2 threads to pid 164428
Request from pid 164428: max_threads=65535, hint_threads=2
Granted 2 threads to pid 164428
Request from pid 164428: max_threads=65535, hint_threads=2
Granted 2 threads to pid 164428
Request from pid 164428: max_threads=65535, hint_threads=2
Granted 2 threads to pid 164428
Request from pid 164428: max_threads=65535, hint_threads=2
Granted 2 threads to pid 164428
Request from pid 164428: max_threads=65535, hint_threads=2
Granted 2 threads to pid 164428
Request from pid 164428: max_threads=65535, hint_threads=2
Granted 2 threads to pid 164428
Request from pid 164428: max_threads=65535, hint_threads=2
Granted 2 threads to pid 164428
Request from pid 164428: max_threads=65535, hint_threads=2
Granted 2 threads to pid 164428
Request from pid 164428: max_threads=65535, hint_threads=2
Granted 2 threads to pid 164428
Request from pid 164428: max_threads=65535, hint_threads=2
Granted 2 threads to pid 164428
Request from pid 164428: max_threads=65535, hint_threads=2
Granted 2 threads to pid 164428
Request from pid 164428: max_threads=65535, hint_threads=2
Granted 2 threads to pid 164428
Request from pid 164428: max_threads=65535, hint_threads=2
Granted 2 threads to pid 164428
Request from pid 164428: max_threads=65535, hint_threads=2
Granted 2 threads to pid 164428
Request from pid 164428: max_threads=65535, hint_threads=2
Granted 2 threads to pid 164428
Request from pid 164428: max_threads=65535, hint_threads=2
Granted 2 threads to pid 164428
Request from pid 164428: max_threads=65535, hint_threads=2
Granted 2 threads to pid 164428
Request from pid 164428: max_threads=65535, hint_threads=2
Granted 2 threads to pid 164428
Request from pid 164428: max_threads=65535, hint_threads=2
Granted 2 threads to pid 164428
Request from pid 164428: max_threads=65535, hint_threads=2
Granted 2 threads to pid 164428
Request from pid 164428: max_threads=65535, hint_threads=2
Granted 2 threads to pid 164428
Request from pid 164428: max_threads=65535, hint_threads=2
Granted 2 threads to pid 164428
Request from pid 164428: max_threads=65535, hint_threads=2
Granted 2 threads to pid 164428
Request from pid 164428: max_threads=65535, hint_threads=2
Granted 2 threads to pid 164428
Request from pid 164428: max_threads=65535, hint_threads=2
Granted 2 threads to pid 164428
Request from pid 164428: max_threads=65535, hint_threads=2
Granted 2 threads to pid 164428
Request from pid 164428: max_threads=65535, hint_threads=2
Granted 2 threads to pid 164428
Request from pid 164428: max_threads=65535, hint_threads=2
Granted 2 threads to pid 164428
Request from pid 164428: max_threads=65535, hint_threads=2
Granted 2 threads to pid 164428
Request from pid 164428: max_threads=65535, hint_threads=2
Granted 2 threads to pid 164428
Request from pid 164428: max_threads=65535, hint_threads=2
Granted 2 threads to pid 164428
Request from pid 164428: max_threads=65535, hint_threads=2
Granted 2 threads to pid 164428
Request from pid 164428: max_threads=65535, hint_threads=2
Granted 2 threads to pid 164428
Request from pid 164428: max_threads=65535, hint_threads=2
Granted 2 threads to pid 164428
Request from pid 164428: max_threads=65535, hint_threads=2
Granted 2 threads to pid 164428
Request from pid 164428: max_threads=65535, hint_threads=2
Granted 2 threads to pid 164428
Request from pid 164428: max_threads=65535, hint_threads=2
Granted 2 threads to pid 164428
Request from pid 164428: max_threads=65535, hint_threads=2
Granted 2 threads to pid 164428
Request from pid 164428: max_threads=65535, hint_threads=2
Granted 2 threads to pid 164428
Request from pid 164428: max_threads=65535, hint_threads=2
Granted 2 threads to pid 164428
Request from pid 164428: max_threads=65535, hint_threads=2
Granted 2 threads to pid 164428
Request from pid 164428: max_threads=65535, hint_threads=2
Granted 2 threads to pid 164428
Request from pid 164428: max_threads=65535, hint_threads=2
Granted 2 threads to pid 164428
Request from pid 164428: max_threads=65535, hint_threads=2
Granted 2 threads to pid 164428
Request from pid 164428: max_threads=65535, hint_threads=2
Granted 2 threads to pid 164428
Request from pid 164428: max_threads=65535, hint_threads=2
Granted 2 threads to pid 164428
Request from pid 164428: max_threads=65535, hint_threads=2
Granted 2 threads to pid 164428
Request from pid 164428: max_threads=65535, hint_threads=2
Granted 2 threads to pid 164428
Request from pid 164428: max_threads=65535, hint_threads=2
Granted 2 threads to pid 164428
Request from pid 164428: max_threads=65535, hint_threads=2
Granted 2 threads to pid 164428
Request from pid 164428: max_threads=65535, hint_threads=2
Granted 2 threads to pid 164428
Request from pid 164428: max_threads=65535, hint_threads=2
Granted 2 threads to pid 164428
Request from pid 164428: max_threads=65535, hint_threads=2
Granted 2 threads to pid 164428
Request from pid 164428: max_threads=65535, hint_threads=2
Granted 2 threads to pid 164428
Request from pid 164428: max_threads=65535, hint_threads=2
Granted 2 threads to pid 164428
Request from pid 164428: max_threads=65535, hint_threads=2
Granted 2 threads to pid 164428
Request from pid 164428: max_threads=65535, hint_threads=2
Granted 2 threads to pid 164428
Request from pid 164428: max_threads=65535, hint_threads=2
Granted 2 threads to pid 164428
Request from pid 164428: max_threads=65535, hint_threads=2
Granted 2 threads to pid 164428
Request from pid 164428: max_threads=65535, hint_threads=2
Granted 2 threads to pid 164428
Request from pid 164428: max_threads=65535, hint_threads=2
Granted 2 threads to pid 164428
Client closed connection
Accepted connection
Handling client
Request from pid 164491: max_threads=65535, hint_threads=2
Granted 2 threads to pid 164491
Request from pid 164491: max_threads=65535, hint_threads=2
Granted 2 threads to pid 164491
Read error: Connection reset by peer (os error 104)
Accepted connection
Handling client
Request from pid 164685: max_threads=65535, hint_threads=2
Granted 2 threads to pid 164685
Request from pid 164685: max_threads=65535, hint_threads=2
Granted 2 threads to pid 164685
Request from pid 164685: max_threads=65535, hint_threads=2
Granted 2 threads to pid 164685
Request from pid 164685: max_threads=65535, hint_threads=2
Granted 2 threads to pid 164685
Request from pid 164685: max_threads=65535, hint_threads=2
Granted 2 threads to pid 164685
Request from pid 164685: max_threads=65535, hint_threads=2
Granted 2 threads to pid 164685
Request from pid 164685: max_threads=65535, hint_threads=2
Granted 2 threads to pid 164685
Request from pid 164685: max_threads=65535, hint_threads=2
Granted 2 threads to pid 164685
Request from pid 164685: max_threads=65535, hint_threads=2
Granted 2 threads to pid 164685
Request from pid 164685: max_threads=65535, hint_threads=2
Granted 2 threads to pid 164685
Request from pid 164685: max_threads=65535, hint_threads=2
Granted 2 threads to pid 164685
Request from pid 164685: max_threads=65535, hint_threads=2
Granted 2 threads to pid 164685
Request from pid 164685: max_threads=65535, hint_threads=2
Granted 2 threads to pid 164685
Request from pid 164685: max_threads=65535, hint_threads=2
Granted 2 threads to pid 164685
Request from pid 164685: max_threads=65535, hint_threads=2
Granted 2 threads to pid 164685
Request from pid 164685: max_threads=65535, hint_threads=2
Granted 2 threads to pid 164685
Request from pid 164685: max_threads=65535, hint_threads=2
Granted 2 threads to pid 164685
Request from pid 164685: max_threads=65535, hint_threads=2
Granted 2 threads to pid 164685
Request from pid 164685: max_threads=65535, hint_threads=2
Granted 2 threads to pid 164685
Request from pid 164685: max_threads=65535, hint_threads=2
Granted 2 threads to pid 164685
Request from pid 164685: max_threads=65535, hint_threads=2
Granted 2 threads to pid 164685
Request from pid 164685: max_threads=65535, hint_threads=2
Granted 2 threads to pid 164685
Request from pid 164685: max_threads=65535, hint_threads=2
Granted 2 threads to pid 164685
Request from pid 164685: max_threads=65535, hint_threads=2
Granted 2 threads to pid 164685
Request from pid 164685: max_threads=65535, hint_threads=2
Granted 2 threads to pid 164685
Request from pid 164685: max_threads=65535, hint_threads=2
Granted 2 threads to pid 164685
Request from pid 164685: max_threads=65535, hint_threads=2
Granted 2 threads to pid 164685
Request from pid 164685: max_threads=65535, hint_threads=2
Granted 2 threads to pid 164685
Request from pid 164685: max_threads=65535, hint_threads=2
Granted 2 threads to pid 164685
Request from pid 164685: max_threads=65535, hint_threads=2
Granted 2 threads to pid 164685
Request from pid 164685: max_threads=65535, hint_threads=2
Granted 2 threads to pid 164685
Request from pid 164685: max_threads=65535, hint_threads=2
Granted 2 threads to pid 164685
Request from pid 164685: max_threads=65535, hint_threads=2
Granted 2 threads to pid 164685
Request from pid 164685: max_threads=65535, hint_threads=2
Granted 2 threads to pid 164685
Request from pid 164685: max_threads=65535, hint_threads=2
Granted 2 threads to pid 164685
Request from pid 164685: max_threads=65535, hint_threads=2
Granted 2 threads to pid 164685
Request from pid 164685: max_threads=65535, hint_threads=2
Granted 2 threads to pid 164685
Request from pid 164685: max_threads=65535, hint_threads=2
Granted 2 threads to pid 164685
Request from pid 164685: max_threads=65535, hint_threads=2
Granted 2 threads to pid 164685
Request from pid 164685: max_threads=65535, hint_threads=2
Granted 2 threads to pid 164685
Request from pid 164685: max_threads=65535, hint_threads=2
Granted 2 threads to pid 164685
Request from pid 164685: max_threads=65535, hint_threads=2
Granted 2 threads to pid 164685
Request from pid 164685: max_threads=65535, hint_threads=2
Granted 2 threads to pid 164685
Request from pid 164685: max_threads=65535, hint_threads=2
Granted 2 threads to pid 164685
Request from pid 164685: max_threads=65535, hint_threads=2
Granted 2 threads to pid 164685
Request from pid 164685: max_threads=65535, hint_threads=2
Granted 2 threads to pid 164685
Request from pid 164685: max_threads=65535, hint_threads=2
Granted 2 threads to pid 164685
Read error: Connection reset by peer (os error 104)
Accepted connection
Handling client
Request from pid 164764: max_threads=65535, hint_threads=2
Granted 2 threads to pid 164764
Request from pid 164764: max_threads=65535, hint_threads=2
Granted 2 threads to pid 164764
Request from pid 164764: max_threads=65535, hint_threads=2
Granted 2 threads to pid 164764
Request from pid 164764: max_threads=65535, hint_threads=2
Granted 2 threads to pid 164764
Request from pid 164764: max_threads=65535, hint_threads=2
Granted 2 threads to pid 164764
Request from pid 164764: max_threads=65535, hint_threads=2
Granted 2 threads to pid 164764
Request from pid 164764: max_threads=65535, hint_threads=2
Granted 2 threads to pid 164764
Request from pid 164764: max_threads=65535, hint_threads=2
Granted 2 threads to pid 164764
Request from pid 164764: max_threads=65535, hint_threads=2
Granted 2 threads to pid 164764
Request from pid 164764: max_threads=65535, hint_threads=2
Granted 2 threads to pid 164764
Request from pid 164764: max_threads=65535, hint_threads=2
Granted 2 threads to pid 164764
Request from pid 164764: max_threads=65535, hint_threads=2
Granted 2 threads to pid 164764
Request from pid 164764: max_threads=65535, hint_threads=2
Granted 2 threads to pid 164764
Request from pid 164764: max_threads=65535, hint_threads=2
Granted 2 threads to pid 164764
Request from pid 164764: max_threads=65535, hint_threads=2
Granted 2 threads to pid 164764
Request from pid 164764: max_threads=65535, hint_threads=2
Granted 2 threads to pid 164764
Request from pid 164764: max_threads=65535, hint_threads=2
Granted 2 threads to pid 164764
Request from pid 164764: max_threads=65535, hint_threads=2
Granted 2 threads to pid 164764
Request from pid 164764: max_threads=65535, hint_threads=2
Granted 2 threads to pid 164764
Request from pid 164764: max_threads=65535, hint_threads=2
Granted 2 threads to pid 164764
Request from pid 164764: max_threads=65535, hint_threads=2
Granted 2 threads to pid 164764
Request from pid 164764: max_threads=65535, hint_threads=2
Granted 2 threads to pid 164764
Request from pid 164764: max_threads=65535, hint_threads=2
Granted 2 threads to pid 164764
Request from pid 164764: max_threads=65535, hint_threads=2
Granted 2 threads to pid 164764
Request from pid 164764: max_threads=65535, hint_threads=2
Granted 2 threads to pid 164764
Request from pid 164764: max_threads=65535, hint_threads=2
Granted 2 threads to pid 164764
Request from pid 164764: max_threads=65535, hint_threads=2
Granted 2 threads to pid 164764
Request from pid 164764: max_threads=65535, hint_threads=2
Granted 2 threads to pid 164764
Request from pid 164764: max_threads=65535, hint_threads=2
Granted 2 threads to pid 164764
Request from pid 164764: max_threads=65535, hint_threads=2
Granted 2 threads to pid 164764
Request from pid 164764: max_threads=65535, hint_threads=2
Granted 2 threads to pid 164764
Request from pid 164764: max_threads=65535, hint_threads=2
Granted 2 threads to pid 164764
Request from pid 164764: max_threads=65535, hint_threads=2
Granted 2 threads to pid 164764
Request from pid 164764: max_threads=65535, hint_threads=2
Granted 2 threads to pid 164764
Request from pid 164764: max_threads=65535, hint_threads=2
Granted 2 threads to pid 164764
Request from pid 164764: max_threads=65535, hint_threads=2
Granted 2 threads to pid 164764
Request from pid 164764: max_threads=65535, hint_threads=2
Granted 2 threads to pid 164764
Request from pid 164764: max_threads=65535, hint_threads=2
Granted 2 threads to pid 164764
Request from pid 164764: max_threads=65535, hint_threads=2
Granted 2 threads to pid 164764
Request from pid 164764: max_threads=65535, hint_threads=2
Granted 2 threads to pid 164764
Request from pid 164764: max_threads=65535, hint_threads=2
Granted 2 threads to pid 164764
Request from pid 164764: max_threads=65535, hint_threads=2
Granted 2 threads to pid 164764
Request from pid 164764: max_threads=65535, hint_threads=2
Granted 2 threads to pid 164764
Request from pid 164764: max_threads=65535, hint_threads=2
Granted 2 threads to pid 164764
Request from pid 164764: max_threads=65535, hint_threads=2
Granted 2 threads to pid 164764
Request from pid 164764: max_threads=65535, hint_threads=2
Granted 2 threads to pid 164764
Request from pid 164764: max_threads=65535, hint_threads=2
Granted 2 threads to pid 164764
Request from pid 164764: max_threads=65535, hint_threads=2
Granted 2 threads to pid 164764
Request from pid 164764: max_threads=65535, hint_threads=2
Granted 2 threads to pid 164764
Request from pid 164764: max_threads=65535, hint_threads=2
Granted 2 threads to pid 164764
Request from pid 164764: max_threads=65535, hint_threads=2
Granted 2 threads to pid 164764
Request from pid 164764: max_threads=65535, hint_threads=2
Granted 2 threads to pid 164764
Request from pid 164764: max_threads=65535, hint_threads=2
Granted 2 threads to pid 164764
Request from pid 164764: max_threads=65535, hint_threads=2
Granted 2 threads to pid 164764
Request from pid 164764: max_threads=65535, hint_threads=2
Granted 2 threads to pid 164764
Request from pid 164764: max_threads=65535, hint_threads=2
Granted 2 threads to pid 164764
Request from pid 164764: max_threads=65535, hint_threads=2
Granted 2 threads to pid 164764
Request from pid 164764: max_threads=65535, hint_threads=2
Granted 2 threads to pid 164764
Request from pid 164764: max_threads=65535, hint_threads=2
Granted 2 threads to pid 164764
Request from pid 164764: max_threads=65535, hint_threads=2
Granted 2 threads to pid 164764
Request from pid 164764: max_threads=65535, hint_threads=2
Granted 2 threads to pid 164764
Request from pid 164764: max_threads=65535, hint_threads=2
Granted 2 threads to pid 164764
Request from pid 164764: max_threads=65535, hint_threads=2
Granted 2 threads to pid 164764
Request from pid 164764: max_threads=65535, hint_threads=2
Granted 2 threads to pid 164764
Request from pid 164764: max_threads=65535, hint_threads=2
Granted 2 threads to pid 164764
Request from pid 164764: max_threads=65535, hint_threads=2
Granted 2 threads to pid 164764
Request from pid 164764: max_threads=65535, hint_threads=2
Granted 2 threads to pid 164764
Request from pid 164764: max_threads=65535, hint_threads=2
Granted 2 threads to pid 164764
Request from pid 164764: max_threads=65535, hint_threads=2
Granted 2 threads to pid 164764
Request from pid 164764: max_threads=65535, hint_threads=2
Granted 2 threads to pid 164764
Request from pid 164764: max_threads=65535, hint_threads=2
Granted 2 threads to pid 164764
Request from pid 164764: max_threads=65535, hint_threads=2
Granted 2 threads to pid 164764
Request from pid 164764: max_threads=65535, hint_threads=2
Granted 2 threads to pid 164764
Request from pid 164764: max_threads=65535, hint_threads=2
Granted 2 threads to pid 164764
Request from pid 164764: max_threads=65535, hint_threads=2
Granted 2 threads to pid 164764
Client closed connection
Accepted connection
Handling client
Request from pid 164957: max_threads=65535, hint_threads=2
Granted 2 threads to pid 164957
Request from pid 164957: max_threads=65535, hint_threads=2
Granted 2 threads to pid 164957
Read error: Connection reset by peer (os error 104)
Accepted connection
Handling client
Request from pid 165024: max_threads=65535, hint_threads=2
Granted 2 threads to pid 165024
Request from pid 165024: max_threads=65535, hint_threads=2
Granted 2 threads to pid 165024
Request from pid 165024: max_threads=65535, hint_threads=2
Granted 2 threads to pid 165024
Request from pid 165024: max_threads=65535, hint_threads=2
Granted 2 threads to pid 165024
Request from pid 165024: max_threads=65535, hint_threads=2
Granted 2 threads to pid 165024
Request from pid 165024: max_threads=65535, hint_threads=2
Granted 2 threads to pid 165024
Request from pid 165024: max_threads=65535, hint_threads=2
Granted 2 threads to pid 165024
Request from pid 165024: max_threads=65535, hint_threads=2
Granted 2 threads to pid 165024
Request from pid 165024: max_threads=65535, hint_threads=2
Granted 2 threads to pid 165024
Request from pid 165024: max_threads=65535, hint_threads=2
Granted 2 threads to pid 165024
Request from pid 165024: max_threads=65535, hint_threads=2
Granted 2 threads to pid 165024
Request from pid 165024: max_threads=65535, hint_threads=2
Granted 2 threads to pid 165024
Request from pid 165024: max_threads=65535, hint_threads=2
Granted 2 threads to pid 165024
Request from pid 165024: max_threads=65535, hint_threads=2
Granted 2 threads to pid 165024
Request from pid 165024: max_threads=65535, hint_threads=2
Granted 2 threads to pid 165024
Request from pid 165024: max_threads=65535, hint_threads=2
Granted 2 threads to pid 165024
Request from pid 165024: max_threads=65535, hint_threads=2
Granted 2 threads to pid 165024
Request from pid 165024: max_threads=65535, hint_threads=2
Granted 2 threads to pid 165024
Request from pid 165024: max_threads=65535, hint_threads=2
Granted 2 threads to pid 165024
Request from pid 165024: max_threads=65535, hint_threads=2
Granted 2 threads to pid 165024
Request from pid 165024: max_threads=65535, hint_threads=2
Granted 2 threads to pid 165024
Request from pid 165024: max_threads=65535, hint_threads=2
Granted 2 threads to pid 165024
Request from pid 165024: max_threads=65535, hint_threads=2
Granted 2 threads to pid 165024
Request from pid 165024: max_threads=65535, hint_threads=2
Granted 2 threads to pid 165024
Request from pid 165024: max_threads=65535, hint_threads=2
Granted 2 threads to pid 165024
Request from pid 165024: max_threads=65535, hint_threads=2
Granted 2 threads to pid 165024
Request from pid 165024: max_threads=65535, hint_threads=2
Granted 2 threads to pid 165024
Request from pid 165024: max_threads=65535, hint_threads=2
Granted 2 threads to pid 165024
Request from pid 165024: max_threads=65535, hint_threads=2
Granted 2 threads to pid 165024
Request from pid 165024: max_threads=65535, hint_threads=2
Granted 2 threads to pid 165024
Request from pid 165024: max_threads=65535, hint_threads=2
Granted 2 threads to pid 165024
Request from pid 165024: max_threads=65535, hint_threads=2
Granted 2 threads to pid 165024
Request from pid 165024: max_threads=65535, hint_threads=2
Granted 2 threads to pid 165024
Request from pid 165024: max_threads=65535, hint_threads=2
Granted 2 threads to pid 165024
Request from pid 165024: max_threads=65535, hint_threads=2
Granted 2 threads to pid 165024
Request from pid 165024: max_threads=65535, hint_threads=2
Granted 2 threads to pid 165024
Request from pid 165024: max_threads=65535, hint_threads=2
Granted 2 threads to pid 165024
Request from pid 165024: max_threads=65535, hint_threads=2
Granted 2 threads to pid 165024
Request from pid 165024: max_threads=65535, hint_threads=2
Granted 2 threads to pid 165024
Request from pid 165024: max_threads=65535, hint_threads=2
Granted 2 threads to pid 165024
Request from pid 165024: max_threads=65535, hint_threads=2
Granted 2 threads to pid 165024
Request from pid 165024: max_threads=65535, hint_threads=2
Granted 2 threads to pid 165024
Request from pid 165024: max_threads=65535, hint_threads=2
Granted 2 threads to pid 165024
Request from pid 165024: max_threads=65535, hint_threads=2
Granted 2 threads to pid 165024
Request from pid 165024: max_threads=65535, hint_threads=2
Granted 2 threads to pid 165024
Request from pid 165024: max_threads=65535, hint_threads=2
Granted 2 threads to pid 165024
Request from pid 165024: max_threads=65535, hint_threads=2
Granted 2 threads to pid 165024
Read error: Connection reset by peer (os error 104)
Accepted connection
Handling client
Request from pid 165142: max_threads=65535, hint_threads=2
Granted 2 threads to pid 165142
Request from pid 165142: max_threads=65535, hint_threads=2
Granted 2 threads to pid 165142
Request from pid 165142: max_threads=65535, hint_threads=2
Granted 2 threads to pid 165142
Request from pid 165142: max_threads=65535, hint_threads=2
Granted 2 threads to pid 165142
Request from pid 165142: max_threads=65535, hint_threads=2
Granted 2 threads to pid 165142
Request from pid 165142: max_threads=65535, hint_threads=2
Granted 2 threads to pid 165142
Request from pid 165142: max_threads=65535, hint_threads=2
Granted 2 threads to pid 165142
Request from pid 165142: max_threads=65535, hint_threads=2
Granted 2 threads to pid 165142
Request from pid 165142: max_threads=65535, hint_threads=2
Granted 2 threads to pid 165142
Request from pid 165142: max_threads=65535, hint_threads=2
Granted 2 threads to pid 165142
Request from pid 165142: max_threads=65535, hint_threads=2
Granted 2 threads to pid 165142
Request from pid 165142: max_threads=65535, hint_threads=2
Granted 2 threads to pid 165142
Request from pid 165142: max_threads=65535, hint_threads=2
Granted 2 threads to pid 165142
Request from pid 165142: max_threads=65535, hint_threads=2
Granted 2 threads to pid 165142
Request from pid 165142: max_threads=65535, hint_threads=2
Granted 2 threads to pid 165142
Request from pid 165142: max_threads=65535, hint_threads=2
Granted 2 threads to pid 165142
Request from pid 165142: max_threads=65535, hint_threads=2
Granted 2 threads to pid 165142
Request from pid 165142: max_threads=65535, hint_threads=2
Granted 2 threads to pid 165142
Request from pid 165142: max_threads=65535, hint_threads=2
Granted 2 threads to pid 165142
Request from pid 165142: max_threads=65535, hint_threads=2
Granted 2 threads to pid 165142
Request from pid 165142: max_threads=65535, hint_threads=2
Granted 2 threads to pid 165142
Request from pid 165142: max_threads=65535, hint_threads=2
Granted 2 threads to pid 165142
Request from pid 165142: max_threads=65535, hint_threads=2
Granted 2 threads to pid 165142
Request from pid 165142: max_threads=65535, hint_threads=2
Granted 2 threads to pid 165142
Request from pid 165142: max_threads=65535, hint_threads=2
Granted 2 threads to pid 165142
Request from pid 165142: max_threads=65535, hint_threads=2
Granted 2 threads to pid 165142
Request from pid 165142: max_threads=65535, hint_threads=2
Granted 2 threads to pid 165142
Request from pid 165142: max_threads=65535, hint_threads=2
Granted 2 threads to pid 165142
Request from pid 165142: max_threads=65535, hint_threads=2
Granted 2 threads to pid 165142
Request from pid 165142: max_threads=65535, hint_threads=2
Granted 2 threads to pid 165142
Request from pid 165142: max_threads=65535, hint_threads=2
Granted 2 threads to pid 165142
Request from pid 165142: max_threads=65535, hint_threads=2
Granted 2 threads to pid 165142
Request from pid 165142: max_threads=65535, hint_threads=2
Granted 2 threads to pid 165142
Request from pid 165142: max_threads=65535, hint_threads=2
Granted 2 threads to pid 165142
Request from pid 165142: max_threads=65535, hint_threads=2
Granted 2 threads to pid 165142
Request from pid 165142: max_threads=65535, hint_threads=2
Granted 2 threads to pid 165142
Request from pid 165142: max_threads=65535, hint_threads=2
Granted 2 threads to pid 165142
Request from pid 165142: max_threads=65535, hint_threads=2
Granted 2 threads to pid 165142
Request from pid 165142: max_threads=65535, hint_threads=2
Granted 2 threads to pid 165142
Request from pid 165142: max_threads=65535, hint_threads=2
Granted 2 threads to pid 165142
Request from pid 165142: max_threads=65535, hint_threads=2
Granted 2 threads to pid 165142
Request from pid 165142: max_threads=65535, hint_threads=2
Granted 2 threads to pid 165142
Request from pid 165142: max_threads=65535, hint_threads=2
Granted 2 threads to pid 165142
Request from pid 165142: max_threads=65535, hint_threads=2
Granted 2 threads to pid 165142
Request from pid 165142: max_threads=65535, hint_threads=2
Granted 2 threads to pid 165142
Request from pid 165142: max_threads=65535, hint_threads=2
Granted 2 threads to pid 165142
Request from pid 165142: max_threads=65535, hint_threads=2
Granted 2 threads to pid 165142
Request from pid 165142: max_threads=65535, hint_threads=2
Granted 2 threads to pid 165142
Request from pid 165142: max_threads=65535, hint_threads=2
Granted 2 threads to pid 165142
Request from pid 165142: max_threads=65535, hint_threads=2
Granted 2 threads to pid 165142
Request from pid 165142: max_threads=65535, hint_threads=2
Granted 2 threads to pid 165142
Request from pid 165142: max_threads=65535, hint_threads=2
Granted 2 threads to pid 165142
Request from pid 165142: max_threads=65535, hint_threads=2
Granted 2 threads to pid 165142
Request from pid 165142: max_threads=65535, hint_threads=2
Granted 2 threads to pid 165142
Request from pid 165142: max_threads=65535, hint_threads=2
Granted 2 threads to pid 165142
Request from pid 165142: max_threads=65535, hint_threads=2
Granted 2 threads to pid 165142
Request from pid 165142: max_threads=65535, hint_threads=2
Granted 2 threads to pid 165142
Request from pid 165142: max_threads=65535, hint_threads=2
Granted 2 threads to pid 165142
Request from pid 165142: max_threads=65535, hint_threads=2
Granted 2 threads to pid 165142
Request from pid 165142: max_threads=65535, hint_threads=2
Granted 2 threads to pid 165142
Request from pid 165142: max_threads=65535, hint_threads=2
Granted 2 threads to pid 165142
Request from pid 165142: max_threads=65535, hint_threads=2
Granted 2 threads to pid 165142
Request from pid 165142: max_threads=65535, hint_threads=2
Granted 2 threads to pid 165142
Request from pid 165142: max_threads=65535, hint_threads=2
Granted 2 threads to pid 165142
Request from pid 165142: max_threads=65535, hint_threads=2
Granted 2 threads to pid 165142
Request from pid 165142: max_threads=65535, hint_threads=2
Granted 2 threads to pid 165142
Request from pid 165142: max_threads=65535, hint_threads=2
Granted 2 threads to pid 165142
Request from pid 165142: max_threads=65535, hint_threads=2
Granted 2 threads to pid 165142
Request from pid 165142: max_threads=65535, hint_threads=2
Granted 2 threads to pid 165142
Request from pid 165142: max_threads=65535, hint_threads=2
Granted 2 threads to pid 165142
Request from pid 165142: max_threads=65535, hint_threads=2
Granted 2 threads to pid 165142
Request from pid 165142: max_threads=65535, hint_threads=2
Granted 2 threads to pid 165142
Request from pid 165142: max_threads=65535, hint_threads=2
Granted 2 threads to pid 165142
Request from pid 165142: max_threads=65535, hint_threads=2
Granted 2 threads to pid 165142
Request from pid 165142: max_threads=65535, hint_threads=2
Granted 2 threads to pid 165142
Client closed connection
Accepted connection
Handling client
Request from pid 165329: max_threads=65535, hint_threads=2
Granted 2 threads to pid 165329
Request from pid 165329: max_threads=65535, hint_threads=2
Granted 2 threads to pid 165329
Read error: Connection reset by peer (os error 104)
Accepted connection
Handling client
Request from pid 165392: max_threads=65535, hint_threads=2
Granted 2 threads to pid 165392
Request from pid 165392: max_threads=65535, hint_threads=2
Granted 2 threads to pid 165392
Request from pid 165392: max_threads=65535, hint_threads=2
Granted 2 threads to pid 165392
Request from pid 165392: max_threads=65535, hint_threads=2
Granted 2 threads to pid 165392
Request from pid 165392: max_threads=65535, hint_threads=2
Granted 2 threads to pid 165392
Request from pid 165392: max_threads=65535, hint_threads=2
Granted 2 threads to pid 165392
Request from pid 165392: max_threads=65535, hint_threads=2
Granted 2 threads to pid 165392
Request from pid 165392: max_threads=65535, hint_threads=2
Granted 2 threads to pid 165392
Request from pid 165392: max_threads=65535, hint_threads=2
Granted 2 threads to pid 165392
Request from pid 165392: max_threads=65535, hint_threads=2
Granted 2 threads to pid 165392
Request from pid 165392: max_threads=65535, hint_threads=2
Granted 2 threads to pid 165392
Request from pid 165392: max_threads=65535, hint_threads=2
Granted 2 threads to pid 165392
Request from pid 165392: max_threads=65535, hint_threads=2
Granted 2 threads to pid 165392
Request from pid 165392: max_threads=65535, hint_threads=2
Granted 2 threads to pid 165392
Request from pid 165392: max_threads=65535, hint_threads=2
Granted 2 threads to pid 165392
Request from pid 165392: max_threads=65535, hint_threads=2
Granted 2 threads to pid 165392
Request from pid 165392: max_threads=65535, hint_threads=2
Granted 2 threads to pid 165392
Request from pid 165392: max_threads=65535, hint_threads=2
Granted 2 threads to pid 165392
Request from pid 165392: max_threads=65535, hint_threads=2
Granted 2 threads to pid 165392
Request from pid 165392: max_threads=65535, hint_threads=2
Granted 2 threads to pid 165392
Request from pid 165392: max_threads=65535, hint_threads=2
Granted 2 threads to pid 165392
Request from pid 165392: max_threads=65535, hint_threads=2
Granted 2 threads to pid 165392
Request from pid 165392: max_threads=65535, hint_threads=2
Granted 2 threads to pid 165392
Request from pid 165392: max_threads=65535, hint_threads=2
Granted 2 threads to pid 165392
Request from pid 165392: max_threads=65535, hint_threads=2
Granted 2 threads to pid 165392
Request from pid 165392: max_threads=65535, hint_threads=2
Granted 2 threads to pid 165392
Request from pid 165392: max_threads=65535, hint_threads=2
Granted 2 threads to pid 165392
Request from pid 165392: max_threads=65535, hint_threads=2
Granted 2 threads to pid 165392
Request from pid 165392: max_threads=65535, hint_threads=2
Granted 2 threads to pid 165392
Request from pid 165392: max_threads=65535, hint_threads=2
Granted 2 threads to pid 165392
Request from pid 165392: max_threads=65535, hint_threads=2
Granted 2 threads to pid 165392
Request from pid 165392: max_threads=65535, hint_threads=2
Granted 2 threads to pid 165392
Request from pid 165392: max_threads=65535, hint_threads=2
Granted 2 threads to pid 165392
Request from pid 165392: max_threads=65535, hint_threads=2
Granted 2 threads to pid 165392
Request from pid 165392: max_threads=65535, hint_threads=2
Granted 2 threads to pid 165392
Request from pid 165392: max_threads=65535, hint_threads=2
Granted 2 threads to pid 165392
Request from pid 165392: max_threads=65535, hint_threads=2
Granted 2 threads to pid 165392
Request from pid 165392: max_threads=65535, hint_threads=2
Granted 2 threads to pid 165392
Request from pid 165392: max_threads=65535, hint_threads=2
Granted 2 threads to pid 165392
Request from pid 165392: max_threads=65535, hint_threads=2
Granted 2 threads to pid 165392
Request from pid 165392: max_threads=65535, hint_threads=2
Granted 2 threads to pid 165392
Request from pid 165392: max_threads=65535, hint_threads=2
Granted 2 threads to pid 165392
Request from pid 165392: max_threads=65535, hint_threads=2
Granted 2 threads to pid 165392
Request from pid 165392: max_threads=65535, hint_threads=2
Granted 2 threads to pid 165392
Request from pid 165392: max_threads=65535, hint_threads=2
Granted 2 threads to pid 165392
Request from pid 165392: max_threads=65535, hint_threads=2
Granted 2 threads to pid 165392
Request from pid 165392: max_threads=65535, hint_threads=2
Granted 2 threads to pid 165392
Read error: Connection reset by peer (os error 104)
Accepted connection
Handling client
Request from pid 165586: max_threads=65535, hint_threads=2
Granted 2 threads to pid 165586
Request from pid 165586: max_threads=65535, hint_threads=2
Granted 2 threads to pid 165586
Request from pid 165586: max_threads=65535, hint_threads=2
Granted 2 threads to pid 165586
Request from pid 165586: max_threads=65535, hint_threads=2
Granted 2 threads to pid 165586
Request from pid 165586: max_threads=65535, hint_threads=2
Granted 2 threads to pid 165586
Request from pid 165586: max_threads=65535, hint_threads=2
Granted 2 threads to pid 165586
Request from pid 165586: max_threads=65535, hint_threads=2
Granted 2 threads to pid 165586
Request from pid 165586: max_threads=65535, hint_threads=2
Granted 2 threads to pid 165586
Request from pid 165586: max_threads=65535, hint_threads=2
Granted 2 threads to pid 165586
Request from pid 165586: max_threads=65535, hint_threads=2
Granted 2 threads to pid 165586
Request from pid 165586: max_threads=65535, hint_threads=2
Granted 2 threads to pid 165586
Request from pid 165586: max_threads=65535, hint_threads=2
Granted 2 threads to pid 165586
Request from pid 165586: max_threads=65535, hint_threads=2
Granted 2 threads to pid 165586
Request from pid 165586: max_threads=65535, hint_threads=2
Granted 2 threads to pid 165586
Request from pid 165586: max_threads=65535, hint_threads=2
Granted 2 threads to pid 165586
Request from pid 165586: max_threads=65535, hint_threads=2
Granted 2 threads to pid 165586
Request from pid 165586: max_threads=65535, hint_threads=2
Granted 2 threads to pid 165586
Request from pid 165586: max_threads=65535, hint_threads=2
Granted 2 threads to pid 165586
Request from pid 165586: max_threads=65535, hint_threads=2
Granted 2 threads to pid 165586
Request from pid 165586: max_threads=65535, hint_threads=2
Granted 2 threads to pid 165586
Request from pid 165586: max_threads=65535, hint_threads=2
Granted 2 threads to pid 165586
Request from pid 165586: max_threads=65535, hint_threads=2
Granted 2 threads to pid 165586
Request from pid 165586: max_threads=65535, hint_threads=2
Granted 2 threads to pid 165586
Request from pid 165586: max_threads=65535, hint_threads=2
Granted 2 threads to pid 165586
Request from pid 165586: max_threads=65535, hint_threads=2
Granted 2 threads to pid 165586
Request from pid 165586: max_threads=65535, hint_threads=2
Granted 2 threads to pid 165586
Request from pid 165586: max_threads=65535, hint_threads=2
Granted 2 threads to pid 165586
Request from pid 165586: max_threads=65535, hint_threads=2
Granted 2 threads to pid 165586
Request from pid 165586: max_threads=65535, hint_threads=2
Granted 2 threads to pid 165586
Request from pid 165586: max_threads=65535, hint_threads=2
Granted 2 threads to pid 165586
Request from pid 165586: max_threads=65535, hint_threads=2
Granted 2 threads to pid 165586
Request from pid 165586: max_threads=65535, hint_threads=2
Granted 2 threads to pid 165586
Request from pid 165586: max_threads=65535, hint_threads=2
Granted 2 threads to pid 165586
Request from pid 165586: max_threads=65535, hint_threads=2
Granted 2 threads to pid 165586
Request from pid 165586: max_threads=65535, hint_threads=2
Granted 2 threads to pid 165586
Request from pid 165586: max_threads=65535, hint_threads=2
Granted 2 threads to pid 165586
Request from pid 165586: max_threads=65535, hint_threads=2
Granted 2 threads to pid 165586
Request from pid 165586: max_threads=65535, hint_threads=2
Granted 2 threads to pid 165586
Request from pid 165586: max_threads=65535, hint_threads=2
Granted 2 threads to pid 165586
Request from pid 165586: max_threads=65535, hint_threads=2
Granted 2 threads to pid 165586
Request from pid 165586: max_threads=65535, hint_threads=2
Granted 2 threads to pid 165586
Request from pid 165586: max_threads=65535, hint_threads=2
Granted 2 threads to pid 165586
Request from pid 165586: max_threads=65535, hint_threads=2
Granted 2 threads to pid 165586
Request from pid 165586: max_threads=65535, hint_threads=2
Granted 2 threads to pid 165586
Request from pid 165586: max_threads=65535, hint_threads=2
Granted 2 threads to pid 165586
Request from pid 165586: max_threads=65535, hint_threads=2
Granted 2 threads to pid 165586
Request from pid 165586: max_threads=65535, hint_threads=2
Granted 2 threads to pid 165586
Request from pid 165586: max_threads=65535, hint_threads=2
Granted 2 threads to pid 165586
Request from pid 165586: max_threads=65535, hint_threads=2
Granted 2 threads to pid 165586
Request from pid 165586: max_threads=65535, hint_threads=2
Granted 2 threads to pid 165586
Request from pid 165586: max_threads=65535, hint_threads=2
Granted 2 threads to pid 165586
Request from pid 165586: max_threads=65535, hint_threads=2
Granted 2 threads to pid 165586
Request from pid 165586: max_threads=65535, hint_threads=2
Granted 2 threads to pid 165586
Request from pid 165586: max_threads=65535, hint_threads=2
Granted 2 threads to pid 165586
Request from pid 165586: max_threads=65535, hint_threads=2
Granted 2 threads to pid 165586
Request from pid 165586: max_threads=65535, hint_threads=2
Granted 2 threads to pid 165586
Request from pid 165586: max_threads=65535, hint_threads=2
Granted 2 threads to pid 165586
Request from pid 165586: max_threads=65535, hint_threads=2
Granted 2 threads to pid 165586
Request from pid 165586: max_threads=65535, hint_threads=2
Granted 2 threads to pid 165586
Request from pid 165586: max_threads=65535, hint_threads=2
Granted 2 threads to pid 165586
Request from pid 165586: max_threads=65535, hint_threads=2
Granted 2 threads to pid 165586
Request from pid 165586: max_threads=65535, hint_threads=2
Granted 2 threads to pid 165586
Request from pid 165586: max_threads=65535, hint_threads=2
Granted 2 threads to pid 165586
Request from pid 165586: max_threads=65535, hint_threads=2
Granted 2 threads to pid 165586
Request from pid 165586: max_threads=65535, hint_threads=2
Granted 2 threads to pid 165586
Request from pid 165586: max_threads=65535, hint_threads=2
Granted 2 threads to pid 165586
Request from pid 165586: max_threads=65535, hint_threads=2
Granted 2 threads to pid 165586
Request from pid 165586: max_threads=65535, hint_threads=2
Granted 2 threads to pid 165586
Request from pid 165586: max_threads=65535, hint_threads=2
Granted 2 threads to pid 165586
Request from pid 165586: max_threads=65535, hint_threads=2
Granted 2 threads to pid 165586
Request from pid 165586: max_threads=65535, hint_threads=2
Granted 2 threads to pid 165586
Request from pid 165586: max_threads=65535, hint_threads=2
Granted 2 threads to pid 165586
Request from pid 165586: max_threads=65535, hint_threads=2
Granted 2 threads to pid 165586
Request from pid 165586: max_threads=65535, hint_threads=2
Granted 2 threads to pid 165586
Request from pid 165586: max_threads=65535, hint_threads=2
Granted 2 threads to pid 165586
Request from pid 165586: max_threads=65535, hint_threads=2
Granted 2 threads to pid 165586
Request from pid 165586: max_threads=65535, hint_threads=2
Granted 2 threads to pid 165586
Client closed connection
Accepted connection
Handling client
Request from pid 165648: max_threads=65535, hint_threads=2
Granted 2 threads to pid 165648
Request from pid 165648: max_threads=65535, hint_threads=2
Granted 2 threads to pid 165648
Read error: Connection reset by peer (os error 104)
Accepted connection
Handling client
Request from pid 166589: max_threads=65535, hint_threads=2
Granted 2 threads to pid 166589
Request from pid 166589: max_threads=65535, hint_threads=2
Granted 2 threads to pid 166589
Request from pid 166589: max_threads=65535, hint_threads=2
Granted 2 threads to pid 166589
Request from pid 166589: max_threads=65535, hint_threads=2
Granted 2 threads to pid 166589
Request from pid 166589: max_threads=65535, hint_threads=2
Granted 2 threads to pid 166589
Request from pid 166589: max_threads=65535, hint_threads=2
Granted 2 threads to pid 166589
Request from pid 166589: max_threads=65535, hint_threads=2
Granted 2 threads to pid 166589
Request from pid 166589: max_threads=65535, hint_threads=2
Granted 2 threads to pid 166589
Request from pid 166589: max_threads=65535, hint_threads=2
Granted 2 threads to pid 166589
Request from pid 166589: max_threads=65535, hint_threads=2
Granted 2 threads to pid 166589
Request from pid 166589: max_threads=65535, hint_threads=2
Granted 2 threads to pid 166589
Request from pid 166589: max_threads=65535, hint_threads=2
Granted 2 threads to pid 166589
Request from pid 166589: max_threads=65535, hint_threads=2
Granted 2 threads to pid 166589
Request from pid 166589: max_threads=65535, hint_threads=2
Granted 2 threads to pid 166589
Request from pid 166589: max_threads=65535, hint_threads=2
Granted 2 threads to pid 166589
Request from pid 166589: max_threads=65535, hint_threads=2
Granted 2 threads to pid 166589
Request from pid 166589: max_threads=65535, hint_threads=2
Granted 2 threads to pid 166589
Request from pid 166589: max_threads=65535, hint_threads=2
Granted 2 threads to pid 166589
Request from pid 166589: max_threads=65535, hint_threads=2
Granted 2 threads to pid 166589
Request from pid 166589: max_threads=65535, hint_threads=2
Granted 2 threads to pid 166589
Request from pid 166589: max_threads=65535, hint_threads=2
Granted 2 threads to pid 166589
Request from pid 166589: max_threads=65535, hint_threads=2
Granted 2 threads to pid 166589
Request from pid 166589: max_threads=65535, hint_threads=2
Granted 2 threads to pid 166589
Request from pid 166589: max_threads=65535, hint_threads=2
Granted 2 threads to pid 166589
Request from pid 166589: max_threads=65535, hint_threads=2
Granted 2 threads to pid 166589
Request from pid 166589: max_threads=65535, hint_threads=2
Granted 2 threads to pid 166589
Request from pid 166589: max_threads=65535, hint_threads=2
Granted 2 threads to pid 166589
Request from pid 166589: max_threads=65535, hint_threads=2
Granted 2 threads to pid 166589
Request from pid 166589: max_threads=65535, hint_threads=2
Granted 2 threads to pid 166589
Request from pid 166589: max_threads=65535, hint_threads=2
Granted 2 threads to pid 166589
Request from pid 166589: max_threads=65535, hint_threads=2
Granted 2 threads to pid 166589
Request from pid 166589: max_threads=65535, hint_threads=2
Granted 2 threads to pid 166589
Request from pid 166589: max_threads=65535, hint_threads=2
Granted 2 threads to pid 166589
Request from pid 166589: max_threads=65535, hint_threads=2
Granted 2 threads to pid 166589
Request from pid 166589: max_threads=65535, hint_threads=2
Granted 2 threads to pid 166589
Request from pid 166589: max_threads=65535, hint_threads=2
Granted 2 threads to pid 166589
Request from pid 166589: max_threads=65535, hint_threads=2
Granted 2 threads to pid 166589
Request from pid 166589: max_threads=65535, hint_threads=2
Granted 2 threads to pid 166589
Request from pid 166589: max_threads=65535, hint_threads=2
Granted 2 threads to pid 166589
Request from pid 166589: max_threads=65535, hint_threads=2
Granted 2 threads to pid 166589
Request from pid 166589: max_threads=65535, hint_threads=2
Granted 2 threads to pid 166589
Request from pid 166589: max_threads=65535, hint_threads=2
Granted 2 threads to pid 166589
Request from pid 166589: max_threads=65535, hint_threads=2
Granted 2 threads to pid 166589
Request from pid 166589: max_threads=65535, hint_threads=2
Granted 2 threads to pid 166589
Request from pid 166589: max_threads=65535, hint_threads=2
Granted 2 threads to pid 166589
Request from pid 166589: max_threads=65535, hint_threads=2
Granted 2 threads to pid 166589
Request from pid 166589: max_threads=65535, hint_threads=2
Granted 2 threads to pid 166589
Read error: Connection reset by peer (os error 104)
Accepted connection
Handling client
Request from pid 174296: max_threads=65535, hint_threads=2
Granted 2 threads to pid 174296
Request from pid 174296: max_threads=65535, hint_threads=2
Granted 2 threads to pid 174296
Request from pid 174296: max_threads=65535, hint_threads=2
Granted 2 threads to pid 174296
Request from pid 174296: max_threads=65535, hint_threads=2
Granted 2 threads to pid 174296
Request from pid 174296: max_threads=65535, hint_threads=2
Granted 2 threads to pid 174296
Request from pid 174296: max_threads=65535, hint_threads=2
Granted 2 threads to pid 174296
Request from pid 174296: max_threads=65535, hint_threads=2
Granted 2 threads to pid 174296
Request from pid 174296: max_threads=65535, hint_threads=2
Granted 2 threads to pid 174296
Request from pid 174296: max_threads=65535, hint_threads=2
Granted 2 threads to pid 174296
Request from pid 174296: max_threads=65535, hint_threads=2
Granted 2 threads to pid 174296
Request from pid 174296: max_threads=65535, hint_threads=2
Granted 2 threads to pid 174296
Request from pid 174296: max_threads=65535, hint_threads=2
Granted 2 threads to pid 174296
Request from pid 174296: max_threads=65535, hint_threads=2
Granted 2 threads to pid 174296
Request from pid 174296: max_threads=65535, hint_threads=2
Granted 2 threads to pid 174296
Request from pid 174296: max_threads=65535, hint_threads=2
Granted 2 threads to pid 174296
Request from pid 174296: max_threads=65535, hint_threads=2
Granted 2 threads to pid 174296
Request from pid 174296: max_threads=65535, hint_threads=2
Granted 2 threads to pid 174296
Request from pid 174296: max_threads=65535, hint_threads=2
Granted 2 threads to pid 174296
Request from pid 174296: max_threads=65535, hint_threads=2
Granted 2 threads to pid 174296
Request from pid 174296: max_threads=65535, hint_threads=2
Granted 2 threads to pid 174296
Request from pid 174296: max_threads=65535, hint_threads=2
Granted 2 threads to pid 174296
Request from pid 174296: max_threads=65535, hint_threads=2
Granted 2 threads to pid 174296
Request from pid 174296: max_threads=65535, hint_threads=2
Granted 2 threads to pid 174296
Request from pid 174296: max_threads=65535, hint_threads=2
Granted 2 threads to pid 174296
Request from pid 174296: max_threads=65535, hint_threads=2
Granted 2 threads to pid 174296
Request from pid 174296: max_threads=65535, hint_threads=2
Granted 2 threads to pid 174296
Request from pid 174296: max_threads=65535, hint_threads=2
Granted 2 threads to pid 174296
Request from pid 174296: max_threads=65535, hint_threads=2
Granted 2 threads to pid 174296
Request from pid 174296: max_threads=65535, hint_threads=2
Granted 2 threads to pid 174296
Request from pid 174296: max_threads=65535, hint_threads=2
Granted 2 threads to pid 174296
Request from pid 174296: max_threads=65535, hint_threads=2
Granted 2 threads to pid 174296
Request from pid 174296: max_threads=65535, hint_threads=2
Granted 2 threads to pid 174296
Request from pid 174296: max_threads=65535, hint_threads=2
Granted 2 threads to pid 174296
Request from pid 174296: max_threads=65535, hint_threads=2
Granted 2 threads to pid 174296
Request from pid 174296: max_threads=65535, hint_threads=2
Granted 2 threads to pid 174296
Request from pid 174296: max_threads=65535, hint_threads=2
Granted 2 threads to pid 174296
Request from pid 174296: max_threads=65535, hint_threads=2
Granted 2 threads to pid 174296
Request from pid 174296: max_threads=65535, hint_threads=2
Granted 2 threads to pid 174296
Request from pid 174296: max_threads=65535, hint_threads=2
Granted 2 threads to pid 174296
Request from pid 174296: max_threads=65535, hint_threads=2
Granted 2 threads to pid 174296
Request from pid 174296: max_threads=65535, hint_threads=2
Granted 2 threads to pid 174296
Request from pid 174296: max_threads=65535, hint_threads=2
Granted 2 threads to pid 174296
Request from pid 174296: max_threads=65535, hint_threads=2
Granted 2 threads to pid 174296
Request from pid 174296: max_threads=65535, hint_threads=2
Granted 2 threads to pid 174296
Request from pid 174296: max_threads=65535, hint_threads=2
Granted 2 threads to pid 174296
Request from pid 174296: max_threads=65535, hint_threads=2
Granted 2 threads to pid 174296
Request from pid 174296: max_threads=65535, hint_threads=2
Granted 2 threads to pid 174296
Request from pid 174296: max_threads=65535, hint_threads=2
Granted 2 threads to pid 174296
Request from pid 174296: max_threads=65535, hint_threads=2
Granted 2 threads to pid 174296
Request from pid 174296: max_threads=65535, hint_threads=2
Granted 2 threads to pid 174296
Request from pid 174296: max_threads=65535, hint_threads=2
Granted 2 threads to pid 174296
Request from pid 174296: max_threads=65535, hint_threads=2
Granted 2 threads to pid 174296
Request from pid 174296: max_threads=65535, hint_threads=2
Granted 2 threads to pid 174296
Request from pid 174296: max_threads=65535, hint_threads=2
Granted 2 threads to pid 174296
Request from pid 174296: max_threads=65535, hint_threads=2
Granted 2 threads to pid 174296
Request from pid 174296: max_threads=65535, hint_threads=2
Granted 2 threads to pid 174296
Request from pid 174296: max_threads=65535, hint_threads=2
Granted 2 threads to pid 174296
Request from pid 174296: max_threads=65535, hint_threads=2
Granted 2 threads to pid 174296
Request from pid 174296: max_threads=65535, hint_threads=2
Granted 2 threads to pid 174296
Request from pid 174296: max_threads=65535, hint_threads=2
Granted 2 threads to pid 174296
Request from pid 174296: max_threads=65535, hint_threads=2
Granted 2 threads to pid 174296
Request from pid 174296: max_threads=65535, hint_threads=2
Granted 2 threads to pid 174296
Request from pid 174296: max_threads=65535, hint_threads=2
Granted 2 threads to pid 174296
Request from pid 174296: max_threads=65535, hint_threads=2
Granted 2 threads to pid 174296
Request from pid 174296: max_threads=65535, hint_threads=2
Granted 2 threads to pid 174296
Request from pid 174296: max_threads=65535, hint_threads=2
Granted 2 threads to pid 174296
Request from pid 174296: max_threads=65535, hint_threads=2
Granted 2 threads to pid 174296
Request from pid 174296: max_threads=65535, hint_threads=2
Granted 2 threads to pid 174296
Request from pid 174296: max_threads=65535, hint_threads=2
Granted 2 threads to pid 174296
Request from pid 174296: max_threads=65535, hint_threads=2
Granted 2 threads to pid 174296
Request from pid 174296: max_threads=65535, hint_threads=2
Granted 2 threads to pid 174296
Request from pid 174296: max_threads=65535, hint_threads=2
Granted 2 threads to pid 174296
Request from pid 174296: max_threads=65535, hint_threads=2
Granted 2 threads to pid 174296
Request from pid 174296: max_threads=65535, hint_threads=2
Granted 2 threads to pid 174296
Request from pid 174296: max_threads=65535, hint_threads=2
Granted 2 threads to pid 174296
Request from pid 174296: max_threads=65535, hint_threads=2
Granted 2 threads to pid 174296
Request from pid 174296: max_threads=65535, hint_threads=2
Granted 2 threads to pid 174296
Client closed connection
Accepted connection
Handling client
Request from pid 174359: max_threads=65535, hint_threads=2
Granted 2 threads to pid 174359
Request from pid 174359: max_threads=65535, hint_threads=2
Granted 2 threads to pid 174359
Read error: Connection reset by peer (os error 104)
Accepted connection
Handling client
Request from pid 174409: max_threads=65535, hint_threads=2
Granted 2 threads to pid 174409
Request from pid 174409: max_threads=65535, hint_threads=2
Granted 2 threads to pid 174409
Request from pid 174409: max_threads=65535, hint_threads=2
Granted 2 threads to pid 174409
Request from pid 174409: max_threads=65535, hint_threads=2
Granted 2 threads to pid 174409
Request from pid 174409: max_threads=65535, hint_threads=2
Granted 2 threads to pid 174409
Request from pid 174409: max_threads=65535, hint_threads=2
Granted 2 threads to pid 174409
Request from pid 174409: max_threads=65535, hint_threads=2
Granted 2 threads to pid 174409
Request from pid 174409: max_threads=65535, hint_threads=2
Granted 2 threads to pid 174409
Request from pid 174409: max_threads=65535, hint_threads=2
Granted 2 threads to pid 174409
Request from pid 174409: max_threads=65535, hint_threads=2
Granted 2 threads to pid 174409
Request from pid 174409: max_threads=65535, hint_threads=2
Granted 2 threads to pid 174409
Request from pid 174409: max_threads=65535, hint_threads=2
Granted 2 threads to pid 174409
Request from pid 174409: max_threads=65535, hint_threads=2
Granted 2 threads to pid 174409
Request from pid 174409: max_threads=65535, hint_threads=2
Granted 2 threads to pid 174409
Request from pid 174409: max_threads=65535, hint_threads=2
Granted 2 threads to pid 174409
Request from pid 174409: max_threads=65535, hint_threads=2
Granted 2 threads to pid 174409
Request from pid 174409: max_threads=65535, hint_threads=2
Granted 2 threads to pid 174409
Request from pid 174409: max_threads=65535, hint_threads=2
Granted 2 threads to pid 174409
Request from pid 174409: max_threads=65535, hint_threads=2
Granted 2 threads to pid 174409
Request from pid 174409: max_threads=65535, hint_threads=2
Granted 2 threads to pid 174409
Request from pid 174409: max_threads=65535, hint_threads=2
Granted 2 threads to pid 174409
Request from pid 174409: max_threads=65535, hint_threads=2
Granted 2 threads to pid 174409
Request from pid 174409: max_threads=65535, hint_threads=2
Granted 2 threads to pid 174409
Request from pid 174409: max_threads=65535, hint_threads=2
Granted 2 threads to pid 174409
Request from pid 174409: max_threads=65535, hint_threads=2
Granted 2 threads to pid 174409
Request from pid 174409: max_threads=65535, hint_threads=2
Granted 2 threads to pid 174409
Request from pid 174409: max_threads=65535, hint_threads=2
Granted 2 threads to pid 174409
Request from pid 174409: max_threads=65535, hint_threads=2
Granted 2 threads to pid 174409
Request from pid 174409: max_threads=65535, hint_threads=2
Granted 2 threads to pid 174409
Request from pid 174409: max_threads=65535, hint_threads=2
Granted 2 threads to pid 174409
Request from pid 174409: max_threads=65535, hint_threads=2
Granted 2 threads to pid 174409
Request from pid 174409: max_threads=65535, hint_threads=2
Granted 2 threads to pid 174409
Request from pid 174409: max_threads=65535, hint_threads=2
Granted 2 threads to pid 174409
Request from pid 174409: max_threads=65535, hint_threads=2
Granted 2 threads to pid 174409
Request from pid 174409: max_threads=65535, hint_threads=2
Granted 2 threads to pid 174409
Request from pid 174409: max_threads=65535, hint_threads=2
Granted 2 threads to pid 174409
Request from pid 174409: max_threads=65535, hint_threads=2
Granted 2 threads to pid 174409
Request from pid 174409: max_threads=65535, hint_threads=2
Granted 2 threads to pid 174409
Request from pid 174409: max_threads=65535, hint_threads=2
Granted 2 threads to pid 174409
Request from pid 174409: max_threads=65535, hint_threads=2
Granted 2 threads to pid 174409
Request from pid 174409: max_threads=65535, hint_threads=2
Granted 2 threads to pid 174409
Request from pid 174409: max_threads=65535, hint_threads=2
Granted 2 threads to pid 174409
Request from pid 174409: max_threads=65535, hint_threads=2
Granted 2 threads to pid 174409
Request from pid 174409: max_threads=65535, hint_threads=2
Granted 2 threads to pid 174409
Request from pid 174409: max_threads=65535, hint_threads=2
Granted 2 threads to pid 174409
Request from pid 174409: max_threads=65535, hint_threads=2
Granted 2 threads to pid 174409
Request from pid 174409: max_threads=65535, hint_threads=2
Granted 2 threads to pid 174409
Read error: Connection reset by peer (os error 104)
Accepted connection
Handling client
Request from pid 174606: max_threads=65535, hint_threads=2
Granted 2 threads to pid 174606
Request from pid 174606: max_threads=65535, hint_threads=2
Granted 2 threads to pid 174606
Request from pid 174606: max_threads=65535, hint_threads=2
Granted 2 threads to pid 174606
Request from pid 174606: max_threads=65535, hint_threads=2
Granted 2 threads to pid 174606
Request from pid 174606: max_threads=65535, hint_threads=2
Granted 2 threads to pid 174606
Request from pid 174606: max_threads=65535, hint_threads=2
Granted 2 threads to pid 174606
Request from pid 174606: max_threads=65535, hint_threads=2
Granted 2 threads to pid 174606
Request from pid 174606: max_threads=65535, hint_threads=2
Granted 2 threads to pid 174606
Request from pid 174606: max_threads=65535, hint_threads=2
Granted 2 threads to pid 174606
Request from pid 174606: max_threads=65535, hint_threads=2
Granted 2 threads to pid 174606
Request from pid 174606: max_threads=65535, hint_threads=2
Granted 2 threads to pid 174606
Request from pid 174606: max_threads=65535, hint_threads=2
Granted 2 threads to pid 174606
Request from pid 174606: max_threads=65535, hint_threads=2
Granted 2 threads to pid 174606
Request from pid 174606: max_threads=65535, hint_threads=2
Granted 2 threads to pid 174606
Request from pid 174606: max_threads=65535, hint_threads=2
Granted 2 threads to pid 174606
Request from pid 174606: max_threads=65535, hint_threads=2
Granted 2 threads to pid 174606
Request from pid 174606: max_threads=65535, hint_threads=2
Granted 2 threads to pid 174606
Request from pid 174606: max_threads=65535, hint_threads=2
Granted 2 threads to pid 174606
Request from pid 174606: max_threads=65535, hint_threads=2
Granted 2 threads to pid 174606
Request from pid 174606: max_threads=65535, hint_threads=2
Granted 2 threads to pid 174606
Request from pid 174606: max_threads=65535, hint_threads=2
Granted 2 threads to pid 174606
Request from pid 174606: max_threads=65535, hint_threads=2
Granted 2 threads to pid 174606
Request from pid 174606: max_threads=65535, hint_threads=2
Granted 2 threads to pid 174606
Request from pid 174606: max_threads=65535, hint_threads=2
Granted 2 threads to pid 174606
Request from pid 174606: max_threads=65535, hint_threads=2
Granted 2 threads to pid 174606
Request from pid 174606: max_threads=65535, hint_threads=2
Granted 2 threads to pid 174606
Request from pid 174606: max_threads=65535, hint_threads=2
Granted 2 threads to pid 174606
Request from pid 174606: max_threads=65535, hint_threads=2
Granted 2 threads to pid 174606
Request from pid 174606: max_threads=65535, hint_threads=2
Granted 2 threads to pid 174606
Request from pid 174606: max_threads=65535, hint_threads=2
Granted 2 threads to pid 174606
Request from pid 174606: max_threads=65535, hint_threads=2
Granted 2 threads to pid 174606
Request from pid 174606: max_threads=65535, hint_threads=2
Granted 2 threads to pid 174606
Request from pid 174606: max_threads=65535, hint_threads=2
Granted 2 threads to pid 174606
Request from pid 174606: max_threads=65535, hint_threads=2
Granted 2 threads to pid 174606
Request from pid 174606: max_threads=65535, hint_threads=2
Granted 2 threads to pid 174606
Request from pid 174606: max_threads=65535, hint_threads=2
Granted 2 threads to pid 174606
Request from pid 174606: max_threads=65535, hint_threads=2
Granted 2 threads to pid 174606
Request from pid 174606: max_threads=65535, hint_threads=2
Granted 2 threads to pid 174606
Request from pid 174606: max_threads=65535, hint_threads=2
Granted 2 threads to pid 174606
Request from pid 174606: max_threads=65535, hint_threads=2
Granted 2 threads to pid 174606
Request from pid 174606: max_threads=65535, hint_threads=2
Granted 2 threads to pid 174606
Request from pid 174606: max_threads=65535, hint_threads=2
Granted 2 threads to pid 174606
Request from pid 174606: max_threads=65535, hint_threads=2
Granted 2 threads to pid 174606
Request from pid 174606: max_threads=65535, hint_threads=2
Granted 2 threads to pid 174606
Request from pid 174606: max_threads=65535, hint_threads=2
Granted 2 threads to pid 174606
Request from pid 174606: max_threads=65535, hint_threads=2
Granted 2 threads to pid 174606
Request from pid 174606: max_threads=65535, hint_threads=2
Granted 2 threads to pid 174606
Request from pid 174606: max_threads=65535, hint_threads=2
Granted 2 threads to pid 174606
Request from pid 174606: max_threads=65535, hint_threads=2
Granted 2 threads to pid 174606
Request from pid 174606: max_threads=65535, hint_threads=2
Granted 2 threads to pid 174606
Request from pid 174606: max_threads=65535, hint_threads=2
Granted 2 threads to pid 174606
Request from pid 174606: max_threads=65535, hint_threads=2
Granted 2 threads to pid 174606
Request from pid 174606: max_threads=65535, hint_threads=2
Granted 2 threads to pid 174606
Request from pid 174606: max_threads=65535, hint_threads=2
Granted 2 threads to pid 174606
Request from pid 174606: max_threads=65535, hint_threads=2
Granted 2 threads to pid 174606
Request from pid 174606: max_threads=65535, hint_threads=2
Granted 2 threads to pid 174606
Request from pid 174606: max_threads=65535, hint_threads=2
Granted 2 threads to pid 174606
Request from pid 174606: max_threads=65535, hint_threads=2
Granted 2 threads to pid 174606
Request from pid 174606: max_threads=65535, hint_threads=2
Granted 2 threads to pid 174606
Request from pid 174606: max_threads=65535, hint_threads=2
Granted 2 threads to pid 174606
Request from pid 174606: max_threads=65535, hint_threads=2
Granted 2 threads to pid 174606
Request from pid 174606: max_threads=65535, hint_threads=2
Granted 2 threads to pid 174606
Request from pid 174606: max_threads=65535, hint_threads=2
Granted 2 threads to pid 174606
Request from pid 174606: max_threads=65535, hint_threads=2
Granted 2 threads to pid 174606
Request from pid 174606: max_threads=65535, hint_threads=2
Granted 2 threads to pid 174606
Request from pid 174606: max_threads=65535, hint_threads=2
Granted 2 threads to pid 174606
Request from pid 174606: max_threads=65535, hint_threads=2
Granted 2 threads to pid 174606
Request from pid 174606: max_threads=65535, hint_threads=2
Granted 2 threads to pid 174606
Request from pid 174606: max_threads=65535, hint_threads=2
Granted 2 threads to pid 174606
Request from pid 174606: max_threads=65535, hint_threads=2
Granted 2 threads to pid 174606
Request from pid 174606: max_threads=65535, hint_threads=2
Granted 2 threads to pid 174606
Request from pid 174606: max_threads=65535, hint_threads=2
Granted 2 threads to pid 174606
Request from pid 174606: max_threads=65535, hint_threads=2
Granted 2 threads to pid 174606
Request from pid 174606: max_threads=65535, hint_threads=2
Granted 2 threads to pid 174606
Request from pid 174606: max_threads=65535, hint_threads=2
Granted 2 threads to pid 174606
Request from pid 174606: max_threads=65535, hint_threads=2
Granted 2 threads to pid 174606
Client closed connection
Accepted connection
Handling client
Request from pid 174666: max_threads=65535, hint_threads=2
Granted 2 threads to pid 174666
Request from pid 174666: max_threads=65535, hint_threads=2
Granted 2 threads to pid 174666
Read error: Connection reset by peer (os error 104)
Accepted connection
Handling client
Request from pid 174849: max_threads=65535, hint_threads=2
Granted 2 threads to pid 174849
Request from pid 174849: max_threads=65535, hint_threads=2
Granted 2 threads to pid 174849
Request from pid 174849: max_threads=65535, hint_threads=2
Granted 2 threads to pid 174849
Request from pid 174849: max_threads=65535, hint_threads=2
Granted 2 threads to pid 174849
Request from pid 174849: max_threads=65535, hint_threads=2
Granted 2 threads to pid 174849
Request from pid 174849: max_threads=65535, hint_threads=2
Granted 2 threads to pid 174849
Request from pid 174849: max_threads=65535, hint_threads=2
Granted 2 threads to pid 174849
Request from pid 174849: max_threads=65535, hint_threads=2
Granted 2 threads to pid 174849
Request from pid 174849: max_threads=65535, hint_threads=2
Granted 2 threads to pid 174849
Request from pid 174849: max_threads=65535, hint_threads=2
Granted 2 threads to pid 174849
Request from pid 174849: max_threads=65535, hint_threads=2
Granted 2 threads to pid 174849
Request from pid 174849: max_threads=65535, hint_threads=2
Granted 2 threads to pid 174849
Request from pid 174849: max_threads=65535, hint_threads=2
Granted 2 threads to pid 174849
Request from pid 174849: max_threads=65535, hint_threads=2
Granted 2 threads to pid 174849
Request from pid 174849: max_threads=65535, hint_threads=2
Granted 2 threads to pid 174849
Request from pid 174849: max_threads=65535, hint_threads=2
Granted 2 threads to pid 174849
Request from pid 174849: max_threads=65535, hint_threads=2
Granted 2 threads to pid 174849
Request from pid 174849: max_threads=65535, hint_threads=2
Granted 2 threads to pid 174849
Request from pid 174849: max_threads=65535, hint_threads=2
Granted 2 threads to pid 174849
Request from pid 174849: max_threads=65535, hint_threads=2
Granted 2 threads to pid 174849
Request from pid 174849: max_threads=65535, hint_threads=2
Granted 2 threads to pid 174849
Request from pid 174849: max_threads=65535, hint_threads=2
Granted 2 threads to pid 174849
Request from pid 174849: max_threads=65535, hint_threads=2
Granted 2 threads to pid 174849
Request from pid 174849: max_threads=65535, hint_threads=2
Granted 2 threads to pid 174849
Request from pid 174849: max_threads=65535, hint_threads=2
Granted 2 threads to pid 174849
Request from pid 174849: max_threads=65535, hint_threads=2
Granted 2 threads to pid 174849
Request from pid 174849: max_threads=65535, hint_threads=2
Granted 2 threads to pid 174849
Request from pid 174849: max_threads=65535, hint_threads=2
Granted 2 threads to pid 174849
Request from pid 174849: max_threads=65535, hint_threads=2
Granted 2 threads to pid 174849
Request from pid 174849: max_threads=65535, hint_threads=2
Granted 2 threads to pid 174849
Request from pid 174849: max_threads=65535, hint_threads=2
Granted 2 threads to pid 174849
Request from pid 174849: max_threads=65535, hint_threads=2
Granted 2 threads to pid 174849
Request from pid 174849: max_threads=65535, hint_threads=2
Granted 2 threads to pid 174849
Request from pid 174849: max_threads=65535, hint_threads=2
Granted 2 threads to pid 174849
Request from pid 174849: max_threads=65535, hint_threads=2
Granted 2 threads to pid 174849
Request from pid 174849: max_threads=65535, hint_threads=2
Granted 2 threads to pid 174849
Request from pid 174849: max_threads=65535, hint_threads=2
Granted 2 threads to pid 174849
Request from pid 174849: max_threads=65535, hint_threads=2
Granted 2 threads to pid 174849
Request from pid 174849: max_threads=65535, hint_threads=2
Granted 2 threads to pid 174849
Request from pid 174849: max_threads=65535, hint_threads=2
Granted 2 threads to pid 174849
Request from pid 174849: max_threads=65535, hint_threads=2
Granted 2 threads to pid 174849
Request from pid 174849: max_threads=65535, hint_threads=2
Granted 2 threads to pid 174849
Request from pid 174849: max_threads=65535, hint_threads=2
Granted 2 threads to pid 174849
Request from pid 174849: max_threads=65535, hint_threads=2
Granted 2 threads to pid 174849
Request from pid 174849: max_threads=65535, hint_threads=2
Granted 2 threads to pid 174849
Request from pid 174849: max_threads=65535, hint_threads=2
Granted 2 threads to pid 174849
Request from pid 174849: max_threads=65535, hint_threads=2
Granted 2 threads to pid 174849
Read error: Connection reset by peer (os error 104)
Accepted connection
Handling client
Request from pid 174960: max_threads=65535, hint_threads=2
Granted 2 threads to pid 174960
Request from pid 174960: max_threads=65535, hint_threads=2
Granted 2 threads to pid 174960
Request from pid 174960: max_threads=65535, hint_threads=2
Granted 2 threads to pid 174960
Request from pid 174960: max_threads=65535, hint_threads=2
Granted 2 threads to pid 174960
Request from pid 174960: max_threads=65535, hint_threads=2
Granted 2 threads to pid 174960
Request from pid 174960: max_threads=65535, hint_threads=2
Granted 2 threads to pid 174960
Request from pid 174960: max_threads=65535, hint_threads=2
Granted 2 threads to pid 174960
Request from pid 174960: max_threads=65535, hint_threads=2
Granted 2 threads to pid 174960
Request from pid 174960: max_threads=65535, hint_threads=2
Granted 2 threads to pid 174960
Request from pid 174960: max_threads=65535, hint_threads=2
Granted 2 threads to pid 174960
Request from pid 174960: max_threads=65535, hint_threads=2
Granted 2 threads to pid 174960
Request from pid 174960: max_threads=65535, hint_threads=2
Granted 2 threads to pid 174960
Request from pid 174960: max_threads=65535, hint_threads=2
Granted 2 threads to pid 174960
Request from pid 174960: max_threads=65535, hint_threads=2
Granted 2 threads to pid 174960
Request from pid 174960: max_threads=65535, hint_threads=2
Granted 2 threads to pid 174960
Request from pid 174960: max_threads=65535, hint_threads=2
Granted 2 threads to pid 174960
Request from pid 174960: max_threads=65535, hint_threads=2
Granted 2 threads to pid 174960
Request from pid 174960: max_threads=65535, hint_threads=2
Granted 2 threads to pid 174960
Request from pid 174960: max_threads=65535, hint_threads=2
Granted 2 threads to pid 174960
Request from pid 174960: max_threads=65535, hint_threads=2
Granted 2 threads to pid 174960
Request from pid 174960: max_threads=65535, hint_threads=2
Granted 2 threads to pid 174960
Request from pid 174960: max_threads=65535, hint_threads=2
Granted 2 threads to pid 174960
Request from pid 174960: max_threads=65535, hint_threads=2
Granted 2 threads to pid 174960
Request from pid 174960: max_threads=65535, hint_threads=2
Granted 2 threads to pid 174960
Request from pid 174960: max_threads=65535, hint_threads=2
Granted 2 threads to pid 174960
Request from pid 174960: max_threads=65535, hint_threads=2
Granted 2 threads to pid 174960
Request from pid 174960: max_threads=65535, hint_threads=2
Granted 2 threads to pid 174960
Request from pid 174960: max_threads=65535, hint_threads=2
Granted 2 threads to pid 174960
Request from pid 174960: max_threads=65535, hint_threads=2
Granted 2 threads to pid 174960
Request from pid 174960: max_threads=65535, hint_threads=2
Granted 2 threads to pid 174960
Request from pid 174960: max_threads=65535, hint_threads=2
Granted 2 threads to pid 174960
Request from pid 174960: max_threads=65535, hint_threads=2
Granted 2 threads to pid 174960
Request from pid 174960: max_threads=65535, hint_threads=2
Granted 2 threads to pid 174960
Request from pid 174960: max_threads=65535, hint_threads=2
Granted 2 threads to pid 174960
Request from pid 174960: max_threads=65535, hint_threads=2
Granted 2 threads to pid 174960
Request from pid 174960: max_threads=65535, hint_threads=2
Granted 2 threads to pid 174960
Request from pid 174960: max_threads=65535, hint_threads=2
Granted 2 threads to pid 174960
Request from pid 174960: max_threads=65535, hint_threads=2
Granted 2 threads to pid 174960
Request from pid 174960: max_threads=65535, hint_threads=2
Granted 2 threads to pid 174960
Request from pid 174960: max_threads=65535, hint_threads=2
Granted 2 threads to pid 174960
Request from pid 174960: max_threads=65535, hint_threads=2
Granted 2 threads to pid 174960
Request from pid 174960: max_threads=65535, hint_threads=2
Granted 2 threads to pid 174960
Request from pid 174960: max_threads=65535, hint_threads=2
Granted 2 threads to pid 174960
Request from pid 174960: max_threads=65535, hint_threads=2
Granted 2 threads to pid 174960
Request from pid 174960: max_threads=65535, hint_threads=2
Granted 2 threads to pid 174960
Request from pid 174960: max_threads=65535, hint_threads=2
Granted 2 threads to pid 174960
Request from pid 174960: max_threads=65535, hint_threads=2
Granted 2 threads to pid 174960
Request from pid 174960: max_threads=65535, hint_threads=2
Granted 2 threads to pid 174960
Request from pid 174960: max_threads=65535, hint_threads=2
Granted 2 threads to pid 174960
Request from pid 174960: max_threads=65535, hint_threads=2
Granted 2 threads to pid 174960
Request from pid 174960: max_threads=65535, hint_threads=2
Granted 2 threads to pid 174960
Request from pid 174960: max_threads=65535, hint_threads=2
Granted 2 threads to pid 174960
Request from pid 174960: max_threads=65535, hint_threads=2
Granted 2 threads to pid 174960
Request from pid 174960: max_threads=65535, hint_threads=2
Granted 2 threads to pid 174960
Request from pid 174960: max_threads=65535, hint_threads=2
Granted 2 threads to pid 174960
Request from pid 174960: max_threads=65535, hint_threads=2
Granted 2 threads to pid 174960
Request from pid 174960: max_threads=65535, hint_threads=2
Granted 2 threads to pid 174960
Request from pid 174960: max_threads=65535, hint_threads=2
Granted 2 threads to pid 174960
Request from pid 174960: max_threads=65535, hint_threads=2
Granted 2 threads to pid 174960
Request from pid 174960: max_threads=65535, hint_threads=2
Granted 2 threads to pid 174960
Request from pid 174960: max_threads=65535, hint_threads=2
Granted 2 threads to pid 174960
Request from pid 174960: max_threads=65535, hint_threads=2
Granted 2 threads to pid 174960
Request from pid 174960: max_threads=65535, hint_threads=2
Granted 2 threads to pid 174960
Request from pid 174960: max_threads=65535, hint_threads=2
Granted 2 threads to pid 174960
Request from pid 174960: max_threads=65535, hint_threads=2
Granted 2 threads to pid 174960
Request from pid 174960: max_threads=65535, hint_threads=2
Granted 2 threads to pid 174960
Request from pid 174960: max_threads=65535, hint_threads=2
Granted 2 threads to pid 174960
Request from pid 174960: max_threads=65535, hint_threads=2
Granted 2 threads to pid 174960
Request from pid 174960: max_threads=65535, hint_threads=2
Granted 2 threads to pid 174960
Request from pid 174960: max_threads=65535, hint_threads=2
Granted 2 threads to pid 174960
Request from pid 174960: max_threads=65535, hint_threads=2
Granted 2 threads to pid 174960
Request from pid 174960: max_threads=65535, hint_threads=2
Granted 2 threads to pid 174960
Request from pid 174960: max_threads=65535, hint_threads=2
Granted 2 threads to pid 174960
Request from pid 174960: max_threads=65535, hint_threads=2
Granted 2 threads to pid 174960
Request from pid 174960: max_threads=65535, hint_threads=2
Granted 2 threads to pid 174960
Request from pid 174960: max_threads=65535, hint_threads=2
Granted 2 threads to pid 174960
Client closed connection
Accepted connection
Handling client
Request from pid 175190: max_threads=65535, hint_threads=2
Granted 2 threads to pid 175190
Request from pid 175190: max_threads=65535, hint_threads=2
Granted 2 threads to pid 175190
Read error: Connection reset by peer (os error 104)
Accepted connection
Handling client
Request from pid 175241: max_threads=65535, hint_threads=2
Granted 2 threads to pid 175241
Request from pid 175241: max_threads=65535, hint_threads=2
Granted 2 threads to pid 175241
Request from pid 175241: max_threads=65535, hint_threads=2
Granted 2 threads to pid 175241
Request from pid 175241: max_threads=65535, hint_threads=2
Granted 2 threads to pid 175241
Request from pid 175241: max_threads=65535, hint_threads=2
Granted 2 threads to pid 175241
Request from pid 175241: max_threads=65535, hint_threads=2
Granted 2 threads to pid 175241
Request from pid 175241: max_threads=65535, hint_threads=2
Granted 2 threads to pid 175241
Request from pid 175241: max_threads=65535, hint_threads=2
Granted 2 threads to pid 175241
Request from pid 175241: max_threads=65535, hint_threads=2
Granted 2 threads to pid 175241
Request from pid 175241: max_threads=65535, hint_threads=2
Granted 2 threads to pid 175241
Request from pid 175241: max_threads=65535, hint_threads=2
Granted 2 threads to pid 175241
Request from pid 175241: max_threads=65535, hint_threads=2
Granted 2 threads to pid 175241
Request from pid 175241: max_threads=65535, hint_threads=2
Granted 2 threads to pid 175241
Request from pid 175241: max_threads=65535, hint_threads=2
Granted 2 threads to pid 175241
Request from pid 175241: max_threads=65535, hint_threads=2
Granted 2 threads to pid 175241
Request from pid 175241: max_threads=65535, hint_threads=2
Granted 2 threads to pid 175241
Request from pid 175241: max_threads=65535, hint_threads=2
Granted 2 threads to pid 175241
Request from pid 175241: max_threads=65535, hint_threads=2
Granted 2 threads to pid 175241
Request from pid 175241: max_threads=65535, hint_threads=2
Granted 2 threads to pid 175241
Request from pid 175241: max_threads=65535, hint_threads=2
Granted 2 threads to pid 175241
Request from pid 175241: max_threads=65535, hint_threads=2
Granted 2 threads to pid 175241
Request from pid 175241: max_threads=65535, hint_threads=2
Granted 2 threads to pid 175241
Request from pid 175241: max_threads=65535, hint_threads=2
Granted 2 threads to pid 175241
Request from pid 175241: max_threads=65535, hint_threads=2
Granted 2 threads to pid 175241
Request from pid 175241: max_threads=65535, hint_threads=2
Granted 2 threads to pid 175241
Request from pid 175241: max_threads=65535, hint_threads=2
Granted 2 threads to pid 175241
Request from pid 175241: max_threads=65535, hint_threads=2
Granted 2 threads to pid 175241
Request from pid 175241: max_threads=65535, hint_threads=2
Granted 2 threads to pid 175241
Request from pid 175241: max_threads=65535, hint_threads=2
Granted 2 threads to pid 175241
Request from pid 175241: max_threads=65535, hint_threads=2
Granted 2 threads to pid 175241
Request from pid 175241: max_threads=65535, hint_threads=2
Granted 2 threads to pid 175241
Request from pid 175241: max_threads=65535, hint_threads=2
Granted 2 threads to pid 175241
Request from pid 175241: max_threads=65535, hint_threads=2
Granted 2 threads to pid 175241
Request from pid 175241: max_threads=65535, hint_threads=2
Granted 2 threads to pid 175241
Request from pid 175241: max_threads=65535, hint_threads=2
Granted 2 threads to pid 175241
Request from pid 175241: max_threads=65535, hint_threads=2
Granted 2 threads to pid 175241
Request from pid 175241: max_threads=65535, hint_threads=2
Granted 2 threads to pid 175241
Request from pid 175241: max_threads=65535, hint_threads=2
Granted 2 threads to pid 175241
Request from pid 175241: max_threads=65535, hint_threads=2
Granted 2 threads to pid 175241
Request from pid 175241: max_threads=65535, hint_threads=2
Granted 2 threads to pid 175241
Request from pid 175241: max_threads=65535, hint_threads=2
Granted 2 threads to pid 175241
Request from pid 175241: max_threads=65535, hint_threads=2
Granted 2 threads to pid 175241
Request from pid 175241: max_threads=65535, hint_threads=2
Granted 2 threads to pid 175241
Request from pid 175241: max_threads=65535, hint_threads=2
Granted 2 threads to pid 175241
Request from pid 175241: max_threads=65535, hint_threads=2
Granted 2 threads to pid 175241
Request from pid 175241: max_threads=65535, hint_threads=2
Granted 2 threads to pid 175241
Request from pid 175241: max_threads=65535, hint_threads=2
Granted 2 threads to pid 175241
Read error: Connection reset by peer (os error 104)
Accepted connection
Handling client
Request from pid 175306: max_threads=65535, hint_threads=2
Granted 2 threads to pid 175306
Request from pid 175306: max_threads=65535, hint_threads=2
Granted 2 threads to pid 175306
Request from pid 175306: max_threads=65535, hint_threads=2
Granted 2 threads to pid 175306
Request from pid 175306: max_threads=65535, hint_threads=2
Granted 2 threads to pid 175306
Request from pid 175306: max_threads=65535, hint_threads=2
Granted 2 threads to pid 175306
Request from pid 175306: max_threads=65535, hint_threads=2
Granted 2 threads to pid 175306
Request from pid 175306: max_threads=65535, hint_threads=2
Granted 2 threads to pid 175306
Request from pid 175306: max_threads=65535, hint_threads=2
Granted 2 threads to pid 175306
Request from pid 175306: max_threads=65535, hint_threads=2
Granted 2 threads to pid 175306
Request from pid 175306: max_threads=65535, hint_threads=2
Granted 2 threads to pid 175306
Request from pid 175306: max_threads=65535, hint_threads=2
Granted 2 threads to pid 175306
Request from pid 175306: max_threads=65535, hint_threads=2
Granted 2 threads to pid 175306
Request from pid 175306: max_threads=65535, hint_threads=2
Granted 2 threads to pid 175306
Request from pid 175306: max_threads=65535, hint_threads=2
Granted 2 threads to pid 175306
Request from pid 175306: max_threads=65535, hint_threads=2
Granted 2 threads to pid 175306
Request from pid 175306: max_threads=65535, hint_threads=2
Granted 2 threads to pid 175306
Request from pid 175306: max_threads=65535, hint_threads=2
Granted 2 threads to pid 175306
Request from pid 175306: max_threads=65535, hint_threads=2
Granted 2 threads to pid 175306
Request from pid 175306: max_threads=65535, hint_threads=2
Granted 2 threads to pid 175306
Request from pid 175306: max_threads=65535, hint_threads=2
Granted 2 threads to pid 175306
Request from pid 175306: max_threads=65535, hint_threads=2
Granted 2 threads to pid 175306
Request from pid 175306: max_threads=65535, hint_threads=2
Granted 2 threads to pid 175306
Request from pid 175306: max_threads=65535, hint_threads=2
Granted 2 threads to pid 175306
Request from pid 175306: max_threads=65535, hint_threads=2
Granted 2 threads to pid 175306
Request from pid 175306: max_threads=65535, hint_threads=2
Granted 2 threads to pid 175306
Request from pid 175306: max_threads=65535, hint_threads=2
Granted 2 threads to pid 175306
Request from pid 175306: max_threads=65535, hint_threads=2
Granted 2 threads to pid 175306
Request from pid 175306: max_threads=65535, hint_threads=2
Granted 2 threads to pid 175306
Request from pid 175306: max_threads=65535, hint_threads=2
Granted 2 threads to pid 175306
Request from pid 175306: max_threads=65535, hint_threads=2
Granted 2 threads to pid 175306
Request from pid 175306: max_threads=65535, hint_threads=2
Granted 2 threads to pid 175306
Request from pid 175306: max_threads=65535, hint_threads=2
Granted 2 threads to pid 175306
Request from pid 175306: max_threads=65535, hint_threads=2
Granted 2 threads to pid 175306
Request from pid 175306: max_threads=65535, hint_threads=2
Granted 2 threads to pid 175306
Request from pid 175306: max_threads=65535, hint_threads=2
Granted 2 threads to pid 175306
Request from pid 175306: max_threads=65535, hint_threads=2
Granted 2 threads to pid 175306
Request from pid 175306: max_threads=65535, hint_threads=2
Granted 2 threads to pid 175306
Request from pid 175306: max_threads=65535, hint_threads=2
Granted 2 threads to pid 175306
Request from pid 175306: max_threads=65535, hint_threads=2
Granted 2 threads to pid 175306
Request from pid 175306: max_threads=65535, hint_threads=2
Granted 2 threads to pid 175306
Request from pid 175306: max_threads=65535, hint_threads=2
Granted 2 threads to pid 175306
Request from pid 175306: max_threads=65535, hint_threads=2
Granted 2 threads to pid 175306
Request from pid 175306: max_threads=65535, hint_threads=2
Granted 2 threads to pid 175306
Request from pid 175306: max_threads=65535, hint_threads=2
Granted 2 threads to pid 175306
Request from pid 175306: max_threads=65535, hint_threads=2
Granted 2 threads to pid 175306
Request from pid 175306: max_threads=65535, hint_threads=2
Granted 2 threads to pid 175306
Request from pid 175306: max_threads=65535, hint_threads=2
Granted 2 threads to pid 175306
Request from pid 175306: max_threads=65535, hint_threads=2
Granted 2 threads to pid 175306
Request from pid 175306: max_threads=65535, hint_threads=2
Granted 2 threads to pid 175306
Request from pid 175306: max_threads=65535, hint_threads=2
Granted 2 threads to pid 175306
Request from pid 175306: max_threads=65535, hint_threads=2
Granted 2 threads to pid 175306
Request from pid 175306: max_threads=65535, hint_threads=2
Granted 2 threads to pid 175306
Request from pid 175306: max_threads=65535, hint_threads=2
Granted 2 threads to pid 175306
Request from pid 175306: max_threads=65535, hint_threads=2
Granted 2 threads to pid 175306
Request from pid 175306: max_threads=65535, hint_threads=2
Granted 2 threads to pid 175306
Request from pid 175306: max_threads=65535, hint_threads=2
Granted 2 threads to pid 175306
Request from pid 175306: max_threads=65535, hint_threads=2
Granted 2 threads to pid 175306
Request from pid 175306: max_threads=65535, hint_threads=2
Granted 2 threads to pid 175306
Request from pid 175306: max_threads=65535, hint_threads=2
Granted 2 threads to pid 175306
Request from pid 175306: max_threads=65535, hint_threads=2
Granted 2 threads to pid 175306
Request from pid 175306: max_threads=65535, hint_threads=2
Granted 2 threads to pid 175306
Request from pid 175306: max_threads=65535, hint_threads=2
Granted 2 threads to pid 175306
Request from pid 175306: max_threads=65535, hint_threads=2
Granted 2 threads to pid 175306
Request from pid 175306: max_threads=65535, hint_threads=2
Granted 2 threads to pid 175306
Request from pid 175306: max_threads=65535, hint_threads=2
Granted 2 threads to pid 175306
Request from pid 175306: max_threads=65535, hint_threads=2
Granted 2 threads to pid 175306
Request from pid 175306: max_threads=65535, hint_threads=2
Granted 2 threads to pid 175306
Request from pid 175306: max_threads=65535, hint_threads=2
Granted 2 threads to pid 175306
Request from pid 175306: max_threads=65535, hint_threads=2
Granted 2 threads to pid 175306
Request from pid 175306: max_threads=65535, hint_threads=2
Granted 2 threads to pid 175306
Request from pid 175306: max_threads=65535, hint_threads=2
Granted 2 threads to pid 175306
Request from pid 175306: max_threads=65535, hint_threads=2
Granted 2 threads to pid 175306
Request from pid 175306: max_threads=65535, hint_threads=2
Granted 2 threads to pid 175306
Request from pid 175306: max_threads=65535, hint_threads=2
Granted 2 threads to pid 175306
Request from pid 175306: max_threads=65535, hint_threads=2
Granted 2 threads to pid 175306
Request from pid 175306: max_threads=65535, hint_threads=2
Granted 2 threads to pid 175306
Request from pid 175306: max_threads=65535, hint_threads=2
Granted 2 threads to pid 175306
Client closed connection
Accepted connection
Handling client
Request from pid 175500: max_threads=65535, hint_threads=2
Granted 2 threads to pid 175500
Request from pid 175500: max_threads=65535, hint_threads=2
Granted 2 threads to pid 175500
Read error: Connection reset by peer (os error 104)
Accepted connection
Handling client
Request from pid 175549: max_threads=65535, hint_threads=2
Granted 2 threads to pid 175549
Request from pid 175549: max_threads=65535, hint_threads=2
Granted 2 threads to pid 175549
Request from pid 175549: max_threads=65535, hint_threads=2
Granted 2 threads to pid 175549
Request from pid 175549: max_threads=65535, hint_threads=2
Granted 2 threads to pid 175549
Request from pid 175549: max_threads=65535, hint_threads=2
Granted 2 threads to pid 175549
Request from pid 175549: max_threads=65535, hint_threads=2
Granted 2 threads to pid 175549
Request from pid 175549: max_threads=65535, hint_threads=2
Granted 2 threads to pid 175549
Request from pid 175549: max_threads=65535, hint_threads=2
Granted 2 threads to pid 175549
Request from pid 175549: max_threads=65535, hint_threads=2
Granted 2 threads to pid 175549
Request from pid 175549: max_threads=65535, hint_threads=2
Granted 2 threads to pid 175549
Request from pid 175549: max_threads=65535, hint_threads=2
Granted 2 threads to pid 175549
Request from pid 175549: max_threads=65535, hint_threads=2
Granted 2 threads to pid 175549
Request from pid 175549: max_threads=65535, hint_threads=2
Granted 2 threads to pid 175549
Request from pid 175549: max_threads=65535, hint_threads=2
Granted 2 threads to pid 175549
Request from pid 175549: max_threads=65535, hint_threads=2
Granted 2 threads to pid 175549
Request from pid 175549: max_threads=65535, hint_threads=2
Granted 2 threads to pid 175549
Request from pid 175549: max_threads=65535, hint_threads=2
Granted 2 threads to pid 175549
Request from pid 175549: max_threads=65535, hint_threads=2
Granted 2 threads to pid 175549
Request from pid 175549: max_threads=65535, hint_threads=2
Granted 2 threads to pid 175549
Request from pid 175549: max_threads=65535, hint_threads=2
Granted 2 threads to pid 175549
Request from pid 175549: max_threads=65535, hint_threads=2
Granted 2 threads to pid 175549
Request from pid 175549: max_threads=65535, hint_threads=2
Granted 2 threads to pid 175549
Request from pid 175549: max_threads=65535, hint_threads=2
Granted 2 threads to pid 175549
Request from pid 175549: max_threads=65535, hint_threads=2
Granted 2 threads to pid 175549
Request from pid 175549: max_threads=65535, hint_threads=2
Granted 2 threads to pid 175549
Request from pid 175549: max_threads=65535, hint_threads=2
Granted 2 threads to pid 175549
Request from pid 175549: max_threads=65535, hint_threads=2
Granted 2 threads to pid 175549
Request from pid 175549: max_threads=65535, hint_threads=2
Granted 2 threads to pid 175549
Request from pid 175549: max_threads=65535, hint_threads=2
Granted 2 threads to pid 175549
Request from pid 175549: max_threads=65535, hint_threads=2
Granted 2 threads to pid 175549
Request from pid 175549: max_threads=65535, hint_threads=2
Granted 2 threads to pid 175549
Request from pid 175549: max_threads=65535, hint_threads=2
Granted 2 threads to pid 175549
Request from pid 175549: max_threads=65535, hint_threads=2
Granted 2 threads to pid 175549
Request from pid 175549: max_threads=65535, hint_threads=2
Granted 2 threads to pid 175549
Request from pid 175549: max_threads=65535, hint_threads=2
Granted 2 threads to pid 175549
Request from pid 175549: max_threads=65535, hint_threads=2
Granted 2 threads to pid 175549
Request from pid 175549: max_threads=65535, hint_threads=2
Granted 2 threads to pid 175549
Request from pid 175549: max_threads=65535, hint_threads=2
Granted 2 threads to pid 175549
Request from pid 175549: max_threads=65535, hint_threads=2
Granted 2 threads to pid 175549
Request from pid 175549: max_threads=65535, hint_threads=2
Granted 2 threads to pid 175549
Request from pid 175549: max_threads=65535, hint_threads=2
Granted 2 threads to pid 175549
Request from pid 175549: max_threads=65535, hint_threads=2
Granted 2 threads to pid 175549
Request from pid 175549: max_threads=65535, hint_threads=2
Granted 2 threads to pid 175549
Request from pid 175549: max_threads=65535, hint_threads=2
Granted 2 threads to pid 175549
Request from pid 175549: max_threads=65535, hint_threads=2
Granted 2 threads to pid 175549
Request from pid 175549: max_threads=65535, hint_threads=2
Granted 2 threads to pid 175549
Request from pid 175549: max_threads=65535, hint_threads=2
Granted 2 threads to pid 175549
Read error: Connection reset by peer (os error 104)
Accepted connection
Handling client
Request from pid 175802: max_threads=65535, hint_threads=2
Granted 2 threads to pid 175802
Request from pid 175802: max_threads=65535, hint_threads=2
Granted 2 threads to pid 175802
Request from pid 175802: max_threads=65535, hint_threads=2
Granted 2 threads to pid 175802
Request from pid 175802: max_threads=65535, hint_threads=2
Granted 2 threads to pid 175802
Request from pid 175802: max_threads=65535, hint_threads=2
Granted 2 threads to pid 175802
Request from pid 175802: max_threads=65535, hint_threads=2
Granted 2 threads to pid 175802
Request from pid 175802: max_threads=65535, hint_threads=2
Granted 2 threads to pid 175802
Request from pid 175802: max_threads=65535, hint_threads=2
Granted 2 threads to pid 175802
Request from pid 175802: max_threads=65535, hint_threads=2
Granted 2 threads to pid 175802
Request from pid 175802: max_threads=65535, hint_threads=2
Granted 2 threads to pid 175802
Request from pid 175802: max_threads=65535, hint_threads=2
Granted 2 threads to pid 175802
Request from pid 175802: max_threads=65535, hint_threads=2
Granted 2 threads to pid 175802
Request from pid 175802: max_threads=65535, hint_threads=2
Granted 2 threads to pid 175802
Request from pid 175802: max_threads=65535, hint_threads=2
Granted 2 threads to pid 175802
Request from pid 175802: max_threads=65535, hint_threads=2
Granted 2 threads to pid 175802
Request from pid 175802: max_threads=65535, hint_threads=2
Granted 2 threads to pid 175802
Request from pid 175802: max_threads=65535, hint_threads=2
Granted 2 threads to pid 175802
Request from pid 175802: max_threads=65535, hint_threads=2
Granted 2 threads to pid 175802
Request from pid 175802: max_threads=65535, hint_threads=2
Granted 2 threads to pid 175802
Request from pid 175802: max_threads=65535, hint_threads=2
Granted 2 threads to pid 175802
Request from pid 175802: max_threads=65535, hint_threads=2
Granted 2 threads to pid 175802
Request from pid 175802: max_threads=65535, hint_threads=2
Granted 2 threads to pid 175802
Request from pid 175802: max_threads=65535, hint_threads=2
Granted 2 threads to pid 175802
Request from pid 175802: max_threads=65535, hint_threads=2
Granted 2 threads to pid 175802
Request from pid 175802: max_threads=65535, hint_threads=2
Granted 2 threads to pid 175802
Request from pid 175802: max_threads=65535, hint_threads=2
Granted 2 threads to pid 175802
Request from pid 175802: max_threads=65535, hint_threads=2
Granted 2 threads to pid 175802
Request from pid 175802: max_threads=65535, hint_threads=2
Granted 2 threads to pid 175802
Request from pid 175802: max_threads=65535, hint_threads=2
Granted 2 threads to pid 175802
Request from pid 175802: max_threads=65535, hint_threads=2
Granted 2 threads to pid 175802
Request from pid 175802: max_threads=65535, hint_threads=2
Granted 2 threads to pid 175802
Request from pid 175802: max_threads=65535, hint_threads=2
Granted 2 threads to pid 175802
Request from pid 175802: max_threads=65535, hint_threads=2
Granted 2 threads to pid 175802
Request from pid 175802: max_threads=65535, hint_threads=2
Granted 2 threads to pid 175802
Request from pid 175802: max_threads=65535, hint_threads=2
Granted 2 threads to pid 175802
Request from pid 175802: max_threads=65535, hint_threads=2
Granted 2 threads to pid 175802
Request from pid 175802: max_threads=65535, hint_threads=2
Granted 2 threads to pid 175802
Request from pid 175802: max_threads=65535, hint_threads=2
Granted 2 threads to pid 175802
Request from pid 175802: max_threads=65535, hint_threads=2
Granted 2 threads to pid 175802
Request from pid 175802: max_threads=65535, hint_threads=2
Granted 2 threads to pid 175802
Request from pid 175802: max_threads=65535, hint_threads=2
Granted 2 threads to pid 175802
Request from pid 175802: max_threads=65535, hint_threads=2
Granted 2 threads to pid 175802
Request from pid 175802: max_threads=65535, hint_threads=2
Granted 2 threads to pid 175802
Request from pid 175802: max_threads=65535, hint_threads=2
Granted 2 threads to pid 175802
Request from pid 175802: max_threads=65535, hint_threads=2
Granted 2 threads to pid 175802
Request from pid 175802: max_threads=65535, hint_threads=2
Granted 2 threads to pid 175802
Request from pid 175802: max_threads=65535, hint_threads=2
Granted 2 threads to pid 175802
Request from pid 175802: max_threads=65535, hint_threads=2
Granted 2 threads to pid 175802
Request from pid 175802: max_threads=65535, hint_threads=2
Granted 2 threads to pid 175802
Request from pid 175802: max_threads=65535, hint_threads=2
Granted 2 threads to pid 175802
Request from pid 175802: max_threads=65535, hint_threads=2
Granted 2 threads to pid 175802
Request from pid 175802: max_threads=65535, hint_threads=2
Granted 2 threads to pid 175802
Request from pid 175802: max_threads=65535, hint_threads=2
Granted 2 threads to pid 175802
Request from pid 175802: max_threads=65535, hint_threads=2
Granted 2 threads to pid 175802
Request from pid 175802: max_threads=65535, hint_threads=2
Granted 2 threads to pid 175802
Request from pid 175802: max_threads=65535, hint_threads=2
Granted 2 threads to pid 175802
Request from pid 175802: max_threads=65535, hint_threads=2
Granted 2 threads to pid 175802
Request from pid 175802: max_threads=65535, hint_threads=2
Granted 2 threads to pid 175802
Request from pid 175802: max_threads=65535, hint_threads=2
Granted 2 threads to pid 175802
Request from pid 175802: max_threads=65535, hint_threads=2
Granted 2 threads to pid 175802
Request from pid 175802: max_threads=65535, hint_threads=2
Granted 2 threads to pid 175802
Request from pid 175802: max_threads=65535, hint_threads=2
Granted 2 threads to pid 175802
Request from pid 175802: max_threads=65535, hint_threads=2
Granted 2 threads to pid 175802
Request from pid 175802: max_threads=65535, hint_threads=2
Granted 2 threads to pid 175802
Request from pid 175802: max_threads=65535, hint_threads=2
Granted 2 threads to pid 175802
Request from pid 175802: max_threads=65535, hint_threads=2
Granted 2 threads to pid 175802
Request from pid 175802: max_threads=65535, hint_threads=2
Granted 2 threads to pid 175802
Request from pid 175802: max_threads=65535, hint_threads=2
Granted 2 threads to pid 175802
Request from pid 175802: max_threads=65535, hint_threads=2
Granted 2 threads to pid 175802
Request from pid 175802: max_threads=65535, hint_threads=2
Granted 2 threads to pid 175802
Request from pid 175802: max_threads=65535, hint_threads=2
Granted 2 threads to pid 175802
Request from pid 175802: max_threads=65535, hint_threads=2
Granted 2 threads to pid 175802
Request from pid 175802: max_threads=65535, hint_threads=2
Granted 2 threads to pid 175802
Request from pid 175802: max_threads=65535, hint_threads=2
Granted 2 threads to pid 175802
Request from pid 175802: max_threads=65535, hint_threads=2
Granted 2 threads to pid 175802
Request from pid 175802: max_threads=65535, hint_threads=2
Granted 2 threads to pid 175802
Request from pid 175802: max_threads=65535, hint_threads=2
Granted 2 threads to pid 175802
Client closed connection
Accepted connection
Handling client
Request from pid 175863: max_threads=65535, hint_threads=2
Granted 2 threads to pid 175863
Request from pid 175863: max_threads=65535, hint_threads=2
Granted 2 threads to pid 175863
Read error: Connection reset by peer (os error 104)
Accepted connection
Handling client
Request from pid 175916: max_threads=65535, hint_threads=2
Granted 2 threads to pid 175916
Request from pid 175916: max_threads=65535, hint_threads=2
Granted 2 threads to pid 175916
Request from pid 175916: max_threads=65535, hint_threads=2
Granted 2 threads to pid 175916
Request from pid 175916: max_threads=65535, hint_threads=2
Granted 2 threads to pid 175916
Request from pid 175916: max_threads=65535, hint_threads=2
Granted 2 threads to pid 175916
Request from pid 175916: max_threads=65535, hint_threads=2
Granted 2 threads to pid 175916
Request from pid 175916: max_threads=65535, hint_threads=2
Granted 2 threads to pid 175916
Request from pid 175916: max_threads=65535, hint_threads=2
Granted 2 threads to pid 175916
Request from pid 175916: max_threads=65535, hint_threads=2
Granted 2 threads to pid 175916
Request from pid 175916: max_threads=65535, hint_threads=2
Granted 2 threads to pid 175916
Request from pid 175916: max_threads=65535, hint_threads=2
Granted 2 threads to pid 175916
Request from pid 175916: max_threads=65535, hint_threads=2
Granted 2 threads to pid 175916
Request from pid 175916: max_threads=65535, hint_threads=2
Granted 2 threads to pid 175916
Request from pid 175916: max_threads=65535, hint_threads=2
Granted 2 threads to pid 175916
Request from pid 175916: max_threads=65535, hint_threads=2
Granted 2 threads to pid 175916
Request from pid 175916: max_threads=65535, hint_threads=2
Granted 2 threads to pid 175916
Request from pid 175916: max_threads=65535, hint_threads=2
Granted 2 threads to pid 175916
Request from pid 175916: max_threads=65535, hint_threads=2
Granted 2 threads to pid 175916
Request from pid 175916: max_threads=65535, hint_threads=2
Granted 2 threads to pid 175916
Request from pid 175916: max_threads=65535, hint_threads=2
Granted 2 threads to pid 175916
Request from pid 175916: max_threads=65535, hint_threads=2
Granted 2 threads to pid 175916
Request from pid 175916: max_threads=65535, hint_threads=2
Granted 2 threads to pid 175916
Request from pid 175916: max_threads=65535, hint_threads=2
Granted 2 threads to pid 175916
Request from pid 175916: max_threads=65535, hint_threads=2
Granted 2 threads to pid 175916
Request from pid 175916: max_threads=65535, hint_threads=2
Granted 2 threads to pid 175916
Request from pid 175916: max_threads=65535, hint_threads=2
Granted 2 threads to pid 175916
Request from pid 175916: max_threads=65535, hint_threads=2
Granted 2 threads to pid 175916
Request from pid 175916: max_threads=65535, hint_threads=2
Granted 2 threads to pid 175916
Request from pid 175916: max_threads=65535, hint_threads=2
Granted 2 threads to pid 175916
Request from pid 175916: max_threads=65535, hint_threads=2
Granted 2 threads to pid 175916
Request from pid 175916: max_threads=65535, hint_threads=2
Granted 2 threads to pid 175916
Request from pid 175916: max_threads=65535, hint_threads=2
Granted 2 threads to pid 175916
Request from pid 175916: max_threads=65535, hint_threads=2
Granted 2 threads to pid 175916
Request from pid 175916: max_threads=65535, hint_threads=2
Granted 2 threads to pid 175916
Request from pid 175916: max_threads=65535, hint_threads=2
Granted 2 threads to pid 175916
Request from pid 175916: max_threads=65535, hint_threads=2
Granted 2 threads to pid 175916
Request from pid 175916: max_threads=65535, hint_threads=2
Granted 2 threads to pid 175916
Request from pid 175916: max_threads=65535, hint_threads=2
Granted 2 threads to pid 175916
Request from pid 175916: max_threads=65535, hint_threads=2
Granted 2 threads to pid 175916
Request from pid 175916: max_threads=65535, hint_threads=2
Granted 2 threads to pid 175916
Request from pid 175916: max_threads=65535, hint_threads=2
Granted 2 threads to pid 175916
Request from pid 175916: max_threads=65535, hint_threads=2
Granted 2 threads to pid 175916
Request from pid 175916: max_threads=65535, hint_threads=2
Granted 2 threads to pid 175916
Request from pid 175916: max_threads=65535, hint_threads=2
Granted 2 threads to pid 175916
Request from pid 175916: max_threads=65535, hint_threads=2
Granted 2 threads to pid 175916
Request from pid 175916: max_threads=65535, hint_threads=2
Granted 2 threads to pid 175916
Request from pid 175916: max_threads=65535, hint_threads=2
Granted 2 threads to pid 175916
Read error: Connection reset by peer (os error 104)
Accepted connection
Handling client
Request from pid 176123: max_threads=65535, hint_threads=2
Granted 2 threads to pid 176123
Request from pid 176123: max_threads=65535, hint_threads=2
Granted 2 threads to pid 176123
Request from pid 176123: max_threads=65535, hint_threads=2
Granted 2 threads to pid 176123
Request from pid 176123: max_threads=65535, hint_threads=2
Granted 2 threads to pid 176123
Request from pid 176123: max_threads=65535, hint_threads=2
Granted 2 threads to pid 176123
Request from pid 176123: max_threads=65535, hint_threads=2
Granted 2 threads to pid 176123
Request from pid 176123: max_threads=65535, hint_threads=2
Granted 2 threads to pid 176123
Request from pid 176123: max_threads=65535, hint_threads=2
Granted 2 threads to pid 176123
Request from pid 176123: max_threads=65535, hint_threads=2
Granted 2 threads to pid 176123
Request from pid 176123: max_threads=65535, hint_threads=2
Granted 2 threads to pid 176123
Request from pid 176123: max_threads=65535, hint_threads=2
Granted 2 threads to pid 176123
Request from pid 176123: max_threads=65535, hint_threads=2
Granted 2 threads to pid 176123
Request from pid 176123: max_threads=65535, hint_threads=2
Granted 2 threads to pid 176123
Request from pid 176123: max_threads=65535, hint_threads=2
Granted 2 threads to pid 176123
Request from pid 176123: max_threads=65535, hint_threads=2
Granted 2 threads to pid 176123
Request from pid 176123: max_threads=65535, hint_threads=2
Granted 2 threads to pid 176123
Request from pid 176123: max_threads=65535, hint_threads=2
Granted 2 threads to pid 176123
Request from pid 176123: max_threads=65535, hint_threads=2
Granted 2 threads to pid 176123
Request from pid 176123: max_threads=65535, hint_threads=2
Granted 2 threads to pid 176123
Request from pid 176123: max_threads=65535, hint_threads=2
Granted 2 threads to pid 176123
Request from pid 176123: max_threads=65535, hint_threads=2
Granted 2 threads to pid 176123
Request from pid 176123: max_threads=65535, hint_threads=2
Granted 2 threads to pid 176123
Request from pid 176123: max_threads=65535, hint_threads=2
Granted 2 threads to pid 176123
Request from pid 176123: max_threads=65535, hint_threads=2
Granted 2 threads to pid 176123
Request from pid 176123: max_threads=65535, hint_threads=2
Granted 2 threads to pid 176123
Request from pid 176123: max_threads=65535, hint_threads=2
Granted 2 threads to pid 176123
Request from pid 176123: max_threads=65535, hint_threads=2
Granted 2 threads to pid 176123
Request from pid 176123: max_threads=65535, hint_threads=2
Granted 2 threads to pid 176123
Request from pid 176123: max_threads=65535, hint_threads=2
Granted 2 threads to pid 176123
Request from pid 176123: max_threads=65535, hint_threads=2
Granted 2 threads to pid 176123
Request from pid 176123: max_threads=65535, hint_threads=2
Granted 2 threads to pid 176123
Request from pid 176123: max_threads=65535, hint_threads=2
Granted 2 threads to pid 176123
Request from pid 176123: max_threads=65535, hint_threads=2
Granted 2 threads to pid 176123
Request from pid 176123: max_threads=65535, hint_threads=2
Granted 2 threads to pid 176123
Request from pid 176123: max_threads=65535, hint_threads=2
Granted 2 threads to pid 176123
Request from pid 176123: max_threads=65535, hint_threads=2
Granted 2 threads to pid 176123
Request from pid 176123: max_threads=65535, hint_threads=2
Granted 2 threads to pid 176123
Request from pid 176123: max_threads=65535, hint_threads=2
Granted 2 threads to pid 176123
Request from pid 176123: max_threads=65535, hint_threads=2
Granted 2 threads to pid 176123
Request from pid 176123: max_threads=65535, hint_threads=2
Granted 2 threads to pid 176123
Request from pid 176123: max_threads=65535, hint_threads=2
Granted 2 threads to pid 176123
Request from pid 176123: max_threads=65535, hint_threads=2
Granted 2 threads to pid 176123
Request from pid 176123: max_threads=65535, hint_threads=2
Granted 2 threads to pid 176123
Request from pid 176123: max_threads=65535, hint_threads=2
Granted 2 threads to pid 176123
Request from pid 176123: max_threads=65535, hint_threads=2
Granted 2 threads to pid 176123
Request from pid 176123: max_threads=65535, hint_threads=2
Granted 2 threads to pid 176123
Request from pid 176123: max_threads=65535, hint_threads=2
Granted 2 threads to pid 176123
Request from pid 176123: max_threads=65535, hint_threads=2
Granted 2 threads to pid 176123
Request from pid 176123: max_threads=65535, hint_threads=2
Granted 2 threads to pid 176123
Request from pid 176123: max_threads=65535, hint_threads=2
Granted 2 threads to pid 176123
Request from pid 176123: max_threads=65535, hint_threads=2
Granted 2 threads to pid 176123
Request from pid 176123: max_threads=65535, hint_threads=2
Granted 2 threads to pid 176123
Request from pid 176123: max_threads=65535, hint_threads=2
Granted 2 threads to pid 176123
Request from pid 176123: max_threads=65535, hint_threads=2
Granted 2 threads to pid 176123
Request from pid 176123: max_threads=65535, hint_threads=2
Granted 2 threads to pid 176123
Request from pid 176123: max_threads=65535, hint_threads=2
Granted 2 threads to pid 176123
Request from pid 176123: max_threads=65535, hint_threads=2
Granted 2 threads to pid 176123
Request from pid 176123: max_threads=65535, hint_threads=2
Granted 2 threads to pid 176123
Request from pid 176123: max_threads=65535, hint_threads=2
Granted 2 threads to pid 176123
Request from pid 176123: max_threads=65535, hint_threads=2
Granted 2 threads to pid 176123
Request from pid 176123: max_threads=65535, hint_threads=2
Granted 2 threads to pid 176123
Request from pid 176123: max_threads=65535, hint_threads=2
Granted 2 threads to pid 176123
Request from pid 176123: max_threads=65535, hint_threads=2
Granted 2 threads to pid 176123
Request from pid 176123: max_threads=65535, hint_threads=2
Granted 2 threads to pid 176123
Request from pid 176123: max_threads=65535, hint_threads=2
Granted 2 threads to pid 176123
Request from pid 176123: max_threads=65535, hint_threads=2
Granted 2 threads to pid 176123
Request from pid 176123: max_threads=65535, hint_threads=2
Granted 2 threads to pid 176123
Request from pid 176123: max_threads=65535, hint_threads=2
Granted 2 threads to pid 176123
Request from pid 176123: max_threads=65535, hint_threads=2
Granted 2 threads to pid 176123
Request from pid 176123: max_threads=65535, hint_threads=2
Granted 2 threads to pid 176123
Request from pid 176123: max_threads=65535, hint_threads=2
Granted 2 threads to pid 176123
Request from pid 176123: max_threads=65535, hint_threads=2
Granted 2 threads to pid 176123
Request from pid 176123: max_threads=65535, hint_threads=2
Granted 2 threads to pid 176123
Request from pid 176123: max_threads=65535, hint_threads=2
Granted 2 threads to pid 176123
Request from pid 176123: max_threads=65535, hint_threads=2
Granted 2 threads to pid 176123
Request from pid 176123: max_threads=65535, hint_threads=2
Granted 2 threads to pid 176123
Client closed connection
Accepted connection
Handling client
Request from pid 176193: max_threads=65535, hint_threads=2
Granted 2 threads to pid 176193
Request from pid 176193: max_threads=65535, hint_threads=2
Granted 2 threads to pid 176193
Read error: Connection reset by peer (os error 104)
DRM stopped at Mon Mar  9 22:38:22 CET 2026, was capacity=2
Starting DRM at Mon Mar  9 22:38:23 CET 2026, capacity=4, RM_CPU=0
Listening on /tmp/omp-rm.sock (capacity=4, strategy=fair_share)
   PID CMD
176351 /dss/dsshome1/09/ga27qam2/dynamic-resource-manager/target/release/dynamic-resource-manager
Accepted connection
Handling client
Request from pid 176375: max_threads=65535, hint_threads=4
Granted 4 threads to pid 176375
Request from pid 176375: max_threads=65535, hint_threads=4
Granted 4 threads to pid 176375
Request from pid 176375: max_threads=65535, hint_threads=4
Granted 4 threads to pid 176375
Request from pid 176375: max_threads=65535, hint_threads=4
Granted 4 threads to pid 176375
Request from pid 176375: max_threads=65535, hint_threads=4
Granted 4 threads to pid 176375
Request from pid 176375: max_threads=65535, hint_threads=4
Granted 4 threads to pid 176375
Request from pid 176375: max_threads=65535, hint_threads=4
Granted 4 threads to pid 176375
Request from pid 176375: max_threads=65535, hint_threads=4
Granted 4 threads to pid 176375
Request from pid 176375: max_threads=65535, hint_threads=4
Granted 4 threads to pid 176375
Request from pid 176375: max_threads=65535, hint_threads=4
Granted 4 threads to pid 176375
Request from pid 176375: max_threads=65535, hint_threads=4
Granted 4 threads to pid 176375
Request from pid 176375: max_threads=65535, hint_threads=4
Granted 4 threads to pid 176375
Request from pid 176375: max_threads=65535, hint_threads=4
Granted 4 threads to pid 176375
Request from pid 176375: max_threads=65535, hint_threads=4
Granted 4 threads to pid 176375
Request from pid 176375: max_threads=65535, hint_threads=4
Granted 4 threads to pid 176375
Request from pid 176375: max_threads=65535, hint_threads=4
Granted 4 threads to pid 176375
Request from pid 176375: max_threads=65535, hint_threads=4
Granted 4 threads to pid 176375
Request from pid 176375: max_threads=65535, hint_threads=4
Granted 4 threads to pid 176375
Request from pid 176375: max_threads=65535, hint_threads=4
Granted 4 threads to pid 176375
Request from pid 176375: max_threads=65535, hint_threads=4
Granted 4 threads to pid 176375
Request from pid 176375: max_threads=65535, hint_threads=4
Granted 4 threads to pid 176375
Request from pid 176375: max_threads=65535, hint_threads=4
Granted 4 threads to pid 176375
Request from pid 176375: max_threads=65535, hint_threads=4
Granted 4 threads to pid 176375
Request from pid 176375: max_threads=65535, hint_threads=4
Granted 4 threads to pid 176375
Request from pid 176375: max_threads=65535, hint_threads=4
Granted 4 threads to pid 176375
Request from pid 176375: max_threads=65535, hint_threads=4
Granted 4 threads to pid 176375
Request from pid 176375: max_threads=65535, hint_threads=4
Granted 4 threads to pid 176375
Request from pid 176375: max_threads=65535, hint_threads=4
Granted 4 threads to pid 176375
Request from pid 176375: max_threads=65535, hint_threads=4
Granted 4 threads to pid 176375
Request from pid 176375: max_threads=65535, hint_threads=4
Granted 4 threads to pid 176375
Request from pid 176375: max_threads=65535, hint_threads=4
Granted 4 threads to pid 176375
Request from pid 176375: max_threads=65535, hint_threads=4
Granted 4 threads to pid 176375
Request from pid 176375: max_threads=65535, hint_threads=4
Granted 4 threads to pid 176375
Request from pid 176375: max_threads=65535, hint_threads=4
Granted 4 threads to pid 176375
Request from pid 176375: max_threads=65535, hint_threads=4
Granted 4 threads to pid 176375
Request from pid 176375: max_threads=65535, hint_threads=4
Granted 4 threads to pid 176375
Request from pid 176375: max_threads=65535, hint_threads=4
Granted 4 threads to pid 176375
Request from pid 176375: max_threads=65535, hint_threads=4
Granted 4 threads to pid 176375
Request from pid 176375: max_threads=65535, hint_threads=4
Granted 4 threads to pid 176375
Request from pid 176375: max_threads=65535, hint_threads=4
Granted 4 threads to pid 176375
Request from pid 176375: max_threads=65535, hint_threads=4
Granted 4 threads to pid 176375
Request from pid 176375: max_threads=65535, hint_threads=4
Granted 4 threads to pid 176375
Request from pid 176375: max_threads=65535, hint_threads=4
Granted 4 threads to pid 176375
Request from pid 176375: max_threads=65535, hint_threads=4
Granted 4 threads to pid 176375
Request from pid 176375: max_threads=65535, hint_threads=4
Granted 4 threads to pid 176375
Request from pid 176375: max_threads=65535, hint_threads=4
Granted 4 threads to pid 176375
Request from pid 176375: max_threads=65535, hint_threads=4
Granted 4 threads to pid 176375
Read error: Connection reset by peer (os error 104)
Accepted connection
Handling client
Request from pid 176490: max_threads=65535, hint_threads=4
Granted 4 threads to pid 176490
Request from pid 176490: max_threads=65535, hint_threads=4
Granted 4 threads to pid 176490
Request from pid 176490: max_threads=65535, hint_threads=4
Granted 4 threads to pid 176490
Request from pid 176490: max_threads=65535, hint_threads=4
Granted 4 threads to pid 176490
Request from pid 176490: max_threads=65535, hint_threads=4
Granted 4 threads to pid 176490
Request from pid 176490: max_threads=65535, hint_threads=4
Granted 4 threads to pid 176490
Request from pid 176490: max_threads=65535, hint_threads=4
Granted 4 threads to pid 176490
Request from pid 176490: max_threads=65535, hint_threads=4
Granted 4 threads to pid 176490
Request from pid 176490: max_threads=65535, hint_threads=4
Granted 4 threads to pid 176490
Request from pid 176490: max_threads=65535, hint_threads=4
Granted 4 threads to pid 176490
Request from pid 176490: max_threads=65535, hint_threads=4
Granted 4 threads to pid 176490
Request from pid 176490: max_threads=65535, hint_threads=4
Granted 4 threads to pid 176490
Request from pid 176490: max_threads=65535, hint_threads=4
Granted 4 threads to pid 176490
Request from pid 176490: max_threads=65535, hint_threads=4
Granted 4 threads to pid 176490
Request from pid 176490: max_threads=65535, hint_threads=4
Granted 4 threads to pid 176490
Request from pid 176490: max_threads=65535, hint_threads=4
Granted 4 threads to pid 176490
Request from pid 176490: max_threads=65535, hint_threads=4
Granted 4 threads to pid 176490
Request from pid 176490: max_threads=65535, hint_threads=4
Granted 4 threads to pid 176490
Request from pid 176490: max_threads=65535, hint_threads=4
Granted 4 threads to pid 176490
Request from pid 176490: max_threads=65535, hint_threads=4
Granted 4 threads to pid 176490
Request from pid 176490: max_threads=65535, hint_threads=4
Granted 4 threads to pid 176490
Request from pid 176490: max_threads=65535, hint_threads=4
Granted 4 threads to pid 176490
Request from pid 176490: max_threads=65535, hint_threads=4
Granted 4 threads to pid 176490
Request from pid 176490: max_threads=65535, hint_threads=4
Granted 4 threads to pid 176490
Request from pid 176490: max_threads=65535, hint_threads=4
Granted 4 threads to pid 176490
Request from pid 176490: max_threads=65535, hint_threads=4
Granted 4 threads to pid 176490
Request from pid 176490: max_threads=65535, hint_threads=4
Granted 4 threads to pid 176490
Request from pid 176490: max_threads=65535, hint_threads=4
Granted 4 threads to pid 176490
Request from pid 176490: max_threads=65535, hint_threads=4
Granted 4 threads to pid 176490
Request from pid 176490: max_threads=65535, hint_threads=4
Granted 4 threads to pid 176490
Request from pid 176490: max_threads=65535, hint_threads=4
Granted 4 threads to pid 176490
Request from pid 176490: max_threads=65535, hint_threads=4
Granted 4 threads to pid 176490
Request from pid 176490: max_threads=65535, hint_threads=4
Granted 4 threads to pid 176490
Request from pid 176490: max_threads=65535, hint_threads=4
Granted 4 threads to pid 176490
Request from pid 176490: max_threads=65535, hint_threads=4
Granted 4 threads to pid 176490
Request from pid 176490: max_threads=65535, hint_threads=4
Granted 4 threads to pid 176490
Request from pid 176490: max_threads=65535, hint_threads=4
Granted 4 threads to pid 176490
Request from pid 176490: max_threads=65535, hint_threads=4
Granted 4 threads to pid 176490
Request from pid 176490: max_threads=65535, hint_threads=4
Granted 4 threads to pid 176490
Request from pid 176490: max_threads=65535, hint_threads=4
Granted 4 threads to pid 176490
Request from pid 176490: max_threads=65535, hint_threads=4
Granted 4 threads to pid 176490
Request from pid 176490: max_threads=65535, hint_threads=4
Granted 4 threads to pid 176490
Request from pid 176490: max_threads=65535, hint_threads=4
Granted 4 threads to pid 176490
Request from pid 176490: max_threads=65535, hint_threads=4
Granted 4 threads to pid 176490
Request from pid 176490: max_threads=65535, hint_threads=4
Granted 4 threads to pid 176490
Request from pid 176490: max_threads=65535, hint_threads=4
Granted 4 threads to pid 176490
Request from pid 176490: max_threads=65535, hint_threads=4
Granted 4 threads to pid 176490
Request from pid 176490: max_threads=65535, hint_threads=4
Granted 4 threads to pid 176490
Request from pid 176490: max_threads=65535, hint_threads=4
Granted 4 threads to pid 176490
Request from pid 176490: max_threads=65535, hint_threads=4
Granted 4 threads to pid 176490
Request from pid 176490: max_threads=65535, hint_threads=4
Granted 4 threads to pid 176490
Request from pid 176490: max_threads=65535, hint_threads=4
Granted 4 threads to pid 176490
Request from pid 176490: max_threads=65535, hint_threads=4
Granted 4 threads to pid 176490
Request from pid 176490: max_threads=65535, hint_threads=4
Granted 4 threads to pid 176490
Request from pid 176490: max_threads=65535, hint_threads=4
Granted 4 threads to pid 176490
Request from pid 176490: max_threads=65535, hint_threads=4
Granted 4 threads to pid 176490
Request from pid 176490: max_threads=65535, hint_threads=4
Granted 4 threads to pid 176490
Request from pid 176490: max_threads=65535, hint_threads=4
Granted 4 threads to pid 176490
Request from pid 176490: max_threads=65535, hint_threads=4
Granted 4 threads to pid 176490
Request from pid 176490: max_threads=65535, hint_threads=4
Granted 4 threads to pid 176490
Request from pid 176490: max_threads=65535, hint_threads=4
Granted 4 threads to pid 176490
Request from pid 176490: max_threads=65535, hint_threads=4
Granted 4 threads to pid 176490
Request from pid 176490: max_threads=65535, hint_threads=4
Granted 4 threads to pid 176490
Request from pid 176490: max_threads=65535, hint_threads=4
Granted 4 threads to pid 176490
Request from pid 176490: max_threads=65535, hint_threads=4
Granted 4 threads to pid 176490
Request from pid 176490: max_threads=65535, hint_threads=4
Granted 4 threads to pid 176490
Request from pid 176490: max_threads=65535, hint_threads=4
Granted 4 threads to pid 176490
Request from pid 176490: max_threads=65535, hint_threads=4
Granted 4 threads to pid 176490
Request from pid 176490: max_threads=65535, hint_threads=4
Granted 4 threads to pid 176490
Request from pid 176490: max_threads=65535, hint_threads=4
Granted 4 threads to pid 176490
Client closed connection
Accepted connection
Handling client
Request from pid 176538: max_threads=65535, hint_threads=4
Granted 4 threads to pid 176538
Request from pid 176538: max_threads=65535, hint_threads=4
Granted 4 threads to pid 176538
Read error: Connection reset by peer (os error 104)
Accepted connection
Handling client
Request from pid 176590: max_threads=65535, hint_threads=4
Granted 4 threads to pid 176590
Request from pid 176590: max_threads=65535, hint_threads=4
Granted 4 threads to pid 176590
Request from pid 176590: max_threads=65535, hint_threads=4
Granted 4 threads to pid 176590
Request from pid 176590: max_threads=65535, hint_threads=4
Granted 4 threads to pid 176590
Request from pid 176590: max_threads=65535, hint_threads=4
Granted 4 threads to pid 176590
Request from pid 176590: max_threads=65535, hint_threads=4
Granted 4 threads to pid 176590
Request from pid 176590: max_threads=65535, hint_threads=4
Granted 4 threads to pid 176590
Request from pid 176590: max_threads=65535, hint_threads=4
Granted 4 threads to pid 176590
Request from pid 176590: max_threads=65535, hint_threads=4
Granted 4 threads to pid 176590
Request from pid 176590: max_threads=65535, hint_threads=4
Granted 4 threads to pid 176590
Request from pid 176590: max_threads=65535, hint_threads=4
Granted 4 threads to pid 176590
Request from pid 176590: max_threads=65535, hint_threads=4
Granted 4 threads to pid 176590
Request from pid 176590: max_threads=65535, hint_threads=4
Granted 4 threads to pid 176590
Request from pid 176590: max_threads=65535, hint_threads=4
Granted 4 threads to pid 176590
Request from pid 176590: max_threads=65535, hint_threads=4
Granted 4 threads to pid 176590
Request from pid 176590: max_threads=65535, hint_threads=4
Granted 4 threads to pid 176590
Request from pid 176590: max_threads=65535, hint_threads=4
Granted 4 threads to pid 176590
Request from pid 176590: max_threads=65535, hint_threads=4
Granted 4 threads to pid 176590
Request from pid 176590: max_threads=65535, hint_threads=4
Granted 4 threads to pid 176590
Request from pid 176590: max_threads=65535, hint_threads=4
Granted 4 threads to pid 176590
Request from pid 176590: max_threads=65535, hint_threads=4
Granted 4 threads to pid 176590
Request from pid 176590: max_threads=65535, hint_threads=4
Granted 4 threads to pid 176590
Request from pid 176590: max_threads=65535, hint_threads=4
Granted 4 threads to pid 176590
Request from pid 176590: max_threads=65535, hint_threads=4
Granted 4 threads to pid 176590
Request from pid 176590: max_threads=65535, hint_threads=4
Granted 4 threads to pid 176590
Request from pid 176590: max_threads=65535, hint_threads=4
Granted 4 threads to pid 176590
Request from pid 176590: max_threads=65535, hint_threads=4
Granted 4 threads to pid 176590
Request from pid 176590: max_threads=65535, hint_threads=4
Granted 4 threads to pid 176590
Request from pid 176590: max_threads=65535, hint_threads=4
Granted 4 threads to pid 176590
Request from pid 176590: max_threads=65535, hint_threads=4
Granted 4 threads to pid 176590
Request from pid 176590: max_threads=65535, hint_threads=4
Granted 4 threads to pid 176590
Request from pid 176590: max_threads=65535, hint_threads=4
Granted 4 threads to pid 176590
Request from pid 176590: max_threads=65535, hint_threads=4
Granted 4 threads to pid 176590
Request from pid 176590: max_threads=65535, hint_threads=4
Granted 4 threads to pid 176590
Request from pid 176590: max_threads=65535, hint_threads=4
Granted 4 threads to pid 176590
Request from pid 176590: max_threads=65535, hint_threads=4
Granted 4 threads to pid 176590
Request from pid 176590: max_threads=65535, hint_threads=4
Granted 4 threads to pid 176590
Request from pid 176590: max_threads=65535, hint_threads=4
Granted 4 threads to pid 176590
Request from pid 176590: max_threads=65535, hint_threads=4
Granted 4 threads to pid 176590
Request from pid 176590: max_threads=65535, hint_threads=4
Granted 4 threads to pid 176590
Request from pid 176590: max_threads=65535, hint_threads=4
Granted 4 threads to pid 176590
Request from pid 176590: max_threads=65535, hint_threads=4
Granted 4 threads to pid 176590
Request from pid 176590: max_threads=65535, hint_threads=4
Granted 4 threads to pid 176590
Request from pid 176590: max_threads=65535, hint_threads=4
Granted 4 threads to pid 176590
Request from pid 176590: max_threads=65535, hint_threads=4
Granted 4 threads to pid 176590
Request from pid 176590: max_threads=65535, hint_threads=4
Granted 4 threads to pid 176590
Request from pid 176590: max_threads=65535, hint_threads=4
Granted 4 threads to pid 176590
Read error: Connection reset by peer (os error 104)
Accepted connection
Handling client
Request from pid 176770: max_threads=65535, hint_threads=4
Granted 4 threads to pid 176770
Request from pid 176770: max_threads=65535, hint_threads=4
Granted 4 threads to pid 176770
Request from pid 176770: max_threads=65535, hint_threads=4
Granted 4 threads to pid 176770
Request from pid 176770: max_threads=65535, hint_threads=4
Granted 4 threads to pid 176770
Request from pid 176770: max_threads=65535, hint_threads=4
Granted 4 threads to pid 176770
Request from pid 176770: max_threads=65535, hint_threads=4
Granted 4 threads to pid 176770
Request from pid 176770: max_threads=65535, hint_threads=4
Granted 4 threads to pid 176770
Request from pid 176770: max_threads=65535, hint_threads=4
Granted 4 threads to pid 176770
Request from pid 176770: max_threads=65535, hint_threads=4
Granted 4 threads to pid 176770
Request from pid 176770: max_threads=65535, hint_threads=4
Granted 4 threads to pid 176770
Request from pid 176770: max_threads=65535, hint_threads=4
Granted 4 threads to pid 176770
Request from pid 176770: max_threads=65535, hint_threads=4
Granted 4 threads to pid 176770
Request from pid 176770: max_threads=65535, hint_threads=4
Granted 4 threads to pid 176770
Request from pid 176770: max_threads=65535, hint_threads=4
Granted 4 threads to pid 176770
Request from pid 176770: max_threads=65535, hint_threads=4
Granted 4 threads to pid 176770
Request from pid 176770: max_threads=65535, hint_threads=4
Granted 4 threads to pid 176770
Request from pid 176770: max_threads=65535, hint_threads=4
Granted 4 threads to pid 176770
Request from pid 176770: max_threads=65535, hint_threads=4
Granted 4 threads to pid 176770
Request from pid 176770: max_threads=65535, hint_threads=4
Granted 4 threads to pid 176770
Request from pid 176770: max_threads=65535, hint_threads=4
Granted 4 threads to pid 176770
Request from pid 176770: max_threads=65535, hint_threads=4
Granted 4 threads to pid 176770
Request from pid 176770: max_threads=65535, hint_threads=4
Granted 4 threads to pid 176770
Request from pid 176770: max_threads=65535, hint_threads=4
Granted 4 threads to pid 176770
Request from pid 176770: max_threads=65535, hint_threads=4
Granted 4 threads to pid 176770
Request from pid 176770: max_threads=65535, hint_threads=4
Granted 4 threads to pid 176770
Request from pid 176770: max_threads=65535, hint_threads=4
Granted 4 threads to pid 176770
Request from pid 176770: max_threads=65535, hint_threads=4
Granted 4 threads to pid 176770
Request from pid 176770: max_threads=65535, hint_threads=4
Granted 4 threads to pid 176770
Request from pid 176770: max_threads=65535, hint_threads=4
Granted 4 threads to pid 176770
Request from pid 176770: max_threads=65535, hint_threads=4
Granted 4 threads to pid 176770
Request from pid 176770: max_threads=65535, hint_threads=4
Granted 4 threads to pid 176770
Request from pid 176770: max_threads=65535, hint_threads=4
Granted 4 threads to pid 176770
Request from pid 176770: max_threads=65535, hint_threads=4
Granted 4 threads to pid 176770
Request from pid 176770: max_threads=65535, hint_threads=4
Granted 4 threads to pid 176770
Request from pid 176770: max_threads=65535, hint_threads=4
Granted 4 threads to pid 176770
Request from pid 176770: max_threads=65535, hint_threads=4
Granted 4 threads to pid 176770
Request from pid 176770: max_threads=65535, hint_threads=4
Granted 4 threads to pid 176770
Request from pid 176770: max_threads=65535, hint_threads=4
Granted 4 threads to pid 176770
Request from pid 176770: max_threads=65535, hint_threads=4
Granted 4 threads to pid 176770
Request from pid 176770: max_threads=65535, hint_threads=4
Granted 4 threads to pid 176770
Request from pid 176770: max_threads=65535, hint_threads=4
Granted 4 threads to pid 176770
Request from pid 176770: max_threads=65535, hint_threads=4
Granted 4 threads to pid 176770
Request from pid 176770: max_threads=65535, hint_threads=4
Granted 4 threads to pid 176770
Request from pid 176770: max_threads=65535, hint_threads=4
Granted 4 threads to pid 176770
Request from pid 176770: max_threads=65535, hint_threads=4
Granted 4 threads to pid 176770
Request from pid 176770: max_threads=65535, hint_threads=4
Granted 4 threads to pid 176770
Request from pid 176770: max_threads=65535, hint_threads=4
Granted 4 threads to pid 176770
Request from pid 176770: max_threads=65535, hint_threads=4
Granted 4 threads to pid 176770
Request from pid 176770: max_threads=65535, hint_threads=4
Granted 4 threads to pid 176770
Request from pid 176770: max_threads=65535, hint_threads=4
Granted 4 threads to pid 176770
Request from pid 176770: max_threads=65535, hint_threads=4
Granted 4 threads to pid 176770
Request from pid 176770: max_threads=65535, hint_threads=4
Granted 4 threads to pid 176770
Request from pid 176770: max_threads=65535, hint_threads=4
Granted 4 threads to pid 176770
Request from pid 176770: max_threads=65535, hint_threads=4
Granted 4 threads to pid 176770
Request from pid 176770: max_threads=65535, hint_threads=4
Granted 4 threads to pid 176770
Request from pid 176770: max_threads=65535, hint_threads=4
Granted 4 threads to pid 176770
Request from pid 176770: max_threads=65535, hint_threads=4
Granted 4 threads to pid 176770
Request from pid 176770: max_threads=65535, hint_threads=4
Granted 4 threads to pid 176770
Request from pid 176770: max_threads=65535, hint_threads=4
Granted 4 threads to pid 176770
Request from pid 176770: max_threads=65535, hint_threads=4
Granted 4 threads to pid 176770
Request from pid 176770: max_threads=65535, hint_threads=4
Granted 4 threads to pid 176770
Request from pid 176770: max_threads=65535, hint_threads=4
Granted 4 threads to pid 176770
Request from pid 176770: max_threads=65535, hint_threads=4
Granted 4 threads to pid 176770
Request from pid 176770: max_threads=65535, hint_threads=4
Granted 4 threads to pid 176770
Request from pid 176770: max_threads=65535, hint_threads=4
Granted 4 threads to pid 176770
Request from pid 176770: max_threads=65535, hint_threads=4
Granted 4 threads to pid 176770
Request from pid 176770: max_threads=65535, hint_threads=4
Granted 4 threads to pid 176770
Request from pid 176770: max_threads=65535, hint_threads=4
Granted 4 threads to pid 176770
Request from pid 176770: max_threads=65535, hint_threads=4
Granted 4 threads to pid 176770
Request from pid 176770: max_threads=65535, hint_threads=4
Granted 4 threads to pid 176770
Request from pid 176770: max_threads=65535, hint_threads=4
Granted 4 threads to pid 176770
Request from pid 176770: max_threads=65535, hint_threads=4
Granted 4 threads to pid 176770
Request from pid 176770: max_threads=65535, hint_threads=4
Granted 4 threads to pid 176770
Request from pid 176770: max_threads=65535, hint_threads=4
Granted 4 threads to pid 176770
Request from pid 176770: max_threads=65535, hint_threads=4
Granted 4 threads to pid 176770
Request from pid 176770: max_threads=65535, hint_threads=4
Granted 4 threads to pid 176770
Client closed connection
Accepted connection
Handling client
Request from pid 176821: max_threads=65535, hint_threads=4
Granted 4 threads to pid 176821
Request from pid 176821: max_threads=65535, hint_threads=4
Granted 4 threads to pid 176821
Read error: Connection reset by peer (os error 104)
Accepted connection
Handling client
Request from pid 176868: max_threads=65535, hint_threads=4
Granted 4 threads to pid 176868
Request from pid 176868: max_threads=65535, hint_threads=4
Granted 4 threads to pid 176868
Request from pid 176868: max_threads=65535, hint_threads=4
Granted 4 threads to pid 176868
Request from pid 176868: max_threads=65535, hint_threads=4
Granted 4 threads to pid 176868
Request from pid 176868: max_threads=65535, hint_threads=4
Granted 4 threads to pid 176868
Request from pid 176868: max_threads=65535, hint_threads=4
Granted 4 threads to pid 176868
Request from pid 176868: max_threads=65535, hint_threads=4
Granted 4 threads to pid 176868
Request from pid 176868: max_threads=65535, hint_threads=4
Granted 4 threads to pid 176868
Request from pid 176868: max_threads=65535, hint_threads=4
Granted 4 threads to pid 176868
Request from pid 176868: max_threads=65535, hint_threads=4
Granted 4 threads to pid 176868
Request from pid 176868: max_threads=65535, hint_threads=4
Granted 4 threads to pid 176868
Request from pid 176868: max_threads=65535, hint_threads=4
Granted 4 threads to pid 176868
Request from pid 176868: max_threads=65535, hint_threads=4
Granted 4 threads to pid 176868
Request from pid 176868: max_threads=65535, hint_threads=4
Granted 4 threads to pid 176868
Request from pid 176868: max_threads=65535, hint_threads=4
Granted 4 threads to pid 176868
Request from pid 176868: max_threads=65535, hint_threads=4
Granted 4 threads to pid 176868
Request from pid 176868: max_threads=65535, hint_threads=4
Granted 4 threads to pid 176868
Request from pid 176868: max_threads=65535, hint_threads=4
Granted 4 threads to pid 176868
Request from pid 176868: max_threads=65535, hint_threads=4
Granted 4 threads to pid 176868
Request from pid 176868: max_threads=65535, hint_threads=4
Granted 4 threads to pid 176868
Request from pid 176868: max_threads=65535, hint_threads=4
Granted 4 threads to pid 176868
Request from pid 176868: max_threads=65535, hint_threads=4
Granted 4 threads to pid 176868
Request from pid 176868: max_threads=65535, hint_threads=4
Granted 4 threads to pid 176868
Request from pid 176868: max_threads=65535, hint_threads=4
Granted 4 threads to pid 176868
Request from pid 176868: max_threads=65535, hint_threads=4
Granted 4 threads to pid 176868
Request from pid 176868: max_threads=65535, hint_threads=4
Granted 4 threads to pid 176868
Request from pid 176868: max_threads=65535, hint_threads=4
Granted 4 threads to pid 176868
Request from pid 176868: max_threads=65535, hint_threads=4
Granted 4 threads to pid 176868
Request from pid 176868: max_threads=65535, hint_threads=4
Granted 4 threads to pid 176868
Request from pid 176868: max_threads=65535, hint_threads=4
Granted 4 threads to pid 176868
Request from pid 176868: max_threads=65535, hint_threads=4
Granted 4 threads to pid 176868
Request from pid 176868: max_threads=65535, hint_threads=4
Granted 4 threads to pid 176868
Request from pid 176868: max_threads=65535, hint_threads=4
Granted 4 threads to pid 176868
Request from pid 176868: max_threads=65535, hint_threads=4
Granted 4 threads to pid 176868
Request from pid 176868: max_threads=65535, hint_threads=4
Granted 4 threads to pid 176868
Request from pid 176868: max_threads=65535, hint_threads=4
Granted 4 threads to pid 176868
Request from pid 176868: max_threads=65535, hint_threads=4
Granted 4 threads to pid 176868
Request from pid 176868: max_threads=65535, hint_threads=4
Granted 4 threads to pid 176868
Request from pid 176868: max_threads=65535, hint_threads=4
Granted 4 threads to pid 176868
Request from pid 176868: max_threads=65535, hint_threads=4
Granted 4 threads to pid 176868
Request from pid 176868: max_threads=65535, hint_threads=4
Granted 4 threads to pid 176868
Request from pid 176868: max_threads=65535, hint_threads=4
Granted 4 threads to pid 176868
Request from pid 176868: max_threads=65535, hint_threads=4
Granted 4 threads to pid 176868
Request from pid 176868: max_threads=65535, hint_threads=4
Granted 4 threads to pid 176868
Request from pid 176868: max_threads=65535, hint_threads=4
Granted 4 threads to pid 176868
Request from pid 176868: max_threads=65535, hint_threads=4
Granted 4 threads to pid 176868
Request from pid 176868: max_threads=65535, hint_threads=4
Granted 4 threads to pid 176868
Read error: Connection reset by peer (os error 104)
Accepted connection
Handling client
Request from pid 176924: max_threads=65535, hint_threads=4
Granted 4 threads to pid 176924
Request from pid 176924: max_threads=65535, hint_threads=4
Granted 4 threads to pid 176924
Request from pid 176924: max_threads=65535, hint_threads=4
Granted 4 threads to pid 176924
Request from pid 176924: max_threads=65535, hint_threads=4
Granted 4 threads to pid 176924
Request from pid 176924: max_threads=65535, hint_threads=4
Granted 4 threads to pid 176924
Request from pid 176924: max_threads=65535, hint_threads=4
Granted 4 threads to pid 176924
Request from pid 176924: max_threads=65535, hint_threads=4
Granted 4 threads to pid 176924
Request from pid 176924: max_threads=65535, hint_threads=4
Granted 4 threads to pid 176924
Request from pid 176924: max_threads=65535, hint_threads=4
Granted 4 threads to pid 176924
Request from pid 176924: max_threads=65535, hint_threads=4
Granted 4 threads to pid 176924
Request from pid 176924: max_threads=65535, hint_threads=4
Granted 4 threads to pid 176924
Request from pid 176924: max_threads=65535, hint_threads=4
Granted 4 threads to pid 176924
Request from pid 176924: max_threads=65535, hint_threads=4
Granted 4 threads to pid 176924
Request from pid 176924: max_threads=65535, hint_threads=4
Granted 4 threads to pid 176924
Request from pid 176924: max_threads=65535, hint_threads=4
Granted 4 threads to pid 176924
Request from pid 176924: max_threads=65535, hint_threads=4
Granted 4 threads to pid 176924
Request from pid 176924: max_threads=65535, hint_threads=4
Granted 4 threads to pid 176924
Request from pid 176924: max_threads=65535, hint_threads=4
Granted 4 threads to pid 176924
Request from pid 176924: max_threads=65535, hint_threads=4
Granted 4 threads to pid 176924
Request from pid 176924: max_threads=65535, hint_threads=4
Granted 4 threads to pid 176924
Request from pid 176924: max_threads=65535, hint_threads=4
Granted 4 threads to pid 176924
Request from pid 176924: max_threads=65535, hint_threads=4
Granted 4 threads to pid 176924
Request from pid 176924: max_threads=65535, hint_threads=4
Granted 4 threads to pid 176924
Request from pid 176924: max_threads=65535, hint_threads=4
Granted 4 threads to pid 176924
Request from pid 176924: max_threads=65535, hint_threads=4
Granted 4 threads to pid 176924
Request from pid 176924: max_threads=65535, hint_threads=4
Granted 4 threads to pid 176924
Request from pid 176924: max_threads=65535, hint_threads=4
Granted 4 threads to pid 176924
Request from pid 176924: max_threads=65535, hint_threads=4
Granted 4 threads to pid 176924
Request from pid 176924: max_threads=65535, hint_threads=4
Granted 4 threads to pid 176924
Request from pid 176924: max_threads=65535, hint_threads=4
Granted 4 threads to pid 176924
Request from pid 176924: max_threads=65535, hint_threads=4
Granted 4 threads to pid 176924
Request from pid 176924: max_threads=65535, hint_threads=4
Granted 4 threads to pid 176924
Request from pid 176924: max_threads=65535, hint_threads=4
Granted 4 threads to pid 176924
Request from pid 176924: max_threads=65535, hint_threads=4
Granted 4 threads to pid 176924
Request from pid 176924: max_threads=65535, hint_threads=4
Granted 4 threads to pid 176924
Request from pid 176924: max_threads=65535, hint_threads=4
Granted 4 threads to pid 176924
Request from pid 176924: max_threads=65535, hint_threads=4
Granted 4 threads to pid 176924
Request from pid 176924: max_threads=65535, hint_threads=4
Granted 4 threads to pid 176924
Request from pid 176924: max_threads=65535, hint_threads=4
Granted 4 threads to pid 176924
Request from pid 176924: max_threads=65535, hint_threads=4
Granted 4 threads to pid 176924
Request from pid 176924: max_threads=65535, hint_threads=4
Granted 4 threads to pid 176924
Request from pid 176924: max_threads=65535, hint_threads=4
Granted 4 threads to pid 176924
Request from pid 176924: max_threads=65535, hint_threads=4
Granted 4 threads to pid 176924
Request from pid 176924: max_threads=65535, hint_threads=4
Granted 4 threads to pid 176924
Request from pid 176924: max_threads=65535, hint_threads=4
Granted 4 threads to pid 176924
Request from pid 176924: max_threads=65535, hint_threads=4
Granted 4 threads to pid 176924
Request from pid 176924: max_threads=65535, hint_threads=4
Granted 4 threads to pid 176924
Request from pid 176924: max_threads=65535, hint_threads=4
Granted 4 threads to pid 176924
Request from pid 176924: max_threads=65535, hint_threads=4
Granted 4 threads to pid 176924
Request from pid 176924: max_threads=65535, hint_threads=4
Granted 4 threads to pid 176924
Request from pid 176924: max_threads=65535, hint_threads=4
Granted 4 threads to pid 176924
Request from pid 176924: max_threads=65535, hint_threads=4
Granted 4 threads to pid 176924
Request from pid 176924: max_threads=65535, hint_threads=4
Granted 4 threads to pid 176924
Request from pid 176924: max_threads=65535, hint_threads=4
Granted 4 threads to pid 176924
Request from pid 176924: max_threads=65535, hint_threads=4
Granted 4 threads to pid 176924
Request from pid 176924: max_threads=65535, hint_threads=4
Granted 4 threads to pid 176924
Request from pid 176924: max_threads=65535, hint_threads=4
Granted 4 threads to pid 176924
Request from pid 176924: max_threads=65535, hint_threads=4
Granted 4 threads to pid 176924
Request from pid 176924: max_threads=65535, hint_threads=4
Granted 4 threads to pid 176924
Request from pid 176924: max_threads=65535, hint_threads=4
Granted 4 threads to pid 176924
Request from pid 176924: max_threads=65535, hint_threads=4
Granted 4 threads to pid 176924
Request from pid 176924: max_threads=65535, hint_threads=4
Granted 4 threads to pid 176924
Request from pid 176924: max_threads=65535, hint_threads=4
Granted 4 threads to pid 176924
Request from pid 176924: max_threads=65535, hint_threads=4
Granted 4 threads to pid 176924
Request from pid 176924: max_threads=65535, hint_threads=4
Granted 4 threads to pid 176924
Request from pid 176924: max_threads=65535, hint_threads=4
Granted 4 threads to pid 176924
Request from pid 176924: max_threads=65535, hint_threads=4
Granted 4 threads to pid 176924
Request from pid 176924: max_threads=65535, hint_threads=4
Granted 4 threads to pid 176924
Request from pid 176924: max_threads=65535, hint_threads=4
Granted 4 threads to pid 176924
Client closed connection
Accepted connection
Handling client
Request from pid 176969: max_threads=65535, hint_threads=4
Granted 4 threads to pid 176969
Request from pid 176969: max_threads=65535, hint_threads=4
Granted 4 threads to pid 176969
Read error: Connection reset by peer (os error 104)
Accepted connection
Handling client
Request from pid 177168: max_threads=65535, hint_threads=4
Granted 4 threads to pid 177168
Request from pid 177168: max_threads=65535, hint_threads=4
Granted 4 threads to pid 177168
Request from pid 177168: max_threads=65535, hint_threads=4
Granted 4 threads to pid 177168
Request from pid 177168: max_threads=65535, hint_threads=4
Granted 4 threads to pid 177168
Request from pid 177168: max_threads=65535, hint_threads=4
Granted 4 threads to pid 177168
Request from pid 177168: max_threads=65535, hint_threads=4
Granted 4 threads to pid 177168
Request from pid 177168: max_threads=65535, hint_threads=4
Granted 4 threads to pid 177168
Request from pid 177168: max_threads=65535, hint_threads=4
Granted 4 threads to pid 177168
Request from pid 177168: max_threads=65535, hint_threads=4
Granted 4 threads to pid 177168
Request from pid 177168: max_threads=65535, hint_threads=4
Granted 4 threads to pid 177168
Request from pid 177168: max_threads=65535, hint_threads=4
Granted 4 threads to pid 177168
Request from pid 177168: max_threads=65535, hint_threads=4
Granted 4 threads to pid 177168
Request from pid 177168: max_threads=65535, hint_threads=4
Granted 4 threads to pid 177168
Request from pid 177168: max_threads=65535, hint_threads=4
Granted 4 threads to pid 177168
Request from pid 177168: max_threads=65535, hint_threads=4
Granted 4 threads to pid 177168
Request from pid 177168: max_threads=65535, hint_threads=4
Granted 4 threads to pid 177168
Request from pid 177168: max_threads=65535, hint_threads=4
Granted 4 threads to pid 177168
Request from pid 177168: max_threads=65535, hint_threads=4
Granted 4 threads to pid 177168
Request from pid 177168: max_threads=65535, hint_threads=4
Granted 4 threads to pid 177168
Request from pid 177168: max_threads=65535, hint_threads=4
Granted 4 threads to pid 177168
Request from pid 177168: max_threads=65535, hint_threads=4
Granted 4 threads to pid 177168
Request from pid 177168: max_threads=65535, hint_threads=4
Granted 4 threads to pid 177168
Request from pid 177168: max_threads=65535, hint_threads=4
Granted 4 threads to pid 177168
Request from pid 177168: max_threads=65535, hint_threads=4
Granted 4 threads to pid 177168
Request from pid 177168: max_threads=65535, hint_threads=4
Granted 4 threads to pid 177168
Request from pid 177168: max_threads=65535, hint_threads=4
Granted 4 threads to pid 177168
Request from pid 177168: max_threads=65535, hint_threads=4
Granted 4 threads to pid 177168
Request from pid 177168: max_threads=65535, hint_threads=4
Granted 4 threads to pid 177168
Request from pid 177168: max_threads=65535, hint_threads=4
Granted 4 threads to pid 177168
Request from pid 177168: max_threads=65535, hint_threads=4
Granted 4 threads to pid 177168
Request from pid 177168: max_threads=65535, hint_threads=4
Granted 4 threads to pid 177168
Request from pid 177168: max_threads=65535, hint_threads=4
Granted 4 threads to pid 177168
Request from pid 177168: max_threads=65535, hint_threads=4
Granted 4 threads to pid 177168
Request from pid 177168: max_threads=65535, hint_threads=4
Granted 4 threads to pid 177168
Request from pid 177168: max_threads=65535, hint_threads=4
Granted 4 threads to pid 177168
Request from pid 177168: max_threads=65535, hint_threads=4
Granted 4 threads to pid 177168
Request from pid 177168: max_threads=65535, hint_threads=4
Granted 4 threads to pid 177168
Request from pid 177168: max_threads=65535, hint_threads=4
Granted 4 threads to pid 177168
Request from pid 177168: max_threads=65535, hint_threads=4
Granted 4 threads to pid 177168
Request from pid 177168: max_threads=65535, hint_threads=4
Granted 4 threads to pid 177168
Request from pid 177168: max_threads=65535, hint_threads=4
Granted 4 threads to pid 177168
Request from pid 177168: max_threads=65535, hint_threads=4
Granted 4 threads to pid 177168
Request from pid 177168: max_threads=65535, hint_threads=4
Granted 4 threads to pid 177168
Request from pid 177168: max_threads=65535, hint_threads=4
Granted 4 threads to pid 177168
Request from pid 177168: max_threads=65535, hint_threads=4
Granted 4 threads to pid 177168
Request from pid 177168: max_threads=65535, hint_threads=4
Granted 4 threads to pid 177168
Request from pid 177168: max_threads=65535, hint_threads=4
Granted 4 threads to pid 177168
Read error: Connection reset by peer (os error 104)
Accepted connection
Handling client
Request from pid 177220: max_threads=65535, hint_threads=4
Granted 4 threads to pid 177220
Request from pid 177220: max_threads=65535, hint_threads=4
Granted 4 threads to pid 177220
Request from pid 177220: max_threads=65535, hint_threads=4
Granted 4 threads to pid 177220
Request from pid 177220: max_threads=65535, hint_threads=4
Granted 4 threads to pid 177220
Request from pid 177220: max_threads=65535, hint_threads=4
Granted 4 threads to pid 177220
Request from pid 177220: max_threads=65535, hint_threads=4
Granted 4 threads to pid 177220
Request from pid 177220: max_threads=65535, hint_threads=4
Granted 4 threads to pid 177220
Request from pid 177220: max_threads=65535, hint_threads=4
Granted 4 threads to pid 177220
Request from pid 177220: max_threads=65535, hint_threads=4
Granted 4 threads to pid 177220
Request from pid 177220: max_threads=65535, hint_threads=4
Granted 4 threads to pid 177220
Request from pid 177220: max_threads=65535, hint_threads=4
Granted 4 threads to pid 177220
Request from pid 177220: max_threads=65535, hint_threads=4
Granted 4 threads to pid 177220
Request from pid 177220: max_threads=65535, hint_threads=4
Granted 4 threads to pid 177220
Request from pid 177220: max_threads=65535, hint_threads=4
Granted 4 threads to pid 177220
Request from pid 177220: max_threads=65535, hint_threads=4
Granted 4 threads to pid 177220
Request from pid 177220: max_threads=65535, hint_threads=4
Granted 4 threads to pid 177220
Request from pid 177220: max_threads=65535, hint_threads=4
Granted 4 threads to pid 177220
Request from pid 177220: max_threads=65535, hint_threads=4
Granted 4 threads to pid 177220
Request from pid 177220: max_threads=65535, hint_threads=4
Granted 4 threads to pid 177220
Request from pid 177220: max_threads=65535, hint_threads=4
Granted 4 threads to pid 177220
Request from pid 177220: max_threads=65535, hint_threads=4
Granted 4 threads to pid 177220
Request from pid 177220: max_threads=65535, hint_threads=4
Granted 4 threads to pid 177220
Request from pid 177220: max_threads=65535, hint_threads=4
Granted 4 threads to pid 177220
Request from pid 177220: max_threads=65535, hint_threads=4
Granted 4 threads to pid 177220
Request from pid 177220: max_threads=65535, hint_threads=4
Granted 4 threads to pid 177220
Request from pid 177220: max_threads=65535, hint_threads=4
Granted 4 threads to pid 177220
Request from pid 177220: max_threads=65535, hint_threads=4
Granted 4 threads to pid 177220
Request from pid 177220: max_threads=65535, hint_threads=4
Granted 4 threads to pid 177220
Request from pid 177220: max_threads=65535, hint_threads=4
Granted 4 threads to pid 177220
Request from pid 177220: max_threads=65535, hint_threads=4
Granted 4 threads to pid 177220
Request from pid 177220: max_threads=65535, hint_threads=4
Granted 4 threads to pid 177220
Request from pid 177220: max_threads=65535, hint_threads=4
Granted 4 threads to pid 177220
Request from pid 177220: max_threads=65535, hint_threads=4
Granted 4 threads to pid 177220
Request from pid 177220: max_threads=65535, hint_threads=4
Granted 4 threads to pid 177220
Request from pid 177220: max_threads=65535, hint_threads=4
Granted 4 threads to pid 177220
Request from pid 177220: max_threads=65535, hint_threads=4
Granted 4 threads to pid 177220
Request from pid 177220: max_threads=65535, hint_threads=4
Granted 4 threads to pid 177220
Request from pid 177220: max_threads=65535, hint_threads=4
Granted 4 threads to pid 177220
Request from pid 177220: max_threads=65535, hint_threads=4
Granted 4 threads to pid 177220
Request from pid 177220: max_threads=65535, hint_threads=4
Granted 4 threads to pid 177220
Request from pid 177220: max_threads=65535, hint_threads=4
Granted 4 threads to pid 177220
Request from pid 177220: max_threads=65535, hint_threads=4
Granted 4 threads to pid 177220
Request from pid 177220: max_threads=65535, hint_threads=4
Granted 4 threads to pid 177220
Request from pid 177220: max_threads=65535, hint_threads=4
Granted 4 threads to pid 177220
Request from pid 177220: max_threads=65535, hint_threads=4
Granted 4 threads to pid 177220
Request from pid 177220: max_threads=65535, hint_threads=4
Granted 4 threads to pid 177220
Request from pid 177220: max_threads=65535, hint_threads=4
Granted 4 threads to pid 177220
Request from pid 177220: max_threads=65535, hint_threads=4
Granted 4 threads to pid 177220
Request from pid 177220: max_threads=65535, hint_threads=4
Granted 4 threads to pid 177220
Request from pid 177220: max_threads=65535, hint_threads=4
Granted 4 threads to pid 177220
Request from pid 177220: max_threads=65535, hint_threads=4
Granted 4 threads to pid 177220
Request from pid 177220: max_threads=65535, hint_threads=4
Granted 4 threads to pid 177220
Request from pid 177220: max_threads=65535, hint_threads=4
Granted 4 threads to pid 177220
Request from pid 177220: max_threads=65535, hint_threads=4
Granted 4 threads to pid 177220
Request from pid 177220: max_threads=65535, hint_threads=4
Granted 4 threads to pid 177220
Request from pid 177220: max_threads=65535, hint_threads=4
Granted 4 threads to pid 177220
Request from pid 177220: max_threads=65535, hint_threads=4
Granted 4 threads to pid 177220
Request from pid 177220: max_threads=65535, hint_threads=4
Granted 4 threads to pid 177220
Request from pid 177220: max_threads=65535, hint_threads=4
Granted 4 threads to pid 177220
Request from pid 177220: max_threads=65535, hint_threads=4
Granted 4 threads to pid 177220
Request from pid 177220: max_threads=65535, hint_threads=4
Granted 4 threads to pid 177220
Request from pid 177220: max_threads=65535, hint_threads=4
Granted 4 threads to pid 177220
Request from pid 177220: max_threads=65535, hint_threads=4
Granted 4 threads to pid 177220
Request from pid 177220: max_threads=65535, hint_threads=4
Granted 4 threads to pid 177220
Request from pid 177220: max_threads=65535, hint_threads=4
Granted 4 threads to pid 177220
Request from pid 177220: max_threads=65535, hint_threads=4
Granted 4 threads to pid 177220
Request from pid 177220: max_threads=65535, hint_threads=4
Granted 4 threads to pid 177220
Request from pid 177220: max_threads=65535, hint_threads=4
Granted 4 threads to pid 177220
Request from pid 177220: max_threads=65535, hint_threads=4
Granted 4 threads to pid 177220
Request from pid 177220: max_threads=65535, hint_threads=4
Granted 4 threads to pid 177220
Request from pid 177220: max_threads=65535, hint_threads=4
Granted 4 threads to pid 177220
Request from pid 177220: max_threads=65535, hint_threads=4
Granted 4 threads to pid 177220
Client closed connection
Accepted connection
Handling client
Request from pid 177327: max_threads=65535, hint_threads=4
Granted 4 threads to pid 177327
Request from pid 177327: max_threads=65535, hint_threads=4
Granted 4 threads to pid 177327
Read error: Connection reset by peer (os error 104)
Accepted connection
Handling client
Request from pid 177366: max_threads=65535, hint_threads=4
Granted 4 threads to pid 177366
Request from pid 177366: max_threads=65535, hint_threads=4
Granted 4 threads to pid 177366
Request from pid 177366: max_threads=65535, hint_threads=4
Granted 4 threads to pid 177366
Request from pid 177366: max_threads=65535, hint_threads=4
Granted 4 threads to pid 177366
Request from pid 177366: max_threads=65535, hint_threads=4
Granted 4 threads to pid 177366
Request from pid 177366: max_threads=65535, hint_threads=4
Granted 4 threads to pid 177366
Request from pid 177366: max_threads=65535, hint_threads=4
Granted 4 threads to pid 177366
Request from pid 177366: max_threads=65535, hint_threads=4
Granted 4 threads to pid 177366
Request from pid 177366: max_threads=65535, hint_threads=4
Granted 4 threads to pid 177366
Request from pid 177366: max_threads=65535, hint_threads=4
Granted 4 threads to pid 177366
Request from pid 177366: max_threads=65535, hint_threads=4
Granted 4 threads to pid 177366
Request from pid 177366: max_threads=65535, hint_threads=4
Granted 4 threads to pid 177366
Request from pid 177366: max_threads=65535, hint_threads=4
Granted 4 threads to pid 177366
Request from pid 177366: max_threads=65535, hint_threads=4
Granted 4 threads to pid 177366
Request from pid 177366: max_threads=65535, hint_threads=4
Granted 4 threads to pid 177366
Request from pid 177366: max_threads=65535, hint_threads=4
Granted 4 threads to pid 177366
Request from pid 177366: max_threads=65535, hint_threads=4
Granted 4 threads to pid 177366
Request from pid 177366: max_threads=65535, hint_threads=4
Granted 4 threads to pid 177366
Request from pid 177366: max_threads=65535, hint_threads=4
Granted 4 threads to pid 177366
Request from pid 177366: max_threads=65535, hint_threads=4
Granted 4 threads to pid 177366
Request from pid 177366: max_threads=65535, hint_threads=4
Granted 4 threads to pid 177366
Request from pid 177366: max_threads=65535, hint_threads=4
Granted 4 threads to pid 177366
Request from pid 177366: max_threads=65535, hint_threads=4
Granted 4 threads to pid 177366
Request from pid 177366: max_threads=65535, hint_threads=4
Granted 4 threads to pid 177366
Request from pid 177366: max_threads=65535, hint_threads=4
Granted 4 threads to pid 177366
Request from pid 177366: max_threads=65535, hint_threads=4
Granted 4 threads to pid 177366
Request from pid 177366: max_threads=65535, hint_threads=4
Granted 4 threads to pid 177366
Request from pid 177366: max_threads=65535, hint_threads=4
Granted 4 threads to pid 177366
Request from pid 177366: max_threads=65535, hint_threads=4
Granted 4 threads to pid 177366
Request from pid 177366: max_threads=65535, hint_threads=4
Granted 4 threads to pid 177366
Request from pid 177366: max_threads=65535, hint_threads=4
Granted 4 threads to pid 177366
Request from pid 177366: max_threads=65535, hint_threads=4
Granted 4 threads to pid 177366
Request from pid 177366: max_threads=65535, hint_threads=4
Granted 4 threads to pid 177366
Request from pid 177366: max_threads=65535, hint_threads=4
Granted 4 threads to pid 177366
Request from pid 177366: max_threads=65535, hint_threads=4
Granted 4 threads to pid 177366
Request from pid 177366: max_threads=65535, hint_threads=4
Granted 4 threads to pid 177366
Request from pid 177366: max_threads=65535, hint_threads=4
Granted 4 threads to pid 177366
Request from pid 177366: max_threads=65535, hint_threads=4
Granted 4 threads to pid 177366
Request from pid 177366: max_threads=65535, hint_threads=4
Granted 4 threads to pid 177366
Request from pid 177366: max_threads=65535, hint_threads=4
Granted 4 threads to pid 177366
Request from pid 177366: max_threads=65535, hint_threads=4
Granted 4 threads to pid 177366
Request from pid 177366: max_threads=65535, hint_threads=4
Granted 4 threads to pid 177366
Request from pid 177366: max_threads=65535, hint_threads=4
Granted 4 threads to pid 177366
Request from pid 177366: max_threads=65535, hint_threads=4
Granted 4 threads to pid 177366
Request from pid 177366: max_threads=65535, hint_threads=4
Granted 4 threads to pid 177366
Request from pid 177366: max_threads=65535, hint_threads=4
Granted 4 threads to pid 177366
Request from pid 177366: max_threads=65535, hint_threads=4
Granted 4 threads to pid 177366
Read error: Connection reset by peer (os error 104)
Accepted connection
Handling client
Request from pid 177557: max_threads=65535, hint_threads=4
Granted 4 threads to pid 177557
Request from pid 177557: max_threads=65535, hint_threads=4
Granted 4 threads to pid 177557
Request from pid 177557: max_threads=65535, hint_threads=4
Granted 4 threads to pid 177557
Request from pid 177557: max_threads=65535, hint_threads=4
Granted 4 threads to pid 177557
Request from pid 177557: max_threads=65535, hint_threads=4
Granted 4 threads to pid 177557
Request from pid 177557: max_threads=65535, hint_threads=4
Granted 4 threads to pid 177557
Request from pid 177557: max_threads=65535, hint_threads=4
Granted 4 threads to pid 177557
Request from pid 177557: max_threads=65535, hint_threads=4
Granted 4 threads to pid 177557
Request from pid 177557: max_threads=65535, hint_threads=4
Granted 4 threads to pid 177557
Request from pid 177557: max_threads=65535, hint_threads=4
Granted 4 threads to pid 177557
Request from pid 177557: max_threads=65535, hint_threads=4
Granted 4 threads to pid 177557
Request from pid 177557: max_threads=65535, hint_threads=4
Granted 4 threads to pid 177557
Request from pid 177557: max_threads=65535, hint_threads=4
Granted 4 threads to pid 177557
Request from pid 177557: max_threads=65535, hint_threads=4
Granted 4 threads to pid 177557
Request from pid 177557: max_threads=65535, hint_threads=4
Granted 4 threads to pid 177557
Request from pid 177557: max_threads=65535, hint_threads=4
Granted 4 threads to pid 177557
Request from pid 177557: max_threads=65535, hint_threads=4
Granted 4 threads to pid 177557
Request from pid 177557: max_threads=65535, hint_threads=4
Granted 4 threads to pid 177557
Request from pid 177557: max_threads=65535, hint_threads=4
Granted 4 threads to pid 177557
Request from pid 177557: max_threads=65535, hint_threads=4
Granted 4 threads to pid 177557
Request from pid 177557: max_threads=65535, hint_threads=4
Granted 4 threads to pid 177557
Request from pid 177557: max_threads=65535, hint_threads=4
Granted 4 threads to pid 177557
Request from pid 177557: max_threads=65535, hint_threads=4
Granted 4 threads to pid 177557
Request from pid 177557: max_threads=65535, hint_threads=4
Granted 4 threads to pid 177557
Request from pid 177557: max_threads=65535, hint_threads=4
Granted 4 threads to pid 177557
Request from pid 177557: max_threads=65535, hint_threads=4
Granted 4 threads to pid 177557
Request from pid 177557: max_threads=65535, hint_threads=4
Granted 4 threads to pid 177557
Request from pid 177557: max_threads=65535, hint_threads=4
Granted 4 threads to pid 177557
Request from pid 177557: max_threads=65535, hint_threads=4
Granted 4 threads to pid 177557
Request from pid 177557: max_threads=65535, hint_threads=4
Granted 4 threads to pid 177557
Request from pid 177557: max_threads=65535, hint_threads=4
Granted 4 threads to pid 177557
Request from pid 177557: max_threads=65535, hint_threads=4
Granted 4 threads to pid 177557
Request from pid 177557: max_threads=65535, hint_threads=4
Granted 4 threads to pid 177557
Request from pid 177557: max_threads=65535, hint_threads=4
Granted 4 threads to pid 177557
Request from pid 177557: max_threads=65535, hint_threads=4
Granted 4 threads to pid 177557
Request from pid 177557: max_threads=65535, hint_threads=4
Granted 4 threads to pid 177557
Request from pid 177557: max_threads=65535, hint_threads=4
Granted 4 threads to pid 177557
Request from pid 177557: max_threads=65535, hint_threads=4
Granted 4 threads to pid 177557
Request from pid 177557: max_threads=65535, hint_threads=4
Granted 4 threads to pid 177557
Request from pid 177557: max_threads=65535, hint_threads=4
Granted 4 threads to pid 177557
Request from pid 177557: max_threads=65535, hint_threads=4
Granted 4 threads to pid 177557
Request from pid 177557: max_threads=65535, hint_threads=4
Granted 4 threads to pid 177557
Request from pid 177557: max_threads=65535, hint_threads=4
Granted 4 threads to pid 177557
Request from pid 177557: max_threads=65535, hint_threads=4
Granted 4 threads to pid 177557
Request from pid 177557: max_threads=65535, hint_threads=4
Granted 4 threads to pid 177557
Request from pid 177557: max_threads=65535, hint_threads=4
Granted 4 threads to pid 177557
Request from pid 177557: max_threads=65535, hint_threads=4
Granted 4 threads to pid 177557
Request from pid 177557: max_threads=65535, hint_threads=4
Granted 4 threads to pid 177557
Request from pid 177557: max_threads=65535, hint_threads=4
Granted 4 threads to pid 177557
Request from pid 177557: max_threads=65535, hint_threads=4
Granted 4 threads to pid 177557
Request from pid 177557: max_threads=65535, hint_threads=4
Granted 4 threads to pid 177557
Request from pid 177557: max_threads=65535, hint_threads=4
Granted 4 threads to pid 177557
Request from pid 177557: max_threads=65535, hint_threads=4
Granted 4 threads to pid 177557
Request from pid 177557: max_threads=65535, hint_threads=4
Granted 4 threads to pid 177557
Request from pid 177557: max_threads=65535, hint_threads=4
Granted 4 threads to pid 177557
Request from pid 177557: max_threads=65535, hint_threads=4
Granted 4 threads to pid 177557
Request from pid 177557: max_threads=65535, hint_threads=4
Granted 4 threads to pid 177557
Request from pid 177557: max_threads=65535, hint_threads=4
Granted 4 threads to pid 177557
Request from pid 177557: max_threads=65535, hint_threads=4
Granted 4 threads to pid 177557
Request from pid 177557: max_threads=65535, hint_threads=4
Granted 4 threads to pid 177557
Request from pid 177557: max_threads=65535, hint_threads=4
Granted 4 threads to pid 177557
Request from pid 177557: max_threads=65535, hint_threads=4
Granted 4 threads to pid 177557
Request from pid 177557: max_threads=65535, hint_threads=4
Granted 4 threads to pid 177557
Request from pid 177557: max_threads=65535, hint_threads=4
Granted 4 threads to pid 177557
Request from pid 177557: max_threads=65535, hint_threads=4
Granted 4 threads to pid 177557
Request from pid 177557: max_threads=65535, hint_threads=4
Granted 4 threads to pid 177557
Request from pid 177557: max_threads=65535, hint_threads=4
Granted 4 threads to pid 177557
Request from pid 177557: max_threads=65535, hint_threads=4
Granted 4 threads to pid 177557
Request from pid 177557: max_threads=65535, hint_threads=4
Granted 4 threads to pid 177557
Request from pid 177557: max_threads=65535, hint_threads=4
Granted 4 threads to pid 177557
Request from pid 177557: max_threads=65535, hint_threads=4
Granted 4 threads to pid 177557
Request from pid 177557: max_threads=65535, hint_threads=4
Granted 4 threads to pid 177557
Client closed connection
Accepted connection
Handling client
Request from pid 177628: max_threads=65535, hint_threads=4
Granted 4 threads to pid 177628
Request from pid 177628: max_threads=65535, hint_threads=4
Granted 4 threads to pid 177628
Read error: Connection reset by peer (os error 104)
Accepted connection
Handling client
Request from pid 177666: max_threads=65535, hint_threads=4
Granted 4 threads to pid 177666
Request from pid 177666: max_threads=65535, hint_threads=4
Granted 4 threads to pid 177666
Request from pid 177666: max_threads=65535, hint_threads=4
Granted 4 threads to pid 177666
Request from pid 177666: max_threads=65535, hint_threads=4
Granted 4 threads to pid 177666
Request from pid 177666: max_threads=65535, hint_threads=4
Granted 4 threads to pid 177666
Request from pid 177666: max_threads=65535, hint_threads=4
Granted 4 threads to pid 177666
Request from pid 177666: max_threads=65535, hint_threads=4
Granted 4 threads to pid 177666
Request from pid 177666: max_threads=65535, hint_threads=4
Granted 4 threads to pid 177666
Request from pid 177666: max_threads=65535, hint_threads=4
Granted 4 threads to pid 177666
Request from pid 177666: max_threads=65535, hint_threads=4
Granted 4 threads to pid 177666
Request from pid 177666: max_threads=65535, hint_threads=4
Granted 4 threads to pid 177666
Request from pid 177666: max_threads=65535, hint_threads=4
Granted 4 threads to pid 177666
Request from pid 177666: max_threads=65535, hint_threads=4
Granted 4 threads to pid 177666
Request from pid 177666: max_threads=65535, hint_threads=4
Granted 4 threads to pid 177666
Request from pid 177666: max_threads=65535, hint_threads=4
Granted 4 threads to pid 177666
Request from pid 177666: max_threads=65535, hint_threads=4
Granted 4 threads to pid 177666
Request from pid 177666: max_threads=65535, hint_threads=4
Granted 4 threads to pid 177666
Request from pid 177666: max_threads=65535, hint_threads=4
Granted 4 threads to pid 177666
Request from pid 177666: max_threads=65535, hint_threads=4
Granted 4 threads to pid 177666
Request from pid 177666: max_threads=65535, hint_threads=4
Granted 4 threads to pid 177666
Request from pid 177666: max_threads=65535, hint_threads=4
Granted 4 threads to pid 177666
Request from pid 177666: max_threads=65535, hint_threads=4
Granted 4 threads to pid 177666
Request from pid 177666: max_threads=65535, hint_threads=4
Granted 4 threads to pid 177666
Request from pid 177666: max_threads=65535, hint_threads=4
Granted 4 threads to pid 177666
Request from pid 177666: max_threads=65535, hint_threads=4
Granted 4 threads to pid 177666
Request from pid 177666: max_threads=65535, hint_threads=4
Granted 4 threads to pid 177666
Request from pid 177666: max_threads=65535, hint_threads=4
Granted 4 threads to pid 177666
Request from pid 177666: max_threads=65535, hint_threads=4
Granted 4 threads to pid 177666
Request from pid 177666: max_threads=65535, hint_threads=4
Granted 4 threads to pid 177666
Request from pid 177666: max_threads=65535, hint_threads=4
Granted 4 threads to pid 177666
Request from pid 177666: max_threads=65535, hint_threads=4
Granted 4 threads to pid 177666
Request from pid 177666: max_threads=65535, hint_threads=4
Granted 4 threads to pid 177666
Request from pid 177666: max_threads=65535, hint_threads=4
Granted 4 threads to pid 177666
Request from pid 177666: max_threads=65535, hint_threads=4
Granted 4 threads to pid 177666
Request from pid 177666: max_threads=65535, hint_threads=4
Granted 4 threads to pid 177666
Request from pid 177666: max_threads=65535, hint_threads=4
Granted 4 threads to pid 177666
Request from pid 177666: max_threads=65535, hint_threads=4
Granted 4 threads to pid 177666
Request from pid 177666: max_threads=65535, hint_threads=4
Granted 4 threads to pid 177666
Request from pid 177666: max_threads=65535, hint_threads=4
Granted 4 threads to pid 177666
Request from pid 177666: max_threads=65535, hint_threads=4
Granted 4 threads to pid 177666
Request from pid 177666: max_threads=65535, hint_threads=4
Granted 4 threads to pid 177666
Request from pid 177666: max_threads=65535, hint_threads=4
Granted 4 threads to pid 177666
Request from pid 177666: max_threads=65535, hint_threads=4
Granted 4 threads to pid 177666
Request from pid 177666: max_threads=65535, hint_threads=4
Granted 4 threads to pid 177666
Request from pid 177666: max_threads=65535, hint_threads=4
Granted 4 threads to pid 177666
Request from pid 177666: max_threads=65535, hint_threads=4
Granted 4 threads to pid 177666
Request from pid 177666: max_threads=65535, hint_threads=4
Granted 4 threads to pid 177666
Read error: Connection reset by peer (os error 104)
Accepted connection
Handling client
Request from pid 177720: max_threads=65535, hint_threads=4
Granted 4 threads to pid 177720
Request from pid 177720: max_threads=65535, hint_threads=4
Granted 4 threads to pid 177720
Request from pid 177720: max_threads=65535, hint_threads=4
Granted 4 threads to pid 177720
Request from pid 177720: max_threads=65535, hint_threads=4
Granted 4 threads to pid 177720
Request from pid 177720: max_threads=65535, hint_threads=4
Granted 4 threads to pid 177720
Request from pid 177720: max_threads=65535, hint_threads=4
Granted 4 threads to pid 177720
Request from pid 177720: max_threads=65535, hint_threads=4
Granted 4 threads to pid 177720
Request from pid 177720: max_threads=65535, hint_threads=4
Granted 4 threads to pid 177720
Request from pid 177720: max_threads=65535, hint_threads=4
Granted 4 threads to pid 177720
Request from pid 177720: max_threads=65535, hint_threads=4
Granted 4 threads to pid 177720
Request from pid 177720: max_threads=65535, hint_threads=4
Granted 4 threads to pid 177720
Request from pid 177720: max_threads=65535, hint_threads=4
Granted 4 threads to pid 177720
Request from pid 177720: max_threads=65535, hint_threads=4
Granted 4 threads to pid 177720
Request from pid 177720: max_threads=65535, hint_threads=4
Granted 4 threads to pid 177720
Request from pid 177720: max_threads=65535, hint_threads=4
Granted 4 threads to pid 177720
Request from pid 177720: max_threads=65535, hint_threads=4
Granted 4 threads to pid 177720
Request from pid 177720: max_threads=65535, hint_threads=4
Granted 4 threads to pid 177720
Request from pid 177720: max_threads=65535, hint_threads=4
Granted 4 threads to pid 177720
Request from pid 177720: max_threads=65535, hint_threads=4
Granted 4 threads to pid 177720
Request from pid 177720: max_threads=65535, hint_threads=4
Granted 4 threads to pid 177720
Request from pid 177720: max_threads=65535, hint_threads=4
Granted 4 threads to pid 177720
Request from pid 177720: max_threads=65535, hint_threads=4
Granted 4 threads to pid 177720
Request from pid 177720: max_threads=65535, hint_threads=4
Granted 4 threads to pid 177720
Request from pid 177720: max_threads=65535, hint_threads=4
Granted 4 threads to pid 177720
Request from pid 177720: max_threads=65535, hint_threads=4
Granted 4 threads to pid 177720
Request from pid 177720: max_threads=65535, hint_threads=4
Granted 4 threads to pid 177720
Request from pid 177720: max_threads=65535, hint_threads=4
Granted 4 threads to pid 177720
Request from pid 177720: max_threads=65535, hint_threads=4
Granted 4 threads to pid 177720
Request from pid 177720: max_threads=65535, hint_threads=4
Granted 4 threads to pid 177720
Request from pid 177720: max_threads=65535, hint_threads=4
Granted 4 threads to pid 177720
Request from pid 177720: max_threads=65535, hint_threads=4
Granted 4 threads to pid 177720
Request from pid 177720: max_threads=65535, hint_threads=4
Granted 4 threads to pid 177720
Request from pid 177720: max_threads=65535, hint_threads=4
Granted 4 threads to pid 177720
Request from pid 177720: max_threads=65535, hint_threads=4
Granted 4 threads to pid 177720
Request from pid 177720: max_threads=65535, hint_threads=4
Granted 4 threads to pid 177720
Request from pid 177720: max_threads=65535, hint_threads=4
Granted 4 threads to pid 177720
Request from pid 177720: max_threads=65535, hint_threads=4
Granted 4 threads to pid 177720
Request from pid 177720: max_threads=65535, hint_threads=4
Granted 4 threads to pid 177720
Request from pid 177720: max_threads=65535, hint_threads=4
Granted 4 threads to pid 177720
Request from pid 177720: max_threads=65535, hint_threads=4
Granted 4 threads to pid 177720
Request from pid 177720: max_threads=65535, hint_threads=4
Granted 4 threads to pid 177720
Request from pid 177720: max_threads=65535, hint_threads=4
Granted 4 threads to pid 177720
Request from pid 177720: max_threads=65535, hint_threads=4
Granted 4 threads to pid 177720
Request from pid 177720: max_threads=65535, hint_threads=4
Granted 4 threads to pid 177720
Request from pid 177720: max_threads=65535, hint_threads=4
Granted 4 threads to pid 177720
Request from pid 177720: max_threads=65535, hint_threads=4
Granted 4 threads to pid 177720
Request from pid 177720: max_threads=65535, hint_threads=4
Granted 4 threads to pid 177720
Request from pid 177720: max_threads=65535, hint_threads=4
Granted 4 threads to pid 177720
Request from pid 177720: max_threads=65535, hint_threads=4
Granted 4 threads to pid 177720
Request from pid 177720: max_threads=65535, hint_threads=4
Granted 4 threads to pid 177720
Request from pid 177720: max_threads=65535, hint_threads=4
Granted 4 threads to pid 177720
Request from pid 177720: max_threads=65535, hint_threads=4
Granted 4 threads to pid 177720
Request from pid 177720: max_threads=65535, hint_threads=4
Granted 4 threads to pid 177720
Request from pid 177720: max_threads=65535, hint_threads=4
Granted 4 threads to pid 177720
Request from pid 177720: max_threads=65535, hint_threads=4
Granted 4 threads to pid 177720
Request from pid 177720: max_threads=65535, hint_threads=4
Granted 4 threads to pid 177720
Request from pid 177720: max_threads=65535, hint_threads=4
Granted 4 threads to pid 177720
Request from pid 177720: max_threads=65535, hint_threads=4
Granted 4 threads to pid 177720
Request from pid 177720: max_threads=65535, hint_threads=4
Granted 4 threads to pid 177720
Request from pid 177720: max_threads=65535, hint_threads=4
Granted 4 threads to pid 177720
Request from pid 177720: max_threads=65535, hint_threads=4
Granted 4 threads to pid 177720
Request from pid 177720: max_threads=65535, hint_threads=4
Granted 4 threads to pid 177720
Request from pid 177720: max_threads=65535, hint_threads=4
Granted 4 threads to pid 177720
Request from pid 177720: max_threads=65535, hint_threads=4
Granted 4 threads to pid 177720
Request from pid 177720: max_threads=65535, hint_threads=4
Granted 4 threads to pid 177720
Request from pid 177720: max_threads=65535, hint_threads=4
Granted 4 threads to pid 177720
Request from pid 177720: max_threads=65535, hint_threads=4
Granted 4 threads to pid 177720
Request from pid 177720: max_threads=65535, hint_threads=4
Granted 4 threads to pid 177720
Request from pid 177720: max_threads=65535, hint_threads=4
Granted 4 threads to pid 177720
Request from pid 177720: max_threads=65535, hint_threads=4
Granted 4 threads to pid 177720
Client closed connection
Accepted connection
Handling client
Request from pid 177769: max_threads=65535, hint_threads=4
Granted 4 threads to pid 177769
Request from pid 177769: max_threads=65535, hint_threads=4
Granted 4 threads to pid 177769
Read error: Connection reset by peer (os error 104)
Accepted connection
Handling client
Request from pid 177950: max_threads=65535, hint_threads=4
Granted 4 threads to pid 177950
Request from pid 177950: max_threads=65535, hint_threads=4
Granted 4 threads to pid 177950
Request from pid 177950: max_threads=65535, hint_threads=4
Granted 4 threads to pid 177950
Request from pid 177950: max_threads=65535, hint_threads=4
Granted 4 threads to pid 177950
Request from pid 177950: max_threads=65535, hint_threads=4
Granted 4 threads to pid 177950
Request from pid 177950: max_threads=65535, hint_threads=4
Granted 4 threads to pid 177950
Request from pid 177950: max_threads=65535, hint_threads=4
Granted 4 threads to pid 177950
Request from pid 177950: max_threads=65535, hint_threads=4
Granted 4 threads to pid 177950
Request from pid 177950: max_threads=65535, hint_threads=4
Granted 4 threads to pid 177950
Request from pid 177950: max_threads=65535, hint_threads=4
Granted 4 threads to pid 177950
Request from pid 177950: max_threads=65535, hint_threads=4
Granted 4 threads to pid 177950
Request from pid 177950: max_threads=65535, hint_threads=4
Granted 4 threads to pid 177950
Request from pid 177950: max_threads=65535, hint_threads=4
Granted 4 threads to pid 177950
Request from pid 177950: max_threads=65535, hint_threads=4
Granted 4 threads to pid 177950
Request from pid 177950: max_threads=65535, hint_threads=4
Granted 4 threads to pid 177950
Request from pid 177950: max_threads=65535, hint_threads=4
Granted 4 threads to pid 177950
Request from pid 177950: max_threads=65535, hint_threads=4
Granted 4 threads to pid 177950
Request from pid 177950: max_threads=65535, hint_threads=4
Granted 4 threads to pid 177950
Request from pid 177950: max_threads=65535, hint_threads=4
Granted 4 threads to pid 177950
Request from pid 177950: max_threads=65535, hint_threads=4
Granted 4 threads to pid 177950
Request from pid 177950: max_threads=65535, hint_threads=4
Granted 4 threads to pid 177950
Request from pid 177950: max_threads=65535, hint_threads=4
Granted 4 threads to pid 177950
Request from pid 177950: max_threads=65535, hint_threads=4
Granted 4 threads to pid 177950
Request from pid 177950: max_threads=65535, hint_threads=4
Granted 4 threads to pid 177950
Request from pid 177950: max_threads=65535, hint_threads=4
Granted 4 threads to pid 177950
Request from pid 177950: max_threads=65535, hint_threads=4
Granted 4 threads to pid 177950
Request from pid 177950: max_threads=65535, hint_threads=4
Granted 4 threads to pid 177950
Request from pid 177950: max_threads=65535, hint_threads=4
Granted 4 threads to pid 177950
Request from pid 177950: max_threads=65535, hint_threads=4
Granted 4 threads to pid 177950
Request from pid 177950: max_threads=65535, hint_threads=4
Granted 4 threads to pid 177950
Request from pid 177950: max_threads=65535, hint_threads=4
Granted 4 threads to pid 177950
Request from pid 177950: max_threads=65535, hint_threads=4
Granted 4 threads to pid 177950
Request from pid 177950: max_threads=65535, hint_threads=4
Granted 4 threads to pid 177950
Request from pid 177950: max_threads=65535, hint_threads=4
Granted 4 threads to pid 177950
Request from pid 177950: max_threads=65535, hint_threads=4
Granted 4 threads to pid 177950
Request from pid 177950: max_threads=65535, hint_threads=4
Granted 4 threads to pid 177950
Request from pid 177950: max_threads=65535, hint_threads=4
Granted 4 threads to pid 177950
Request from pid 177950: max_threads=65535, hint_threads=4
Granted 4 threads to pid 177950
Request from pid 177950: max_threads=65535, hint_threads=4
Granted 4 threads to pid 177950
Request from pid 177950: max_threads=65535, hint_threads=4
Granted 4 threads to pid 177950
Request from pid 177950: max_threads=65535, hint_threads=4
Granted 4 threads to pid 177950
Request from pid 177950: max_threads=65535, hint_threads=4
Granted 4 threads to pid 177950
Request from pid 177950: max_threads=65535, hint_threads=4
Granted 4 threads to pid 177950
Request from pid 177950: max_threads=65535, hint_threads=4
Granted 4 threads to pid 177950
Request from pid 177950: max_threads=65535, hint_threads=4
Granted 4 threads to pid 177950
Request from pid 177950: max_threads=65535, hint_threads=4
Granted 4 threads to pid 177950
Request from pid 177950: max_threads=65535, hint_threads=4
Granted 4 threads to pid 177950
Read error: Connection reset by peer (os error 104)
Accepted connection
Handling client
Request from pid 177997: max_threads=65535, hint_threads=4
Granted 4 threads to pid 177997
Request from pid 177997: max_threads=65535, hint_threads=4
Granted 4 threads to pid 177997
Request from pid 177997: max_threads=65535, hint_threads=4
Granted 4 threads to pid 177997
Request from pid 177997: max_threads=65535, hint_threads=4
Granted 4 threads to pid 177997
Request from pid 177997: max_threads=65535, hint_threads=4
Granted 4 threads to pid 177997
Request from pid 177997: max_threads=65535, hint_threads=4
Granted 4 threads to pid 177997
Request from pid 177997: max_threads=65535, hint_threads=4
Granted 4 threads to pid 177997
Request from pid 177997: max_threads=65535, hint_threads=4
Granted 4 threads to pid 177997
Request from pid 177997: max_threads=65535, hint_threads=4
Granted 4 threads to pid 177997
Request from pid 177997: max_threads=65535, hint_threads=4
Granted 4 threads to pid 177997
Request from pid 177997: max_threads=65535, hint_threads=4
Granted 4 threads to pid 177997
Request from pid 177997: max_threads=65535, hint_threads=4
Granted 4 threads to pid 177997
Request from pid 177997: max_threads=65535, hint_threads=4
Granted 4 threads to pid 177997
Request from pid 177997: max_threads=65535, hint_threads=4
Granted 4 threads to pid 177997
Request from pid 177997: max_threads=65535, hint_threads=4
Granted 4 threads to pid 177997
Request from pid 177997: max_threads=65535, hint_threads=4
Granted 4 threads to pid 177997
Request from pid 177997: max_threads=65535, hint_threads=4
Granted 4 threads to pid 177997
Request from pid 177997: max_threads=65535, hint_threads=4
Granted 4 threads to pid 177997
Request from pid 177997: max_threads=65535, hint_threads=4
Granted 4 threads to pid 177997
Request from pid 177997: max_threads=65535, hint_threads=4
Granted 4 threads to pid 177997
Request from pid 177997: max_threads=65535, hint_threads=4
Granted 4 threads to pid 177997
Request from pid 177997: max_threads=65535, hint_threads=4
Granted 4 threads to pid 177997
Request from pid 177997: max_threads=65535, hint_threads=4
Granted 4 threads to pid 177997
Request from pid 177997: max_threads=65535, hint_threads=4
Granted 4 threads to pid 177997
Request from pid 177997: max_threads=65535, hint_threads=4
Granted 4 threads to pid 177997
Request from pid 177997: max_threads=65535, hint_threads=4
Granted 4 threads to pid 177997
Request from pid 177997: max_threads=65535, hint_threads=4
Granted 4 threads to pid 177997
Request from pid 177997: max_threads=65535, hint_threads=4
Granted 4 threads to pid 177997
Request from pid 177997: max_threads=65535, hint_threads=4
Granted 4 threads to pid 177997
Request from pid 177997: max_threads=65535, hint_threads=4
Granted 4 threads to pid 177997
Request from pid 177997: max_threads=65535, hint_threads=4
Granted 4 threads to pid 177997
Request from pid 177997: max_threads=65535, hint_threads=4
Granted 4 threads to pid 177997
Request from pid 177997: max_threads=65535, hint_threads=4
Granted 4 threads to pid 177997
Request from pid 177997: max_threads=65535, hint_threads=4
Granted 4 threads to pid 177997
Request from pid 177997: max_threads=65535, hint_threads=4
Granted 4 threads to pid 177997
Request from pid 177997: max_threads=65535, hint_threads=4
Granted 4 threads to pid 177997
Request from pid 177997: max_threads=65535, hint_threads=4
Granted 4 threads to pid 177997
Request from pid 177997: max_threads=65535, hint_threads=4
Granted 4 threads to pid 177997
Request from pid 177997: max_threads=65535, hint_threads=4
Granted 4 threads to pid 177997
Request from pid 177997: max_threads=65535, hint_threads=4
Granted 4 threads to pid 177997
Request from pid 177997: max_threads=65535, hint_threads=4
Granted 4 threads to pid 177997
Request from pid 177997: max_threads=65535, hint_threads=4
Granted 4 threads to pid 177997
Request from pid 177997: max_threads=65535, hint_threads=4
Granted 4 threads to pid 177997
Request from pid 177997: max_threads=65535, hint_threads=4
Granted 4 threads to pid 177997
Request from pid 177997: max_threads=65535, hint_threads=4
Granted 4 threads to pid 177997
Request from pid 177997: max_threads=65535, hint_threads=4
Granted 4 threads to pid 177997
Request from pid 177997: max_threads=65535, hint_threads=4
Granted 4 threads to pid 177997
Request from pid 177997: max_threads=65535, hint_threads=4
Granted 4 threads to pid 177997
Request from pid 177997: max_threads=65535, hint_threads=4
Granted 4 threads to pid 177997
Request from pid 177997: max_threads=65535, hint_threads=4
Granted 4 threads to pid 177997
Request from pid 177997: max_threads=65535, hint_threads=4
Granted 4 threads to pid 177997
Request from pid 177997: max_threads=65535, hint_threads=4
Granted 4 threads to pid 177997
Request from pid 177997: max_threads=65535, hint_threads=4
Granted 4 threads to pid 177997
Request from pid 177997: max_threads=65535, hint_threads=4
Granted 4 threads to pid 177997
Request from pid 177997: max_threads=65535, hint_threads=4
Granted 4 threads to pid 177997
Request from pid 177997: max_threads=65535, hint_threads=4
Granted 4 threads to pid 177997
Request from pid 177997: max_threads=65535, hint_threads=4
Granted 4 threads to pid 177997
Request from pid 177997: max_threads=65535, hint_threads=4
Granted 4 threads to pid 177997
Request from pid 177997: max_threads=65535, hint_threads=4
Granted 4 threads to pid 177997
Request from pid 177997: max_threads=65535, hint_threads=4
Granted 4 threads to pid 177997
Request from pid 177997: max_threads=65535, hint_threads=4
Granted 4 threads to pid 177997
Request from pid 177997: max_threads=65535, hint_threads=4
Granted 4 threads to pid 177997
Request from pid 177997: max_threads=65535, hint_threads=4
Granted 4 threads to pid 177997
Request from pid 177997: max_threads=65535, hint_threads=4
Granted 4 threads to pid 177997
Request from pid 177997: max_threads=65535, hint_threads=4
Granted 4 threads to pid 177997
Request from pid 177997: max_threads=65535, hint_threads=4
Granted 4 threads to pid 177997
Request from pid 177997: max_threads=65535, hint_threads=4
Granted 4 threads to pid 177997
Request from pid 177997: max_threads=65535, hint_threads=4
Granted 4 threads to pid 177997
Request from pid 177997: max_threads=65535, hint_threads=4
Granted 4 threads to pid 177997
Request from pid 177997: max_threads=65535, hint_threads=4
Granted 4 threads to pid 177997
Client closed connection
Accepted connection
Handling client
Request from pid 178056: max_threads=65535, hint_threads=4
Granted 4 threads to pid 178056
Request from pid 178056: max_threads=65535, hint_threads=4
Granted 4 threads to pid 178056
Read error: Connection reset by peer (os error 104)
Accepted connection
Handling client
Request from pid 178103: max_threads=65535, hint_threads=4
Granted 4 threads to pid 178103
Request from pid 178103: max_threads=65535, hint_threads=4
Granted 4 threads to pid 178103
Request from pid 178103: max_threads=65535, hint_threads=4
Granted 4 threads to pid 178103
Request from pid 178103: max_threads=65535, hint_threads=4
Granted 4 threads to pid 178103
Request from pid 178103: max_threads=65535, hint_threads=4
Granted 4 threads to pid 178103
Request from pid 178103: max_threads=65535, hint_threads=4
Granted 4 threads to pid 178103
Request from pid 178103: max_threads=65535, hint_threads=4
Granted 4 threads to pid 178103
Request from pid 178103: max_threads=65535, hint_threads=4
Granted 4 threads to pid 178103
Request from pid 178103: max_threads=65535, hint_threads=4
Granted 4 threads to pid 178103
Request from pid 178103: max_threads=65535, hint_threads=4
Granted 4 threads to pid 178103
Request from pid 178103: max_threads=65535, hint_threads=4
Granted 4 threads to pid 178103
Request from pid 178103: max_threads=65535, hint_threads=4
Granted 4 threads to pid 178103
Request from pid 178103: max_threads=65535, hint_threads=4
Granted 4 threads to pid 178103
Request from pid 178103: max_threads=65535, hint_threads=4
Granted 4 threads to pid 178103
Request from pid 178103: max_threads=65535, hint_threads=4
Granted 4 threads to pid 178103
Request from pid 178103: max_threads=65535, hint_threads=4
Granted 4 threads to pid 178103
Request from pid 178103: max_threads=65535, hint_threads=4
Granted 4 threads to pid 178103
Request from pid 178103: max_threads=65535, hint_threads=4
Granted 4 threads to pid 178103
Request from pid 178103: max_threads=65535, hint_threads=4
Granted 4 threads to pid 178103
Request from pid 178103: max_threads=65535, hint_threads=4
Granted 4 threads to pid 178103
Request from pid 178103: max_threads=65535, hint_threads=4
Granted 4 threads to pid 178103
Request from pid 178103: max_threads=65535, hint_threads=4
Granted 4 threads to pid 178103
Request from pid 178103: max_threads=65535, hint_threads=4
Granted 4 threads to pid 178103
Request from pid 178103: max_threads=65535, hint_threads=4
Granted 4 threads to pid 178103
Request from pid 178103: max_threads=65535, hint_threads=4
Granted 4 threads to pid 178103
Request from pid 178103: max_threads=65535, hint_threads=4
Granted 4 threads to pid 178103
Request from pid 178103: max_threads=65535, hint_threads=4
Granted 4 threads to pid 178103
Request from pid 178103: max_threads=65535, hint_threads=4
Granted 4 threads to pid 178103
Request from pid 178103: max_threads=65535, hint_threads=4
Granted 4 threads to pid 178103
Request from pid 178103: max_threads=65535, hint_threads=4
Granted 4 threads to pid 178103
Request from pid 178103: max_threads=65535, hint_threads=4
Granted 4 threads to pid 178103
Request from pid 178103: max_threads=65535, hint_threads=4
Granted 4 threads to pid 178103
Request from pid 178103: max_threads=65535, hint_threads=4
Granted 4 threads to pid 178103
Request from pid 178103: max_threads=65535, hint_threads=4
Granted 4 threads to pid 178103
Request from pid 178103: max_threads=65535, hint_threads=4
Granted 4 threads to pid 178103
Request from pid 178103: max_threads=65535, hint_threads=4
Granted 4 threads to pid 178103
Request from pid 178103: max_threads=65535, hint_threads=4
Granted 4 threads to pid 178103
Request from pid 178103: max_threads=65535, hint_threads=4
Granted 4 threads to pid 178103
Request from pid 178103: max_threads=65535, hint_threads=4
Granted 4 threads to pid 178103
Request from pid 178103: max_threads=65535, hint_threads=4
Granted 4 threads to pid 178103
Request from pid 178103: max_threads=65535, hint_threads=4
Granted 4 threads to pid 178103
Request from pid 178103: max_threads=65535, hint_threads=4
Granted 4 threads to pid 178103
Request from pid 178103: max_threads=65535, hint_threads=4
Granted 4 threads to pid 178103
Request from pid 178103: max_threads=65535, hint_threads=4
Granted 4 threads to pid 178103
Request from pid 178103: max_threads=65535, hint_threads=4
Granted 4 threads to pid 178103
Request from pid 178103: max_threads=65535, hint_threads=4
Granted 4 threads to pid 178103
Request from pid 178103: max_threads=65535, hint_threads=4
Granted 4 threads to pid 178103
Read error: Connection reset by peer (os error 104)
Accepted connection
Handling client
Request from pid 178393: max_threads=65535, hint_threads=4
Granted 4 threads to pid 178393
Request from pid 178393: max_threads=65535, hint_threads=4
Granted 4 threads to pid 178393
Request from pid 178393: max_threads=65535, hint_threads=4
Granted 4 threads to pid 178393
Request from pid 178393: max_threads=65535, hint_threads=4
Granted 4 threads to pid 178393
Request from pid 178393: max_threads=65535, hint_threads=4
Granted 4 threads to pid 178393
Request from pid 178393: max_threads=65535, hint_threads=4
Granted 4 threads to pid 178393
Request from pid 178393: max_threads=65535, hint_threads=4
Granted 4 threads to pid 178393
Request from pid 178393: max_threads=65535, hint_threads=4
Granted 4 threads to pid 178393
Request from pid 178393: max_threads=65535, hint_threads=4
Granted 4 threads to pid 178393
Request from pid 178393: max_threads=65535, hint_threads=4
Granted 4 threads to pid 178393
Request from pid 178393: max_threads=65535, hint_threads=4
Granted 4 threads to pid 178393
Request from pid 178393: max_threads=65535, hint_threads=4
Granted 4 threads to pid 178393
Request from pid 178393: max_threads=65535, hint_threads=4
Granted 4 threads to pid 178393
Request from pid 178393: max_threads=65535, hint_threads=4
Granted 4 threads to pid 178393
Request from pid 178393: max_threads=65535, hint_threads=4
Granted 4 threads to pid 178393
Request from pid 178393: max_threads=65535, hint_threads=4
Granted 4 threads to pid 178393
Request from pid 178393: max_threads=65535, hint_threads=4
Granted 4 threads to pid 178393
Request from pid 178393: max_threads=65535, hint_threads=4
Granted 4 threads to pid 178393
Request from pid 178393: max_threads=65535, hint_threads=4
Granted 4 threads to pid 178393
Request from pid 178393: max_threads=65535, hint_threads=4
Granted 4 threads to pid 178393
Request from pid 178393: max_threads=65535, hint_threads=4
Granted 4 threads to pid 178393
Request from pid 178393: max_threads=65535, hint_threads=4
Granted 4 threads to pid 178393
Request from pid 178393: max_threads=65535, hint_threads=4
Granted 4 threads to pid 178393
Request from pid 178393: max_threads=65535, hint_threads=4
Granted 4 threads to pid 178393
Request from pid 178393: max_threads=65535, hint_threads=4
Granted 4 threads to pid 178393
Request from pid 178393: max_threads=65535, hint_threads=4
Granted 4 threads to pid 178393
Request from pid 178393: max_threads=65535, hint_threads=4
Granted 4 threads to pid 178393
Request from pid 178393: max_threads=65535, hint_threads=4
Granted 4 threads to pid 178393
Request from pid 178393: max_threads=65535, hint_threads=4
Granted 4 threads to pid 178393
Request from pid 178393: max_threads=65535, hint_threads=4
Granted 4 threads to pid 178393
Request from pid 178393: max_threads=65535, hint_threads=4
Granted 4 threads to pid 178393
Request from pid 178393: max_threads=65535, hint_threads=4
Granted 4 threads to pid 178393
Request from pid 178393: max_threads=65535, hint_threads=4
Granted 4 threads to pid 178393
Request from pid 178393: max_threads=65535, hint_threads=4
Granted 4 threads to pid 178393
Request from pid 178393: max_threads=65535, hint_threads=4
Granted 4 threads to pid 178393
Request from pid 178393: max_threads=65535, hint_threads=4
Granted 4 threads to pid 178393
Request from pid 178393: max_threads=65535, hint_threads=4
Granted 4 threads to pid 178393
Request from pid 178393: max_threads=65535, hint_threads=4
Granted 4 threads to pid 178393
Request from pid 178393: max_threads=65535, hint_threads=4
Granted 4 threads to pid 178393
Request from pid 178393: max_threads=65535, hint_threads=4
Granted 4 threads to pid 178393
Request from pid 178393: max_threads=65535, hint_threads=4
Granted 4 threads to pid 178393
Request from pid 178393: max_threads=65535, hint_threads=4
Granted 4 threads to pid 178393
Request from pid 178393: max_threads=65535, hint_threads=4
Granted 4 threads to pid 178393
Request from pid 178393: max_threads=65535, hint_threads=4
Granted 4 threads to pid 178393
Request from pid 178393: max_threads=65535, hint_threads=4
Granted 4 threads to pid 178393
Request from pid 178393: max_threads=65535, hint_threads=4
Granted 4 threads to pid 178393
Request from pid 178393: max_threads=65535, hint_threads=4
Granted 4 threads to pid 178393
Request from pid 178393: max_threads=65535, hint_threads=4
Granted 4 threads to pid 178393
Request from pid 178393: max_threads=65535, hint_threads=4
Granted 4 threads to pid 178393
Request from pid 178393: max_threads=65535, hint_threads=4
Granted 4 threads to pid 178393
Request from pid 178393: max_threads=65535, hint_threads=4
Granted 4 threads to pid 178393
Request from pid 178393: max_threads=65535, hint_threads=4
Granted 4 threads to pid 178393
Request from pid 178393: max_threads=65535, hint_threads=4
Granted 4 threads to pid 178393
Request from pid 178393: max_threads=65535, hint_threads=4
Granted 4 threads to pid 178393
Request from pid 178393: max_threads=65535, hint_threads=4
Granted 4 threads to pid 178393
Request from pid 178393: max_threads=65535, hint_threads=4
Granted 4 threads to pid 178393
Request from pid 178393: max_threads=65535, hint_threads=4
Granted 4 threads to pid 178393
Request from pid 178393: max_threads=65535, hint_threads=4
Granted 4 threads to pid 178393
Request from pid 178393: max_threads=65535, hint_threads=4
Granted 4 threads to pid 178393
Request from pid 178393: max_threads=65535, hint_threads=4
Granted 4 threads to pid 178393
Request from pid 178393: max_threads=65535, hint_threads=4
Granted 4 threads to pid 178393
Request from pid 178393: max_threads=65535, hint_threads=4
Granted 4 threads to pid 178393
Request from pid 178393: max_threads=65535, hint_threads=4
Granted 4 threads to pid 178393
Request from pid 178393: max_threads=65535, hint_threads=4
Granted 4 threads to pid 178393
Request from pid 178393: max_threads=65535, hint_threads=4
Granted 4 threads to pid 178393
Request from pid 178393: max_threads=65535, hint_threads=4
Granted 4 threads to pid 178393
Request from pid 178393: max_threads=65535, hint_threads=4
Granted 4 threads to pid 178393
Client closed connection
Accepted connection
Handling client
Request from pid 178446: max_threads=65535, hint_threads=4
Granted 4 threads to pid 178446
Request from pid 178446: max_threads=65535, hint_threads=4
Granted 4 threads to pid 178446
Read error: Connection reset by peer (os error 104)
Accepted connection
Handling client
Request from pid 178500: max_threads=65535, hint_threads=4
Granted 4 threads to pid 178500
Request from pid 178500: max_threads=65535, hint_threads=4
Granted 4 threads to pid 178500
Request from pid 178500: max_threads=65535, hint_threads=4
Granted 4 threads to pid 178500
Request from pid 178500: max_threads=65535, hint_threads=4
Granted 4 threads to pid 178500
Request from pid 178500: max_threads=65535, hint_threads=4
Granted 4 threads to pid 178500
Request from pid 178500: max_threads=65535, hint_threads=4
Granted 4 threads to pid 178500
Request from pid 178500: max_threads=65535, hint_threads=4
Granted 4 threads to pid 178500
Request from pid 178500: max_threads=65535, hint_threads=4
Granted 4 threads to pid 178500
Request from pid 178500: max_threads=65535, hint_threads=4
Granted 4 threads to pid 178500
Request from pid 178500: max_threads=65535, hint_threads=4
Granted 4 threads to pid 178500
Request from pid 178500: max_threads=65535, hint_threads=4
Granted 4 threads to pid 178500
Request from pid 178500: max_threads=65535, hint_threads=4
Granted 4 threads to pid 178500
Request from pid 178500: max_threads=65535, hint_threads=4
Granted 4 threads to pid 178500
Request from pid 178500: max_threads=65535, hint_threads=4
Granted 4 threads to pid 178500
Request from pid 178500: max_threads=65535, hint_threads=4
Granted 4 threads to pid 178500
Request from pid 178500: max_threads=65535, hint_threads=4
Granted 4 threads to pid 178500
Request from pid 178500: max_threads=65535, hint_threads=4
Granted 4 threads to pid 178500
Request from pid 178500: max_threads=65535, hint_threads=4
Granted 4 threads to pid 178500
Request from pid 178500: max_threads=65535, hint_threads=4
Granted 4 threads to pid 178500
Request from pid 178500: max_threads=65535, hint_threads=4
Granted 4 threads to pid 178500
Request from pid 178500: max_threads=65535, hint_threads=4
Granted 4 threads to pid 178500
Request from pid 178500: max_threads=65535, hint_threads=4
Granted 4 threads to pid 178500
Request from pid 178500: max_threads=65535, hint_threads=4
Granted 4 threads to pid 178500
Request from pid 178500: max_threads=65535, hint_threads=4
Granted 4 threads to pid 178500
Request from pid 178500: max_threads=65535, hint_threads=4
Granted 4 threads to pid 178500
Request from pid 178500: max_threads=65535, hint_threads=4
Granted 4 threads to pid 178500
Request from pid 178500: max_threads=65535, hint_threads=4
Granted 4 threads to pid 178500
Request from pid 178500: max_threads=65535, hint_threads=4
Granted 4 threads to pid 178500
Request from pid 178500: max_threads=65535, hint_threads=4
Granted 4 threads to pid 178500
Request from pid 178500: max_threads=65535, hint_threads=4
Granted 4 threads to pid 178500
Request from pid 178500: max_threads=65535, hint_threads=4
Granted 4 threads to pid 178500
Request from pid 178500: max_threads=65535, hint_threads=4
Granted 4 threads to pid 178500
Request from pid 178500: max_threads=65535, hint_threads=4
Granted 4 threads to pid 178500
Request from pid 178500: max_threads=65535, hint_threads=4
Granted 4 threads to pid 178500
Request from pid 178500: max_threads=65535, hint_threads=4
Granted 4 threads to pid 178500
Request from pid 178500: max_threads=65535, hint_threads=4
Granted 4 threads to pid 178500
Request from pid 178500: max_threads=65535, hint_threads=4
Granted 4 threads to pid 178500
Request from pid 178500: max_threads=65535, hint_threads=4
Granted 4 threads to pid 178500
Request from pid 178500: max_threads=65535, hint_threads=4
Granted 4 threads to pid 178500
Request from pid 178500: max_threads=65535, hint_threads=4
Granted 4 threads to pid 178500
Request from pid 178500: max_threads=65535, hint_threads=4
Granted 4 threads to pid 178500
Request from pid 178500: max_threads=65535, hint_threads=4
Granted 4 threads to pid 178500
Request from pid 178500: max_threads=65535, hint_threads=4
Granted 4 threads to pid 178500
Request from pid 178500: max_threads=65535, hint_threads=4
Granted 4 threads to pid 178500
Request from pid 178500: max_threads=65535, hint_threads=4
Granted 4 threads to pid 178500
Request from pid 178500: max_threads=65535, hint_threads=4
Granted 4 threads to pid 178500
Request from pid 178500: max_threads=65535, hint_threads=4
Granted 4 threads to pid 178500
Read error: Connection reset by peer (os error 104)
Accepted connection
Handling client
Request from pid 178548: max_threads=65535, hint_threads=4
Granted 4 threads to pid 178548
Request from pid 178548: max_threads=65535, hint_threads=4
Granted 4 threads to pid 178548
Request from pid 178548: max_threads=65535, hint_threads=4
Granted 4 threads to pid 178548
Request from pid 178548: max_threads=65535, hint_threads=4
Granted 4 threads to pid 178548
Request from pid 178548: max_threads=65535, hint_threads=4
Granted 4 threads to pid 178548
Request from pid 178548: max_threads=65535, hint_threads=4
Granted 4 threads to pid 178548
Request from pid 178548: max_threads=65535, hint_threads=4
Granted 4 threads to pid 178548
Request from pid 178548: max_threads=65535, hint_threads=4
Granted 4 threads to pid 178548
Request from pid 178548: max_threads=65535, hint_threads=4
Granted 4 threads to pid 178548
Request from pid 178548: max_threads=65535, hint_threads=4
Granted 4 threads to pid 178548
Request from pid 178548: max_threads=65535, hint_threads=4
Granted 4 threads to pid 178548
Request from pid 178548: max_threads=65535, hint_threads=4
Granted 4 threads to pid 178548
Request from pid 178548: max_threads=65535, hint_threads=4
Granted 4 threads to pid 178548
Request from pid 178548: max_threads=65535, hint_threads=4
Granted 4 threads to pid 178548
Request from pid 178548: max_threads=65535, hint_threads=4
Granted 4 threads to pid 178548
Request from pid 178548: max_threads=65535, hint_threads=4
Granted 4 threads to pid 178548
Request from pid 178548: max_threads=65535, hint_threads=4
Granted 4 threads to pid 178548
Request from pid 178548: max_threads=65535, hint_threads=4
Granted 4 threads to pid 178548
Request from pid 178548: max_threads=65535, hint_threads=4
Granted 4 threads to pid 178548
Request from pid 178548: max_threads=65535, hint_threads=4
Granted 4 threads to pid 178548
Request from pid 178548: max_threads=65535, hint_threads=4
Granted 4 threads to pid 178548
Request from pid 178548: max_threads=65535, hint_threads=4
Granted 4 threads to pid 178548
Request from pid 178548: max_threads=65535, hint_threads=4
Granted 4 threads to pid 178548
Request from pid 178548: max_threads=65535, hint_threads=4
Granted 4 threads to pid 178548
Request from pid 178548: max_threads=65535, hint_threads=4
Granted 4 threads to pid 178548
Request from pid 178548: max_threads=65535, hint_threads=4
Granted 4 threads to pid 178548
Request from pid 178548: max_threads=65535, hint_threads=4
Granted 4 threads to pid 178548
Request from pid 178548: max_threads=65535, hint_threads=4
Granted 4 threads to pid 178548
Request from pid 178548: max_threads=65535, hint_threads=4
Granted 4 threads to pid 178548
Request from pid 178548: max_threads=65535, hint_threads=4
Granted 4 threads to pid 178548
Request from pid 178548: max_threads=65535, hint_threads=4
Granted 4 threads to pid 178548
Request from pid 178548: max_threads=65535, hint_threads=4
Granted 4 threads to pid 178548
Request from pid 178548: max_threads=65535, hint_threads=4
Granted 4 threads to pid 178548
Request from pid 178548: max_threads=65535, hint_threads=4
Granted 4 threads to pid 178548
Request from pid 178548: max_threads=65535, hint_threads=4
Granted 4 threads to pid 178548
Request from pid 178548: max_threads=65535, hint_threads=4
Granted 4 threads to pid 178548
Request from pid 178548: max_threads=65535, hint_threads=4
Granted 4 threads to pid 178548
Request from pid 178548: max_threads=65535, hint_threads=4
Granted 4 threads to pid 178548
Request from pid 178548: max_threads=65535, hint_threads=4
Granted 4 threads to pid 178548
Request from pid 178548: max_threads=65535, hint_threads=4
Granted 4 threads to pid 178548
Request from pid 178548: max_threads=65535, hint_threads=4
Granted 4 threads to pid 178548
Request from pid 178548: max_threads=65535, hint_threads=4
Granted 4 threads to pid 178548
Request from pid 178548: max_threads=65535, hint_threads=4
Granted 4 threads to pid 178548
Request from pid 178548: max_threads=65535, hint_threads=4
Granted 4 threads to pid 178548
Request from pid 178548: max_threads=65535, hint_threads=4
Granted 4 threads to pid 178548
Request from pid 178548: max_threads=65535, hint_threads=4
Granted 4 threads to pid 178548
Request from pid 178548: max_threads=65535, hint_threads=4
Granted 4 threads to pid 178548
Request from pid 178548: max_threads=65535, hint_threads=4
Granted 4 threads to pid 178548
Request from pid 178548: max_threads=65535, hint_threads=4
Granted 4 threads to pid 178548
Request from pid 178548: max_threads=65535, hint_threads=4
Granted 4 threads to pid 178548
Request from pid 178548: max_threads=65535, hint_threads=4
Granted 4 threads to pid 178548
Request from pid 178548: max_threads=65535, hint_threads=4
Granted 4 threads to pid 178548
Request from pid 178548: max_threads=65535, hint_threads=4
Granted 4 threads to pid 178548
Request from pid 178548: max_threads=65535, hint_threads=4
Granted 4 threads to pid 178548
Request from pid 178548: max_threads=65535, hint_threads=4
Granted 4 threads to pid 178548
Request from pid 178548: max_threads=65535, hint_threads=4
Granted 4 threads to pid 178548
Request from pid 178548: max_threads=65535, hint_threads=4
Granted 4 threads to pid 178548
Request from pid 178548: max_threads=65535, hint_threads=4
Granted 4 threads to pid 178548
Request from pid 178548: max_threads=65535, hint_threads=4
Granted 4 threads to pid 178548
Request from pid 178548: max_threads=65535, hint_threads=4
Granted 4 threads to pid 178548
Request from pid 178548: max_threads=65535, hint_threads=4
Granted 4 threads to pid 178548
Request from pid 178548: max_threads=65535, hint_threads=4
Granted 4 threads to pid 178548
Request from pid 178548: max_threads=65535, hint_threads=4
Granted 4 threads to pid 178548
Request from pid 178548: max_threads=65535, hint_threads=4
Granted 4 threads to pid 178548
Request from pid 178548: max_threads=65535, hint_threads=4
Granted 4 threads to pid 178548
Request from pid 178548: max_threads=65535, hint_threads=4
Granted 4 threads to pid 178548
Request from pid 178548: max_threads=65535, hint_threads=4
Granted 4 threads to pid 178548
Request from pid 178548: max_threads=65535, hint_threads=4
Granted 4 threads to pid 178548
Request from pid 178548: max_threads=65535, hint_threads=4
Granted 4 threads to pid 178548
Request from pid 178548: max_threads=65535, hint_threads=4
Granted 4 threads to pid 178548
Request from pid 178548: max_threads=65535, hint_threads=4
Granted 4 threads to pid 178548
Request from pid 178548: max_threads=65535, hint_threads=4
Granted 4 threads to pid 178548
Client closed connection
Accepted connection
Handling client
Request from pid 178601: max_threads=65535, hint_threads=4
Granted 4 threads to pid 178601
Request from pid 178601: max_threads=65535, hint_threads=4
Granted 4 threads to pid 178601
Read error: Connection reset by peer (os error 104)
Accepted connection
Handling client
Request from pid 178770: max_threads=65535, hint_threads=4
Granted 4 threads to pid 178770
Request from pid 178770: max_threads=65535, hint_threads=4
Granted 4 threads to pid 178770
Request from pid 178770: max_threads=65535, hint_threads=4
Granted 4 threads to pid 178770
Request from pid 178770: max_threads=65535, hint_threads=4
Granted 4 threads to pid 178770
Request from pid 178770: max_threads=65535, hint_threads=4
Granted 4 threads to pid 178770
Request from pid 178770: max_threads=65535, hint_threads=4
Granted 4 threads to pid 178770
Request from pid 178770: max_threads=65535, hint_threads=4
Granted 4 threads to pid 178770
Request from pid 178770: max_threads=65535, hint_threads=4
Granted 4 threads to pid 178770
Request from pid 178770: max_threads=65535, hint_threads=4
Granted 4 threads to pid 178770
Request from pid 178770: max_threads=65535, hint_threads=4
Granted 4 threads to pid 178770
Request from pid 178770: max_threads=65535, hint_threads=4
Granted 4 threads to pid 178770
Request from pid 178770: max_threads=65535, hint_threads=4
Granted 4 threads to pid 178770
Request from pid 178770: max_threads=65535, hint_threads=4
Granted 4 threads to pid 178770
Request from pid 178770: max_threads=65535, hint_threads=4
Granted 4 threads to pid 178770
Request from pid 178770: max_threads=65535, hint_threads=4
Granted 4 threads to pid 178770
Request from pid 178770: max_threads=65535, hint_threads=4
Granted 4 threads to pid 178770
Request from pid 178770: max_threads=65535, hint_threads=4
Granted 4 threads to pid 178770
Request from pid 178770: max_threads=65535, hint_threads=4
Granted 4 threads to pid 178770
Request from pid 178770: max_threads=65535, hint_threads=4
Granted 4 threads to pid 178770
Request from pid 178770: max_threads=65535, hint_threads=4
Granted 4 threads to pid 178770
Request from pid 178770: max_threads=65535, hint_threads=4
Granted 4 threads to pid 178770
Request from pid 178770: max_threads=65535, hint_threads=4
Granted 4 threads to pid 178770
Request from pid 178770: max_threads=65535, hint_threads=4
Granted 4 threads to pid 178770
Request from pid 178770: max_threads=65535, hint_threads=4
Granted 4 threads to pid 178770
Request from pid 178770: max_threads=65535, hint_threads=4
Granted 4 threads to pid 178770
Request from pid 178770: max_threads=65535, hint_threads=4
Granted 4 threads to pid 178770
Request from pid 178770: max_threads=65535, hint_threads=4
Granted 4 threads to pid 178770
Request from pid 178770: max_threads=65535, hint_threads=4
Granted 4 threads to pid 178770
Request from pid 178770: max_threads=65535, hint_threads=4
Granted 4 threads to pid 178770
Request from pid 178770: max_threads=65535, hint_threads=4
Granted 4 threads to pid 178770
Request from pid 178770: max_threads=65535, hint_threads=4
Granted 4 threads to pid 178770
Request from pid 178770: max_threads=65535, hint_threads=4
Granted 4 threads to pid 178770
Request from pid 178770: max_threads=65535, hint_threads=4
Granted 4 threads to pid 178770
Request from pid 178770: max_threads=65535, hint_threads=4
Granted 4 threads to pid 178770
Request from pid 178770: max_threads=65535, hint_threads=4
Granted 4 threads to pid 178770
Request from pid 178770: max_threads=65535, hint_threads=4
Granted 4 threads to pid 178770
Request from pid 178770: max_threads=65535, hint_threads=4
Granted 4 threads to pid 178770
Request from pid 178770: max_threads=65535, hint_threads=4
Granted 4 threads to pid 178770
Request from pid 178770: max_threads=65535, hint_threads=4
Granted 4 threads to pid 178770
Request from pid 178770: max_threads=65535, hint_threads=4
Granted 4 threads to pid 178770
Request from pid 178770: max_threads=65535, hint_threads=4
Granted 4 threads to pid 178770
Request from pid 178770: max_threads=65535, hint_threads=4
Granted 4 threads to pid 178770
Request from pid 178770: max_threads=65535, hint_threads=4
Granted 4 threads to pid 178770
Request from pid 178770: max_threads=65535, hint_threads=4
Granted 4 threads to pid 178770
Request from pid 178770: max_threads=65535, hint_threads=4
Granted 4 threads to pid 178770
Request from pid 178770: max_threads=65535, hint_threads=4
Granted 4 threads to pid 178770
Request from pid 178770: max_threads=65535, hint_threads=4
Granted 4 threads to pid 178770
Read error: Connection reset by peer (os error 104)
Accepted connection
Handling client
Request from pid 178833: max_threads=65535, hint_threads=4
Granted 4 threads to pid 178833
Request from pid 178833: max_threads=65535, hint_threads=4
Granted 4 threads to pid 178833
Request from pid 178833: max_threads=65535, hint_threads=4
Granted 4 threads to pid 178833
Request from pid 178833: max_threads=65535, hint_threads=4
Granted 4 threads to pid 178833
Request from pid 178833: max_threads=65535, hint_threads=4
Granted 4 threads to pid 178833
Request from pid 178833: max_threads=65535, hint_threads=4
Granted 4 threads to pid 178833
Request from pid 178833: max_threads=65535, hint_threads=4
Granted 4 threads to pid 178833
Request from pid 178833: max_threads=65535, hint_threads=4
Granted 4 threads to pid 178833
Request from pid 178833: max_threads=65535, hint_threads=4
Granted 4 threads to pid 178833
Request from pid 178833: max_threads=65535, hint_threads=4
Granted 4 threads to pid 178833
Request from pid 178833: max_threads=65535, hint_threads=4
Granted 4 threads to pid 178833
Request from pid 178833: max_threads=65535, hint_threads=4
Granted 4 threads to pid 178833
Request from pid 178833: max_threads=65535, hint_threads=4
Granted 4 threads to pid 178833
Request from pid 178833: max_threads=65535, hint_threads=4
Granted 4 threads to pid 178833
Request from pid 178833: max_threads=65535, hint_threads=4
Granted 4 threads to pid 178833
Request from pid 178833: max_threads=65535, hint_threads=4
Granted 4 threads to pid 178833
Request from pid 178833: max_threads=65535, hint_threads=4
Granted 4 threads to pid 178833
Request from pid 178833: max_threads=65535, hint_threads=4
Granted 4 threads to pid 178833
Request from pid 178833: max_threads=65535, hint_threads=4
Granted 4 threads to pid 178833
Request from pid 178833: max_threads=65535, hint_threads=4
Granted 4 threads to pid 178833
Request from pid 178833: max_threads=65535, hint_threads=4
Granted 4 threads to pid 178833
Request from pid 178833: max_threads=65535, hint_threads=4
Granted 4 threads to pid 178833
Request from pid 178833: max_threads=65535, hint_threads=4
Granted 4 threads to pid 178833
Request from pid 178833: max_threads=65535, hint_threads=4
Granted 4 threads to pid 178833
Request from pid 178833: max_threads=65535, hint_threads=4
Granted 4 threads to pid 178833
Request from pid 178833: max_threads=65535, hint_threads=4
Granted 4 threads to pid 178833
Request from pid 178833: max_threads=65535, hint_threads=4
Granted 4 threads to pid 178833
Request from pid 178833: max_threads=65535, hint_threads=4
Granted 4 threads to pid 178833
Request from pid 178833: max_threads=65535, hint_threads=4
Granted 4 threads to pid 178833
Request from pid 178833: max_threads=65535, hint_threads=4
Granted 4 threads to pid 178833
Request from pid 178833: max_threads=65535, hint_threads=4
Granted 4 threads to pid 178833
Request from pid 178833: max_threads=65535, hint_threads=4
Granted 4 threads to pid 178833
Request from pid 178833: max_threads=65535, hint_threads=4
Granted 4 threads to pid 178833
Request from pid 178833: max_threads=65535, hint_threads=4
Granted 4 threads to pid 178833
Request from pid 178833: max_threads=65535, hint_threads=4
Granted 4 threads to pid 178833
Request from pid 178833: max_threads=65535, hint_threads=4
Granted 4 threads to pid 178833
Request from pid 178833: max_threads=65535, hint_threads=4
Granted 4 threads to pid 178833
Request from pid 178833: max_threads=65535, hint_threads=4
Granted 4 threads to pid 178833
Request from pid 178833: max_threads=65535, hint_threads=4
Granted 4 threads to pid 178833
Request from pid 178833: max_threads=65535, hint_threads=4
Granted 4 threads to pid 178833
Request from pid 178833: max_threads=65535, hint_threads=4
Granted 4 threads to pid 178833
Request from pid 178833: max_threads=65535, hint_threads=4
Granted 4 threads to pid 178833
Request from pid 178833: max_threads=65535, hint_threads=4
Granted 4 threads to pid 178833
Request from pid 178833: max_threads=65535, hint_threads=4
Granted 4 threads to pid 178833
Request from pid 178833: max_threads=65535, hint_threads=4
Granted 4 threads to pid 178833
Request from pid 178833: max_threads=65535, hint_threads=4
Granted 4 threads to pid 178833
Request from pid 178833: max_threads=65535, hint_threads=4
Granted 4 threads to pid 178833
Request from pid 178833: max_threads=65535, hint_threads=4
Granted 4 threads to pid 178833
Request from pid 178833: max_threads=65535, hint_threads=4
Granted 4 threads to pid 178833
Request from pid 178833: max_threads=65535, hint_threads=4
Granted 4 threads to pid 178833
Request from pid 178833: max_threads=65535, hint_threads=4
Granted 4 threads to pid 178833
Request from pid 178833: max_threads=65535, hint_threads=4
Granted 4 threads to pid 178833
Request from pid 178833: max_threads=65535, hint_threads=4
Granted 4 threads to pid 178833
Request from pid 178833: max_threads=65535, hint_threads=4
Granted 4 threads to pid 178833
Request from pid 178833: max_threads=65535, hint_threads=4
Granted 4 threads to pid 178833
Request from pid 178833: max_threads=65535, hint_threads=4
Granted 4 threads to pid 178833
Request from pid 178833: max_threads=65535, hint_threads=4
Granted 4 threads to pid 178833
Request from pid 178833: max_threads=65535, hint_threads=4
Granted 4 threads to pid 178833
Request from pid 178833: max_threads=65535, hint_threads=4
Granted 4 threads to pid 178833
Request from pid 178833: max_threads=65535, hint_threads=4
Granted 4 threads to pid 178833
Request from pid 178833: max_threads=65535, hint_threads=4
Granted 4 threads to pid 178833
Request from pid 178833: max_threads=65535, hint_threads=4
Granted 4 threads to pid 178833
Request from pid 178833: max_threads=65535, hint_threads=4
Granted 4 threads to pid 178833
Request from pid 178833: max_threads=65535, hint_threads=4
Granted 4 threads to pid 178833
Request from pid 178833: max_threads=65535, hint_threads=4
Granted 4 threads to pid 178833
Request from pid 178833: max_threads=65535, hint_threads=4
Granted 4 threads to pid 178833
Request from pid 178833: max_threads=65535, hint_threads=4
Granted 4 threads to pid 178833
Request from pid 178833: max_threads=65535, hint_threads=4
Granted 4 threads to pid 178833
Request from pid 178833: max_threads=65535, hint_threads=4
Granted 4 threads to pid 178833
Request from pid 178833: max_threads=65535, hint_threads=4
Granted 4 threads to pid 178833
Request from pid 178833: max_threads=65535, hint_threads=4
Granted 4 threads to pid 178833
Request from pid 178833: max_threads=65535, hint_threads=4
Granted 4 threads to pid 178833
Request from pid 178833: max_threads=65535, hint_threads=4
Granted 4 threads to pid 178833
Request from pid 178833: max_threads=65535, hint_threads=4
Granted 4 threads to pid 178833
Client closed connection
Accepted connection
Handling client
Request from pid 178882: max_threads=65535, hint_threads=4
Granted 4 threads to pid 178882
Request from pid 178882: max_threads=65535, hint_threads=4
Granted 4 threads to pid 178882
Read error: Connection reset by peer (os error 104)
DRM stopped at Mon Mar  9 22:52:24 CET 2026, was capacity=4
Starting DRM at Mon Mar  9 22:52:25 CET 2026, capacity=8, RM_CPU=0
Listening on /tmp/omp-rm.sock (capacity=8, strategy=fair_share)
   PID CMD
178902 /dss/dsshome1/09/ga27qam2/dynamic-resource-manager/target/release/dynamic-resource-manager
Accepted connection
Handling client
Request from pid 178928: max_threads=65535, hint_threads=8
Granted 8 threads to pid 178928
Request from pid 178928: max_threads=65535, hint_threads=8
Granted 8 threads to pid 178928
Request from pid 178928: max_threads=65535, hint_threads=8
Granted 8 threads to pid 178928
Request from pid 178928: max_threads=65535, hint_threads=8
Granted 8 threads to pid 178928
Request from pid 178928: max_threads=65535, hint_threads=8
Granted 8 threads to pid 178928
Request from pid 178928: max_threads=65535, hint_threads=8
Granted 8 threads to pid 178928
Request from pid 178928: max_threads=65535, hint_threads=8
Granted 8 threads to pid 178928
Request from pid 178928: max_threads=65535, hint_threads=8
Granted 8 threads to pid 178928
Request from pid 178928: max_threads=65535, hint_threads=8
Granted 8 threads to pid 178928
Request from pid 178928: max_threads=65535, hint_threads=8
Granted 8 threads to pid 178928
Request from pid 178928: max_threads=65535, hint_threads=8
Granted 8 threads to pid 178928
Request from pid 178928: max_threads=65535, hint_threads=8
Granted 8 threads to pid 178928
Request from pid 178928: max_threads=65535, hint_threads=8
Granted 8 threads to pid 178928
Request from pid 178928: max_threads=65535, hint_threads=8
Granted 8 threads to pid 178928
Request from pid 178928: max_threads=65535, hint_threads=8
Granted 8 threads to pid 178928
Request from pid 178928: max_threads=65535, hint_threads=8
Granted 8 threads to pid 178928
Request from pid 178928: max_threads=65535, hint_threads=8
Granted 8 threads to pid 178928
Request from pid 178928: max_threads=65535, hint_threads=8
Granted 8 threads to pid 178928
Request from pid 178928: max_threads=65535, hint_threads=8
Granted 8 threads to pid 178928
Request from pid 178928: max_threads=65535, hint_threads=8
Granted 8 threads to pid 178928
Request from pid 178928: max_threads=65535, hint_threads=8
Granted 8 threads to pid 178928
Request from pid 178928: max_threads=65535, hint_threads=8
Granted 8 threads to pid 178928
Request from pid 178928: max_threads=65535, hint_threads=8
Granted 8 threads to pid 178928
Request from pid 178928: max_threads=65535, hint_threads=8
Granted 8 threads to pid 178928
Request from pid 178928: max_threads=65535, hint_threads=8
Granted 8 threads to pid 178928
Request from pid 178928: max_threads=65535, hint_threads=8
Granted 8 threads to pid 178928
Request from pid 178928: max_threads=65535, hint_threads=8
Granted 8 threads to pid 178928
Request from pid 178928: max_threads=65535, hint_threads=8
Granted 8 threads to pid 178928
Request from pid 178928: max_threads=65535, hint_threads=8
Granted 8 threads to pid 178928
Request from pid 178928: max_threads=65535, hint_threads=8
Granted 8 threads to pid 178928
Request from pid 178928: max_threads=65535, hint_threads=8
Granted 8 threads to pid 178928
Request from pid 178928: max_threads=65535, hint_threads=8
Granted 8 threads to pid 178928
Request from pid 178928: max_threads=65535, hint_threads=8
Granted 8 threads to pid 178928
Request from pid 178928: max_threads=65535, hint_threads=8
Granted 8 threads to pid 178928
Request from pid 178928: max_threads=65535, hint_threads=8
Granted 8 threads to pid 178928
Request from pid 178928: max_threads=65535, hint_threads=8
Granted 8 threads to pid 178928
Request from pid 178928: max_threads=65535, hint_threads=8
Granted 8 threads to pid 178928
Request from pid 178928: max_threads=65535, hint_threads=8
Granted 8 threads to pid 178928
Request from pid 178928: max_threads=65535, hint_threads=8
Granted 8 threads to pid 178928
Request from pid 178928: max_threads=65535, hint_threads=8
Granted 8 threads to pid 178928
Request from pid 178928: max_threads=65535, hint_threads=8
Granted 8 threads to pid 178928
Request from pid 178928: max_threads=65535, hint_threads=8
Granted 8 threads to pid 178928
Request from pid 178928: max_threads=65535, hint_threads=8
Granted 8 threads to pid 178928
Request from pid 178928: max_threads=65535, hint_threads=8
Granted 8 threads to pid 178928
Request from pid 178928: max_threads=65535, hint_threads=8
Granted 8 threads to pid 178928
Request from pid 178928: max_threads=65535, hint_threads=8
Granted 8 threads to pid 178928
Request from pid 178928: max_threads=65535, hint_threads=8
Granted 8 threads to pid 178928
Read error: Connection reset by peer (os error 104)
Accepted connection
Handling client
Request from pid 178987: max_threads=65535, hint_threads=8
Granted 8 threads to pid 178987
Request from pid 178987: max_threads=65535, hint_threads=8
Granted 8 threads to pid 178987
Request from pid 178987: max_threads=65535, hint_threads=8
Granted 8 threads to pid 178987
Request from pid 178987: max_threads=65535, hint_threads=8
Granted 8 threads to pid 178987
Request from pid 178987: max_threads=65535, hint_threads=8
Granted 8 threads to pid 178987
Request from pid 178987: max_threads=65535, hint_threads=8
Granted 8 threads to pid 178987
Request from pid 178987: max_threads=65535, hint_threads=8
Granted 8 threads to pid 178987
Request from pid 178987: max_threads=65535, hint_threads=8
Granted 8 threads to pid 178987
Request from pid 178987: max_threads=65535, hint_threads=8
Granted 8 threads to pid 178987
Request from pid 178987: max_threads=65535, hint_threads=8
Granted 8 threads to pid 178987
Request from pid 178987: max_threads=65535, hint_threads=8
Granted 8 threads to pid 178987
Request from pid 178987: max_threads=65535, hint_threads=8
Granted 8 threads to pid 178987
Request from pid 178987: max_threads=65535, hint_threads=8
Granted 8 threads to pid 178987
Request from pid 178987: max_threads=65535, hint_threads=8
Granted 8 threads to pid 178987
Request from pid 178987: max_threads=65535, hint_threads=8
Granted 8 threads to pid 178987
Request from pid 178987: max_threads=65535, hint_threads=8
Granted 8 threads to pid 178987
Request from pid 178987: max_threads=65535, hint_threads=8
Granted 8 threads to pid 178987
Request from pid 178987: max_threads=65535, hint_threads=8
Granted 8 threads to pid 178987
Request from pid 178987: max_threads=65535, hint_threads=8
Granted 8 threads to pid 178987
Request from pid 178987: max_threads=65535, hint_threads=8
Granted 8 threads to pid 178987
Request from pid 178987: max_threads=65535, hint_threads=8
Granted 8 threads to pid 178987
Request from pid 178987: max_threads=65535, hint_threads=8
Granted 8 threads to pid 178987
Request from pid 178987: max_threads=65535, hint_threads=8
Granted 8 threads to pid 178987
Request from pid 178987: max_threads=65535, hint_threads=8
Granted 8 threads to pid 178987
Request from pid 178987: max_threads=65535, hint_threads=8
Granted 8 threads to pid 178987
Request from pid 178987: max_threads=65535, hint_threads=8
Granted 8 threads to pid 178987
Request from pid 178987: max_threads=65535, hint_threads=8
Granted 8 threads to pid 178987
Request from pid 178987: max_threads=65535, hint_threads=8
Granted 8 threads to pid 178987
Request from pid 178987: max_threads=65535, hint_threads=8
Granted 8 threads to pid 178987
Request from pid 178987: max_threads=65535, hint_threads=8
Granted 8 threads to pid 178987
Request from pid 178987: max_threads=65535, hint_threads=8
Granted 8 threads to pid 178987
Request from pid 178987: max_threads=65535, hint_threads=8
Granted 8 threads to pid 178987
Request from pid 178987: max_threads=65535, hint_threads=8
Granted 8 threads to pid 178987
Request from pid 178987: max_threads=65535, hint_threads=8
Granted 8 threads to pid 178987
Request from pid 178987: max_threads=65535, hint_threads=8
Granted 8 threads to pid 178987
Request from pid 178987: max_threads=65535, hint_threads=8
Granted 8 threads to pid 178987
Request from pid 178987: max_threads=65535, hint_threads=8
Granted 8 threads to pid 178987
Request from pid 178987: max_threads=65535, hint_threads=8
Granted 8 threads to pid 178987
Request from pid 178987: max_threads=65535, hint_threads=8
Granted 8 threads to pid 178987
Request from pid 178987: max_threads=65535, hint_threads=8
Granted 8 threads to pid 178987
Request from pid 178987: max_threads=65535, hint_threads=8
Granted 8 threads to pid 178987
Client closed connection
Accepted connection
Handling client
Request from pid 179161: max_threads=65535, hint_threads=8
Granted 8 threads to pid 179161
Request from pid 179161: max_threads=65535, hint_threads=8
Granted 8 threads to pid 179161
Read error: Connection reset by peer (os error 104)
Accepted connection
Handling client
Request from pid 179214: max_threads=65535, hint_threads=8
Granted 8 threads to pid 179214
Request from pid 179214: max_threads=65535, hint_threads=8
Granted 8 threads to pid 179214
Request from pid 179214: max_threads=65535, hint_threads=8
Granted 8 threads to pid 179214
Request from pid 179214: max_threads=65535, hint_threads=8
Granted 8 threads to pid 179214
Request from pid 179214: max_threads=65535, hint_threads=8
Granted 8 threads to pid 179214
Request from pid 179214: max_threads=65535, hint_threads=8
Granted 8 threads to pid 179214
Request from pid 179214: max_threads=65535, hint_threads=8
Granted 8 threads to pid 179214
Request from pid 179214: max_threads=65535, hint_threads=8
Granted 8 threads to pid 179214
Request from pid 179214: max_threads=65535, hint_threads=8
Granted 8 threads to pid 179214
Request from pid 179214: max_threads=65535, hint_threads=8
Granted 8 threads to pid 179214
Request from pid 179214: max_threads=65535, hint_threads=8
Granted 8 threads to pid 179214
Request from pid 179214: max_threads=65535, hint_threads=8
Granted 8 threads to pid 179214
Request from pid 179214: max_threads=65535, hint_threads=8
Granted 8 threads to pid 179214
Request from pid 179214: max_threads=65535, hint_threads=8
Granted 8 threads to pid 179214
Request from pid 179214: max_threads=65535, hint_threads=8
Granted 8 threads to pid 179214
Request from pid 179214: max_threads=65535, hint_threads=8
Granted 8 threads to pid 179214
Request from pid 179214: max_threads=65535, hint_threads=8
Granted 8 threads to pid 179214
Request from pid 179214: max_threads=65535, hint_threads=8
Granted 8 threads to pid 179214
Request from pid 179214: max_threads=65535, hint_threads=8
Granted 8 threads to pid 179214
Request from pid 179214: max_threads=65535, hint_threads=8
Granted 8 threads to pid 179214
Request from pid 179214: max_threads=65535, hint_threads=8
Granted 8 threads to pid 179214
Request from pid 179214: max_threads=65535, hint_threads=8
Granted 8 threads to pid 179214
Request from pid 179214: max_threads=65535, hint_threads=8
Granted 8 threads to pid 179214
Request from pid 179214: max_threads=65535, hint_threads=8
Granted 8 threads to pid 179214
Request from pid 179214: max_threads=65535, hint_threads=8
Granted 8 threads to pid 179214
Request from pid 179214: max_threads=65535, hint_threads=8
Granted 8 threads to pid 179214
Request from pid 179214: max_threads=65535, hint_threads=8
Granted 8 threads to pid 179214
Request from pid 179214: max_threads=65535, hint_threads=8
Granted 8 threads to pid 179214
Request from pid 179214: max_threads=65535, hint_threads=8
Granted 8 threads to pid 179214
Request from pid 179214: max_threads=65535, hint_threads=8
Granted 8 threads to pid 179214
Request from pid 179214: max_threads=65535, hint_threads=8
Granted 8 threads to pid 179214
Request from pid 179214: max_threads=65535, hint_threads=8
Granted 8 threads to pid 179214
Request from pid 179214: max_threads=65535, hint_threads=8
Granted 8 threads to pid 179214
Request from pid 179214: max_threads=65535, hint_threads=8
Granted 8 threads to pid 179214
Request from pid 179214: max_threads=65535, hint_threads=8
Granted 8 threads to pid 179214
Request from pid 179214: max_threads=65535, hint_threads=8
Granted 8 threads to pid 179214
Request from pid 179214: max_threads=65535, hint_threads=8
Granted 8 threads to pid 179214
Request from pid 179214: max_threads=65535, hint_threads=8
Granted 8 threads to pid 179214
Request from pid 179214: max_threads=65535, hint_threads=8
Granted 8 threads to pid 179214
Request from pid 179214: max_threads=65535, hint_threads=8
Granted 8 threads to pid 179214
Request from pid 179214: max_threads=65535, hint_threads=8
Granted 8 threads to pid 179214
Request from pid 179214: max_threads=65535, hint_threads=8
Granted 8 threads to pid 179214
Request from pid 179214: max_threads=65535, hint_threads=8
Granted 8 threads to pid 179214
Request from pid 179214: max_threads=65535, hint_threads=8
Granted 8 threads to pid 179214
Request from pid 179214: max_threads=65535, hint_threads=8
Granted 8 threads to pid 179214
Request from pid 179214: max_threads=65535, hint_threads=8
Granted 8 threads to pid 179214
Request from pid 179214: max_threads=65535, hint_threads=8
Granted 8 threads to pid 179214
Read error: Connection reset by peer (os error 104)
Accepted connection
Handling client
Request from pid 179331: max_threads=65535, hint_threads=8
Granted 8 threads to pid 179331
Request from pid 179331: max_threads=65535, hint_threads=8
Granted 8 threads to pid 179331
Request from pid 179331: max_threads=65535, hint_threads=8
Granted 8 threads to pid 179331
Request from pid 179331: max_threads=65535, hint_threads=8
Granted 8 threads to pid 179331
Request from pid 179331: max_threads=65535, hint_threads=8
Granted 8 threads to pid 179331
Request from pid 179331: max_threads=65535, hint_threads=8
Granted 8 threads to pid 179331
Request from pid 179331: max_threads=65535, hint_threads=8
Granted 8 threads to pid 179331
Request from pid 179331: max_threads=65535, hint_threads=8
Granted 8 threads to pid 179331
Request from pid 179331: max_threads=65535, hint_threads=8
Granted 8 threads to pid 179331
Request from pid 179331: max_threads=65535, hint_threads=8
Granted 8 threads to pid 179331
Request from pid 179331: max_threads=65535, hint_threads=8
Granted 8 threads to pid 179331
Request from pid 179331: max_threads=65535, hint_threads=8
Granted 8 threads to pid 179331
Request from pid 179331: max_threads=65535, hint_threads=8
Granted 8 threads to pid 179331
Request from pid 179331: max_threads=65535, hint_threads=8
Granted 8 threads to pid 179331
Request from pid 179331: max_threads=65535, hint_threads=8
Granted 8 threads to pid 179331
Request from pid 179331: max_threads=65535, hint_threads=8
Granted 8 threads to pid 179331
Request from pid 179331: max_threads=65535, hint_threads=8
Granted 8 threads to pid 179331
Request from pid 179331: max_threads=65535, hint_threads=8
Granted 8 threads to pid 179331
Request from pid 179331: max_threads=65535, hint_threads=8
Granted 8 threads to pid 179331
Request from pid 179331: max_threads=65535, hint_threads=8
Granted 8 threads to pid 179331
Request from pid 179331: max_threads=65535, hint_threads=8
Granted 8 threads to pid 179331
Request from pid 179331: max_threads=65535, hint_threads=8
Granted 8 threads to pid 179331
Request from pid 179331: max_threads=65535, hint_threads=8
Granted 8 threads to pid 179331
Request from pid 179331: max_threads=65535, hint_threads=8
Granted 8 threads to pid 179331
Request from pid 179331: max_threads=65535, hint_threads=8
Granted 8 threads to pid 179331
Request from pid 179331: max_threads=65535, hint_threads=8
Granted 8 threads to pid 179331
Request from pid 179331: max_threads=65535, hint_threads=8
Granted 8 threads to pid 179331
Request from pid 179331: max_threads=65535, hint_threads=8
Granted 8 threads to pid 179331
Request from pid 179331: max_threads=65535, hint_threads=8
Granted 8 threads to pid 179331
Request from pid 179331: max_threads=65535, hint_threads=8
Granted 8 threads to pid 179331
Request from pid 179331: max_threads=65535, hint_threads=8
Granted 8 threads to pid 179331
Request from pid 179331: max_threads=65535, hint_threads=8
Granted 8 threads to pid 179331
Request from pid 179331: max_threads=65535, hint_threads=8
Granted 8 threads to pid 179331
Request from pid 179331: max_threads=65535, hint_threads=8
Granted 8 threads to pid 179331
Request from pid 179331: max_threads=65535, hint_threads=8
Granted 8 threads to pid 179331
Request from pid 179331: max_threads=65535, hint_threads=8
Granted 8 threads to pid 179331
Request from pid 179331: max_threads=65535, hint_threads=8
Granted 8 threads to pid 179331
Request from pid 179331: max_threads=65535, hint_threads=8
Granted 8 threads to pid 179331
Request from pid 179331: max_threads=65535, hint_threads=8
Granted 8 threads to pid 179331
Request from pid 179331: max_threads=65535, hint_threads=8
Granted 8 threads to pid 179331
Request from pid 179331: max_threads=65535, hint_threads=8
Granted 8 threads to pid 179331
Request from pid 179331: max_threads=65535, hint_threads=8
Granted 8 threads to pid 179331
Client closed connection
Accepted connection
Handling client
Request from pid 179374: max_threads=65535, hint_threads=8
Granted 8 threads to pid 179374
Request from pid 179374: max_threads=65535, hint_threads=8
Granted 8 threads to pid 179374
Read error: Connection reset by peer (os error 104)
Accepted connection
Handling client
Request from pid 179430: max_threads=65535, hint_threads=8
Granted 8 threads to pid 179430
Request from pid 179430: max_threads=65535, hint_threads=8
Granted 8 threads to pid 179430
Request from pid 179430: max_threads=65535, hint_threads=8
Granted 8 threads to pid 179430
Request from pid 179430: max_threads=65535, hint_threads=8
Granted 8 threads to pid 179430
Request from pid 179430: max_threads=65535, hint_threads=8
Granted 8 threads to pid 179430
Request from pid 179430: max_threads=65535, hint_threads=8
Granted 8 threads to pid 179430
Request from pid 179430: max_threads=65535, hint_threads=8
Granted 8 threads to pid 179430
Request from pid 179430: max_threads=65535, hint_threads=8
Granted 8 threads to pid 179430
Request from pid 179430: max_threads=65535, hint_threads=8
Granted 8 threads to pid 179430
Request from pid 179430: max_threads=65535, hint_threads=8
Granted 8 threads to pid 179430
Request from pid 179430: max_threads=65535, hint_threads=8
Granted 8 threads to pid 179430
Request from pid 179430: max_threads=65535, hint_threads=8
Granted 8 threads to pid 179430
Request from pid 179430: max_threads=65535, hint_threads=8
Granted 8 threads to pid 179430
Request from pid 179430: max_threads=65535, hint_threads=8
Granted 8 threads to pid 179430
Request from pid 179430: max_threads=65535, hint_threads=8
Granted 8 threads to pid 179430
Request from pid 179430: max_threads=65535, hint_threads=8
Granted 8 threads to pid 179430
Request from pid 179430: max_threads=65535, hint_threads=8
Granted 8 threads to pid 179430
Request from pid 179430: max_threads=65535, hint_threads=8
Granted 8 threads to pid 179430
Request from pid 179430: max_threads=65535, hint_threads=8
Granted 8 threads to pid 179430
Request from pid 179430: max_threads=65535, hint_threads=8
Granted 8 threads to pid 179430
Request from pid 179430: max_threads=65535, hint_threads=8
Granted 8 threads to pid 179430
Request from pid 179430: max_threads=65535, hint_threads=8
Granted 8 threads to pid 179430
Request from pid 179430: max_threads=65535, hint_threads=8
Granted 8 threads to pid 179430
Request from pid 179430: max_threads=65535, hint_threads=8
Granted 8 threads to pid 179430
Request from pid 179430: max_threads=65535, hint_threads=8
Granted 8 threads to pid 179430
Request from pid 179430: max_threads=65535, hint_threads=8
Granted 8 threads to pid 179430
Request from pid 179430: max_threads=65535, hint_threads=8
Granted 8 threads to pid 179430
Request from pid 179430: max_threads=65535, hint_threads=8
Granted 8 threads to pid 179430
Request from pid 179430: max_threads=65535, hint_threads=8
Granted 8 threads to pid 179430
Request from pid 179430: max_threads=65535, hint_threads=8
Granted 8 threads to pid 179430
Request from pid 179430: max_threads=65535, hint_threads=8
Granted 8 threads to pid 179430
Request from pid 179430: max_threads=65535, hint_threads=8
Granted 8 threads to pid 179430
Request from pid 179430: max_threads=65535, hint_threads=8
Granted 8 threads to pid 179430
Request from pid 179430: max_threads=65535, hint_threads=8
Granted 8 threads to pid 179430
Request from pid 179430: max_threads=65535, hint_threads=8
Granted 8 threads to pid 179430
Request from pid 179430: max_threads=65535, hint_threads=8
Granted 8 threads to pid 179430
Request from pid 179430: max_threads=65535, hint_threads=8
Granted 8 threads to pid 179430
Request from pid 179430: max_threads=65535, hint_threads=8
Granted 8 threads to pid 179430
Request from pid 179430: max_threads=65535, hint_threads=8
Granted 8 threads to pid 179430
Request from pid 179430: max_threads=65535, hint_threads=8
Granted 8 threads to pid 179430
Request from pid 179430: max_threads=65535, hint_threads=8
Granted 8 threads to pid 179430
Request from pid 179430: max_threads=65535, hint_threads=8
Granted 8 threads to pid 179430
Request from pid 179430: max_threads=65535, hint_threads=8
Granted 8 threads to pid 179430
Request from pid 179430: max_threads=65535, hint_threads=8
Granted 8 threads to pid 179430
Request from pid 179430: max_threads=65535, hint_threads=8
Granted 8 threads to pid 179430
Request from pid 179430: max_threads=65535, hint_threads=8
Granted 8 threads to pid 179430
Request from pid 179430: max_threads=65535, hint_threads=8
Granted 8 threads to pid 179430
Read error: Connection reset by peer (os error 104)
Accepted connection
Handling client
Request from pid 179478: max_threads=65535, hint_threads=8
Granted 8 threads to pid 179478
Request from pid 179478: max_threads=65535, hint_threads=8
Granted 8 threads to pid 179478
Request from pid 179478: max_threads=65535, hint_threads=8
Granted 8 threads to pid 179478
Request from pid 179478: max_threads=65535, hint_threads=8
Granted 8 threads to pid 179478
Request from pid 179478: max_threads=65535, hint_threads=8
Granted 8 threads to pid 179478
Request from pid 179478: max_threads=65535, hint_threads=8
Granted 8 threads to pid 179478
Request from pid 179478: max_threads=65535, hint_threads=8
Granted 8 threads to pid 179478
Request from pid 179478: max_threads=65535, hint_threads=8
Granted 8 threads to pid 179478
Request from pid 179478: max_threads=65535, hint_threads=8
Granted 8 threads to pid 179478
Request from pid 179478: max_threads=65535, hint_threads=8
Granted 8 threads to pid 179478
Request from pid 179478: max_threads=65535, hint_threads=8
Granted 8 threads to pid 179478
Request from pid 179478: max_threads=65535, hint_threads=8
Granted 8 threads to pid 179478
Request from pid 179478: max_threads=65535, hint_threads=8
Granted 8 threads to pid 179478
Request from pid 179478: max_threads=65535, hint_threads=8
Granted 8 threads to pid 179478
Request from pid 179478: max_threads=65535, hint_threads=8
Granted 8 threads to pid 179478
Request from pid 179478: max_threads=65535, hint_threads=8
Granted 8 threads to pid 179478
Request from pid 179478: max_threads=65535, hint_threads=8
Granted 8 threads to pid 179478
Request from pid 179478: max_threads=65535, hint_threads=8
Granted 8 threads to pid 179478
Request from pid 179478: max_threads=65535, hint_threads=8
Granted 8 threads to pid 179478
Request from pid 179478: max_threads=65535, hint_threads=8
Granted 8 threads to pid 179478
Request from pid 179478: max_threads=65535, hint_threads=8
Granted 8 threads to pid 179478
Request from pid 179478: max_threads=65535, hint_threads=8
Granted 8 threads to pid 179478
Request from pid 179478: max_threads=65535, hint_threads=8
Granted 8 threads to pid 179478
Request from pid 179478: max_threads=65535, hint_threads=8
Granted 8 threads to pid 179478
Request from pid 179478: max_threads=65535, hint_threads=8
Granted 8 threads to pid 179478
Request from pid 179478: max_threads=65535, hint_threads=8
Granted 8 threads to pid 179478
Request from pid 179478: max_threads=65535, hint_threads=8
Granted 8 threads to pid 179478
Request from pid 179478: max_threads=65535, hint_threads=8
Granted 8 threads to pid 179478
Request from pid 179478: max_threads=65535, hint_threads=8
Granted 8 threads to pid 179478
Request from pid 179478: max_threads=65535, hint_threads=8
Granted 8 threads to pid 179478
Request from pid 179478: max_threads=65535, hint_threads=8
Granted 8 threads to pid 179478
Request from pid 179478: max_threads=65535, hint_threads=8
Granted 8 threads to pid 179478
Request from pid 179478: max_threads=65535, hint_threads=8
Granted 8 threads to pid 179478
Request from pid 179478: max_threads=65535, hint_threads=8
Granted 8 threads to pid 179478
Request from pid 179478: max_threads=65535, hint_threads=8
Granted 8 threads to pid 179478
Request from pid 179478: max_threads=65535, hint_threads=8
Granted 8 threads to pid 179478
Request from pid 179478: max_threads=65535, hint_threads=8
Granted 8 threads to pid 179478
Request from pid 179478: max_threads=65535, hint_threads=8
Granted 8 threads to pid 179478
Request from pid 179478: max_threads=65535, hint_threads=8
Granted 8 threads to pid 179478
Request from pid 179478: max_threads=65535, hint_threads=8
Granted 8 threads to pid 179478
Request from pid 179478: max_threads=65535, hint_threads=8
Granted 8 threads to pid 179478
Request from pid 179478: max_threads=65535, hint_threads=8
Granted 8 threads to pid 179478
Client closed connection
Accepted connection
Handling client
Request from pid 179534: max_threads=65535, hint_threads=8
Granted 8 threads to pid 179534
Request from pid 179534: max_threads=65535, hint_threads=8
Granted 8 threads to pid 179534
Read error: Connection reset by peer (os error 104)
Accepted connection
Handling client
Request from pid 179724: max_threads=65535, hint_threads=8
Granted 8 threads to pid 179724
Request from pid 179724: max_threads=65535, hint_threads=8
Granted 8 threads to pid 179724
Request from pid 179724: max_threads=65535, hint_threads=8
Granted 8 threads to pid 179724
Request from pid 179724: max_threads=65535, hint_threads=8
Granted 8 threads to pid 179724
Request from pid 179724: max_threads=65535, hint_threads=8
Granted 8 threads to pid 179724
Request from pid 179724: max_threads=65535, hint_threads=8
Granted 8 threads to pid 179724
Request from pid 179724: max_threads=65535, hint_threads=8
Granted 8 threads to pid 179724
Request from pid 179724: max_threads=65535, hint_threads=8
Granted 8 threads to pid 179724
Request from pid 179724: max_threads=65535, hint_threads=8
Granted 8 threads to pid 179724
Request from pid 179724: max_threads=65535, hint_threads=8
Granted 8 threads to pid 179724
Request from pid 179724: max_threads=65535, hint_threads=8
Granted 8 threads to pid 179724
Request from pid 179724: max_threads=65535, hint_threads=8
Granted 8 threads to pid 179724
Request from pid 179724: max_threads=65535, hint_threads=8
Granted 8 threads to pid 179724
Request from pid 179724: max_threads=65535, hint_threads=8
Granted 8 threads to pid 179724
Request from pid 179724: max_threads=65535, hint_threads=8
Granted 8 threads to pid 179724
Request from pid 179724: max_threads=65535, hint_threads=8
Granted 8 threads to pid 179724
Request from pid 179724: max_threads=65535, hint_threads=8
Granted 8 threads to pid 179724
Request from pid 179724: max_threads=65535, hint_threads=8
Granted 8 threads to pid 179724
Request from pid 179724: max_threads=65535, hint_threads=8
Granted 8 threads to pid 179724
Request from pid 179724: max_threads=65535, hint_threads=8
Granted 8 threads to pid 179724
Request from pid 179724: max_threads=65535, hint_threads=8
Granted 8 threads to pid 179724
Request from pid 179724: max_threads=65535, hint_threads=8
Granted 8 threads to pid 179724
Request from pid 179724: max_threads=65535, hint_threads=8
Granted 8 threads to pid 179724
Request from pid 179724: max_threads=65535, hint_threads=8
Granted 8 threads to pid 179724
Request from pid 179724: max_threads=65535, hint_threads=8
Granted 8 threads to pid 179724
Request from pid 179724: max_threads=65535, hint_threads=8
Granted 8 threads to pid 179724
Request from pid 179724: max_threads=65535, hint_threads=8
Granted 8 threads to pid 179724
Request from pid 179724: max_threads=65535, hint_threads=8
Granted 8 threads to pid 179724
Request from pid 179724: max_threads=65535, hint_threads=8
Granted 8 threads to pid 179724
Request from pid 179724: max_threads=65535, hint_threads=8
Granted 8 threads to pid 179724
Request from pid 179724: max_threads=65535, hint_threads=8
Granted 8 threads to pid 179724
Request from pid 179724: max_threads=65535, hint_threads=8
Granted 8 threads to pid 179724
Request from pid 179724: max_threads=65535, hint_threads=8
Granted 8 threads to pid 179724
Request from pid 179724: max_threads=65535, hint_threads=8
Granted 8 threads to pid 179724
Request from pid 179724: max_threads=65535, hint_threads=8
Granted 8 threads to pid 179724
Request from pid 179724: max_threads=65535, hint_threads=8
Granted 8 threads to pid 179724
Request from pid 179724: max_threads=65535, hint_threads=8
Granted 8 threads to pid 179724
Request from pid 179724: max_threads=65535, hint_threads=8
Granted 8 threads to pid 179724
Request from pid 179724: max_threads=65535, hint_threads=8
Granted 8 threads to pid 179724
Request from pid 179724: max_threads=65535, hint_threads=8
Granted 8 threads to pid 179724
Request from pid 179724: max_threads=65535, hint_threads=8
Granted 8 threads to pid 179724
Request from pid 179724: max_threads=65535, hint_threads=8
Granted 8 threads to pid 179724
Request from pid 179724: max_threads=65535, hint_threads=8
Granted 8 threads to pid 179724
Request from pid 179724: max_threads=65535, hint_threads=8
Granted 8 threads to pid 179724
Request from pid 179724: max_threads=65535, hint_threads=8
Granted 8 threads to pid 179724
Request from pid 179724: max_threads=65535, hint_threads=8
Granted 8 threads to pid 179724
Request from pid 179724: max_threads=65535, hint_threads=8
Granted 8 threads to pid 179724
Read error: Connection reset by peer (os error 104)
Accepted connection
Handling client
Request from pid 179782: max_threads=65535, hint_threads=8
Granted 8 threads to pid 179782
Request from pid 179782: max_threads=65535, hint_threads=8
Granted 8 threads to pid 179782
Request from pid 179782: max_threads=65535, hint_threads=8
Granted 8 threads to pid 179782
Request from pid 179782: max_threads=65535, hint_threads=8
Granted 8 threads to pid 179782
Request from pid 179782: max_threads=65535, hint_threads=8
Granted 8 threads to pid 179782
Request from pid 179782: max_threads=65535, hint_threads=8
Granted 8 threads to pid 179782
Request from pid 179782: max_threads=65535, hint_threads=8
Granted 8 threads to pid 179782
Request from pid 179782: max_threads=65535, hint_threads=8
Granted 8 threads to pid 179782
Request from pid 179782: max_threads=65535, hint_threads=8
Granted 8 threads to pid 179782
Request from pid 179782: max_threads=65535, hint_threads=8
Granted 8 threads to pid 179782
Request from pid 179782: max_threads=65535, hint_threads=8
Granted 8 threads to pid 179782
Request from pid 179782: max_threads=65535, hint_threads=8
Granted 8 threads to pid 179782
Request from pid 179782: max_threads=65535, hint_threads=8
Granted 8 threads to pid 179782
Request from pid 179782: max_threads=65535, hint_threads=8
Granted 8 threads to pid 179782
Request from pid 179782: max_threads=65535, hint_threads=8
Granted 8 threads to pid 179782
Request from pid 179782: max_threads=65535, hint_threads=8
Granted 8 threads to pid 179782
Request from pid 179782: max_threads=65535, hint_threads=8
Granted 8 threads to pid 179782
Request from pid 179782: max_threads=65535, hint_threads=8
Granted 8 threads to pid 179782
Request from pid 179782: max_threads=65535, hint_threads=8
Granted 8 threads to pid 179782
Request from pid 179782: max_threads=65535, hint_threads=8
Granted 8 threads to pid 179782
Request from pid 179782: max_threads=65535, hint_threads=8
Granted 8 threads to pid 179782
Request from pid 179782: max_threads=65535, hint_threads=8
Granted 8 threads to pid 179782
Request from pid 179782: max_threads=65535, hint_threads=8
Granted 8 threads to pid 179782
Request from pid 179782: max_threads=65535, hint_threads=8
Granted 8 threads to pid 179782
Request from pid 179782: max_threads=65535, hint_threads=8
Granted 8 threads to pid 179782
Request from pid 179782: max_threads=65535, hint_threads=8
Granted 8 threads to pid 179782
Request from pid 179782: max_threads=65535, hint_threads=8
Granted 8 threads to pid 179782
Request from pid 179782: max_threads=65535, hint_threads=8
Granted 8 threads to pid 179782
Request from pid 179782: max_threads=65535, hint_threads=8
Granted 8 threads to pid 179782
Request from pid 179782: max_threads=65535, hint_threads=8
Granted 8 threads to pid 179782
Request from pid 179782: max_threads=65535, hint_threads=8
Granted 8 threads to pid 179782
Request from pid 179782: max_threads=65535, hint_threads=8
Granted 8 threads to pid 179782
Request from pid 179782: max_threads=65535, hint_threads=8
Granted 8 threads to pid 179782
Request from pid 179782: max_threads=65535, hint_threads=8
Granted 8 threads to pid 179782
Request from pid 179782: max_threads=65535, hint_threads=8
Granted 8 threads to pid 179782
Request from pid 179782: max_threads=65535, hint_threads=8
Granted 8 threads to pid 179782
Request from pid 179782: max_threads=65535, hint_threads=8
Granted 8 threads to pid 179782
Request from pid 179782: max_threads=65535, hint_threads=8
Granted 8 threads to pid 179782
Request from pid 179782: max_threads=65535, hint_threads=8
Granted 8 threads to pid 179782
Request from pid 179782: max_threads=65535, hint_threads=8
Granted 8 threads to pid 179782
Request from pid 179782: max_threads=65535, hint_threads=8
Granted 8 threads to pid 179782
Client closed connection
Accepted connection
Handling client
Request from pid 179840: max_threads=65535, hint_threads=8
Granted 8 threads to pid 179840
Request from pid 179840: max_threads=65535, hint_threads=8
Granted 8 threads to pid 179840
Read error: Connection reset by peer (os error 104)
Accepted connection
Handling client
Request from pid 179885: max_threads=65535, hint_threads=8
Granted 8 threads to pid 179885
Request from pid 179885: max_threads=65535, hint_threads=8
Granted 8 threads to pid 179885
Request from pid 179885: max_threads=65535, hint_threads=8
Granted 8 threads to pid 179885
Request from pid 179885: max_threads=65535, hint_threads=8
Granted 8 threads to pid 179885
Request from pid 179885: max_threads=65535, hint_threads=8
Granted 8 threads to pid 179885
Request from pid 179885: max_threads=65535, hint_threads=8
Granted 8 threads to pid 179885
Request from pid 179885: max_threads=65535, hint_threads=8
Granted 8 threads to pid 179885
Request from pid 179885: max_threads=65535, hint_threads=8
Granted 8 threads to pid 179885
Request from pid 179885: max_threads=65535, hint_threads=8
Granted 8 threads to pid 179885
Request from pid 179885: max_threads=65535, hint_threads=8
Granted 8 threads to pid 179885
Request from pid 179885: max_threads=65535, hint_threads=8
Granted 8 threads to pid 179885
Request from pid 179885: max_threads=65535, hint_threads=8
Granted 8 threads to pid 179885
Request from pid 179885: max_threads=65535, hint_threads=8
Granted 8 threads to pid 179885
Request from pid 179885: max_threads=65535, hint_threads=8
Granted 8 threads to pid 179885
Request from pid 179885: max_threads=65535, hint_threads=8
Granted 8 threads to pid 179885
Request from pid 179885: max_threads=65535, hint_threads=8
Granted 8 threads to pid 179885
Request from pid 179885: max_threads=65535, hint_threads=8
Granted 8 threads to pid 179885
Request from pid 179885: max_threads=65535, hint_threads=8
Granted 8 threads to pid 179885
Request from pid 179885: max_threads=65535, hint_threads=8
Granted 8 threads to pid 179885
Request from pid 179885: max_threads=65535, hint_threads=8
Granted 8 threads to pid 179885
Request from pid 179885: max_threads=65535, hint_threads=8
Granted 8 threads to pid 179885
Request from pid 179885: max_threads=65535, hint_threads=8
Granted 8 threads to pid 179885
Request from pid 179885: max_threads=65535, hint_threads=8
Granted 8 threads to pid 179885
Request from pid 179885: max_threads=65535, hint_threads=8
Granted 8 threads to pid 179885
Request from pid 179885: max_threads=65535, hint_threads=8
Granted 8 threads to pid 179885
Request from pid 179885: max_threads=65535, hint_threads=8
Granted 8 threads to pid 179885
Request from pid 179885: max_threads=65535, hint_threads=8
Granted 8 threads to pid 179885
Request from pid 179885: max_threads=65535, hint_threads=8
Granted 8 threads to pid 179885
Request from pid 179885: max_threads=65535, hint_threads=8
Granted 8 threads to pid 179885
Request from pid 179885: max_threads=65535, hint_threads=8
Granted 8 threads to pid 179885
Request from pid 179885: max_threads=65535, hint_threads=8
Granted 8 threads to pid 179885
Request from pid 179885: max_threads=65535, hint_threads=8
Granted 8 threads to pid 179885
Request from pid 179885: max_threads=65535, hint_threads=8
Granted 8 threads to pid 179885
Request from pid 179885: max_threads=65535, hint_threads=8
Granted 8 threads to pid 179885
Request from pid 179885: max_threads=65535, hint_threads=8
Granted 8 threads to pid 179885
Request from pid 179885: max_threads=65535, hint_threads=8
Granted 8 threads to pid 179885
Request from pid 179885: max_threads=65535, hint_threads=8
Granted 8 threads to pid 179885
Request from pid 179885: max_threads=65535, hint_threads=8
Granted 8 threads to pid 179885
Request from pid 179885: max_threads=65535, hint_threads=8
Granted 8 threads to pid 179885
Request from pid 179885: max_threads=65535, hint_threads=8
Granted 8 threads to pid 179885
Request from pid 179885: max_threads=65535, hint_threads=8
Granted 8 threads to pid 179885
Request from pid 179885: max_threads=65535, hint_threads=8
Granted 8 threads to pid 179885
Request from pid 179885: max_threads=65535, hint_threads=8
Granted 8 threads to pid 179885
Request from pid 179885: max_threads=65535, hint_threads=8
Granted 8 threads to pid 179885
Request from pid 179885: max_threads=65535, hint_threads=8
Granted 8 threads to pid 179885
Request from pid 179885: max_threads=65535, hint_threads=8
Granted 8 threads to pid 179885
Request from pid 179885: max_threads=65535, hint_threads=8
Granted 8 threads to pid 179885
Read error: Connection reset by peer (os error 104)
Accepted connection
Handling client
Request from pid 179936: max_threads=65535, hint_threads=8
Granted 8 threads to pid 179936
Request from pid 179936: max_threads=65535, hint_threads=8
Granted 8 threads to pid 179936
Request from pid 179936: max_threads=65535, hint_threads=8
Granted 8 threads to pid 179936
Request from pid 179936: max_threads=65535, hint_threads=8
Granted 8 threads to pid 179936
Request from pid 179936: max_threads=65535, hint_threads=8
Granted 8 threads to pid 179936
Request from pid 179936: max_threads=65535, hint_threads=8
Granted 8 threads to pid 179936
Request from pid 179936: max_threads=65535, hint_threads=8
Granted 8 threads to pid 179936
Request from pid 179936: max_threads=65535, hint_threads=8
Granted 8 threads to pid 179936
Request from pid 179936: max_threads=65535, hint_threads=8
Granted 8 threads to pid 179936
Request from pid 179936: max_threads=65535, hint_threads=8
Granted 8 threads to pid 179936
Request from pid 179936: max_threads=65535, hint_threads=8
Granted 8 threads to pid 179936
Request from pid 179936: max_threads=65535, hint_threads=8
Granted 8 threads to pid 179936
Request from pid 179936: max_threads=65535, hint_threads=8
Granted 8 threads to pid 179936
Request from pid 179936: max_threads=65535, hint_threads=8
Granted 8 threads to pid 179936
Request from pid 179936: max_threads=65535, hint_threads=8
Granted 8 threads to pid 179936
Request from pid 179936: max_threads=65535, hint_threads=8
Granted 8 threads to pid 179936
Request from pid 179936: max_threads=65535, hint_threads=8
Granted 8 threads to pid 179936
Request from pid 179936: max_threads=65535, hint_threads=8
Granted 8 threads to pid 179936
Request from pid 179936: max_threads=65535, hint_threads=8
Granted 8 threads to pid 179936
Request from pid 179936: max_threads=65535, hint_threads=8
Granted 8 threads to pid 179936
Request from pid 179936: max_threads=65535, hint_threads=8
Granted 8 threads to pid 179936
Request from pid 179936: max_threads=65535, hint_threads=8
Granted 8 threads to pid 179936
Request from pid 179936: max_threads=65535, hint_threads=8
Granted 8 threads to pid 179936
Request from pid 179936: max_threads=65535, hint_threads=8
Granted 8 threads to pid 179936
Request from pid 179936: max_threads=65535, hint_threads=8
Granted 8 threads to pid 179936
Request from pid 179936: max_threads=65535, hint_threads=8
Granted 8 threads to pid 179936
Request from pid 179936: max_threads=65535, hint_threads=8
Granted 8 threads to pid 179936
Request from pid 179936: max_threads=65535, hint_threads=8
Granted 8 threads to pid 179936
Request from pid 179936: max_threads=65535, hint_threads=8
Granted 8 threads to pid 179936
Request from pid 179936: max_threads=65535, hint_threads=8
Granted 8 threads to pid 179936
Request from pid 179936: max_threads=65535, hint_threads=8
Granted 8 threads to pid 179936
Request from pid 179936: max_threads=65535, hint_threads=8
Granted 8 threads to pid 179936
Request from pid 179936: max_threads=65535, hint_threads=8
Granted 8 threads to pid 179936
Request from pid 179936: max_threads=65535, hint_threads=8
Granted 8 threads to pid 179936
Request from pid 179936: max_threads=65535, hint_threads=8
Granted 8 threads to pid 179936
Request from pid 179936: max_threads=65535, hint_threads=8
Granted 8 threads to pid 179936
Request from pid 179936: max_threads=65535, hint_threads=8
Granted 8 threads to pid 179936
Request from pid 179936: max_threads=65535, hint_threads=8
Granted 8 threads to pid 179936
Request from pid 179936: max_threads=65535, hint_threads=8
Granted 8 threads to pid 179936
Request from pid 179936: max_threads=65535, hint_threads=8
Granted 8 threads to pid 179936
Request from pid 179936: max_threads=65535, hint_threads=8
Granted 8 threads to pid 179936
Request from pid 179936: max_threads=65535, hint_threads=8
Granted 8 threads to pid 179936
Client closed connection
Accepted connection
Handling client
Request from pid 179983: max_threads=65535, hint_threads=8
Granted 8 threads to pid 179983
Request from pid 179983: max_threads=65535, hint_threads=8
Granted 8 threads to pid 179983
Read error: Connection reset by peer (os error 104)
Accepted connection
Handling client
Request from pid 180045: max_threads=65535, hint_threads=8
Granted 8 threads to pid 180045
Request from pid 180045: max_threads=65535, hint_threads=8
Granted 8 threads to pid 180045
Request from pid 180045: max_threads=65535, hint_threads=8
Granted 8 threads to pid 180045
Request from pid 180045: max_threads=65535, hint_threads=8
Granted 8 threads to pid 180045
Request from pid 180045: max_threads=65535, hint_threads=8
Granted 8 threads to pid 180045
Request from pid 180045: max_threads=65535, hint_threads=8
Granted 8 threads to pid 180045
Request from pid 180045: max_threads=65535, hint_threads=8
Granted 8 threads to pid 180045
Request from pid 180045: max_threads=65535, hint_threads=8
Granted 8 threads to pid 180045
Request from pid 180045: max_threads=65535, hint_threads=8
Granted 8 threads to pid 180045
Request from pid 180045: max_threads=65535, hint_threads=8
Granted 8 threads to pid 180045
Request from pid 180045: max_threads=65535, hint_threads=8
Granted 8 threads to pid 180045
Request from pid 180045: max_threads=65535, hint_threads=8
Granted 8 threads to pid 180045
Request from pid 180045: max_threads=65535, hint_threads=8
Granted 8 threads to pid 180045
Request from pid 180045: max_threads=65535, hint_threads=8
Granted 8 threads to pid 180045
Request from pid 180045: max_threads=65535, hint_threads=8
Granted 8 threads to pid 180045
Request from pid 180045: max_threads=65535, hint_threads=8
Granted 8 threads to pid 180045
Request from pid 180045: max_threads=65535, hint_threads=8
Granted 8 threads to pid 180045
Request from pid 180045: max_threads=65535, hint_threads=8
Granted 8 threads to pid 180045
Request from pid 180045: max_threads=65535, hint_threads=8
Granted 8 threads to pid 180045
Request from pid 180045: max_threads=65535, hint_threads=8
Granted 8 threads to pid 180045
Request from pid 180045: max_threads=65535, hint_threads=8
Granted 8 threads to pid 180045
Request from pid 180045: max_threads=65535, hint_threads=8
Granted 8 threads to pid 180045
Request from pid 180045: max_threads=65535, hint_threads=8
Granted 8 threads to pid 180045
Request from pid 180045: max_threads=65535, hint_threads=8
Granted 8 threads to pid 180045
Request from pid 180045: max_threads=65535, hint_threads=8
Granted 8 threads to pid 180045
Request from pid 180045: max_threads=65535, hint_threads=8
Granted 8 threads to pid 180045
Request from pid 180045: max_threads=65535, hint_threads=8
Granted 8 threads to pid 180045
Request from pid 180045: max_threads=65535, hint_threads=8
Granted 8 threads to pid 180045
Request from pid 180045: max_threads=65535, hint_threads=8
Granted 8 threads to pid 180045
Request from pid 180045: max_threads=65535, hint_threads=8
Granted 8 threads to pid 180045
Request from pid 180045: max_threads=65535, hint_threads=8
Granted 8 threads to pid 180045
Request from pid 180045: max_threads=65535, hint_threads=8
Granted 8 threads to pid 180045
Request from pid 180045: max_threads=65535, hint_threads=8
Granted 8 threads to pid 180045
Request from pid 180045: max_threads=65535, hint_threads=8
Granted 8 threads to pid 180045
Request from pid 180045: max_threads=65535, hint_threads=8
Granted 8 threads to pid 180045
Request from pid 180045: max_threads=65535, hint_threads=8
Granted 8 threads to pid 180045
Request from pid 180045: max_threads=65535, hint_threads=8
Granted 8 threads to pid 180045
Request from pid 180045: max_threads=65535, hint_threads=8
Granted 8 threads to pid 180045
Request from pid 180045: max_threads=65535, hint_threads=8
Granted 8 threads to pid 180045
Request from pid 180045: max_threads=65535, hint_threads=8
Granted 8 threads to pid 180045
Request from pid 180045: max_threads=65535, hint_threads=8
Granted 8 threads to pid 180045
Request from pid 180045: max_threads=65535, hint_threads=8
Granted 8 threads to pid 180045
Request from pid 180045: max_threads=65535, hint_threads=8
Granted 8 threads to pid 180045
Request from pid 180045: max_threads=65535, hint_threads=8
Granted 8 threads to pid 180045
Request from pid 180045: max_threads=65535, hint_threads=8
Granted 8 threads to pid 180045
Request from pid 180045: max_threads=65535, hint_threads=8
Granted 8 threads to pid 180045
Request from pid 180045: max_threads=65535, hint_threads=8
Granted 8 threads to pid 180045
Read error: Connection reset by peer (os error 104)
Accepted connection
Handling client
Request from pid 180089: max_threads=65535, hint_threads=8
Granted 8 threads to pid 180089
Request from pid 180089: max_threads=65535, hint_threads=8
Granted 8 threads to pid 180089
Request from pid 180089: max_threads=65535, hint_threads=8
Granted 8 threads to pid 180089
Request from pid 180089: max_threads=65535, hint_threads=8
Granted 8 threads to pid 180089
Request from pid 180089: max_threads=65535, hint_threads=8
Granted 8 threads to pid 180089
Request from pid 180089: max_threads=65535, hint_threads=8
Granted 8 threads to pid 180089
Request from pid 180089: max_threads=65535, hint_threads=8
Granted 8 threads to pid 180089
Request from pid 180089: max_threads=65535, hint_threads=8
Granted 8 threads to pid 180089
Request from pid 180089: max_threads=65535, hint_threads=8
Granted 8 threads to pid 180089
Request from pid 180089: max_threads=65535, hint_threads=8
Granted 8 threads to pid 180089
Request from pid 180089: max_threads=65535, hint_threads=8
Granted 8 threads to pid 180089
Request from pid 180089: max_threads=65535, hint_threads=8
Granted 8 threads to pid 180089
Request from pid 180089: max_threads=65535, hint_threads=8
Granted 8 threads to pid 180089
Request from pid 180089: max_threads=65535, hint_threads=8
Granted 8 threads to pid 180089
Request from pid 180089: max_threads=65535, hint_threads=8
Granted 8 threads to pid 180089
Request from pid 180089: max_threads=65535, hint_threads=8
Granted 8 threads to pid 180089
Request from pid 180089: max_threads=65535, hint_threads=8
Granted 8 threads to pid 180089
Request from pid 180089: max_threads=65535, hint_threads=8
Granted 8 threads to pid 180089
Request from pid 180089: max_threads=65535, hint_threads=8
Granted 8 threads to pid 180089
Request from pid 180089: max_threads=65535, hint_threads=8
Granted 8 threads to pid 180089
Request from pid 180089: max_threads=65535, hint_threads=8
Granted 8 threads to pid 180089
Request from pid 180089: max_threads=65535, hint_threads=8
Granted 8 threads to pid 180089
Request from pid 180089: max_threads=65535, hint_threads=8
Granted 8 threads to pid 180089
Request from pid 180089: max_threads=65535, hint_threads=8
Granted 8 threads to pid 180089
Request from pid 180089: max_threads=65535, hint_threads=8
Granted 8 threads to pid 180089
Request from pid 180089: max_threads=65535, hint_threads=8
Granted 8 threads to pid 180089
Request from pid 180089: max_threads=65535, hint_threads=8
Granted 8 threads to pid 180089
Request from pid 180089: max_threads=65535, hint_threads=8
Granted 8 threads to pid 180089
Request from pid 180089: max_threads=65535, hint_threads=8
Granted 8 threads to pid 180089
Request from pid 180089: max_threads=65535, hint_threads=8
Granted 8 threads to pid 180089
Request from pid 180089: max_threads=65535, hint_threads=8
Granted 8 threads to pid 180089
Request from pid 180089: max_threads=65535, hint_threads=8
Granted 8 threads to pid 180089
Request from pid 180089: max_threads=65535, hint_threads=8
Granted 8 threads to pid 180089
Request from pid 180089: max_threads=65535, hint_threads=8
Granted 8 threads to pid 180089
Request from pid 180089: max_threads=65535, hint_threads=8
Granted 8 threads to pid 180089
Request from pid 180089: max_threads=65535, hint_threads=8
Granted 8 threads to pid 180089
Request from pid 180089: max_threads=65535, hint_threads=8
Granted 8 threads to pid 180089
Request from pid 180089: max_threads=65535, hint_threads=8
Granted 8 threads to pid 180089
Request from pid 180089: max_threads=65535, hint_threads=8
Granted 8 threads to pid 180089
Request from pid 180089: max_threads=65535, hint_threads=8
Granted 8 threads to pid 180089
Request from pid 180089: max_threads=65535, hint_threads=8
Granted 8 threads to pid 180089
Request from pid 180089: max_threads=65535, hint_threads=8
Granted 8 threads to pid 180089
Client closed connection
Accepted connection
Handling client
Request from pid 180271: max_threads=65535, hint_threads=8
Granted 8 threads to pid 180271
Request from pid 180271: max_threads=65535, hint_threads=8
Granted 8 threads to pid 180271
Read error: Connection reset by peer (os error 104)
Accepted connection
Handling client
Request from pid 180317: max_threads=65535, hint_threads=8
Granted 8 threads to pid 180317
Request from pid 180317: max_threads=65535, hint_threads=8
Granted 8 threads to pid 180317
Request from pid 180317: max_threads=65535, hint_threads=8
Granted 8 threads to pid 180317
Request from pid 180317: max_threads=65535, hint_threads=8
Granted 8 threads to pid 180317
Request from pid 180317: max_threads=65535, hint_threads=8
Granted 8 threads to pid 180317
Request from pid 180317: max_threads=65535, hint_threads=8
Granted 8 threads to pid 180317
Request from pid 180317: max_threads=65535, hint_threads=8
Granted 8 threads to pid 180317
Request from pid 180317: max_threads=65535, hint_threads=8
Granted 8 threads to pid 180317
Request from pid 180317: max_threads=65535, hint_threads=8
Granted 8 threads to pid 180317
Request from pid 180317: max_threads=65535, hint_threads=8
Granted 8 threads to pid 180317
Request from pid 180317: max_threads=65535, hint_threads=8
Granted 8 threads to pid 180317
Request from pid 180317: max_threads=65535, hint_threads=8
Granted 8 threads to pid 180317
Request from pid 180317: max_threads=65535, hint_threads=8
Granted 8 threads to pid 180317
Request from pid 180317: max_threads=65535, hint_threads=8
Granted 8 threads to pid 180317
Request from pid 180317: max_threads=65535, hint_threads=8
Granted 8 threads to pid 180317
Request from pid 180317: max_threads=65535, hint_threads=8
Granted 8 threads to pid 180317
Request from pid 180317: max_threads=65535, hint_threads=8
Granted 8 threads to pid 180317
Request from pid 180317: max_threads=65535, hint_threads=8
Granted 8 threads to pid 180317
Request from pid 180317: max_threads=65535, hint_threads=8
Granted 8 threads to pid 180317
Request from pid 180317: max_threads=65535, hint_threads=8
Granted 8 threads to pid 180317
Request from pid 180317: max_threads=65535, hint_threads=8
Granted 8 threads to pid 180317
Request from pid 180317: max_threads=65535, hint_threads=8
Granted 8 threads to pid 180317
Request from pid 180317: max_threads=65535, hint_threads=8
Granted 8 threads to pid 180317
Request from pid 180317: max_threads=65535, hint_threads=8
Granted 8 threads to pid 180317
Request from pid 180317: max_threads=65535, hint_threads=8
Granted 8 threads to pid 180317
Request from pid 180317: max_threads=65535, hint_threads=8
Granted 8 threads to pid 180317
Request from pid 180317: max_threads=65535, hint_threads=8
Granted 8 threads to pid 180317
Request from pid 180317: max_threads=65535, hint_threads=8
Granted 8 threads to pid 180317
Request from pid 180317: max_threads=65535, hint_threads=8
Granted 8 threads to pid 180317
Request from pid 180317: max_threads=65535, hint_threads=8
Granted 8 threads to pid 180317
Request from pid 180317: max_threads=65535, hint_threads=8
Granted 8 threads to pid 180317
Request from pid 180317: max_threads=65535, hint_threads=8
Granted 8 threads to pid 180317
Request from pid 180317: max_threads=65535, hint_threads=8
Granted 8 threads to pid 180317
Request from pid 180317: max_threads=65535, hint_threads=8
Granted 8 threads to pid 180317
Request from pid 180317: max_threads=65535, hint_threads=8
Granted 8 threads to pid 180317
Request from pid 180317: max_threads=65535, hint_threads=8
Granted 8 threads to pid 180317
Request from pid 180317: max_threads=65535, hint_threads=8
Granted 8 threads to pid 180317
Request from pid 180317: max_threads=65535, hint_threads=8
Granted 8 threads to pid 180317
Request from pid 180317: max_threads=65535, hint_threads=8
Granted 8 threads to pid 180317
Request from pid 180317: max_threads=65535, hint_threads=8
Granted 8 threads to pid 180317
Request from pid 180317: max_threads=65535, hint_threads=8
Granted 8 threads to pid 180317
Request from pid 180317: max_threads=65535, hint_threads=8
Granted 8 threads to pid 180317
Request from pid 180317: max_threads=65535, hint_threads=8
Granted 8 threads to pid 180317
Request from pid 180317: max_threads=65535, hint_threads=8
Granted 8 threads to pid 180317
Request from pid 180317: max_threads=65535, hint_threads=8
Granted 8 threads to pid 180317
Request from pid 180317: max_threads=65535, hint_threads=8
Granted 8 threads to pid 180317
Request from pid 180317: max_threads=65535, hint_threads=8
Granted 8 threads to pid 180317
Read error: Connection reset by peer (os error 104)
Accepted connection
Handling client
Request from pid 180375: max_threads=65535, hint_threads=8
Granted 8 threads to pid 180375
Request from pid 180375: max_threads=65535, hint_threads=8
Granted 8 threads to pid 180375
Request from pid 180375: max_threads=65535, hint_threads=8
Granted 8 threads to pid 180375
Request from pid 180375: max_threads=65535, hint_threads=8
Granted 8 threads to pid 180375
Request from pid 180375: max_threads=65535, hint_threads=8
Granted 8 threads to pid 180375
Request from pid 180375: max_threads=65535, hint_threads=8
Granted 8 threads to pid 180375
Request from pid 180375: max_threads=65535, hint_threads=8
Granted 8 threads to pid 180375
Request from pid 180375: max_threads=65535, hint_threads=8
Granted 8 threads to pid 180375
Request from pid 180375: max_threads=65535, hint_threads=8
Granted 8 threads to pid 180375
Request from pid 180375: max_threads=65535, hint_threads=8
Granted 8 threads to pid 180375
Request from pid 180375: max_threads=65535, hint_threads=8
Granted 8 threads to pid 180375
Request from pid 180375: max_threads=65535, hint_threads=8
Granted 8 threads to pid 180375
Request from pid 180375: max_threads=65535, hint_threads=8
Granted 8 threads to pid 180375
Request from pid 180375: max_threads=65535, hint_threads=8
Granted 8 threads to pid 180375
Request from pid 180375: max_threads=65535, hint_threads=8
Granted 8 threads to pid 180375
Request from pid 180375: max_threads=65535, hint_threads=8
Granted 8 threads to pid 180375
Request from pid 180375: max_threads=65535, hint_threads=8
Granted 8 threads to pid 180375
Request from pid 180375: max_threads=65535, hint_threads=8
Granted 8 threads to pid 180375
Request from pid 180375: max_threads=65535, hint_threads=8
Granted 8 threads to pid 180375
Request from pid 180375: max_threads=65535, hint_threads=8
Granted 8 threads to pid 180375
Request from pid 180375: max_threads=65535, hint_threads=8
Granted 8 threads to pid 180375
Request from pid 180375: max_threads=65535, hint_threads=8
Granted 8 threads to pid 180375
Request from pid 180375: max_threads=65535, hint_threads=8
Granted 8 threads to pid 180375
Request from pid 180375: max_threads=65535, hint_threads=8
Granted 8 threads to pid 180375
Request from pid 180375: max_threads=65535, hint_threads=8
Granted 8 threads to pid 180375
Request from pid 180375: max_threads=65535, hint_threads=8
Granted 8 threads to pid 180375
Request from pid 180375: max_threads=65535, hint_threads=8
Granted 8 threads to pid 180375
Request from pid 180375: max_threads=65535, hint_threads=8
Granted 8 threads to pid 180375
Request from pid 180375: max_threads=65535, hint_threads=8
Granted 8 threads to pid 180375
Request from pid 180375: max_threads=65535, hint_threads=8
Granted 8 threads to pid 180375
Request from pid 180375: max_threads=65535, hint_threads=8
Granted 8 threads to pid 180375
Request from pid 180375: max_threads=65535, hint_threads=8
Granted 8 threads to pid 180375
Request from pid 180375: max_threads=65535, hint_threads=8
Granted 8 threads to pid 180375
Request from pid 180375: max_threads=65535, hint_threads=8
Granted 8 threads to pid 180375
Request from pid 180375: max_threads=65535, hint_threads=8
Granted 8 threads to pid 180375
Request from pid 180375: max_threads=65535, hint_threads=8
Granted 8 threads to pid 180375
Request from pid 180375: max_threads=65535, hint_threads=8
Granted 8 threads to pid 180375
Request from pid 180375: max_threads=65535, hint_threads=8
Granted 8 threads to pid 180375
Request from pid 180375: max_threads=65535, hint_threads=8
Granted 8 threads to pid 180375
Request from pid 180375: max_threads=65535, hint_threads=8
Granted 8 threads to pid 180375
Request from pid 180375: max_threads=65535, hint_threads=8
Granted 8 threads to pid 180375
Request from pid 180375: max_threads=65535, hint_threads=8
Granted 8 threads to pid 180375
Client closed connection
Accepted connection
Handling client
Request from pid 180433: max_threads=65535, hint_threads=8
Granted 8 threads to pid 180433
Request from pid 180433: max_threads=65535, hint_threads=8
Granted 8 threads to pid 180433
Read error: Connection reset by peer (os error 104)
Accepted connection
Handling client
Request from pid 180482: max_threads=65535, hint_threads=8
Granted 8 threads to pid 180482
Request from pid 180482: max_threads=65535, hint_threads=8
Granted 8 threads to pid 180482
Request from pid 180482: max_threads=65535, hint_threads=8
Granted 8 threads to pid 180482
Request from pid 180482: max_threads=65535, hint_threads=8
Granted 8 threads to pid 180482
Request from pid 180482: max_threads=65535, hint_threads=8
Granted 8 threads to pid 180482
Request from pid 180482: max_threads=65535, hint_threads=8
Granted 8 threads to pid 180482
Request from pid 180482: max_threads=65535, hint_threads=8
Granted 8 threads to pid 180482
Request from pid 180482: max_threads=65535, hint_threads=8
Granted 8 threads to pid 180482
Request from pid 180482: max_threads=65535, hint_threads=8
Granted 8 threads to pid 180482
Request from pid 180482: max_threads=65535, hint_threads=8
Granted 8 threads to pid 180482
Request from pid 180482: max_threads=65535, hint_threads=8
Granted 8 threads to pid 180482
Request from pid 180482: max_threads=65535, hint_threads=8
Granted 8 threads to pid 180482
Request from pid 180482: max_threads=65535, hint_threads=8
Granted 8 threads to pid 180482
Request from pid 180482: max_threads=65535, hint_threads=8
Granted 8 threads to pid 180482
Request from pid 180482: max_threads=65535, hint_threads=8
Granted 8 threads to pid 180482
Request from pid 180482: max_threads=65535, hint_threads=8
Granted 8 threads to pid 180482
Request from pid 180482: max_threads=65535, hint_threads=8
Granted 8 threads to pid 180482
Request from pid 180482: max_threads=65535, hint_threads=8
Granted 8 threads to pid 180482
Request from pid 180482: max_threads=65535, hint_threads=8
Granted 8 threads to pid 180482
Request from pid 180482: max_threads=65535, hint_threads=8
Granted 8 threads to pid 180482
Request from pid 180482: max_threads=65535, hint_threads=8
Granted 8 threads to pid 180482
Request from pid 180482: max_threads=65535, hint_threads=8
Granted 8 threads to pid 180482
Request from pid 180482: max_threads=65535, hint_threads=8
Granted 8 threads to pid 180482
Request from pid 180482: max_threads=65535, hint_threads=8
Granted 8 threads to pid 180482
Request from pid 180482: max_threads=65535, hint_threads=8
Granted 8 threads to pid 180482
Request from pid 180482: max_threads=65535, hint_threads=8
Granted 8 threads to pid 180482
Request from pid 180482: max_threads=65535, hint_threads=8
Granted 8 threads to pid 180482
Request from pid 180482: max_threads=65535, hint_threads=8
Granted 8 threads to pid 180482
Request from pid 180482: max_threads=65535, hint_threads=8
Granted 8 threads to pid 180482
Request from pid 180482: max_threads=65535, hint_threads=8
Granted 8 threads to pid 180482
Request from pid 180482: max_threads=65535, hint_threads=8
Granted 8 threads to pid 180482
Request from pid 180482: max_threads=65535, hint_threads=8
Granted 8 threads to pid 180482
Request from pid 180482: max_threads=65535, hint_threads=8
Granted 8 threads to pid 180482
Request from pid 180482: max_threads=65535, hint_threads=8
Granted 8 threads to pid 180482
Request from pid 180482: max_threads=65535, hint_threads=8
Granted 8 threads to pid 180482
Request from pid 180482: max_threads=65535, hint_threads=8
Granted 8 threads to pid 180482
Request from pid 180482: max_threads=65535, hint_threads=8
Granted 8 threads to pid 180482
Request from pid 180482: max_threads=65535, hint_threads=8
Granted 8 threads to pid 180482
Request from pid 180482: max_threads=65535, hint_threads=8
Granted 8 threads to pid 180482
Request from pid 180482: max_threads=65535, hint_threads=8
Granted 8 threads to pid 180482
Request from pid 180482: max_threads=65535, hint_threads=8
Granted 8 threads to pid 180482
Request from pid 180482: max_threads=65535, hint_threads=8
Granted 8 threads to pid 180482
Request from pid 180482: max_threads=65535, hint_threads=8
Granted 8 threads to pid 180482
Request from pid 180482: max_threads=65535, hint_threads=8
Granted 8 threads to pid 180482
Request from pid 180482: max_threads=65535, hint_threads=8
Granted 8 threads to pid 180482
Request from pid 180482: max_threads=65535, hint_threads=8
Granted 8 threads to pid 180482
Request from pid 180482: max_threads=65535, hint_threads=8
Granted 8 threads to pid 180482
Read error: Connection reset by peer (os error 104)
Accepted connection
Handling client
Request from pid 180590: max_threads=65535, hint_threads=8
Granted 8 threads to pid 180590
Request from pid 180590: max_threads=65535, hint_threads=8
Granted 8 threads to pid 180590
Request from pid 180590: max_threads=65535, hint_threads=8
Granted 8 threads to pid 180590
Request from pid 180590: max_threads=65535, hint_threads=8
Granted 8 threads to pid 180590
Request from pid 180590: max_threads=65535, hint_threads=8
Granted 8 threads to pid 180590
Request from pid 180590: max_threads=65535, hint_threads=8
Granted 8 threads to pid 180590
Request from pid 180590: max_threads=65535, hint_threads=8
Granted 8 threads to pid 180590
Request from pid 180590: max_threads=65535, hint_threads=8
Granted 8 threads to pid 180590
Request from pid 180590: max_threads=65535, hint_threads=8
Granted 8 threads to pid 180590
Request from pid 180590: max_threads=65535, hint_threads=8
Granted 8 threads to pid 180590
Request from pid 180590: max_threads=65535, hint_threads=8
Granted 8 threads to pid 180590
Request from pid 180590: max_threads=65535, hint_threads=8
Granted 8 threads to pid 180590
Request from pid 180590: max_threads=65535, hint_threads=8
Granted 8 threads to pid 180590
Request from pid 180590: max_threads=65535, hint_threads=8
Granted 8 threads to pid 180590
Request from pid 180590: max_threads=65535, hint_threads=8
Granted 8 threads to pid 180590
Request from pid 180590: max_threads=65535, hint_threads=8
Granted 8 threads to pid 180590
Request from pid 180590: max_threads=65535, hint_threads=8
Granted 8 threads to pid 180590
Request from pid 180590: max_threads=65535, hint_threads=8
Granted 8 threads to pid 180590
Request from pid 180590: max_threads=65535, hint_threads=8
Granted 8 threads to pid 180590
Request from pid 180590: max_threads=65535, hint_threads=8
Granted 8 threads to pid 180590
Request from pid 180590: max_threads=65535, hint_threads=8
Granted 8 threads to pid 180590
Request from pid 180590: max_threads=65535, hint_threads=8
Granted 8 threads to pid 180590
Request from pid 180590: max_threads=65535, hint_threads=8
Granted 8 threads to pid 180590
Request from pid 180590: max_threads=65535, hint_threads=8
Granted 8 threads to pid 180590
Request from pid 180590: max_threads=65535, hint_threads=8
Granted 8 threads to pid 180590
Request from pid 180590: max_threads=65535, hint_threads=8
Granted 8 threads to pid 180590
Request from pid 180590: max_threads=65535, hint_threads=8
Granted 8 threads to pid 180590
Request from pid 180590: max_threads=65535, hint_threads=8
Granted 8 threads to pid 180590
Request from pid 180590: max_threads=65535, hint_threads=8
Granted 8 threads to pid 180590
Request from pid 180590: max_threads=65535, hint_threads=8
Granted 8 threads to pid 180590
Request from pid 180590: max_threads=65535, hint_threads=8
Granted 8 threads to pid 180590
Request from pid 180590: max_threads=65535, hint_threads=8
Granted 8 threads to pid 180590
Request from pid 180590: max_threads=65535, hint_threads=8
Granted 8 threads to pid 180590
Request from pid 180590: max_threads=65535, hint_threads=8
Granted 8 threads to pid 180590
Request from pid 180590: max_threads=65535, hint_threads=8
Granted 8 threads to pid 180590
Request from pid 180590: max_threads=65535, hint_threads=8
Granted 8 threads to pid 180590
Request from pid 180590: max_threads=65535, hint_threads=8
Granted 8 threads to pid 180590
Request from pid 180590: max_threads=65535, hint_threads=8
Granted 8 threads to pid 180590
Request from pid 180590: max_threads=65535, hint_threads=8
Granted 8 threads to pid 180590
Request from pid 180590: max_threads=65535, hint_threads=8
Granted 8 threads to pid 180590
Request from pid 180590: max_threads=65535, hint_threads=8
Granted 8 threads to pid 180590
Client closed connection
Accepted connection
Handling client
Request from pid 180636: max_threads=65535, hint_threads=8
Granted 8 threads to pid 180636
Request from pid 180636: max_threads=65535, hint_threads=8
Granted 8 threads to pid 180636
Read error: Connection reset by peer (os error 104)
Accepted connection
Handling client
Request from pid 180819: max_threads=65535, hint_threads=8
Granted 8 threads to pid 180819
Request from pid 180819: max_threads=65535, hint_threads=8
Granted 8 threads to pid 180819
Request from pid 180819: max_threads=65535, hint_threads=8
Granted 8 threads to pid 180819
Request from pid 180819: max_threads=65535, hint_threads=8
Granted 8 threads to pid 180819
Request from pid 180819: max_threads=65535, hint_threads=8
Granted 8 threads to pid 180819
Request from pid 180819: max_threads=65535, hint_threads=8
Granted 8 threads to pid 180819
Request from pid 180819: max_threads=65535, hint_threads=8
Granted 8 threads to pid 180819
Request from pid 180819: max_threads=65535, hint_threads=8
Granted 8 threads to pid 180819
Request from pid 180819: max_threads=65535, hint_threads=8
Granted 8 threads to pid 180819
Request from pid 180819: max_threads=65535, hint_threads=8
Granted 8 threads to pid 180819
Request from pid 180819: max_threads=65535, hint_threads=8
Granted 8 threads to pid 180819
Request from pid 180819: max_threads=65535, hint_threads=8
Granted 8 threads to pid 180819
Request from pid 180819: max_threads=65535, hint_threads=8
Granted 8 threads to pid 180819
Request from pid 180819: max_threads=65535, hint_threads=8
Granted 8 threads to pid 180819
Request from pid 180819: max_threads=65535, hint_threads=8
Granted 8 threads to pid 180819
Request from pid 180819: max_threads=65535, hint_threads=8
Granted 8 threads to pid 180819
Request from pid 180819: max_threads=65535, hint_threads=8
Granted 8 threads to pid 180819
Request from pid 180819: max_threads=65535, hint_threads=8
Granted 8 threads to pid 180819
Request from pid 180819: max_threads=65535, hint_threads=8
Granted 8 threads to pid 180819
Request from pid 180819: max_threads=65535, hint_threads=8
Granted 8 threads to pid 180819
Request from pid 180819: max_threads=65535, hint_threads=8
Granted 8 threads to pid 180819
Request from pid 180819: max_threads=65535, hint_threads=8
Granted 8 threads to pid 180819
Request from pid 180819: max_threads=65535, hint_threads=8
Granted 8 threads to pid 180819
Request from pid 180819: max_threads=65535, hint_threads=8
Granted 8 threads to pid 180819
Request from pid 180819: max_threads=65535, hint_threads=8
Granted 8 threads to pid 180819
Request from pid 180819: max_threads=65535, hint_threads=8
Granted 8 threads to pid 180819
Request from pid 180819: max_threads=65535, hint_threads=8
Granted 8 threads to pid 180819
Request from pid 180819: max_threads=65535, hint_threads=8
Granted 8 threads to pid 180819
Request from pid 180819: max_threads=65535, hint_threads=8
Granted 8 threads to pid 180819
Request from pid 180819: max_threads=65535, hint_threads=8
Granted 8 threads to pid 180819
Request from pid 180819: max_threads=65535, hint_threads=8
Granted 8 threads to pid 180819
Request from pid 180819: max_threads=65535, hint_threads=8
Granted 8 threads to pid 180819
Request from pid 180819: max_threads=65535, hint_threads=8
Granted 8 threads to pid 180819
Request from pid 180819: max_threads=65535, hint_threads=8
Granted 8 threads to pid 180819
Request from pid 180819: max_threads=65535, hint_threads=8
Granted 8 threads to pid 180819
Request from pid 180819: max_threads=65535, hint_threads=8
Granted 8 threads to pid 180819
Request from pid 180819: max_threads=65535, hint_threads=8
Granted 8 threads to pid 180819
Request from pid 180819: max_threads=65535, hint_threads=8
Granted 8 threads to pid 180819
Request from pid 180819: max_threads=65535, hint_threads=8
Granted 8 threads to pid 180819
Request from pid 180819: max_threads=65535, hint_threads=8
Granted 8 threads to pid 180819
Request from pid 180819: max_threads=65535, hint_threads=8
Granted 8 threads to pid 180819
Request from pid 180819: max_threads=65535, hint_threads=8
Granted 8 threads to pid 180819
Request from pid 180819: max_threads=65535, hint_threads=8
Granted 8 threads to pid 180819
Request from pid 180819: max_threads=65535, hint_threads=8
Granted 8 threads to pid 180819
Request from pid 180819: max_threads=65535, hint_threads=8
Granted 8 threads to pid 180819
Request from pid 180819: max_threads=65535, hint_threads=8
Granted 8 threads to pid 180819
Request from pid 180819: max_threads=65535, hint_threads=8
Granted 8 threads to pid 180819
Read error: Connection reset by peer (os error 104)
Accepted connection
Handling client
Request from pid 180864: max_threads=65535, hint_threads=8
Granted 8 threads to pid 180864
Request from pid 180864: max_threads=65535, hint_threads=8
Granted 8 threads to pid 180864
Request from pid 180864: max_threads=65535, hint_threads=8
Granted 8 threads to pid 180864
Request from pid 180864: max_threads=65535, hint_threads=8
Granted 8 threads to pid 180864
Request from pid 180864: max_threads=65535, hint_threads=8
Granted 8 threads to pid 180864
Request from pid 180864: max_threads=65535, hint_threads=8
Granted 8 threads to pid 180864
Request from pid 180864: max_threads=65535, hint_threads=8
Granted 8 threads to pid 180864
Request from pid 180864: max_threads=65535, hint_threads=8
Granted 8 threads to pid 180864
Request from pid 180864: max_threads=65535, hint_threads=8
Granted 8 threads to pid 180864
Request from pid 180864: max_threads=65535, hint_threads=8
Granted 8 threads to pid 180864
Request from pid 180864: max_threads=65535, hint_threads=8
Granted 8 threads to pid 180864
Request from pid 180864: max_threads=65535, hint_threads=8
Granted 8 threads to pid 180864
Request from pid 180864: max_threads=65535, hint_threads=8
Granted 8 threads to pid 180864
Request from pid 180864: max_threads=65535, hint_threads=8
Granted 8 threads to pid 180864
Request from pid 180864: max_threads=65535, hint_threads=8
Granted 8 threads to pid 180864
Request from pid 180864: max_threads=65535, hint_threads=8
Granted 8 threads to pid 180864
Request from pid 180864: max_threads=65535, hint_threads=8
Granted 8 threads to pid 180864
Request from pid 180864: max_threads=65535, hint_threads=8
Granted 8 threads to pid 180864
Request from pid 180864: max_threads=65535, hint_threads=8
Granted 8 threads to pid 180864
Request from pid 180864: max_threads=65535, hint_threads=8
Granted 8 threads to pid 180864
Request from pid 180864: max_threads=65535, hint_threads=8
Granted 8 threads to pid 180864
Request from pid 180864: max_threads=65535, hint_threads=8
Granted 8 threads to pid 180864
Request from pid 180864: max_threads=65535, hint_threads=8
Granted 8 threads to pid 180864
Request from pid 180864: max_threads=65535, hint_threads=8
Granted 8 threads to pid 180864
Request from pid 180864: max_threads=65535, hint_threads=8
Granted 8 threads to pid 180864
Request from pid 180864: max_threads=65535, hint_threads=8
Granted 8 threads to pid 180864
Request from pid 180864: max_threads=65535, hint_threads=8
Granted 8 threads to pid 180864
Request from pid 180864: max_threads=65535, hint_threads=8
Granted 8 threads to pid 180864
Request from pid 180864: max_threads=65535, hint_threads=8
Granted 8 threads to pid 180864
Request from pid 180864: max_threads=65535, hint_threads=8
Granted 8 threads to pid 180864
Request from pid 180864: max_threads=65535, hint_threads=8
Granted 8 threads to pid 180864
Request from pid 180864: max_threads=65535, hint_threads=8
Granted 8 threads to pid 180864
Request from pid 180864: max_threads=65535, hint_threads=8
Granted 8 threads to pid 180864
Request from pid 180864: max_threads=65535, hint_threads=8
Granted 8 threads to pid 180864
Request from pid 180864: max_threads=65535, hint_threads=8
Granted 8 threads to pid 180864
Request from pid 180864: max_threads=65535, hint_threads=8
Granted 8 threads to pid 180864
Request from pid 180864: max_threads=65535, hint_threads=8
Granted 8 threads to pid 180864
Request from pid 180864: max_threads=65535, hint_threads=8
Granted 8 threads to pid 180864
Request from pid 180864: max_threads=65535, hint_threads=8
Granted 8 threads to pid 180864
Request from pid 180864: max_threads=65535, hint_threads=8
Granted 8 threads to pid 180864
Request from pid 180864: max_threads=65535, hint_threads=8
Granted 8 threads to pid 180864
Client closed connection
Accepted connection
Handling client
Request from pid 180928: max_threads=65535, hint_threads=8
Granted 8 threads to pid 180928
Request from pid 180928: max_threads=65535, hint_threads=8
Granted 8 threads to pid 180928
Read error: Connection reset by peer (os error 104)
Accepted connection
Handling client
Request from pid 180974: max_threads=65535, hint_threads=8
Granted 8 threads to pid 180974
Request from pid 180974: max_threads=65535, hint_threads=8
Granted 8 threads to pid 180974
Request from pid 180974: max_threads=65535, hint_threads=8
Granted 8 threads to pid 180974
Request from pid 180974: max_threads=65535, hint_threads=8
Granted 8 threads to pid 180974
Request from pid 180974: max_threads=65535, hint_threads=8
Granted 8 threads to pid 180974
Request from pid 180974: max_threads=65535, hint_threads=8
Granted 8 threads to pid 180974
Request from pid 180974: max_threads=65535, hint_threads=8
Granted 8 threads to pid 180974
Request from pid 180974: max_threads=65535, hint_threads=8
Granted 8 threads to pid 180974
Request from pid 180974: max_threads=65535, hint_threads=8
Granted 8 threads to pid 180974
Request from pid 180974: max_threads=65535, hint_threads=8
Granted 8 threads to pid 180974
Request from pid 180974: max_threads=65535, hint_threads=8
Granted 8 threads to pid 180974
Request from pid 180974: max_threads=65535, hint_threads=8
Granted 8 threads to pid 180974
Request from pid 180974: max_threads=65535, hint_threads=8
Granted 8 threads to pid 180974
Request from pid 180974: max_threads=65535, hint_threads=8
Granted 8 threads to pid 180974
Request from pid 180974: max_threads=65535, hint_threads=8
Granted 8 threads to pid 180974
Request from pid 180974: max_threads=65535, hint_threads=8
Granted 8 threads to pid 180974
Request from pid 180974: max_threads=65535, hint_threads=8
Granted 8 threads to pid 180974
Request from pid 180974: max_threads=65535, hint_threads=8
Granted 8 threads to pid 180974
Request from pid 180974: max_threads=65535, hint_threads=8
Granted 8 threads to pid 180974
Request from pid 180974: max_threads=65535, hint_threads=8
Granted 8 threads to pid 180974
Request from pid 180974: max_threads=65535, hint_threads=8
Granted 8 threads to pid 180974
Request from pid 180974: max_threads=65535, hint_threads=8
Granted 8 threads to pid 180974
Request from pid 180974: max_threads=65535, hint_threads=8
Granted 8 threads to pid 180974
Request from pid 180974: max_threads=65535, hint_threads=8
Granted 8 threads to pid 180974
Request from pid 180974: max_threads=65535, hint_threads=8
Granted 8 threads to pid 180974
Request from pid 180974: max_threads=65535, hint_threads=8
Granted 8 threads to pid 180974
Request from pid 180974: max_threads=65535, hint_threads=8
Granted 8 threads to pid 180974
Request from pid 180974: max_threads=65535, hint_threads=8
Granted 8 threads to pid 180974
Request from pid 180974: max_threads=65535, hint_threads=8
Granted 8 threads to pid 180974
Request from pid 180974: max_threads=65535, hint_threads=8
Granted 8 threads to pid 180974
Request from pid 180974: max_threads=65535, hint_threads=8
Granted 8 threads to pid 180974
Request from pid 180974: max_threads=65535, hint_threads=8
Granted 8 threads to pid 180974
Request from pid 180974: max_threads=65535, hint_threads=8
Granted 8 threads to pid 180974
Request from pid 180974: max_threads=65535, hint_threads=8
Granted 8 threads to pid 180974
Request from pid 180974: max_threads=65535, hint_threads=8
Granted 8 threads to pid 180974
Request from pid 180974: max_threads=65535, hint_threads=8
Granted 8 threads to pid 180974
Request from pid 180974: max_threads=65535, hint_threads=8
Granted 8 threads to pid 180974
Request from pid 180974: max_threads=65535, hint_threads=8
Granted 8 threads to pid 180974
Request from pid 180974: max_threads=65535, hint_threads=8
Granted 8 threads to pid 180974
Request from pid 180974: max_threads=65535, hint_threads=8
Granted 8 threads to pid 180974
Request from pid 180974: max_threads=65535, hint_threads=8
Granted 8 threads to pid 180974
Request from pid 180974: max_threads=65535, hint_threads=8
Granted 8 threads to pid 180974
Request from pid 180974: max_threads=65535, hint_threads=8
Granted 8 threads to pid 180974
Request from pid 180974: max_threads=65535, hint_threads=8
Granted 8 threads to pid 180974
Request from pid 180974: max_threads=65535, hint_threads=8
Granted 8 threads to pid 180974
Request from pid 180974: max_threads=65535, hint_threads=8
Granted 8 threads to pid 180974
Request from pid 180974: max_threads=65535, hint_threads=8
Granted 8 threads to pid 180974
Read error: Connection reset by peer (os error 104)
Accepted connection
Handling client
Request from pid 181050: max_threads=65535, hint_threads=8
Granted 8 threads to pid 181050
Request from pid 181050: max_threads=65535, hint_threads=8
Granted 8 threads to pid 181050
Request from pid 181050: max_threads=65535, hint_threads=8
Granted 8 threads to pid 181050
Request from pid 181050: max_threads=65535, hint_threads=8
Granted 8 threads to pid 181050
Request from pid 181050: max_threads=65535, hint_threads=8
Granted 8 threads to pid 181050
Request from pid 181050: max_threads=65535, hint_threads=8
Granted 8 threads to pid 181050
Request from pid 181050: max_threads=65535, hint_threads=8
Granted 8 threads to pid 181050
Request from pid 181050: max_threads=65535, hint_threads=8
Granted 8 threads to pid 181050
Request from pid 181050: max_threads=65535, hint_threads=8
Granted 8 threads to pid 181050
Request from pid 181050: max_threads=65535, hint_threads=8
Granted 8 threads to pid 181050
Request from pid 181050: max_threads=65535, hint_threads=8
Granted 8 threads to pid 181050
Request from pid 181050: max_threads=65535, hint_threads=8
Granted 8 threads to pid 181050
Request from pid 181050: max_threads=65535, hint_threads=8
Granted 8 threads to pid 181050
Request from pid 181050: max_threads=65535, hint_threads=8
Granted 8 threads to pid 181050
Request from pid 181050: max_threads=65535, hint_threads=8
Granted 8 threads to pid 181050
Request from pid 181050: max_threads=65535, hint_threads=8
Granted 8 threads to pid 181050
Request from pid 181050: max_threads=65535, hint_threads=8
Granted 8 threads to pid 181050
Request from pid 181050: max_threads=65535, hint_threads=8
Granted 8 threads to pid 181050
Request from pid 181050: max_threads=65535, hint_threads=8
Granted 8 threads to pid 181050
Request from pid 181050: max_threads=65535, hint_threads=8
Granted 8 threads to pid 181050
Request from pid 181050: max_threads=65535, hint_threads=8
Granted 8 threads to pid 181050
Request from pid 181050: max_threads=65535, hint_threads=8
Granted 8 threads to pid 181050
Request from pid 181050: max_threads=65535, hint_threads=8
Granted 8 threads to pid 181050
Request from pid 181050: max_threads=65535, hint_threads=8
Granted 8 threads to pid 181050
Request from pid 181050: max_threads=65535, hint_threads=8
Granted 8 threads to pid 181050
Request from pid 181050: max_threads=65535, hint_threads=8
Granted 8 threads to pid 181050
Request from pid 181050: max_threads=65535, hint_threads=8
Granted 8 threads to pid 181050
Request from pid 181050: max_threads=65535, hint_threads=8
Granted 8 threads to pid 181050
Request from pid 181050: max_threads=65535, hint_threads=8
Granted 8 threads to pid 181050
Request from pid 181050: max_threads=65535, hint_threads=8
Granted 8 threads to pid 181050
Request from pid 181050: max_threads=65535, hint_threads=8
Granted 8 threads to pid 181050
Request from pid 181050: max_threads=65535, hint_threads=8
Granted 8 threads to pid 181050
Request from pid 181050: max_threads=65535, hint_threads=8
Granted 8 threads to pid 181050
Request from pid 181050: max_threads=65535, hint_threads=8
Granted 8 threads to pid 181050
Request from pid 181050: max_threads=65535, hint_threads=8
Granted 8 threads to pid 181050
Request from pid 181050: max_threads=65535, hint_threads=8
Granted 8 threads to pid 181050
Request from pid 181050: max_threads=65535, hint_threads=8
Granted 8 threads to pid 181050
Request from pid 181050: max_threads=65535, hint_threads=8
Granted 8 threads to pid 181050
Request from pid 181050: max_threads=65535, hint_threads=8
Granted 8 threads to pid 181050
Request from pid 181050: max_threads=65535, hint_threads=8
Granted 8 threads to pid 181050
Request from pid 181050: max_threads=65535, hint_threads=8
Granted 8 threads to pid 181050
Request from pid 181050: max_threads=65535, hint_threads=8
Granted 8 threads to pid 181050
Request from pid 181050: max_threads=65535, hint_threads=8
Granted 8 threads to pid 181050
Request from pid 181050: max_threads=65535, hint_threads=8
Granted 8 threads to pid 181050
Client closed connection
Accepted connection
Handling client
Request from pid 181106: max_threads=65535, hint_threads=8
Granted 8 threads to pid 181106
Request from pid 181106: max_threads=65535, hint_threads=8
Granted 8 threads to pid 181106
Read error: Connection reset by peer (os error 104)
DRM stopped at Mon Mar  9 23:00:50 CET 2026, was capacity=8
Starting DRM at Mon Mar  9 23:00:51 CET 2026, capacity=16, RM_CPU=0
Listening on /tmp/omp-rm.sock (capacity=16, strategy=fair_share)
   PID CMD
181136 /dss/dsshome1/09/ga27qam2/dynamic-resource-manager/target/release/dynamic-resource-manager
Accepted connection
Handling client
Request from pid 181161: max_threads=65535, hint_threads=16
Granted 16 threads to pid 181161
Request from pid 181161: max_threads=65535, hint_threads=16
Granted 16 threads to pid 181161
Request from pid 181161: max_threads=65535, hint_threads=16
Granted 16 threads to pid 181161
Request from pid 181161: max_threads=65535, hint_threads=16
Granted 16 threads to pid 181161
Request from pid 181161: max_threads=65535, hint_threads=16
Granted 16 threads to pid 181161
Request from pid 181161: max_threads=65535, hint_threads=16
Granted 16 threads to pid 181161
Request from pid 181161: max_threads=65535, hint_threads=16
Granted 16 threads to pid 181161
Request from pid 181161: max_threads=65535, hint_threads=16
Granted 16 threads to pid 181161
Request from pid 181161: max_threads=65535, hint_threads=16
Granted 16 threads to pid 181161
Request from pid 181161: max_threads=65535, hint_threads=16
Granted 16 threads to pid 181161
Request from pid 181161: max_threads=65535, hint_threads=16
Granted 16 threads to pid 181161
Request from pid 181161: max_threads=65535, hint_threads=16
Granted 16 threads to pid 181161
Request from pid 181161: max_threads=65535, hint_threads=16
Granted 16 threads to pid 181161
Request from pid 181161: max_threads=65535, hint_threads=16
Granted 16 threads to pid 181161
Request from pid 181161: max_threads=65535, hint_threads=16
Granted 16 threads to pid 181161
Request from pid 181161: max_threads=65535, hint_threads=16
Granted 16 threads to pid 181161
Request from pid 181161: max_threads=65535, hint_threads=16
Granted 16 threads to pid 181161
Request from pid 181161: max_threads=65535, hint_threads=16
Granted 16 threads to pid 181161
Request from pid 181161: max_threads=65535, hint_threads=16
Granted 16 threads to pid 181161
Request from pid 181161: max_threads=65535, hint_threads=16
Granted 16 threads to pid 181161
Request from pid 181161: max_threads=65535, hint_threads=16
Granted 16 threads to pid 181161
Request from pid 181161: max_threads=65535, hint_threads=16
Granted 16 threads to pid 181161
Request from pid 181161: max_threads=65535, hint_threads=16
Granted 16 threads to pid 181161
Request from pid 181161: max_threads=65535, hint_threads=16
Granted 16 threads to pid 181161
Request from pid 181161: max_threads=65535, hint_threads=16
Granted 16 threads to pid 181161
Request from pid 181161: max_threads=65535, hint_threads=16
Granted 16 threads to pid 181161
Request from pid 181161: max_threads=65535, hint_threads=16
Granted 16 threads to pid 181161
Request from pid 181161: max_threads=65535, hint_threads=16
Granted 16 threads to pid 181161
Request from pid 181161: max_threads=65535, hint_threads=16
Granted 16 threads to pid 181161
Request from pid 181161: max_threads=65535, hint_threads=16
Granted 16 threads to pid 181161
Request from pid 181161: max_threads=65535, hint_threads=16
Granted 16 threads to pid 181161
Request from pid 181161: max_threads=65535, hint_threads=16
Granted 16 threads to pid 181161
Request from pid 181161: max_threads=65535, hint_threads=16
Granted 16 threads to pid 181161
Request from pid 181161: max_threads=65535, hint_threads=16
Granted 16 threads to pid 181161
Request from pid 181161: max_threads=65535, hint_threads=16
Granted 16 threads to pid 181161
Request from pid 181161: max_threads=65535, hint_threads=16
Granted 16 threads to pid 181161
Request from pid 181161: max_threads=65535, hint_threads=16
Granted 16 threads to pid 181161
Request from pid 181161: max_threads=65535, hint_threads=16
Granted 16 threads to pid 181161
Request from pid 181161: max_threads=65535, hint_threads=16
Granted 16 threads to pid 181161
Request from pid 181161: max_threads=65535, hint_threads=16
Granted 16 threads to pid 181161
Request from pid 181161: max_threads=65535, hint_threads=16
Granted 16 threads to pid 181161
Request from pid 181161: max_threads=65535, hint_threads=16
Granted 16 threads to pid 181161
Request from pid 181161: max_threads=65535, hint_threads=16
Granted 16 threads to pid 181161
Request from pid 181161: max_threads=65535, hint_threads=16
Granted 16 threads to pid 181161
Request from pid 181161: max_threads=65535, hint_threads=16
Granted 16 threads to pid 181161
Request from pid 181161: max_threads=65535, hint_threads=16
Granted 16 threads to pid 181161
Request from pid 181161: max_threads=65535, hint_threads=16
Granted 16 threads to pid 181161
Read error: Connection reset by peer (os error 104)
Accepted connection
Handling client
Request from pid 181230: max_threads=65535, hint_threads=16
Granted 16 threads to pid 181230
Request from pid 181230: max_threads=65535, hint_threads=16
Granted 16 threads to pid 181230
Request from pid 181230: max_threads=65535, hint_threads=16
Granted 16 threads to pid 181230
Request from pid 181230: max_threads=65535, hint_threads=16
Granted 16 threads to pid 181230
Request from pid 181230: max_threads=65535, hint_threads=16
Granted 16 threads to pid 181230
Request from pid 181230: max_threads=65535, hint_threads=16
Granted 16 threads to pid 181230
Request from pid 181230: max_threads=65535, hint_threads=16
Granted 16 threads to pid 181230
Request from pid 181230: max_threads=65535, hint_threads=16
Granted 16 threads to pid 181230
Request from pid 181230: max_threads=65535, hint_threads=16
Granted 16 threads to pid 181230
Request from pid 181230: max_threads=65535, hint_threads=16
Granted 16 threads to pid 181230
Request from pid 181230: max_threads=65535, hint_threads=16
Granted 16 threads to pid 181230
Request from pid 181230: max_threads=65535, hint_threads=16
Granted 16 threads to pid 181230
Request from pid 181230: max_threads=65535, hint_threads=16
Granted 16 threads to pid 181230
Request from pid 181230: max_threads=65535, hint_threads=16
Granted 16 threads to pid 181230
Request from pid 181230: max_threads=65535, hint_threads=16
Granted 16 threads to pid 181230
Request from pid 181230: max_threads=65535, hint_threads=16
Granted 16 threads to pid 181230
Request from pid 181230: max_threads=65535, hint_threads=16
Granted 16 threads to pid 181230
Request from pid 181230: max_threads=65535, hint_threads=16
Granted 16 threads to pid 181230
Request from pid 181230: max_threads=65535, hint_threads=16
Granted 16 threads to pid 181230
Request from pid 181230: max_threads=65535, hint_threads=16
Granted 16 threads to pid 181230
Request from pid 181230: max_threads=65535, hint_threads=16
Granted 16 threads to pid 181230
Request from pid 181230: max_threads=65535, hint_threads=16
Granted 16 threads to pid 181230
Request from pid 181230: max_threads=65535, hint_threads=16
Granted 16 threads to pid 181230
Request from pid 181230: max_threads=65535, hint_threads=16
Granted 16 threads to pid 181230
Request from pid 181230: max_threads=65535, hint_threads=16
Granted 16 threads to pid 181230
Request from pid 181230: max_threads=65535, hint_threads=16
Granted 16 threads to pid 181230
Request from pid 181230: max_threads=65535, hint_threads=16
Granted 16 threads to pid 181230
Request from pid 181230: max_threads=65535, hint_threads=16
Granted 16 threads to pid 181230
Request from pid 181230: max_threads=65535, hint_threads=16
Granted 16 threads to pid 181230
Request from pid 181230: max_threads=65535, hint_threads=16
Granted 16 threads to pid 181230
Request from pid 181230: max_threads=65535, hint_threads=16
Granted 16 threads to pid 181230
Request from pid 181230: max_threads=65535, hint_threads=16
Granted 16 threads to pid 181230
Request from pid 181230: max_threads=65535, hint_threads=16
Granted 16 threads to pid 181230
Request from pid 181230: max_threads=65535, hint_threads=16
Granted 16 threads to pid 181230
Request from pid 181230: max_threads=65535, hint_threads=16
Granted 16 threads to pid 181230
Request from pid 181230: max_threads=65535, hint_threads=16
Granted 16 threads to pid 181230
Request from pid 181230: max_threads=65535, hint_threads=16
Granted 16 threads to pid 181230
Request from pid 181230: max_threads=65535, hint_threads=16
Granted 16 threads to pid 181230
Request from pid 181230: max_threads=65535, hint_threads=16
Granted 16 threads to pid 181230
Request from pid 181230: max_threads=65535, hint_threads=16
Granted 16 threads to pid 181230
Client closed connection
Accepted connection
Handling client
Request from pid 181437: max_threads=65535, hint_threads=16
Granted 16 threads to pid 181437
Request from pid 181437: max_threads=65535, hint_threads=16
Granted 16 threads to pid 181437
Read error: Connection reset by peer (os error 104)
Accepted connection
Handling client
Request from pid 181496: max_threads=65535, hint_threads=16
Granted 16 threads to pid 181496
Request from pid 181496: max_threads=65535, hint_threads=16
Granted 16 threads to pid 181496
Request from pid 181496: max_threads=65535, hint_threads=16
Granted 16 threads to pid 181496
Request from pid 181496: max_threads=65535, hint_threads=16
Granted 16 threads to pid 181496
Request from pid 181496: max_threads=65535, hint_threads=16
Granted 16 threads to pid 181496
Request from pid 181496: max_threads=65535, hint_threads=16
Granted 16 threads to pid 181496
Request from pid 181496: max_threads=65535, hint_threads=16
Granted 16 threads to pid 181496
Request from pid 181496: max_threads=65535, hint_threads=16
Granted 16 threads to pid 181496
Request from pid 181496: max_threads=65535, hint_threads=16
Granted 16 threads to pid 181496
Request from pid 181496: max_threads=65535, hint_threads=16
Granted 16 threads to pid 181496
Request from pid 181496: max_threads=65535, hint_threads=16
Granted 16 threads to pid 181496
Request from pid 181496: max_threads=65535, hint_threads=16
Granted 16 threads to pid 181496
Request from pid 181496: max_threads=65535, hint_threads=16
Granted 16 threads to pid 181496
Request from pid 181496: max_threads=65535, hint_threads=16
Granted 16 threads to pid 181496
Request from pid 181496: max_threads=65535, hint_threads=16
Granted 16 threads to pid 181496
Request from pid 181496: max_threads=65535, hint_threads=16
Granted 16 threads to pid 181496
Request from pid 181496: max_threads=65535, hint_threads=16
Granted 16 threads to pid 181496
Request from pid 181496: max_threads=65535, hint_threads=16
Granted 16 threads to pid 181496
Request from pid 181496: max_threads=65535, hint_threads=16
Granted 16 threads to pid 181496
Request from pid 181496: max_threads=65535, hint_threads=16
Granted 16 threads to pid 181496
Request from pid 181496: max_threads=65535, hint_threads=16
Granted 16 threads to pid 181496
Request from pid 181496: max_threads=65535, hint_threads=16
Granted 16 threads to pid 181496
Request from pid 181496: max_threads=65535, hint_threads=16
Granted 16 threads to pid 181496
Request from pid 181496: max_threads=65535, hint_threads=16
Granted 16 threads to pid 181496
Request from pid 181496: max_threads=65535, hint_threads=16
Granted 16 threads to pid 181496
Request from pid 181496: max_threads=65535, hint_threads=16
Granted 16 threads to pid 181496
Request from pid 181496: max_threads=65535, hint_threads=16
Granted 16 threads to pid 181496
Request from pid 181496: max_threads=65535, hint_threads=16
Granted 16 threads to pid 181496
Request from pid 181496: max_threads=65535, hint_threads=16
Granted 16 threads to pid 181496
Request from pid 181496: max_threads=65535, hint_threads=16
Granted 16 threads to pid 181496
Request from pid 181496: max_threads=65535, hint_threads=16
Granted 16 threads to pid 181496
Request from pid 181496: max_threads=65535, hint_threads=16
Granted 16 threads to pid 181496
Request from pid 181496: max_threads=65535, hint_threads=16
Granted 16 threads to pid 181496
Request from pid 181496: max_threads=65535, hint_threads=16
Granted 16 threads to pid 181496
Request from pid 181496: max_threads=65535, hint_threads=16
Granted 16 threads to pid 181496
Request from pid 181496: max_threads=65535, hint_threads=16
Granted 16 threads to pid 181496
Request from pid 181496: max_threads=65535, hint_threads=16
Granted 16 threads to pid 181496
Request from pid 181496: max_threads=65535, hint_threads=16
Granted 16 threads to pid 181496
Request from pid 181496: max_threads=65535, hint_threads=16
Granted 16 threads to pid 181496
Request from pid 181496: max_threads=65535, hint_threads=16
Granted 16 threads to pid 181496
Request from pid 181496: max_threads=65535, hint_threads=16
Granted 16 threads to pid 181496
Request from pid 181496: max_threads=65535, hint_threads=16
Granted 16 threads to pid 181496
Request from pid 181496: max_threads=65535, hint_threads=16
Granted 16 threads to pid 181496
Request from pid 181496: max_threads=65535, hint_threads=16
Granted 16 threads to pid 181496
Request from pid 181496: max_threads=65535, hint_threads=16
Granted 16 threads to pid 181496
Request from pid 181496: max_threads=65535, hint_threads=16
Granted 16 threads to pid 181496
Request from pid 181496: max_threads=65535, hint_threads=16
Granted 16 threads to pid 181496
Read error: Connection reset by peer (os error 104)
Accepted connection
Handling client
Request from pid 181571: max_threads=65535, hint_threads=16
Granted 16 threads to pid 181571
Request from pid 181571: max_threads=65535, hint_threads=16
Granted 16 threads to pid 181571
Request from pid 181571: max_threads=65535, hint_threads=16
Granted 16 threads to pid 181571
Request from pid 181571: max_threads=65535, hint_threads=16
Granted 16 threads to pid 181571
Request from pid 181571: max_threads=65535, hint_threads=16
Granted 16 threads to pid 181571
Request from pid 181571: max_threads=65535, hint_threads=16
Granted 16 threads to pid 181571
Request from pid 181571: max_threads=65535, hint_threads=16
Granted 16 threads to pid 181571
Request from pid 181571: max_threads=65535, hint_threads=16
Granted 16 threads to pid 181571
Request from pid 181571: max_threads=65535, hint_threads=16
Granted 16 threads to pid 181571
Request from pid 181571: max_threads=65535, hint_threads=16
Granted 16 threads to pid 181571
Request from pid 181571: max_threads=65535, hint_threads=16
Granted 16 threads to pid 181571
Request from pid 181571: max_threads=65535, hint_threads=16
Granted 16 threads to pid 181571
Request from pid 181571: max_threads=65535, hint_threads=16
Granted 16 threads to pid 181571
Request from pid 181571: max_threads=65535, hint_threads=16
Granted 16 threads to pid 181571
Request from pid 181571: max_threads=65535, hint_threads=16
Granted 16 threads to pid 181571
Request from pid 181571: max_threads=65535, hint_threads=16
Granted 16 threads to pid 181571
Request from pid 181571: max_threads=65535, hint_threads=16
Granted 16 threads to pid 181571
Request from pid 181571: max_threads=65535, hint_threads=16
Granted 16 threads to pid 181571
Request from pid 181571: max_threads=65535, hint_threads=16
Granted 16 threads to pid 181571
Request from pid 181571: max_threads=65535, hint_threads=16
Granted 16 threads to pid 181571
Request from pid 181571: max_threads=65535, hint_threads=16
Granted 16 threads to pid 181571
Request from pid 181571: max_threads=65535, hint_threads=16
Granted 16 threads to pid 181571
Request from pid 181571: max_threads=65535, hint_threads=16
Granted 16 threads to pid 181571
Request from pid 181571: max_threads=65535, hint_threads=16
Granted 16 threads to pid 181571
Request from pid 181571: max_threads=65535, hint_threads=16
Granted 16 threads to pid 181571
Request from pid 181571: max_threads=65535, hint_threads=16
Granted 16 threads to pid 181571
Request from pid 181571: max_threads=65535, hint_threads=16
Granted 16 threads to pid 181571
Request from pid 181571: max_threads=65535, hint_threads=16
Granted 16 threads to pid 181571
Request from pid 181571: max_threads=65535, hint_threads=16
Granted 16 threads to pid 181571
Request from pid 181571: max_threads=65535, hint_threads=16
Granted 16 threads to pid 181571
Request from pid 181571: max_threads=65535, hint_threads=16
Granted 16 threads to pid 181571
Request from pid 181571: max_threads=65535, hint_threads=16
Granted 16 threads to pid 181571
Request from pid 181571: max_threads=65535, hint_threads=16
Granted 16 threads to pid 181571
Request from pid 181571: max_threads=65535, hint_threads=16
Granted 16 threads to pid 181571
Request from pid 181571: max_threads=65535, hint_threads=16
Granted 16 threads to pid 181571
Request from pid 181571: max_threads=65535, hint_threads=16
Granted 16 threads to pid 181571
Request from pid 181571: max_threads=65535, hint_threads=16
Granted 16 threads to pid 181571
Request from pid 181571: max_threads=65535, hint_threads=16
Granted 16 threads to pid 181571
Request from pid 181571: max_threads=65535, hint_threads=16
Granted 16 threads to pid 181571
Request from pid 181571: max_threads=65535, hint_threads=16
Granted 16 threads to pid 181571
Client closed connection
Accepted connection
Handling client
Request from pid 181630: max_threads=65535, hint_threads=16
Granted 16 threads to pid 181630
Request from pid 181630: max_threads=65535, hint_threads=16
Granted 16 threads to pid 181630
Read error: Connection reset by peer (os error 104)
Accepted connection
Handling client
Request from pid 181690: max_threads=65535, hint_threads=16
Granted 16 threads to pid 181690
Request from pid 181690: max_threads=65535, hint_threads=16
Granted 16 threads to pid 181690
Request from pid 181690: max_threads=65535, hint_threads=16
Granted 16 threads to pid 181690
Request from pid 181690: max_threads=65535, hint_threads=16
Granted 16 threads to pid 181690
Request from pid 181690: max_threads=65535, hint_threads=16
Granted 16 threads to pid 181690
Request from pid 181690: max_threads=65535, hint_threads=16
Granted 16 threads to pid 181690
Request from pid 181690: max_threads=65535, hint_threads=16
Granted 16 threads to pid 181690
Request from pid 181690: max_threads=65535, hint_threads=16
Granted 16 threads to pid 181690
Request from pid 181690: max_threads=65535, hint_threads=16
Granted 16 threads to pid 181690
Request from pid 181690: max_threads=65535, hint_threads=16
Granted 16 threads to pid 181690
Request from pid 181690: max_threads=65535, hint_threads=16
Granted 16 threads to pid 181690
Request from pid 181690: max_threads=65535, hint_threads=16
Granted 16 threads to pid 181690
Request from pid 181690: max_threads=65535, hint_threads=16
Granted 16 threads to pid 181690
Request from pid 181690: max_threads=65535, hint_threads=16
Granted 16 threads to pid 181690
Request from pid 181690: max_threads=65535, hint_threads=16
Granted 16 threads to pid 181690
Request from pid 181690: max_threads=65535, hint_threads=16
Granted 16 threads to pid 181690
Request from pid 181690: max_threads=65535, hint_threads=16
Granted 16 threads to pid 181690
Request from pid 181690: max_threads=65535, hint_threads=16
Granted 16 threads to pid 181690
Request from pid 181690: max_threads=65535, hint_threads=16
Granted 16 threads to pid 181690
Request from pid 181690: max_threads=65535, hint_threads=16
Granted 16 threads to pid 181690
Request from pid 181690: max_threads=65535, hint_threads=16
Granted 16 threads to pid 181690
Request from pid 181690: max_threads=65535, hint_threads=16
Granted 16 threads to pid 181690
Request from pid 181690: max_threads=65535, hint_threads=16
Granted 16 threads to pid 181690
Request from pid 181690: max_threads=65535, hint_threads=16
Granted 16 threads to pid 181690
Request from pid 181690: max_threads=65535, hint_threads=16
Granted 16 threads to pid 181690
Request from pid 181690: max_threads=65535, hint_threads=16
Granted 16 threads to pid 181690
Request from pid 181690: max_threads=65535, hint_threads=16
Granted 16 threads to pid 181690
Request from pid 181690: max_threads=65535, hint_threads=16
Granted 16 threads to pid 181690
Request from pid 181690: max_threads=65535, hint_threads=16
Granted 16 threads to pid 181690
Request from pid 181690: max_threads=65535, hint_threads=16
Granted 16 threads to pid 181690
Request from pid 181690: max_threads=65535, hint_threads=16
Granted 16 threads to pid 181690
Request from pid 181690: max_threads=65535, hint_threads=16
Granted 16 threads to pid 181690
Request from pid 181690: max_threads=65535, hint_threads=16
Granted 16 threads to pid 181690
Request from pid 181690: max_threads=65535, hint_threads=16
Granted 16 threads to pid 181690
Request from pid 181690: max_threads=65535, hint_threads=16
Granted 16 threads to pid 181690
Request from pid 181690: max_threads=65535, hint_threads=16
Granted 16 threads to pid 181690
Request from pid 181690: max_threads=65535, hint_threads=16
Granted 16 threads to pid 181690
Request from pid 181690: max_threads=65535, hint_threads=16
Granted 16 threads to pid 181690
Request from pid 181690: max_threads=65535, hint_threads=16
Granted 16 threads to pid 181690
Request from pid 181690: max_threads=65535, hint_threads=16
Granted 16 threads to pid 181690
Request from pid 181690: max_threads=65535, hint_threads=16
Granted 16 threads to pid 181690
Request from pid 181690: max_threads=65535, hint_threads=16
Granted 16 threads to pid 181690
Request from pid 181690: max_threads=65535, hint_threads=16
Granted 16 threads to pid 181690
Request from pid 181690: max_threads=65535, hint_threads=16
Granted 16 threads to pid 181690
Request from pid 181690: max_threads=65535, hint_threads=16
Granted 16 threads to pid 181690
Request from pid 181690: max_threads=65535, hint_threads=16
Granted 16 threads to pid 181690
Request from pid 181690: max_threads=65535, hint_threads=16
Granted 16 threads to pid 181690
Read error: Connection reset by peer (os error 104)
Accepted connection
Handling client
Request from pid 181759: max_threads=65535, hint_threads=16
Granted 16 threads to pid 181759
Request from pid 181759: max_threads=65535, hint_threads=16
Granted 16 threads to pid 181759
Request from pid 181759: max_threads=65535, hint_threads=16
Granted 16 threads to pid 181759
Request from pid 181759: max_threads=65535, hint_threads=16
Granted 16 threads to pid 181759
Request from pid 181759: max_threads=65535, hint_threads=16
Granted 16 threads to pid 181759
Request from pid 181759: max_threads=65535, hint_threads=16
Granted 16 threads to pid 181759
Request from pid 181759: max_threads=65535, hint_threads=16
Granted 16 threads to pid 181759
Request from pid 181759: max_threads=65535, hint_threads=16
Granted 16 threads to pid 181759
Request from pid 181759: max_threads=65535, hint_threads=16
Granted 16 threads to pid 181759
Request from pid 181759: max_threads=65535, hint_threads=16
Granted 16 threads to pid 181759
Request from pid 181759: max_threads=65535, hint_threads=16
Granted 16 threads to pid 181759
Request from pid 181759: max_threads=65535, hint_threads=16
Granted 16 threads to pid 181759
Request from pid 181759: max_threads=65535, hint_threads=16
Granted 16 threads to pid 181759
Request from pid 181759: max_threads=65535, hint_threads=16
Granted 16 threads to pid 181759
Request from pid 181759: max_threads=65535, hint_threads=16
Granted 16 threads to pid 181759
Request from pid 181759: max_threads=65535, hint_threads=16
Granted 16 threads to pid 181759
Request from pid 181759: max_threads=65535, hint_threads=16
Granted 16 threads to pid 181759
Request from pid 181759: max_threads=65535, hint_threads=16
Granted 16 threads to pid 181759
Request from pid 181759: max_threads=65535, hint_threads=16
Granted 16 threads to pid 181759
Request from pid 181759: max_threads=65535, hint_threads=16
Granted 16 threads to pid 181759
Request from pid 181759: max_threads=65535, hint_threads=16
Granted 16 threads to pid 181759
Request from pid 181759: max_threads=65535, hint_threads=16
Granted 16 threads to pid 181759
Request from pid 181759: max_threads=65535, hint_threads=16
Granted 16 threads to pid 181759
Request from pid 181759: max_threads=65535, hint_threads=16
Granted 16 threads to pid 181759
Request from pid 181759: max_threads=65535, hint_threads=16
Granted 16 threads to pid 181759
Request from pid 181759: max_threads=65535, hint_threads=16
Granted 16 threads to pid 181759
Request from pid 181759: max_threads=65535, hint_threads=16
Granted 16 threads to pid 181759
Request from pid 181759: max_threads=65535, hint_threads=16
Granted 16 threads to pid 181759
Request from pid 181759: max_threads=65535, hint_threads=16
Granted 16 threads to pid 181759
Request from pid 181759: max_threads=65535, hint_threads=16
Granted 16 threads to pid 181759
Request from pid 181759: max_threads=65535, hint_threads=16
Granted 16 threads to pid 181759
Request from pid 181759: max_threads=65535, hint_threads=16
Granted 16 threads to pid 181759
Request from pid 181759: max_threads=65535, hint_threads=16
Granted 16 threads to pid 181759
Request from pid 181759: max_threads=65535, hint_threads=16
Granted 16 threads to pid 181759
Request from pid 181759: max_threads=65535, hint_threads=16
Granted 16 threads to pid 181759
Request from pid 181759: max_threads=65535, hint_threads=16
Granted 16 threads to pid 181759
Request from pid 181759: max_threads=65535, hint_threads=16
Granted 16 threads to pid 181759
Request from pid 181759: max_threads=65535, hint_threads=16
Granted 16 threads to pid 181759
Request from pid 181759: max_threads=65535, hint_threads=16
Granted 16 threads to pid 181759
Request from pid 181759: max_threads=65535, hint_threads=16
Granted 16 threads to pid 181759
Request from pid 181759: max_threads=65535, hint_threads=16
Granted 16 threads to pid 181759
Client closed connection
Accepted connection
Handling client
Request from pid 181817: max_threads=65535, hint_threads=16
Granted 16 threads to pid 181817
Request from pid 181817: max_threads=65535, hint_threads=16
Granted 16 threads to pid 181817
Read error: Connection reset by peer (os error 104)
Accepted connection
Handling client
Request from pid 181878: max_threads=65535, hint_threads=16
Granted 16 threads to pid 181878
Request from pid 181878: max_threads=65535, hint_threads=16
Granted 16 threads to pid 181878
Request from pid 181878: max_threads=65535, hint_threads=16
Granted 16 threads to pid 181878
Request from pid 181878: max_threads=65535, hint_threads=16
Granted 16 threads to pid 181878
Request from pid 181878: max_threads=65535, hint_threads=16
Granted 16 threads to pid 181878
Request from pid 181878: max_threads=65535, hint_threads=16
Granted 16 threads to pid 181878
Request from pid 181878: max_threads=65535, hint_threads=16
Granted 16 threads to pid 181878
Request from pid 181878: max_threads=65535, hint_threads=16
Granted 16 threads to pid 181878
Request from pid 181878: max_threads=65535, hint_threads=16
Granted 16 threads to pid 181878
Request from pid 181878: max_threads=65535, hint_threads=16
Granted 16 threads to pid 181878
Request from pid 181878: max_threads=65535, hint_threads=16
Granted 16 threads to pid 181878
Request from pid 181878: max_threads=65535, hint_threads=16
Granted 16 threads to pid 181878
Request from pid 181878: max_threads=65535, hint_threads=16
Granted 16 threads to pid 181878
Request from pid 181878: max_threads=65535, hint_threads=16
Granted 16 threads to pid 181878
Request from pid 181878: max_threads=65535, hint_threads=16
Granted 16 threads to pid 181878
Request from pid 181878: max_threads=65535, hint_threads=16
Granted 16 threads to pid 181878
Request from pid 181878: max_threads=65535, hint_threads=16
Granted 16 threads to pid 181878
Request from pid 181878: max_threads=65535, hint_threads=16
Granted 16 threads to pid 181878
Request from pid 181878: max_threads=65535, hint_threads=16
Granted 16 threads to pid 181878
Request from pid 181878: max_threads=65535, hint_threads=16
Granted 16 threads to pid 181878
Request from pid 181878: max_threads=65535, hint_threads=16
Granted 16 threads to pid 181878
Request from pid 181878: max_threads=65535, hint_threads=16
Granted 16 threads to pid 181878
Request from pid 181878: max_threads=65535, hint_threads=16
Granted 16 threads to pid 181878
Request from pid 181878: max_threads=65535, hint_threads=16
Granted 16 threads to pid 181878
Request from pid 181878: max_threads=65535, hint_threads=16
Granted 16 threads to pid 181878
Request from pid 181878: max_threads=65535, hint_threads=16
Granted 16 threads to pid 181878
Request from pid 181878: max_threads=65535, hint_threads=16
Granted 16 threads to pid 181878
Request from pid 181878: max_threads=65535, hint_threads=16
Granted 16 threads to pid 181878
Request from pid 181878: max_threads=65535, hint_threads=16
Granted 16 threads to pid 181878
Request from pid 181878: max_threads=65535, hint_threads=16
Granted 16 threads to pid 181878
Request from pid 181878: max_threads=65535, hint_threads=16
Granted 16 threads to pid 181878
Request from pid 181878: max_threads=65535, hint_threads=16
Granted 16 threads to pid 181878
Request from pid 181878: max_threads=65535, hint_threads=16
Granted 16 threads to pid 181878
Request from pid 181878: max_threads=65535, hint_threads=16
Granted 16 threads to pid 181878
Request from pid 181878: max_threads=65535, hint_threads=16
Granted 16 threads to pid 181878
Request from pid 181878: max_threads=65535, hint_threads=16
Granted 16 threads to pid 181878
Request from pid 181878: max_threads=65535, hint_threads=16
Granted 16 threads to pid 181878
Request from pid 181878: max_threads=65535, hint_threads=16
Granted 16 threads to pid 181878
Request from pid 181878: max_threads=65535, hint_threads=16
Granted 16 threads to pid 181878
Request from pid 181878: max_threads=65535, hint_threads=16
Granted 16 threads to pid 181878
Request from pid 181878: max_threads=65535, hint_threads=16
Granted 16 threads to pid 181878
Request from pid 181878: max_threads=65535, hint_threads=16
Granted 16 threads to pid 181878
Request from pid 181878: max_threads=65535, hint_threads=16
Granted 16 threads to pid 181878
Request from pid 181878: max_threads=65535, hint_threads=16
Granted 16 threads to pid 181878
Request from pid 181878: max_threads=65535, hint_threads=16
Granted 16 threads to pid 181878
Request from pid 181878: max_threads=65535, hint_threads=16
Granted 16 threads to pid 181878
Request from pid 181878: max_threads=65535, hint_threads=16
Granted 16 threads to pid 181878
Read error: Connection reset by peer (os error 104)
Accepted connection
Handling client
Request from pid 181954: max_threads=65535, hint_threads=16
Granted 16 threads to pid 181954
Request from pid 181954: max_threads=65535, hint_threads=16
Granted 16 threads to pid 181954
Request from pid 181954: max_threads=65535, hint_threads=16
Granted 16 threads to pid 181954
Request from pid 181954: max_threads=65535, hint_threads=16
Granted 16 threads to pid 181954
Request from pid 181954: max_threads=65535, hint_threads=16
Granted 16 threads to pid 181954
Request from pid 181954: max_threads=65535, hint_threads=16
Granted 16 threads to pid 181954
Request from pid 181954: max_threads=65535, hint_threads=16
Granted 16 threads to pid 181954
Request from pid 181954: max_threads=65535, hint_threads=16
Granted 16 threads to pid 181954
Request from pid 181954: max_threads=65535, hint_threads=16
Granted 16 threads to pid 181954
Request from pid 181954: max_threads=65535, hint_threads=16
Granted 16 threads to pid 181954
Request from pid 181954: max_threads=65535, hint_threads=16
Granted 16 threads to pid 181954
Request from pid 181954: max_threads=65535, hint_threads=16
Granted 16 threads to pid 181954
Request from pid 181954: max_threads=65535, hint_threads=16
Granted 16 threads to pid 181954
Request from pid 181954: max_threads=65535, hint_threads=16
Granted 16 threads to pid 181954
Request from pid 181954: max_threads=65535, hint_threads=16
Granted 16 threads to pid 181954
Request from pid 181954: max_threads=65535, hint_threads=16
Granted 16 threads to pid 181954
Request from pid 181954: max_threads=65535, hint_threads=16
Granted 16 threads to pid 181954
Request from pid 181954: max_threads=65535, hint_threads=16
Granted 16 threads to pid 181954
Request from pid 181954: max_threads=65535, hint_threads=16
Granted 16 threads to pid 181954
Request from pid 181954: max_threads=65535, hint_threads=16
Granted 16 threads to pid 181954
Request from pid 181954: max_threads=65535, hint_threads=16
Granted 16 threads to pid 181954
Request from pid 181954: max_threads=65535, hint_threads=16
Granted 16 threads to pid 181954
Request from pid 181954: max_threads=65535, hint_threads=16
Granted 16 threads to pid 181954
Request from pid 181954: max_threads=65535, hint_threads=16
Granted 16 threads to pid 181954
Request from pid 181954: max_threads=65535, hint_threads=16
Granted 16 threads to pid 181954
Request from pid 181954: max_threads=65535, hint_threads=16
Granted 16 threads to pid 181954
Request from pid 181954: max_threads=65535, hint_threads=16
Granted 16 threads to pid 181954
Request from pid 181954: max_threads=65535, hint_threads=16
Granted 16 threads to pid 181954
Request from pid 181954: max_threads=65535, hint_threads=16
Granted 16 threads to pid 181954
Request from pid 181954: max_threads=65535, hint_threads=16
Granted 16 threads to pid 181954
Request from pid 181954: max_threads=65535, hint_threads=16
Granted 16 threads to pid 181954
Request from pid 181954: max_threads=65535, hint_threads=16
Granted 16 threads to pid 181954
Request from pid 181954: max_threads=65535, hint_threads=16
Granted 16 threads to pid 181954
Request from pid 181954: max_threads=65535, hint_threads=16
Granted 16 threads to pid 181954
Request from pid 181954: max_threads=65535, hint_threads=16
Granted 16 threads to pid 181954
Request from pid 181954: max_threads=65535, hint_threads=16
Granted 16 threads to pid 181954
Request from pid 181954: max_threads=65535, hint_threads=16
Granted 16 threads to pid 181954
Request from pid 181954: max_threads=65535, hint_threads=16
Granted 16 threads to pid 181954
Request from pid 181954: max_threads=65535, hint_threads=16
Granted 16 threads to pid 181954
Request from pid 181954: max_threads=65535, hint_threads=16
Granted 16 threads to pid 181954
Client closed connection
Accepted connection
Handling client
Request from pid 182014: max_threads=65535, hint_threads=16
Granted 16 threads to pid 182014
Request from pid 182014: max_threads=65535, hint_threads=16
Granted 16 threads to pid 182014
Read error: Connection reset by peer (os error 104)
Accepted connection
Handling client
Request from pid 182081: max_threads=65535, hint_threads=16
Granted 16 threads to pid 182081
Request from pid 182081: max_threads=65535, hint_threads=16
Granted 16 threads to pid 182081
Request from pid 182081: max_threads=65535, hint_threads=16
Granted 16 threads to pid 182081
Request from pid 182081: max_threads=65535, hint_threads=16
Granted 16 threads to pid 182081
Request from pid 182081: max_threads=65535, hint_threads=16
Granted 16 threads to pid 182081
Request from pid 182081: max_threads=65535, hint_threads=16
Granted 16 threads to pid 182081
Request from pid 182081: max_threads=65535, hint_threads=16
Granted 16 threads to pid 182081
Request from pid 182081: max_threads=65535, hint_threads=16
Granted 16 threads to pid 182081
Request from pid 182081: max_threads=65535, hint_threads=16
Granted 16 threads to pid 182081
Request from pid 182081: max_threads=65535, hint_threads=16
Granted 16 threads to pid 182081
Request from pid 182081: max_threads=65535, hint_threads=16
Granted 16 threads to pid 182081
Request from pid 182081: max_threads=65535, hint_threads=16
Granted 16 threads to pid 182081
Request from pid 182081: max_threads=65535, hint_threads=16
Granted 16 threads to pid 182081
Request from pid 182081: max_threads=65535, hint_threads=16
Granted 16 threads to pid 182081
Request from pid 182081: max_threads=65535, hint_threads=16
Granted 16 threads to pid 182081
Request from pid 182081: max_threads=65535, hint_threads=16
Granted 16 threads to pid 182081
Request from pid 182081: max_threads=65535, hint_threads=16
Granted 16 threads to pid 182081
Request from pid 182081: max_threads=65535, hint_threads=16
Granted 16 threads to pid 182081
Request from pid 182081: max_threads=65535, hint_threads=16
Granted 16 threads to pid 182081
Request from pid 182081: max_threads=65535, hint_threads=16
Granted 16 threads to pid 182081
Request from pid 182081: max_threads=65535, hint_threads=16
Granted 16 threads to pid 182081
Request from pid 182081: max_threads=65535, hint_threads=16
Granted 16 threads to pid 182081
Request from pid 182081: max_threads=65535, hint_threads=16
Granted 16 threads to pid 182081
Request from pid 182081: max_threads=65535, hint_threads=16
Granted 16 threads to pid 182081
Request from pid 182081: max_threads=65535, hint_threads=16
Granted 16 threads to pid 182081
Request from pid 182081: max_threads=65535, hint_threads=16
Granted 16 threads to pid 182081
Request from pid 182081: max_threads=65535, hint_threads=16
Granted 16 threads to pid 182081
Request from pid 182081: max_threads=65535, hint_threads=16
Granted 16 threads to pid 182081
Request from pid 182081: max_threads=65535, hint_threads=16
Granted 16 threads to pid 182081
Request from pid 182081: max_threads=65535, hint_threads=16
Granted 16 threads to pid 182081
Request from pid 182081: max_threads=65535, hint_threads=16
Granted 16 threads to pid 182081
Request from pid 182081: max_threads=65535, hint_threads=16
Granted 16 threads to pid 182081
Request from pid 182081: max_threads=65535, hint_threads=16
Granted 16 threads to pid 182081
Request from pid 182081: max_threads=65535, hint_threads=16
Granted 16 threads to pid 182081
Request from pid 182081: max_threads=65535, hint_threads=16
Granted 16 threads to pid 182081
Request from pid 182081: max_threads=65535, hint_threads=16
Granted 16 threads to pid 182081
Request from pid 182081: max_threads=65535, hint_threads=16
Granted 16 threads to pid 182081
Request from pid 182081: max_threads=65535, hint_threads=16
Granted 16 threads to pid 182081
Request from pid 182081: max_threads=65535, hint_threads=16
Granted 16 threads to pid 182081
Request from pid 182081: max_threads=65535, hint_threads=16
Granted 16 threads to pid 182081
Request from pid 182081: max_threads=65535, hint_threads=16
Granted 16 threads to pid 182081
Request from pid 182081: max_threads=65535, hint_threads=16
Granted 16 threads to pid 182081
Request from pid 182081: max_threads=65535, hint_threads=16
Granted 16 threads to pid 182081
Request from pid 182081: max_threads=65535, hint_threads=16
Granted 16 threads to pid 182081
Request from pid 182081: max_threads=65535, hint_threads=16
Granted 16 threads to pid 182081
Request from pid 182081: max_threads=65535, hint_threads=16
Granted 16 threads to pid 182081
Request from pid 182081: max_threads=65535, hint_threads=16
Granted 16 threads to pid 182081
Read error: Connection reset by peer (os error 104)
Accepted connection
Handling client
Request from pid 182273: max_threads=65535, hint_threads=16
Granted 16 threads to pid 182273
Request from pid 182273: max_threads=65535, hint_threads=16
Granted 16 threads to pid 182273
Request from pid 182273: max_threads=65535, hint_threads=16
Granted 16 threads to pid 182273
Request from pid 182273: max_threads=65535, hint_threads=16
Granted 16 threads to pid 182273
Request from pid 182273: max_threads=65535, hint_threads=16
Granted 16 threads to pid 182273
Request from pid 182273: max_threads=65535, hint_threads=16
Granted 16 threads to pid 182273
Request from pid 182273: max_threads=65535, hint_threads=16
Granted 16 threads to pid 182273
Request from pid 182273: max_threads=65535, hint_threads=16
Granted 16 threads to pid 182273
Request from pid 182273: max_threads=65535, hint_threads=16
Granted 16 threads to pid 182273
Request from pid 182273: max_threads=65535, hint_threads=16
Granted 16 threads to pid 182273
Request from pid 182273: max_threads=65535, hint_threads=16
Granted 16 threads to pid 182273
Request from pid 182273: max_threads=65535, hint_threads=16
Granted 16 threads to pid 182273
Request from pid 182273: max_threads=65535, hint_threads=16
Granted 16 threads to pid 182273
Request from pid 182273: max_threads=65535, hint_threads=16
Granted 16 threads to pid 182273
Request from pid 182273: max_threads=65535, hint_threads=16
Granted 16 threads to pid 182273
Request from pid 182273: max_threads=65535, hint_threads=16
Granted 16 threads to pid 182273
Request from pid 182273: max_threads=65535, hint_threads=16
Granted 16 threads to pid 182273
Request from pid 182273: max_threads=65535, hint_threads=16
Granted 16 threads to pid 182273
Request from pid 182273: max_threads=65535, hint_threads=16
Granted 16 threads to pid 182273
Request from pid 182273: max_threads=65535, hint_threads=16
Granted 16 threads to pid 182273
Request from pid 182273: max_threads=65535, hint_threads=16
Granted 16 threads to pid 182273
Request from pid 182273: max_threads=65535, hint_threads=16
Granted 16 threads to pid 182273
Request from pid 182273: max_threads=65535, hint_threads=16
Granted 16 threads to pid 182273
Request from pid 182273: max_threads=65535, hint_threads=16
Granted 16 threads to pid 182273
Request from pid 182273: max_threads=65535, hint_threads=16
Granted 16 threads to pid 182273
Request from pid 182273: max_threads=65535, hint_threads=16
Granted 16 threads to pid 182273
Request from pid 182273: max_threads=65535, hint_threads=16
Granted 16 threads to pid 182273
Request from pid 182273: max_threads=65535, hint_threads=16
Granted 16 threads to pid 182273
Request from pid 182273: max_threads=65535, hint_threads=16
Granted 16 threads to pid 182273
Request from pid 182273: max_threads=65535, hint_threads=16
Granted 16 threads to pid 182273
Request from pid 182273: max_threads=65535, hint_threads=16
Granted 16 threads to pid 182273
Request from pid 182273: max_threads=65535, hint_threads=16
Granted 16 threads to pid 182273
Request from pid 182273: max_threads=65535, hint_threads=16
Granted 16 threads to pid 182273
Request from pid 182273: max_threads=65535, hint_threads=16
Granted 16 threads to pid 182273
Request from pid 182273: max_threads=65535, hint_threads=16
Granted 16 threads to pid 182273
Request from pid 182273: max_threads=65535, hint_threads=16
Granted 16 threads to pid 182273
Request from pid 182273: max_threads=65535, hint_threads=16
Granted 16 threads to pid 182273
Request from pid 182273: max_threads=65535, hint_threads=16
Granted 16 threads to pid 182273
Request from pid 182273: max_threads=65535, hint_threads=16
Granted 16 threads to pid 182273
Request from pid 182273: max_threads=65535, hint_threads=16
Granted 16 threads to pid 182273
Request from pid 182273: max_threads=65535, hint_threads=16
Granted 16 threads to pid 182273
Client closed connection
Accepted connection
Handling client
Request from pid 182332: max_threads=65535, hint_threads=16
Granted 16 threads to pid 182332
Request from pid 182332: max_threads=65535, hint_threads=16
Granted 16 threads to pid 182332
Read error: Connection reset by peer (os error 104)
Accepted connection
Handling client
Request from pid 182463: max_threads=65535, hint_threads=16
Granted 16 threads to pid 182463
Request from pid 182463: max_threads=65535, hint_threads=16
Granted 16 threads to pid 182463
Request from pid 182463: max_threads=65535, hint_threads=16
Granted 16 threads to pid 182463
Request from pid 182463: max_threads=65535, hint_threads=16
Granted 16 threads to pid 182463
Request from pid 182463: max_threads=65535, hint_threads=16
Granted 16 threads to pid 182463
Request from pid 182463: max_threads=65535, hint_threads=16
Granted 16 threads to pid 182463
Request from pid 182463: max_threads=65535, hint_threads=16
Granted 16 threads to pid 182463
Request from pid 182463: max_threads=65535, hint_threads=16
Granted 16 threads to pid 182463
Request from pid 182463: max_threads=65535, hint_threads=16
Granted 16 threads to pid 182463
Request from pid 182463: max_threads=65535, hint_threads=16
Granted 16 threads to pid 182463
Request from pid 182463: max_threads=65535, hint_threads=16
Granted 16 threads to pid 182463
Request from pid 182463: max_threads=65535, hint_threads=16
Granted 16 threads to pid 182463
Request from pid 182463: max_threads=65535, hint_threads=16
Granted 16 threads to pid 182463
Request from pid 182463: max_threads=65535, hint_threads=16
Granted 16 threads to pid 182463
Request from pid 182463: max_threads=65535, hint_threads=16
Granted 16 threads to pid 182463
Request from pid 182463: max_threads=65535, hint_threads=16
Granted 16 threads to pid 182463
Request from pid 182463: max_threads=65535, hint_threads=16
Granted 16 threads to pid 182463
Request from pid 182463: max_threads=65535, hint_threads=16
Granted 16 threads to pid 182463
Request from pid 182463: max_threads=65535, hint_threads=16
Granted 16 threads to pid 182463
Request from pid 182463: max_threads=65535, hint_threads=16
Granted 16 threads to pid 182463
Request from pid 182463: max_threads=65535, hint_threads=16
Granted 16 threads to pid 182463
Request from pid 182463: max_threads=65535, hint_threads=16
Granted 16 threads to pid 182463
Request from pid 182463: max_threads=65535, hint_threads=16
Granted 16 threads to pid 182463
Request from pid 182463: max_threads=65535, hint_threads=16
Granted 16 threads to pid 182463
Request from pid 182463: max_threads=65535, hint_threads=16
Granted 16 threads to pid 182463
Request from pid 182463: max_threads=65535, hint_threads=16
Granted 16 threads to pid 182463
Request from pid 182463: max_threads=65535, hint_threads=16
Granted 16 threads to pid 182463
Request from pid 182463: max_threads=65535, hint_threads=16
Granted 16 threads to pid 182463
Request from pid 182463: max_threads=65535, hint_threads=16
Granted 16 threads to pid 182463
Request from pid 182463: max_threads=65535, hint_threads=16
Granted 16 threads to pid 182463
Request from pid 182463: max_threads=65535, hint_threads=16
Granted 16 threads to pid 182463
Request from pid 182463: max_threads=65535, hint_threads=16
Granted 16 threads to pid 182463
Request from pid 182463: max_threads=65535, hint_threads=16
Granted 16 threads to pid 182463
Request from pid 182463: max_threads=65535, hint_threads=16
Granted 16 threads to pid 182463
Request from pid 182463: max_threads=65535, hint_threads=16
Granted 16 threads to pid 182463
Request from pid 182463: max_threads=65535, hint_threads=16
Granted 16 threads to pid 182463
Request from pid 182463: max_threads=65535, hint_threads=16
Granted 16 threads to pid 182463
Request from pid 182463: max_threads=65535, hint_threads=16
Granted 16 threads to pid 182463
Request from pid 182463: max_threads=65535, hint_threads=16
Granted 16 threads to pid 182463
Request from pid 182463: max_threads=65535, hint_threads=16
Granted 16 threads to pid 182463
Request from pid 182463: max_threads=65535, hint_threads=16
Granted 16 threads to pid 182463
Request from pid 182463: max_threads=65535, hint_threads=16
Granted 16 threads to pid 182463
Request from pid 182463: max_threads=65535, hint_threads=16
Granted 16 threads to pid 182463
Request from pid 182463: max_threads=65535, hint_threads=16
Granted 16 threads to pid 182463
Request from pid 182463: max_threads=65535, hint_threads=16
Granted 16 threads to pid 182463
Request from pid 182463: max_threads=65535, hint_threads=16
Granted 16 threads to pid 182463
Request from pid 182463: max_threads=65535, hint_threads=16
Granted 16 threads to pid 182463
Read error: Connection reset by peer (os error 104)
Accepted connection
Handling client
Request from pid 182520: max_threads=65535, hint_threads=16
Granted 16 threads to pid 182520
Request from pid 182520: max_threads=65535, hint_threads=16
Granted 16 threads to pid 182520
Request from pid 182520: max_threads=65535, hint_threads=16
Granted 16 threads to pid 182520
Request from pid 182520: max_threads=65535, hint_threads=16
Granted 16 threads to pid 182520
Request from pid 182520: max_threads=65535, hint_threads=16
Granted 16 threads to pid 182520
Request from pid 182520: max_threads=65535, hint_threads=16
Granted 16 threads to pid 182520
Request from pid 182520: max_threads=65535, hint_threads=16
Granted 16 threads to pid 182520
Request from pid 182520: max_threads=65535, hint_threads=16
Granted 16 threads to pid 182520
Request from pid 182520: max_threads=65535, hint_threads=16
Granted 16 threads to pid 182520
Request from pid 182520: max_threads=65535, hint_threads=16
Granted 16 threads to pid 182520
Request from pid 182520: max_threads=65535, hint_threads=16
Granted 16 threads to pid 182520
Request from pid 182520: max_threads=65535, hint_threads=16
Granted 16 threads to pid 182520
Request from pid 182520: max_threads=65535, hint_threads=16
Granted 16 threads to pid 182520
Request from pid 182520: max_threads=65535, hint_threads=16
Granted 16 threads to pid 182520
Request from pid 182520: max_threads=65535, hint_threads=16
Granted 16 threads to pid 182520
Request from pid 182520: max_threads=65535, hint_threads=16
Granted 16 threads to pid 182520
Request from pid 182520: max_threads=65535, hint_threads=16
Granted 16 threads to pid 182520
Request from pid 182520: max_threads=65535, hint_threads=16
Granted 16 threads to pid 182520
Request from pid 182520: max_threads=65535, hint_threads=16
Granted 16 threads to pid 182520
Request from pid 182520: max_threads=65535, hint_threads=16
Granted 16 threads to pid 182520
Request from pid 182520: max_threads=65535, hint_threads=16
Granted 16 threads to pid 182520
Request from pid 182520: max_threads=65535, hint_threads=16
Granted 16 threads to pid 182520
Request from pid 182520: max_threads=65535, hint_threads=16
Granted 16 threads to pid 182520
Request from pid 182520: max_threads=65535, hint_threads=16
Granted 16 threads to pid 182520
Request from pid 182520: max_threads=65535, hint_threads=16
Granted 16 threads to pid 182520
Request from pid 182520: max_threads=65535, hint_threads=16
Granted 16 threads to pid 182520
Request from pid 182520: max_threads=65535, hint_threads=16
Granted 16 threads to pid 182520
Request from pid 182520: max_threads=65535, hint_threads=16
Granted 16 threads to pid 182520
Request from pid 182520: max_threads=65535, hint_threads=16
Granted 16 threads to pid 182520
Request from pid 182520: max_threads=65535, hint_threads=16
Granted 16 threads to pid 182520
Request from pid 182520: max_threads=65535, hint_threads=16
Granted 16 threads to pid 182520
Request from pid 182520: max_threads=65535, hint_threads=16
Granted 16 threads to pid 182520
Request from pid 182520: max_threads=65535, hint_threads=16
Granted 16 threads to pid 182520
Request from pid 182520: max_threads=65535, hint_threads=16
Granted 16 threads to pid 182520
Request from pid 182520: max_threads=65535, hint_threads=16
Granted 16 threads to pid 182520
Request from pid 182520: max_threads=65535, hint_threads=16
Granted 16 threads to pid 182520
Request from pid 182520: max_threads=65535, hint_threads=16
Granted 16 threads to pid 182520
Request from pid 182520: max_threads=65535, hint_threads=16
Granted 16 threads to pid 182520
Request from pid 182520: max_threads=65535, hint_threads=16
Granted 16 threads to pid 182520
Client closed connection
Accepted connection
Handling client
Request from pid 182592: max_threads=65535, hint_threads=16
Granted 16 threads to pid 182592
Request from pid 182592: max_threads=65535, hint_threads=16
Granted 16 threads to pid 182592
Read error: Connection reset by peer (os error 104)
Accepted connection
Handling client
Request from pid 182654: max_threads=65535, hint_threads=16
Granted 16 threads to pid 182654
Request from pid 182654: max_threads=65535, hint_threads=16
Granted 16 threads to pid 182654
Request from pid 182654: max_threads=65535, hint_threads=16
Granted 16 threads to pid 182654
Request from pid 182654: max_threads=65535, hint_threads=16
Granted 16 threads to pid 182654
Request from pid 182654: max_threads=65535, hint_threads=16
Granted 16 threads to pid 182654
Request from pid 182654: max_threads=65535, hint_threads=16
Granted 16 threads to pid 182654
Request from pid 182654: max_threads=65535, hint_threads=16
Granted 16 threads to pid 182654
Request from pid 182654: max_threads=65535, hint_threads=16
Granted 16 threads to pid 182654
Request from pid 182654: max_threads=65535, hint_threads=16
Granted 16 threads to pid 182654
Request from pid 182654: max_threads=65535, hint_threads=16
Granted 16 threads to pid 182654
Request from pid 182654: max_threads=65535, hint_threads=16
Granted 16 threads to pid 182654
Request from pid 182654: max_threads=65535, hint_threads=16
Granted 16 threads to pid 182654
Request from pid 182654: max_threads=65535, hint_threads=16
Granted 16 threads to pid 182654
Request from pid 182654: max_threads=65535, hint_threads=16
Granted 16 threads to pid 182654
Request from pid 182654: max_threads=65535, hint_threads=16
Granted 16 threads to pid 182654
Request from pid 182654: max_threads=65535, hint_threads=16
Granted 16 threads to pid 182654
Request from pid 182654: max_threads=65535, hint_threads=16
Granted 16 threads to pid 182654
Request from pid 182654: max_threads=65535, hint_threads=16
Granted 16 threads to pid 182654
Request from pid 182654: max_threads=65535, hint_threads=16
Granted 16 threads to pid 182654
Request from pid 182654: max_threads=65535, hint_threads=16
Granted 16 threads to pid 182654
Request from pid 182654: max_threads=65535, hint_threads=16
Granted 16 threads to pid 182654
Request from pid 182654: max_threads=65535, hint_threads=16
Granted 16 threads to pid 182654
Request from pid 182654: max_threads=65535, hint_threads=16
Granted 16 threads to pid 182654
Request from pid 182654: max_threads=65535, hint_threads=16
Granted 16 threads to pid 182654
Request from pid 182654: max_threads=65535, hint_threads=16
Granted 16 threads to pid 182654
Request from pid 182654: max_threads=65535, hint_threads=16
Granted 16 threads to pid 182654
Request from pid 182654: max_threads=65535, hint_threads=16
Granted 16 threads to pid 182654
Request from pid 182654: max_threads=65535, hint_threads=16
Granted 16 threads to pid 182654
Request from pid 182654: max_threads=65535, hint_threads=16
Granted 16 threads to pid 182654
Request from pid 182654: max_threads=65535, hint_threads=16
Granted 16 threads to pid 182654
Request from pid 182654: max_threads=65535, hint_threads=16
Granted 16 threads to pid 182654
Request from pid 182654: max_threads=65535, hint_threads=16
Granted 16 threads to pid 182654
Request from pid 182654: max_threads=65535, hint_threads=16
Granted 16 threads to pid 182654
Request from pid 182654: max_threads=65535, hint_threads=16
Granted 16 threads to pid 182654
Request from pid 182654: max_threads=65535, hint_threads=16
Granted 16 threads to pid 182654
Request from pid 182654: max_threads=65535, hint_threads=16
Granted 16 threads to pid 182654
Request from pid 182654: max_threads=65535, hint_threads=16
Granted 16 threads to pid 182654
Request from pid 182654: max_threads=65535, hint_threads=16
Granted 16 threads to pid 182654
Request from pid 182654: max_threads=65535, hint_threads=16
Granted 16 threads to pid 182654
Request from pid 182654: max_threads=65535, hint_threads=16
Granted 16 threads to pid 182654
Request from pid 182654: max_threads=65535, hint_threads=16
Granted 16 threads to pid 182654
Request from pid 182654: max_threads=65535, hint_threads=16
Granted 16 threads to pid 182654
Request from pid 182654: max_threads=65535, hint_threads=16
Granted 16 threads to pid 182654
Request from pid 182654: max_threads=65535, hint_threads=16
Granted 16 threads to pid 182654
Request from pid 182654: max_threads=65535, hint_threads=16
Granted 16 threads to pid 182654
Request from pid 182654: max_threads=65535, hint_threads=16
Granted 16 threads to pid 182654
Request from pid 182654: max_threads=65535, hint_threads=16
Granted 16 threads to pid 182654
Read error: Connection reset by peer (os error 104)
Accepted connection
Handling client
Request from pid 182712: max_threads=65535, hint_threads=16
Granted 16 threads to pid 182712
Request from pid 182712: max_threads=65535, hint_threads=16
Granted 16 threads to pid 182712
Request from pid 182712: max_threads=65535, hint_threads=16
Granted 16 threads to pid 182712
Request from pid 182712: max_threads=65535, hint_threads=16
Granted 16 threads to pid 182712
Request from pid 182712: max_threads=65535, hint_threads=16
Granted 16 threads to pid 182712
Request from pid 182712: max_threads=65535, hint_threads=16
Granted 16 threads to pid 182712
Request from pid 182712: max_threads=65535, hint_threads=16
Granted 16 threads to pid 182712
Request from pid 182712: max_threads=65535, hint_threads=16
Granted 16 threads to pid 182712
Request from pid 182712: max_threads=65535, hint_threads=16
Granted 16 threads to pid 182712
Request from pid 182712: max_threads=65535, hint_threads=16
Granted 16 threads to pid 182712
Request from pid 182712: max_threads=65535, hint_threads=16
Granted 16 threads to pid 182712
Request from pid 182712: max_threads=65535, hint_threads=16
Granted 16 threads to pid 182712
Request from pid 182712: max_threads=65535, hint_threads=16
Granted 16 threads to pid 182712
Request from pid 182712: max_threads=65535, hint_threads=16
Granted 16 threads to pid 182712
Request from pid 182712: max_threads=65535, hint_threads=16
Granted 16 threads to pid 182712
Request from pid 182712: max_threads=65535, hint_threads=16
Granted 16 threads to pid 182712
Request from pid 182712: max_threads=65535, hint_threads=16
Granted 16 threads to pid 182712
Request from pid 182712: max_threads=65535, hint_threads=16
Granted 16 threads to pid 182712
Request from pid 182712: max_threads=65535, hint_threads=16
Granted 16 threads to pid 182712
Request from pid 182712: max_threads=65535, hint_threads=16
Granted 16 threads to pid 182712
Request from pid 182712: max_threads=65535, hint_threads=16
Granted 16 threads to pid 182712
Request from pid 182712: max_threads=65535, hint_threads=16
Granted 16 threads to pid 182712
Request from pid 182712: max_threads=65535, hint_threads=16
Granted 16 threads to pid 182712
Request from pid 182712: max_threads=65535, hint_threads=16
Granted 16 threads to pid 182712
Request from pid 182712: max_threads=65535, hint_threads=16
Granted 16 threads to pid 182712
Request from pid 182712: max_threads=65535, hint_threads=16
Granted 16 threads to pid 182712
Request from pid 182712: max_threads=65535, hint_threads=16
Granted 16 threads to pid 182712
Request from pid 182712: max_threads=65535, hint_threads=16
Granted 16 threads to pid 182712
Request from pid 182712: max_threads=65535, hint_threads=16
Granted 16 threads to pid 182712
Request from pid 182712: max_threads=65535, hint_threads=16
Granted 16 threads to pid 182712
Request from pid 182712: max_threads=65535, hint_threads=16
Granted 16 threads to pid 182712
Request from pid 182712: max_threads=65535, hint_threads=16
Granted 16 threads to pid 182712
Request from pid 182712: max_threads=65535, hint_threads=16
Granted 16 threads to pid 182712
Request from pid 182712: max_threads=65535, hint_threads=16
Granted 16 threads to pid 182712
Request from pid 182712: max_threads=65535, hint_threads=16
Granted 16 threads to pid 182712
Request from pid 182712: max_threads=65535, hint_threads=16
Granted 16 threads to pid 182712
Request from pid 182712: max_threads=65535, hint_threads=16
Granted 16 threads to pid 182712
Request from pid 182712: max_threads=65535, hint_threads=16
Granted 16 threads to pid 182712
Request from pid 182712: max_threads=65535, hint_threads=16
Granted 16 threads to pid 182712
Request from pid 182712: max_threads=65535, hint_threads=16
Granted 16 threads to pid 182712
Request from pid 182712: max_threads=65535, hint_threads=16
Granted 16 threads to pid 182712
Client closed connection
Accepted connection
Handling client
Request from pid 182785: max_threads=65535, hint_threads=16
Granted 16 threads to pid 182785
Request from pid 182785: max_threads=65535, hint_threads=16
Granted 16 threads to pid 182785
Read error: Connection reset by peer (os error 104)
Accepted connection
Handling client
Request from pid 182844: max_threads=65535, hint_threads=16
Granted 16 threads to pid 182844
Request from pid 182844: max_threads=65535, hint_threads=16
Granted 16 threads to pid 182844
Request from pid 182844: max_threads=65535, hint_threads=16
Granted 16 threads to pid 182844
Request from pid 182844: max_threads=65535, hint_threads=16
Granted 16 threads to pid 182844
Request from pid 182844: max_threads=65535, hint_threads=16
Granted 16 threads to pid 182844
Request from pid 182844: max_threads=65535, hint_threads=16
Granted 16 threads to pid 182844
Request from pid 182844: max_threads=65535, hint_threads=16
Granted 16 threads to pid 182844
Request from pid 182844: max_threads=65535, hint_threads=16
Granted 16 threads to pid 182844
Request from pid 182844: max_threads=65535, hint_threads=16
Granted 16 threads to pid 182844
Request from pid 182844: max_threads=65535, hint_threads=16
Granted 16 threads to pid 182844
Request from pid 182844: max_threads=65535, hint_threads=16
Granted 16 threads to pid 182844
Request from pid 182844: max_threads=65535, hint_threads=16
Granted 16 threads to pid 182844
Request from pid 182844: max_threads=65535, hint_threads=16
Granted 16 threads to pid 182844
Request from pid 182844: max_threads=65535, hint_threads=16
Granted 16 threads to pid 182844
Request from pid 182844: max_threads=65535, hint_threads=16
Granted 16 threads to pid 182844
Request from pid 182844: max_threads=65535, hint_threads=16
Granted 16 threads to pid 182844
Request from pid 182844: max_threads=65535, hint_threads=16
Granted 16 threads to pid 182844
Request from pid 182844: max_threads=65535, hint_threads=16
Granted 16 threads to pid 182844
Request from pid 182844: max_threads=65535, hint_threads=16
Granted 16 threads to pid 182844
Request from pid 182844: max_threads=65535, hint_threads=16
Granted 16 threads to pid 182844
Request from pid 182844: max_threads=65535, hint_threads=16
Granted 16 threads to pid 182844
Request from pid 182844: max_threads=65535, hint_threads=16
Granted 16 threads to pid 182844
Request from pid 182844: max_threads=65535, hint_threads=16
Granted 16 threads to pid 182844
Request from pid 182844: max_threads=65535, hint_threads=16
Granted 16 threads to pid 182844
Request from pid 182844: max_threads=65535, hint_threads=16
Granted 16 threads to pid 182844
Request from pid 182844: max_threads=65535, hint_threads=16
Granted 16 threads to pid 182844
Request from pid 182844: max_threads=65535, hint_threads=16
Granted 16 threads to pid 182844
Request from pid 182844: max_threads=65535, hint_threads=16
Granted 16 threads to pid 182844
Request from pid 182844: max_threads=65535, hint_threads=16
Granted 16 threads to pid 182844
Request from pid 182844: max_threads=65535, hint_threads=16
Granted 16 threads to pid 182844
Request from pid 182844: max_threads=65535, hint_threads=16
Granted 16 threads to pid 182844
Request from pid 182844: max_threads=65535, hint_threads=16
Granted 16 threads to pid 182844
Request from pid 182844: max_threads=65535, hint_threads=16
Granted 16 threads to pid 182844
Request from pid 182844: max_threads=65535, hint_threads=16
Granted 16 threads to pid 182844
Request from pid 182844: max_threads=65535, hint_threads=16
Granted 16 threads to pid 182844
Request from pid 182844: max_threads=65535, hint_threads=16
Granted 16 threads to pid 182844
Request from pid 182844: max_threads=65535, hint_threads=16
Granted 16 threads to pid 182844
Request from pid 182844: max_threads=65535, hint_threads=16
Granted 16 threads to pid 182844
Request from pid 182844: max_threads=65535, hint_threads=16
Granted 16 threads to pid 182844
Request from pid 182844: max_threads=65535, hint_threads=16
Granted 16 threads to pid 182844
Request from pid 182844: max_threads=65535, hint_threads=16
Granted 16 threads to pid 182844
Request from pid 182844: max_threads=65535, hint_threads=16
Granted 16 threads to pid 182844
Request from pid 182844: max_threads=65535, hint_threads=16
Granted 16 threads to pid 182844
Request from pid 182844: max_threads=65535, hint_threads=16
Granted 16 threads to pid 182844
Request from pid 182844: max_threads=65535, hint_threads=16
Granted 16 threads to pid 182844
Request from pid 182844: max_threads=65535, hint_threads=16
Granted 16 threads to pid 182844
Request from pid 182844: max_threads=65535, hint_threads=16
Granted 16 threads to pid 182844
Read error: Connection reset by peer (os error 104)
Accepted connection
Handling client
Request from pid 182904: max_threads=65535, hint_threads=16
Granted 16 threads to pid 182904
Request from pid 182904: max_threads=65535, hint_threads=16
Granted 16 threads to pid 182904
Request from pid 182904: max_threads=65535, hint_threads=16
Granted 16 threads to pid 182904
Request from pid 182904: max_threads=65535, hint_threads=16
Granted 16 threads to pid 182904
Request from pid 182904: max_threads=65535, hint_threads=16
Granted 16 threads to pid 182904
Request from pid 182904: max_threads=65535, hint_threads=16
Granted 16 threads to pid 182904
Request from pid 182904: max_threads=65535, hint_threads=16
Granted 16 threads to pid 182904
Request from pid 182904: max_threads=65535, hint_threads=16
Granted 16 threads to pid 182904
Request from pid 182904: max_threads=65535, hint_threads=16
Granted 16 threads to pid 182904
Request from pid 182904: max_threads=65535, hint_threads=16
Granted 16 threads to pid 182904
Request from pid 182904: max_threads=65535, hint_threads=16
Granted 16 threads to pid 182904
Request from pid 182904: max_threads=65535, hint_threads=16
Granted 16 threads to pid 182904
Request from pid 182904: max_threads=65535, hint_threads=16
Granted 16 threads to pid 182904
Request from pid 182904: max_threads=65535, hint_threads=16
Granted 16 threads to pid 182904
Request from pid 182904: max_threads=65535, hint_threads=16
Granted 16 threads to pid 182904
Request from pid 182904: max_threads=65535, hint_threads=16
Granted 16 threads to pid 182904
Request from pid 182904: max_threads=65535, hint_threads=16
Granted 16 threads to pid 182904
Request from pid 182904: max_threads=65535, hint_threads=16
Granted 16 threads to pid 182904
Request from pid 182904: max_threads=65535, hint_threads=16
Granted 16 threads to pid 182904
Request from pid 182904: max_threads=65535, hint_threads=16
Granted 16 threads to pid 182904
Request from pid 182904: max_threads=65535, hint_threads=16
Granted 16 threads to pid 182904
Request from pid 182904: max_threads=65535, hint_threads=16
Granted 16 threads to pid 182904
Request from pid 182904: max_threads=65535, hint_threads=16
Granted 16 threads to pid 182904
Request from pid 182904: max_threads=65535, hint_threads=16
Granted 16 threads to pid 182904
Request from pid 182904: max_threads=65535, hint_threads=16
Granted 16 threads to pid 182904
Request from pid 182904: max_threads=65535, hint_threads=16
Granted 16 threads to pid 182904
Request from pid 182904: max_threads=65535, hint_threads=16
Granted 16 threads to pid 182904
Request from pid 182904: max_threads=65535, hint_threads=16
Granted 16 threads to pid 182904
Request from pid 182904: max_threads=65535, hint_threads=16
Granted 16 threads to pid 182904
Request from pid 182904: max_threads=65535, hint_threads=16
Granted 16 threads to pid 182904
Request from pid 182904: max_threads=65535, hint_threads=16
Granted 16 threads to pid 182904
Request from pid 182904: max_threads=65535, hint_threads=16
Granted 16 threads to pid 182904
Request from pid 182904: max_threads=65535, hint_threads=16
Granted 16 threads to pid 182904
Request from pid 182904: max_threads=65535, hint_threads=16
Granted 16 threads to pid 182904
Request from pid 182904: max_threads=65535, hint_threads=16
Granted 16 threads to pid 182904
Request from pid 182904: max_threads=65535, hint_threads=16
Granted 16 threads to pid 182904
Request from pid 182904: max_threads=65535, hint_threads=16
Granted 16 threads to pid 182904
Request from pid 182904: max_threads=65535, hint_threads=16
Granted 16 threads to pid 182904
Request from pid 182904: max_threads=65535, hint_threads=16
Granted 16 threads to pid 182904
Request from pid 182904: max_threads=65535, hint_threads=16
Granted 16 threads to pid 182904
Request from pid 182904: max_threads=65535, hint_threads=16
Granted 16 threads to pid 182904
Request from pid 182904: max_threads=65535, hint_threads=16
Granted 16 threads to pid 182904
Client closed connection
Accepted connection
Handling client
Request from pid 182972: max_threads=65535, hint_threads=16
Granted 16 threads to pid 182972
Request from pid 182972: max_threads=65535, hint_threads=16
Granted 16 threads to pid 182972
Read error: Connection reset by peer (os error 104)
Accepted connection
Handling client
Request from pid 183162: max_threads=65535, hint_threads=16
Granted 16 threads to pid 183162
Request from pid 183162: max_threads=65535, hint_threads=16
Granted 16 threads to pid 183162
Request from pid 183162: max_threads=65535, hint_threads=16
Granted 16 threads to pid 183162
Request from pid 183162: max_threads=65535, hint_threads=16
Granted 16 threads to pid 183162
Request from pid 183162: max_threads=65535, hint_threads=16
Granted 16 threads to pid 183162
Request from pid 183162: max_threads=65535, hint_threads=16
Granted 16 threads to pid 183162
Request from pid 183162: max_threads=65535, hint_threads=16
Granted 16 threads to pid 183162
Request from pid 183162: max_threads=65535, hint_threads=16
Granted 16 threads to pid 183162
Request from pid 183162: max_threads=65535, hint_threads=16
Granted 16 threads to pid 183162
Request from pid 183162: max_threads=65535, hint_threads=16
Granted 16 threads to pid 183162
Request from pid 183162: max_threads=65535, hint_threads=16
Granted 16 threads to pid 183162
Request from pid 183162: max_threads=65535, hint_threads=16
Granted 16 threads to pid 183162
Request from pid 183162: max_threads=65535, hint_threads=16
Granted 16 threads to pid 183162
Request from pid 183162: max_threads=65535, hint_threads=16
Granted 16 threads to pid 183162
Request from pid 183162: max_threads=65535, hint_threads=16
Granted 16 threads to pid 183162
Request from pid 183162: max_threads=65535, hint_threads=16
Granted 16 threads to pid 183162
Request from pid 183162: max_threads=65535, hint_threads=16
Granted 16 threads to pid 183162
Request from pid 183162: max_threads=65535, hint_threads=16
Granted 16 threads to pid 183162
Request from pid 183162: max_threads=65535, hint_threads=16
Granted 16 threads to pid 183162
Request from pid 183162: max_threads=65535, hint_threads=16
Granted 16 threads to pid 183162
Request from pid 183162: max_threads=65535, hint_threads=16
Granted 16 threads to pid 183162
Request from pid 183162: max_threads=65535, hint_threads=16
Granted 16 threads to pid 183162
Request from pid 183162: max_threads=65535, hint_threads=16
Granted 16 threads to pid 183162
Request from pid 183162: max_threads=65535, hint_threads=16
Granted 16 threads to pid 183162
Request from pid 183162: max_threads=65535, hint_threads=16
Granted 16 threads to pid 183162
Request from pid 183162: max_threads=65535, hint_threads=16
Granted 16 threads to pid 183162
Request from pid 183162: max_threads=65535, hint_threads=16
Granted 16 threads to pid 183162
Request from pid 183162: max_threads=65535, hint_threads=16
Granted 16 threads to pid 183162
Request from pid 183162: max_threads=65535, hint_threads=16
Granted 16 threads to pid 183162
Request from pid 183162: max_threads=65535, hint_threads=16
Granted 16 threads to pid 183162
Request from pid 183162: max_threads=65535, hint_threads=16
Granted 16 threads to pid 183162
Request from pid 183162: max_threads=65535, hint_threads=16
Granted 16 threads to pid 183162
Request from pid 183162: max_threads=65535, hint_threads=16
Granted 16 threads to pid 183162
Request from pid 183162: max_threads=65535, hint_threads=16
Granted 16 threads to pid 183162
Request from pid 183162: max_threads=65535, hint_threads=16
Granted 16 threads to pid 183162
Request from pid 183162: max_threads=65535, hint_threads=16
Granted 16 threads to pid 183162
Request from pid 183162: max_threads=65535, hint_threads=16
Granted 16 threads to pid 183162
Request from pid 183162: max_threads=65535, hint_threads=16
Granted 16 threads to pid 183162
Request from pid 183162: max_threads=65535, hint_threads=16
Granted 16 threads to pid 183162
Request from pid 183162: max_threads=65535, hint_threads=16
Granted 16 threads to pid 183162
Request from pid 183162: max_threads=65535, hint_threads=16
Granted 16 threads to pid 183162
Request from pid 183162: max_threads=65535, hint_threads=16
Granted 16 threads to pid 183162
Request from pid 183162: max_threads=65535, hint_threads=16
Granted 16 threads to pid 183162
Request from pid 183162: max_threads=65535, hint_threads=16
Granted 16 threads to pid 183162
Request from pid 183162: max_threads=65535, hint_threads=16
Granted 16 threads to pid 183162
Request from pid 183162: max_threads=65535, hint_threads=16
Granted 16 threads to pid 183162
Request from pid 183162: max_threads=65535, hint_threads=16
Granted 16 threads to pid 183162
Read error: Connection reset by peer (os error 104)
Accepted connection
Handling client
Request from pid 183241: max_threads=65535, hint_threads=16
Granted 16 threads to pid 183241
Request from pid 183241: max_threads=65535, hint_threads=16
Granted 16 threads to pid 183241
Request from pid 183241: max_threads=65535, hint_threads=16
Granted 16 threads to pid 183241
Request from pid 183241: max_threads=65535, hint_threads=16
Granted 16 threads to pid 183241
Request from pid 183241: max_threads=65535, hint_threads=16
Granted 16 threads to pid 183241
Request from pid 183241: max_threads=65535, hint_threads=16
Granted 16 threads to pid 183241
Request from pid 183241: max_threads=65535, hint_threads=16
Granted 16 threads to pid 183241
Request from pid 183241: max_threads=65535, hint_threads=16
Granted 16 threads to pid 183241
Request from pid 183241: max_threads=65535, hint_threads=16
Granted 16 threads to pid 183241
Request from pid 183241: max_threads=65535, hint_threads=16
Granted 16 threads to pid 183241
Request from pid 183241: max_threads=65535, hint_threads=16
Granted 16 threads to pid 183241
Request from pid 183241: max_threads=65535, hint_threads=16
Granted 16 threads to pid 183241
Request from pid 183241: max_threads=65535, hint_threads=16
Granted 16 threads to pid 183241
Request from pid 183241: max_threads=65535, hint_threads=16
Granted 16 threads to pid 183241
Request from pid 183241: max_threads=65535, hint_threads=16
Granted 16 threads to pid 183241
Request from pid 183241: max_threads=65535, hint_threads=16
Granted 16 threads to pid 183241
Request from pid 183241: max_threads=65535, hint_threads=16
Granted 16 threads to pid 183241
Request from pid 183241: max_threads=65535, hint_threads=16
Granted 16 threads to pid 183241
Request from pid 183241: max_threads=65535, hint_threads=16
Granted 16 threads to pid 183241
Request from pid 183241: max_threads=65535, hint_threads=16
Granted 16 threads to pid 183241
Request from pid 183241: max_threads=65535, hint_threads=16
Granted 16 threads to pid 183241
Request from pid 183241: max_threads=65535, hint_threads=16
Granted 16 threads to pid 183241
Request from pid 183241: max_threads=65535, hint_threads=16
Granted 16 threads to pid 183241
Request from pid 183241: max_threads=65535, hint_threads=16
Granted 16 threads to pid 183241
Request from pid 183241: max_threads=65535, hint_threads=16
Granted 16 threads to pid 183241
Request from pid 183241: max_threads=65535, hint_threads=16
Granted 16 threads to pid 183241
Request from pid 183241: max_threads=65535, hint_threads=16
Granted 16 threads to pid 183241
Request from pid 183241: max_threads=65535, hint_threads=16
Granted 16 threads to pid 183241
Request from pid 183241: max_threads=65535, hint_threads=16
Granted 16 threads to pid 183241
Request from pid 183241: max_threads=65535, hint_threads=16
Granted 16 threads to pid 183241
Request from pid 183241: max_threads=65535, hint_threads=16
Granted 16 threads to pid 183241
Request from pid 183241: max_threads=65535, hint_threads=16
Granted 16 threads to pid 183241
Request from pid 183241: max_threads=65535, hint_threads=16
Granted 16 threads to pid 183241
Request from pid 183241: max_threads=65535, hint_threads=16
Granted 16 threads to pid 183241
Request from pid 183241: max_threads=65535, hint_threads=16
Granted 16 threads to pid 183241
Request from pid 183241: max_threads=65535, hint_threads=16
Granted 16 threads to pid 183241
Request from pid 183241: max_threads=65535, hint_threads=16
Granted 16 threads to pid 183241
Request from pid 183241: max_threads=65535, hint_threads=16
Granted 16 threads to pid 183241
Request from pid 183241: max_threads=65535, hint_threads=16
Granted 16 threads to pid 183241
Request from pid 183241: max_threads=65535, hint_threads=16
Granted 16 threads to pid 183241
Client closed connection
Accepted connection
Handling client
Request from pid 183300: max_threads=65535, hint_threads=16
Granted 16 threads to pid 183300
Request from pid 183300: max_threads=65535, hint_threads=16
Granted 16 threads to pid 183300
Read error: Connection reset by peer (os error 104)
Accepted connection
Handling client
Request from pid 183362: max_threads=65535, hint_threads=16
Granted 16 threads to pid 183362
Request from pid 183362: max_threads=65535, hint_threads=16
Granted 16 threads to pid 183362
Request from pid 183362: max_threads=65535, hint_threads=16
Granted 16 threads to pid 183362
Request from pid 183362: max_threads=65535, hint_threads=16
Granted 16 threads to pid 183362
Request from pid 183362: max_threads=65535, hint_threads=16
Granted 16 threads to pid 183362
Request from pid 183362: max_threads=65535, hint_threads=16
Granted 16 threads to pid 183362
Request from pid 183362: max_threads=65535, hint_threads=16
Granted 16 threads to pid 183362
Request from pid 183362: max_threads=65535, hint_threads=16
Granted 16 threads to pid 183362
Request from pid 183362: max_threads=65535, hint_threads=16
Granted 16 threads to pid 183362
Request from pid 183362: max_threads=65535, hint_threads=16
Granted 16 threads to pid 183362
Request from pid 183362: max_threads=65535, hint_threads=16
Granted 16 threads to pid 183362
Request from pid 183362: max_threads=65535, hint_threads=16
Granted 16 threads to pid 183362
Request from pid 183362: max_threads=65535, hint_threads=16
Granted 16 threads to pid 183362
Request from pid 183362: max_threads=65535, hint_threads=16
Granted 16 threads to pid 183362
Request from pid 183362: max_threads=65535, hint_threads=16
Granted 16 threads to pid 183362
Request from pid 183362: max_threads=65535, hint_threads=16
Granted 16 threads to pid 183362
Request from pid 183362: max_threads=65535, hint_threads=16
Granted 16 threads to pid 183362
Request from pid 183362: max_threads=65535, hint_threads=16
Granted 16 threads to pid 183362
Request from pid 183362: max_threads=65535, hint_threads=16
Granted 16 threads to pid 183362
Request from pid 183362: max_threads=65535, hint_threads=16
Granted 16 threads to pid 183362
Request from pid 183362: max_threads=65535, hint_threads=16
Granted 16 threads to pid 183362
Request from pid 183362: max_threads=65535, hint_threads=16
Granted 16 threads to pid 183362
Request from pid 183362: max_threads=65535, hint_threads=16
Granted 16 threads to pid 183362
Request from pid 183362: max_threads=65535, hint_threads=16
Granted 16 threads to pid 183362
Request from pid 183362: max_threads=65535, hint_threads=16
Granted 16 threads to pid 183362
Request from pid 183362: max_threads=65535, hint_threads=16
Granted 16 threads to pid 183362
Request from pid 183362: max_threads=65535, hint_threads=16
Granted 16 threads to pid 183362
Request from pid 183362: max_threads=65535, hint_threads=16
Granted 16 threads to pid 183362
Request from pid 183362: max_threads=65535, hint_threads=16
Granted 16 threads to pid 183362
Request from pid 183362: max_threads=65535, hint_threads=16
Granted 16 threads to pid 183362
Request from pid 183362: max_threads=65535, hint_threads=16
Granted 16 threads to pid 183362
Request from pid 183362: max_threads=65535, hint_threads=16
Granted 16 threads to pid 183362
Request from pid 183362: max_threads=65535, hint_threads=16
Granted 16 threads to pid 183362
Request from pid 183362: max_threads=65535, hint_threads=16
Granted 16 threads to pid 183362
Request from pid 183362: max_threads=65535, hint_threads=16
Granted 16 threads to pid 183362
Request from pid 183362: max_threads=65535, hint_threads=16
Granted 16 threads to pid 183362
Request from pid 183362: max_threads=65535, hint_threads=16
Granted 16 threads to pid 183362
Request from pid 183362: max_threads=65535, hint_threads=16
Granted 16 threads to pid 183362
Request from pid 183362: max_threads=65535, hint_threads=16
Granted 16 threads to pid 183362
Request from pid 183362: max_threads=65535, hint_threads=16
Granted 16 threads to pid 183362
Request from pid 183362: max_threads=65535, hint_threads=16
Granted 16 threads to pid 183362
Request from pid 183362: max_threads=65535, hint_threads=16
Granted 16 threads to pid 183362
Request from pid 183362: max_threads=65535, hint_threads=16
Granted 16 threads to pid 183362
Request from pid 183362: max_threads=65535, hint_threads=16
Granted 16 threads to pid 183362
Request from pid 183362: max_threads=65535, hint_threads=16
Granted 16 threads to pid 183362
Request from pid 183362: max_threads=65535, hint_threads=16
Granted 16 threads to pid 183362
Request from pid 183362: max_threads=65535, hint_threads=16
Granted 16 threads to pid 183362
Read error: Connection reset by peer (os error 104)
Accepted connection
Handling client
Request from pid 183427: max_threads=65535, hint_threads=16
Granted 16 threads to pid 183427
Request from pid 183427: max_threads=65535, hint_threads=16
Granted 16 threads to pid 183427
Request from pid 183427: max_threads=65535, hint_threads=16
Granted 16 threads to pid 183427
Request from pid 183427: max_threads=65535, hint_threads=16
Granted 16 threads to pid 183427
Request from pid 183427: max_threads=65535, hint_threads=16
Granted 16 threads to pid 183427
Request from pid 183427: max_threads=65535, hint_threads=16
Granted 16 threads to pid 183427
Request from pid 183427: max_threads=65535, hint_threads=16
Granted 16 threads to pid 183427
Request from pid 183427: max_threads=65535, hint_threads=16
Granted 16 threads to pid 183427
Request from pid 183427: max_threads=65535, hint_threads=16
Granted 16 threads to pid 183427
Request from pid 183427: max_threads=65535, hint_threads=16
Granted 16 threads to pid 183427
Request from pid 183427: max_threads=65535, hint_threads=16
Granted 16 threads to pid 183427
Request from pid 183427: max_threads=65535, hint_threads=16
Granted 16 threads to pid 183427
Request from pid 183427: max_threads=65535, hint_threads=16
Granted 16 threads to pid 183427
Request from pid 183427: max_threads=65535, hint_threads=16
Granted 16 threads to pid 183427
Request from pid 183427: max_threads=65535, hint_threads=16
Granted 16 threads to pid 183427
Request from pid 183427: max_threads=65535, hint_threads=16
Granted 16 threads to pid 183427
Request from pid 183427: max_threads=65535, hint_threads=16
Granted 16 threads to pid 183427
Request from pid 183427: max_threads=65535, hint_threads=16
Granted 16 threads to pid 183427
Request from pid 183427: max_threads=65535, hint_threads=16
Granted 16 threads to pid 183427
Request from pid 183427: max_threads=65535, hint_threads=16
Granted 16 threads to pid 183427
Request from pid 183427: max_threads=65535, hint_threads=16
Granted 16 threads to pid 183427
Request from pid 183427: max_threads=65535, hint_threads=16
Granted 16 threads to pid 183427
Request from pid 183427: max_threads=65535, hint_threads=16
Granted 16 threads to pid 183427
Request from pid 183427: max_threads=65535, hint_threads=16
Granted 16 threads to pid 183427
Request from pid 183427: max_threads=65535, hint_threads=16
Granted 16 threads to pid 183427
Request from pid 183427: max_threads=65535, hint_threads=16
Granted 16 threads to pid 183427
Request from pid 183427: max_threads=65535, hint_threads=16
Granted 16 threads to pid 183427
Request from pid 183427: max_threads=65535, hint_threads=16
Granted 16 threads to pid 183427
Request from pid 183427: max_threads=65535, hint_threads=16
Granted 16 threads to pid 183427
Request from pid 183427: max_threads=65535, hint_threads=16
Granted 16 threads to pid 183427
Request from pid 183427: max_threads=65535, hint_threads=16
Granted 16 threads to pid 183427
Request from pid 183427: max_threads=65535, hint_threads=16
Granted 16 threads to pid 183427
Request from pid 183427: max_threads=65535, hint_threads=16
Granted 16 threads to pid 183427
Request from pid 183427: max_threads=65535, hint_threads=16
Granted 16 threads to pid 183427
Request from pid 183427: max_threads=65535, hint_threads=16
Granted 16 threads to pid 183427
Request from pid 183427: max_threads=65535, hint_threads=16
Granted 16 threads to pid 183427
Request from pid 183427: max_threads=65535, hint_threads=16
Granted 16 threads to pid 183427
Request from pid 183427: max_threads=65535, hint_threads=16
Granted 16 threads to pid 183427
Request from pid 183427: max_threads=65535, hint_threads=16
Granted 16 threads to pid 183427
Request from pid 183427: max_threads=65535, hint_threads=16
Granted 16 threads to pid 183427
Request from pid 183427: max_threads=65535, hint_threads=16
Granted 16 threads to pid 183427
Request from pid 183427: max_threads=65535, hint_threads=16
Granted 16 threads to pid 183427
Client closed connection
Accepted connection
Handling client
Request from pid 183486: max_threads=65535, hint_threads=16
Granted 16 threads to pid 183486
Request from pid 183486: max_threads=65535, hint_threads=16
Granted 16 threads to pid 183486
Read error: Connection reset by peer (os error 104)
DRM stopped at Mon Mar  9 23:06:32 CET 2026, was capacity=16
Starting DRM at Mon Mar  9 23:06:33 CET 2026, capacity=32, RM_CPU=0
Listening on /tmp/omp-rm.sock (capacity=32, strategy=fair_share)
   PID CMD
183532 /dss/dsshome1/09/ga27qam2/dynamic-resource-manager/target/release/dynamic-resource-manager
Accepted connection
Handling client
Request from pid 183556: max_threads=65535, hint_threads=32
Granted 32 threads to pid 183556
Request from pid 183556: max_threads=65535, hint_threads=32
Granted 32 threads to pid 183556
Request from pid 183556: max_threads=65535, hint_threads=32
Granted 32 threads to pid 183556
Request from pid 183556: max_threads=65535, hint_threads=32
Granted 32 threads to pid 183556
Request from pid 183556: max_threads=65535, hint_threads=32
Granted 32 threads to pid 183556
Request from pid 183556: max_threads=65535, hint_threads=32
Granted 32 threads to pid 183556
Request from pid 183556: max_threads=65535, hint_threads=32
Granted 32 threads to pid 183556
Request from pid 183556: max_threads=65535, hint_threads=32
Granted 32 threads to pid 183556
Request from pid 183556: max_threads=65535, hint_threads=32
Granted 32 threads to pid 183556
Request from pid 183556: max_threads=65535, hint_threads=32
Granted 32 threads to pid 183556
Request from pid 183556: max_threads=65535, hint_threads=32
Granted 32 threads to pid 183556
Request from pid 183556: max_threads=65535, hint_threads=32
Granted 32 threads to pid 183556
Request from pid 183556: max_threads=65535, hint_threads=32
Granted 32 threads to pid 183556
Request from pid 183556: max_threads=65535, hint_threads=32
Granted 32 threads to pid 183556
Request from pid 183556: max_threads=65535, hint_threads=32
Granted 32 threads to pid 183556
Request from pid 183556: max_threads=65535, hint_threads=32
Granted 32 threads to pid 183556
Request from pid 183556: max_threads=65535, hint_threads=32
Granted 32 threads to pid 183556
Request from pid 183556: max_threads=65535, hint_threads=32
Granted 32 threads to pid 183556
Request from pid 183556: max_threads=65535, hint_threads=32
Granted 32 threads to pid 183556
Request from pid 183556: max_threads=65535, hint_threads=32
Granted 32 threads to pid 183556
Request from pid 183556: max_threads=65535, hint_threads=32
Granted 32 threads to pid 183556
Request from pid 183556: max_threads=65535, hint_threads=32
Granted 32 threads to pid 183556
Request from pid 183556: max_threads=65535, hint_threads=32
Granted 32 threads to pid 183556
Request from pid 183556: max_threads=65535, hint_threads=32
Granted 32 threads to pid 183556
Request from pid 183556: max_threads=65535, hint_threads=32
Granted 32 threads to pid 183556
Request from pid 183556: max_threads=65535, hint_threads=32
Granted 32 threads to pid 183556
Request from pid 183556: max_threads=65535, hint_threads=32
Granted 32 threads to pid 183556
Request from pid 183556: max_threads=65535, hint_threads=32
Granted 32 threads to pid 183556
Request from pid 183556: max_threads=65535, hint_threads=32
Granted 32 threads to pid 183556
Request from pid 183556: max_threads=65535, hint_threads=32
Granted 32 threads to pid 183556
Request from pid 183556: max_threads=65535, hint_threads=32
Granted 32 threads to pid 183556
Request from pid 183556: max_threads=65535, hint_threads=32
Granted 32 threads to pid 183556
Request from pid 183556: max_threads=65535, hint_threads=32
Granted 32 threads to pid 183556
Request from pid 183556: max_threads=65535, hint_threads=32
Granted 32 threads to pid 183556
Request from pid 183556: max_threads=65535, hint_threads=32
Granted 32 threads to pid 183556
Request from pid 183556: max_threads=65535, hint_threads=32
Granted 32 threads to pid 183556
Request from pid 183556: max_threads=65535, hint_threads=32
Granted 32 threads to pid 183556
Request from pid 183556: max_threads=65535, hint_threads=32
Granted 32 threads to pid 183556
Request from pid 183556: max_threads=65535, hint_threads=32
Granted 32 threads to pid 183556
Request from pid 183556: max_threads=65535, hint_threads=32
Granted 32 threads to pid 183556
Request from pid 183556: max_threads=65535, hint_threads=32
Granted 32 threads to pid 183556
Request from pid 183556: max_threads=65535, hint_threads=32
Granted 32 threads to pid 183556
Request from pid 183556: max_threads=65535, hint_threads=32
Granted 32 threads to pid 183556
Request from pid 183556: max_threads=65535, hint_threads=32
Granted 32 threads to pid 183556
Request from pid 183556: max_threads=65535, hint_threads=32
Granted 32 threads to pid 183556
Request from pid 183556: max_threads=65535, hint_threads=32
Granted 32 threads to pid 183556
Request from pid 183556: max_threads=65535, hint_threads=32
Granted 32 threads to pid 183556
Read error: Connection reset by peer (os error 104)
Accepted connection
Handling client
Request from pid 183662: max_threads=65535, hint_threads=32
Granted 32 threads to pid 183662
Request from pid 183662: max_threads=65535, hint_threads=32
Granted 32 threads to pid 183662
Request from pid 183662: max_threads=65535, hint_threads=32
Granted 32 threads to pid 183662
Request from pid 183662: max_threads=65535, hint_threads=32
Granted 32 threads to pid 183662
Request from pid 183662: max_threads=65535, hint_threads=32
Granted 32 threads to pid 183662
Request from pid 183662: max_threads=65535, hint_threads=32
Granted 32 threads to pid 183662
Request from pid 183662: max_threads=65535, hint_threads=32
Granted 32 threads to pid 183662
Request from pid 183662: max_threads=65535, hint_threads=32
Granted 32 threads to pid 183662
Request from pid 183662: max_threads=65535, hint_threads=32
Granted 32 threads to pid 183662
Request from pid 183662: max_threads=65535, hint_threads=32
Granted 32 threads to pid 183662
Request from pid 183662: max_threads=65535, hint_threads=32
Granted 32 threads to pid 183662
Request from pid 183662: max_threads=65535, hint_threads=32
Granted 32 threads to pid 183662
Request from pid 183662: max_threads=65535, hint_threads=32
Granted 32 threads to pid 183662
Request from pid 183662: max_threads=65535, hint_threads=32
Granted 32 threads to pid 183662
Request from pid 183662: max_threads=65535, hint_threads=32
Granted 32 threads to pid 183662
Request from pid 183662: max_threads=65535, hint_threads=32
Granted 32 threads to pid 183662
Request from pid 183662: max_threads=65535, hint_threads=32
Granted 32 threads to pid 183662
Request from pid 183662: max_threads=65535, hint_threads=32
Granted 32 threads to pid 183662
Request from pid 183662: max_threads=65535, hint_threads=32
Granted 32 threads to pid 183662
Request from pid 183662: max_threads=65535, hint_threads=32
Granted 32 threads to pid 183662
Request from pid 183662: max_threads=65535, hint_threads=32
Granted 32 threads to pid 183662
Request from pid 183662: max_threads=65535, hint_threads=32
Granted 32 threads to pid 183662
Request from pid 183662: max_threads=65535, hint_threads=32
Granted 32 threads to pid 183662
Request from pid 183662: max_threads=65535, hint_threads=32
Granted 32 threads to pid 183662
Request from pid 183662: max_threads=65535, hint_threads=32
Granted 32 threads to pid 183662
Request from pid 183662: max_threads=65535, hint_threads=32
Granted 32 threads to pid 183662
Request from pid 183662: max_threads=65535, hint_threads=32
Granted 32 threads to pid 183662
Request from pid 183662: max_threads=65535, hint_threads=32
Granted 32 threads to pid 183662
Request from pid 183662: max_threads=65535, hint_threads=32
Granted 32 threads to pid 183662
Request from pid 183662: max_threads=65535, hint_threads=32
Granted 32 threads to pid 183662
Request from pid 183662: max_threads=65535, hint_threads=32
Granted 32 threads to pid 183662
Request from pid 183662: max_threads=65535, hint_threads=32
Granted 32 threads to pid 183662
Request from pid 183662: max_threads=65535, hint_threads=32
Granted 32 threads to pid 183662
Request from pid 183662: max_threads=65535, hint_threads=32
Granted 32 threads to pid 183662
Request from pid 183662: max_threads=65535, hint_threads=32
Granted 32 threads to pid 183662
Request from pid 183662: max_threads=65535, hint_threads=32
Granted 32 threads to pid 183662
Request from pid 183662: max_threads=65535, hint_threads=32
Granted 32 threads to pid 183662
Request from pid 183662: max_threads=65535, hint_threads=32
Granted 32 threads to pid 183662
Request from pid 183662: max_threads=65535, hint_threads=32
Granted 32 threads to pid 183662
Request from pid 183662: max_threads=65535, hint_threads=32
Granted 32 threads to pid 183662
Request from pid 183662: max_threads=65535, hint_threads=32
Granted 32 threads to pid 183662
Request from pid 183662: max_threads=65535, hint_threads=32
Granted 32 threads to pid 183662
Request from pid 183662: max_threads=65535, hint_threads=32
Granted 32 threads to pid 183662
Request from pid 183662: max_threads=65535, hint_threads=32
Granted 32 threads to pid 183662
Client closed connection
Accepted connection
Handling client
Request from pid 183753: max_threads=65535, hint_threads=32
Granted 32 threads to pid 183753
Request from pid 183753: max_threads=65535, hint_threads=32
Granted 32 threads to pid 183753
Read error: Connection reset by peer (os error 104)
Accepted connection
Handling client
Request from pid 183846: max_threads=65535, hint_threads=32
Granted 32 threads to pid 183846
Request from pid 183846: max_threads=65535, hint_threads=32
Granted 32 threads to pid 183846
Request from pid 183846: max_threads=65535, hint_threads=32
Granted 32 threads to pid 183846
Request from pid 183846: max_threads=65535, hint_threads=32
Granted 32 threads to pid 183846
Request from pid 183846: max_threads=65535, hint_threads=32
Granted 32 threads to pid 183846
Request from pid 183846: max_threads=65535, hint_threads=32
Granted 32 threads to pid 183846
Request from pid 183846: max_threads=65535, hint_threads=32
Granted 32 threads to pid 183846
Request from pid 183846: max_threads=65535, hint_threads=32
Granted 32 threads to pid 183846
Request from pid 183846: max_threads=65535, hint_threads=32
Granted 32 threads to pid 183846
Request from pid 183846: max_threads=65535, hint_threads=32
Granted 32 threads to pid 183846
Request from pid 183846: max_threads=65535, hint_threads=32
Granted 32 threads to pid 183846
Request from pid 183846: max_threads=65535, hint_threads=32
Granted 32 threads to pid 183846
Request from pid 183846: max_threads=65535, hint_threads=32
Granted 32 threads to pid 183846
Request from pid 183846: max_threads=65535, hint_threads=32
Granted 32 threads to pid 183846
Request from pid 183846: max_threads=65535, hint_threads=32
Granted 32 threads to pid 183846
Request from pid 183846: max_threads=65535, hint_threads=32
Granted 32 threads to pid 183846
Request from pid 183846: max_threads=65535, hint_threads=32
Granted 32 threads to pid 183846
Request from pid 183846: max_threads=65535, hint_threads=32
Granted 32 threads to pid 183846
Request from pid 183846: max_threads=65535, hint_threads=32
Granted 32 threads to pid 183846
Request from pid 183846: max_threads=65535, hint_threads=32
Granted 32 threads to pid 183846
Request from pid 183846: max_threads=65535, hint_threads=32
Granted 32 threads to pid 183846
Request from pid 183846: max_threads=65535, hint_threads=32
Granted 32 threads to pid 183846
Request from pid 183846: max_threads=65535, hint_threads=32
Granted 32 threads to pid 183846
Request from pid 183846: max_threads=65535, hint_threads=32
Granted 32 threads to pid 183846
Request from pid 183846: max_threads=65535, hint_threads=32
Granted 32 threads to pid 183846
Request from pid 183846: max_threads=65535, hint_threads=32
Granted 32 threads to pid 183846
Request from pid 183846: max_threads=65535, hint_threads=32
Granted 32 threads to pid 183846
Request from pid 183846: max_threads=65535, hint_threads=32
Granted 32 threads to pid 183846
Request from pid 183846: max_threads=65535, hint_threads=32
Granted 32 threads to pid 183846
Request from pid 183846: max_threads=65535, hint_threads=32
Granted 32 threads to pid 183846
Request from pid 183846: max_threads=65535, hint_threads=32
Granted 32 threads to pid 183846
Request from pid 183846: max_threads=65535, hint_threads=32
Granted 32 threads to pid 183846
Request from pid 183846: max_threads=65535, hint_threads=32
Granted 32 threads to pid 183846
Request from pid 183846: max_threads=65535, hint_threads=32
Granted 32 threads to pid 183846
Request from pid 183846: max_threads=65535, hint_threads=32
Granted 32 threads to pid 183846
Request from pid 183846: max_threads=65535, hint_threads=32
Granted 32 threads to pid 183846
Request from pid 183846: max_threads=65535, hint_threads=32
Granted 32 threads to pid 183846
Request from pid 183846: max_threads=65535, hint_threads=32
Granted 32 threads to pid 183846
Request from pid 183846: max_threads=65535, hint_threads=32
Granted 32 threads to pid 183846
Request from pid 183846: max_threads=65535, hint_threads=32
Granted 32 threads to pid 183846
Request from pid 183846: max_threads=65535, hint_threads=32
Granted 32 threads to pid 183846
Request from pid 183846: max_threads=65535, hint_threads=32
Granted 32 threads to pid 183846
Request from pid 183846: max_threads=65535, hint_threads=32
Granted 32 threads to pid 183846
Request from pid 183846: max_threads=65535, hint_threads=32
Granted 32 threads to pid 183846
Request from pid 183846: max_threads=65535, hint_threads=32
Granted 32 threads to pid 183846
Request from pid 183846: max_threads=65535, hint_threads=32
Granted 32 threads to pid 183846
Request from pid 183846: max_threads=65535, hint_threads=32
Granted 32 threads to pid 183846
Read error: Connection reset by peer (os error 104)
Accepted connection
Handling client
Request from pid 183947: max_threads=65535, hint_threads=32
Granted 32 threads to pid 183947
Request from pid 183947: max_threads=65535, hint_threads=32
Granted 32 threads to pid 183947
Request from pid 183947: max_threads=65535, hint_threads=32
Granted 32 threads to pid 183947
Request from pid 183947: max_threads=65535, hint_threads=32
Granted 32 threads to pid 183947
Request from pid 183947: max_threads=65535, hint_threads=32
Granted 32 threads to pid 183947
Request from pid 183947: max_threads=65535, hint_threads=32
Granted 32 threads to pid 183947
Request from pid 183947: max_threads=65535, hint_threads=32
Granted 32 threads to pid 183947
Request from pid 183947: max_threads=65535, hint_threads=32
Granted 32 threads to pid 183947
Request from pid 183947: max_threads=65535, hint_threads=32
Granted 32 threads to pid 183947
Request from pid 183947: max_threads=65535, hint_threads=32
Granted 32 threads to pid 183947
Request from pid 183947: max_threads=65535, hint_threads=32
Granted 32 threads to pid 183947
Request from pid 183947: max_threads=65535, hint_threads=32
Granted 32 threads to pid 183947
Request from pid 183947: max_threads=65535, hint_threads=32
Granted 32 threads to pid 183947
Request from pid 183947: max_threads=65535, hint_threads=32
Granted 32 threads to pid 183947
Request from pid 183947: max_threads=65535, hint_threads=32
Granted 32 threads to pid 183947
Request from pid 183947: max_threads=65535, hint_threads=32
Granted 32 threads to pid 183947
Request from pid 183947: max_threads=65535, hint_threads=32
Granted 32 threads to pid 183947
Request from pid 183947: max_threads=65535, hint_threads=32
Granted 32 threads to pid 183947
Request from pid 183947: max_threads=65535, hint_threads=32
Granted 32 threads to pid 183947
Request from pid 183947: max_threads=65535, hint_threads=32
Granted 32 threads to pid 183947
Request from pid 183947: max_threads=65535, hint_threads=32
Granted 32 threads to pid 183947
Request from pid 183947: max_threads=65535, hint_threads=32
Granted 32 threads to pid 183947
Request from pid 183947: max_threads=65535, hint_threads=32
Granted 32 threads to pid 183947
Request from pid 183947: max_threads=65535, hint_threads=32
Granted 32 threads to pid 183947
Request from pid 183947: max_threads=65535, hint_threads=32
Granted 32 threads to pid 183947
Request from pid 183947: max_threads=65535, hint_threads=32
Granted 32 threads to pid 183947
Request from pid 183947: max_threads=65535, hint_threads=32
Granted 32 threads to pid 183947
Request from pid 183947: max_threads=65535, hint_threads=32
Granted 32 threads to pid 183947
Request from pid 183947: max_threads=65535, hint_threads=32
Granted 32 threads to pid 183947
Request from pid 183947: max_threads=65535, hint_threads=32
Granted 32 threads to pid 183947
Request from pid 183947: max_threads=65535, hint_threads=32
Granted 32 threads to pid 183947
Request from pid 183947: max_threads=65535, hint_threads=32
Granted 32 threads to pid 183947
Request from pid 183947: max_threads=65535, hint_threads=32
Granted 32 threads to pid 183947
Request from pid 183947: max_threads=65535, hint_threads=32
Granted 32 threads to pid 183947
Request from pid 183947: max_threads=65535, hint_threads=32
Granted 32 threads to pid 183947
Request from pid 183947: max_threads=65535, hint_threads=32
Granted 32 threads to pid 183947
Request from pid 183947: max_threads=65535, hint_threads=32
Granted 32 threads to pid 183947
Request from pid 183947: max_threads=65535, hint_threads=32
Granted 32 threads to pid 183947
Request from pid 183947: max_threads=65535, hint_threads=32
Granted 32 threads to pid 183947
Request from pid 183947: max_threads=65535, hint_threads=32
Granted 32 threads to pid 183947
Request from pid 183947: max_threads=65535, hint_threads=32
Granted 32 threads to pid 183947
Request from pid 183947: max_threads=65535, hint_threads=32
Granted 32 threads to pid 183947
Request from pid 183947: max_threads=65535, hint_threads=32
Granted 32 threads to pid 183947
Request from pid 183947: max_threads=65535, hint_threads=32
Granted 32 threads to pid 183947
Request from pid 183947: max_threads=65535, hint_threads=32
Granted 32 threads to pid 183947
Request from pid 183947: max_threads=65535, hint_threads=32
Granted 32 threads to pid 183947
Client closed connection
Accepted connection
Handling client
Request from pid 184038: max_threads=65535, hint_threads=32
Granted 32 threads to pid 184038
Request from pid 184038: max_threads=65535, hint_threads=32
Granted 32 threads to pid 184038
Read error: Connection reset by peer (os error 104)
Accepted connection
Handling client
Request from pid 184273: max_threads=65535, hint_threads=32
Granted 32 threads to pid 184273
Request from pid 184273: max_threads=65535, hint_threads=32
Granted 32 threads to pid 184273
Request from pid 184273: max_threads=65535, hint_threads=32
Granted 32 threads to pid 184273
Request from pid 184273: max_threads=65535, hint_threads=32
Granted 32 threads to pid 184273
Request from pid 184273: max_threads=65535, hint_threads=32
Granted 32 threads to pid 184273
Request from pid 184273: max_threads=65535, hint_threads=32
Granted 32 threads to pid 184273
Request from pid 184273: max_threads=65535, hint_threads=32
Granted 32 threads to pid 184273
Request from pid 184273: max_threads=65535, hint_threads=32
Granted 32 threads to pid 184273
Request from pid 184273: max_threads=65535, hint_threads=32
Granted 32 threads to pid 184273
Request from pid 184273: max_threads=65535, hint_threads=32
Granted 32 threads to pid 184273
Request from pid 184273: max_threads=65535, hint_threads=32
Granted 32 threads to pid 184273
Request from pid 184273: max_threads=65535, hint_threads=32
Granted 32 threads to pid 184273
Request from pid 184273: max_threads=65535, hint_threads=32
Granted 32 threads to pid 184273
Request from pid 184273: max_threads=65535, hint_threads=32
Granted 32 threads to pid 184273
Request from pid 184273: max_threads=65535, hint_threads=32
Granted 32 threads to pid 184273
Request from pid 184273: max_threads=65535, hint_threads=32
Granted 32 threads to pid 184273
Request from pid 184273: max_threads=65535, hint_threads=32
Granted 32 threads to pid 184273
Request from pid 184273: max_threads=65535, hint_threads=32
Granted 32 threads to pid 184273
Request from pid 184273: max_threads=65535, hint_threads=32
Granted 32 threads to pid 184273
Request from pid 184273: max_threads=65535, hint_threads=32
Granted 32 threads to pid 184273
Request from pid 184273: max_threads=65535, hint_threads=32
Granted 32 threads to pid 184273
Request from pid 184273: max_threads=65535, hint_threads=32
Granted 32 threads to pid 184273
Request from pid 184273: max_threads=65535, hint_threads=32
Granted 32 threads to pid 184273
Request from pid 184273: max_threads=65535, hint_threads=32
Granted 32 threads to pid 184273
Request from pid 184273: max_threads=65535, hint_threads=32
Granted 32 threads to pid 184273
Request from pid 184273: max_threads=65535, hint_threads=32
Granted 32 threads to pid 184273
Request from pid 184273: max_threads=65535, hint_threads=32
Granted 32 threads to pid 184273
Request from pid 184273: max_threads=65535, hint_threads=32
Granted 32 threads to pid 184273
Request from pid 184273: max_threads=65535, hint_threads=32
Granted 32 threads to pid 184273
Request from pid 184273: max_threads=65535, hint_threads=32
Granted 32 threads to pid 184273
Request from pid 184273: max_threads=65535, hint_threads=32
Granted 32 threads to pid 184273
Request from pid 184273: max_threads=65535, hint_threads=32
Granted 32 threads to pid 184273
Request from pid 184273: max_threads=65535, hint_threads=32
Granted 32 threads to pid 184273
Request from pid 184273: max_threads=65535, hint_threads=32
Granted 32 threads to pid 184273
Request from pid 184273: max_threads=65535, hint_threads=32
Granted 32 threads to pid 184273
Request from pid 184273: max_threads=65535, hint_threads=32
Granted 32 threads to pid 184273
Request from pid 184273: max_threads=65535, hint_threads=32
Granted 32 threads to pid 184273
Request from pid 184273: max_threads=65535, hint_threads=32
Granted 32 threads to pid 184273
Request from pid 184273: max_threads=65535, hint_threads=32
Granted 32 threads to pid 184273
Request from pid 184273: max_threads=65535, hint_threads=32
Granted 32 threads to pid 184273
Request from pid 184273: max_threads=65535, hint_threads=32
Granted 32 threads to pid 184273
Request from pid 184273: max_threads=65535, hint_threads=32
Granted 32 threads to pid 184273
Request from pid 184273: max_threads=65535, hint_threads=32
Granted 32 threads to pid 184273
Request from pid 184273: max_threads=65535, hint_threads=32
Granted 32 threads to pid 184273
Request from pid 184273: max_threads=65535, hint_threads=32
Granted 32 threads to pid 184273
Request from pid 184273: max_threads=65535, hint_threads=32
Granted 32 threads to pid 184273
Request from pid 184273: max_threads=65535, hint_threads=32
Granted 32 threads to pid 184273
Read error: Connection reset by peer (os error 104)
Accepted connection
Handling client
Request from pid 184369: max_threads=65535, hint_threads=32
Granted 32 threads to pid 184369
Request from pid 184369: max_threads=65535, hint_threads=32
Granted 32 threads to pid 184369
Request from pid 184369: max_threads=65535, hint_threads=32
Granted 32 threads to pid 184369
Request from pid 184369: max_threads=65535, hint_threads=32
Granted 32 threads to pid 184369
Request from pid 184369: max_threads=65535, hint_threads=32
Granted 32 threads to pid 184369
Request from pid 184369: max_threads=65535, hint_threads=32
Granted 32 threads to pid 184369
Request from pid 184369: max_threads=65535, hint_threads=32
Granted 32 threads to pid 184369
Request from pid 184369: max_threads=65535, hint_threads=32
Granted 32 threads to pid 184369
Request from pid 184369: max_threads=65535, hint_threads=32
Granted 32 threads to pid 184369
Request from pid 184369: max_threads=65535, hint_threads=32
Granted 32 threads to pid 184369
Request from pid 184369: max_threads=65535, hint_threads=32
Granted 32 threads to pid 184369
Request from pid 184369: max_threads=65535, hint_threads=32
Granted 32 threads to pid 184369
Request from pid 184369: max_threads=65535, hint_threads=32
Granted 32 threads to pid 184369
Request from pid 184369: max_threads=65535, hint_threads=32
Granted 32 threads to pid 184369
Request from pid 184369: max_threads=65535, hint_threads=32
Granted 32 threads to pid 184369
Request from pid 184369: max_threads=65535, hint_threads=32
Granted 32 threads to pid 184369
Request from pid 184369: max_threads=65535, hint_threads=32
Granted 32 threads to pid 184369
Request from pid 184369: max_threads=65535, hint_threads=32
Granted 32 threads to pid 184369
Request from pid 184369: max_threads=65535, hint_threads=32
Granted 32 threads to pid 184369
Request from pid 184369: max_threads=65535, hint_threads=32
Granted 32 threads to pid 184369
Request from pid 184369: max_threads=65535, hint_threads=32
Granted 32 threads to pid 184369
Request from pid 184369: max_threads=65535, hint_threads=32
Granted 32 threads to pid 184369
Request from pid 184369: max_threads=65535, hint_threads=32
Granted 32 threads to pid 184369
Request from pid 184369: max_threads=65535, hint_threads=32
Granted 32 threads to pid 184369
Request from pid 184369: max_threads=65535, hint_threads=32
Granted 32 threads to pid 184369
Request from pid 184369: max_threads=65535, hint_threads=32
Granted 32 threads to pid 184369
Request from pid 184369: max_threads=65535, hint_threads=32
Granted 32 threads to pid 184369
Request from pid 184369: max_threads=65535, hint_threads=32
Granted 32 threads to pid 184369
Request from pid 184369: max_threads=65535, hint_threads=32
Granted 32 threads to pid 184369
Request from pid 184369: max_threads=65535, hint_threads=32
Granted 32 threads to pid 184369
Request from pid 184369: max_threads=65535, hint_threads=32
Granted 32 threads to pid 184369
Request from pid 184369: max_threads=65535, hint_threads=32
Granted 32 threads to pid 184369
Request from pid 184369: max_threads=65535, hint_threads=32
Granted 32 threads to pid 184369
Request from pid 184369: max_threads=65535, hint_threads=32
Granted 32 threads to pid 184369
Request from pid 184369: max_threads=65535, hint_threads=32
Granted 32 threads to pid 184369
Request from pid 184369: max_threads=65535, hint_threads=32
Granted 32 threads to pid 184369
Request from pid 184369: max_threads=65535, hint_threads=32
Granted 32 threads to pid 184369
Request from pid 184369: max_threads=65535, hint_threads=32
Granted 32 threads to pid 184369
Request from pid 184369: max_threads=65535, hint_threads=32
Granted 32 threads to pid 184369
Request from pid 184369: max_threads=65535, hint_threads=32
Granted 32 threads to pid 184369
Request from pid 184369: max_threads=65535, hint_threads=32
Granted 32 threads to pid 184369
Request from pid 184369: max_threads=65535, hint_threads=32
Granted 32 threads to pid 184369
Request from pid 184369: max_threads=65535, hint_threads=32
Granted 32 threads to pid 184369
Request from pid 184369: max_threads=65535, hint_threads=32
Granted 32 threads to pid 184369
Request from pid 184369: max_threads=65535, hint_threads=32
Granted 32 threads to pid 184369
Client closed connection
Accepted connection
Handling client
Request from pid 184477: max_threads=65535, hint_threads=32
Granted 32 threads to pid 184477
Request from pid 184477: max_threads=65535, hint_threads=32
Granted 32 threads to pid 184477
Read error: Connection reset by peer (os error 104)
Accepted connection
Handling client
Request from pid 184568: max_threads=65535, hint_threads=32
Granted 32 threads to pid 184568
Request from pid 184568: max_threads=65535, hint_threads=32
Granted 32 threads to pid 184568
Request from pid 184568: max_threads=65535, hint_threads=32
Granted 32 threads to pid 184568
Request from pid 184568: max_threads=65535, hint_threads=32
Granted 32 threads to pid 184568
Request from pid 184568: max_threads=65535, hint_threads=32
Granted 32 threads to pid 184568
Request from pid 184568: max_threads=65535, hint_threads=32
Granted 32 threads to pid 184568
Request from pid 184568: max_threads=65535, hint_threads=32
Granted 32 threads to pid 184568
Request from pid 184568: max_threads=65535, hint_threads=32
Granted 32 threads to pid 184568
Request from pid 184568: max_threads=65535, hint_threads=32
Granted 32 threads to pid 184568
Request from pid 184568: max_threads=65535, hint_threads=32
Granted 32 threads to pid 184568
Request from pid 184568: max_threads=65535, hint_threads=32
Granted 32 threads to pid 184568
Request from pid 184568: max_threads=65535, hint_threads=32
Granted 32 threads to pid 184568
Request from pid 184568: max_threads=65535, hint_threads=32
Granted 32 threads to pid 184568
Request from pid 184568: max_threads=65535, hint_threads=32
Granted 32 threads to pid 184568
Request from pid 184568: max_threads=65535, hint_threads=32
Granted 32 threads to pid 184568
Request from pid 184568: max_threads=65535, hint_threads=32
Granted 32 threads to pid 184568
Request from pid 184568: max_threads=65535, hint_threads=32
Granted 32 threads to pid 184568
Request from pid 184568: max_threads=65535, hint_threads=32
Granted 32 threads to pid 184568
Request from pid 184568: max_threads=65535, hint_threads=32
Granted 32 threads to pid 184568
Request from pid 184568: max_threads=65535, hint_threads=32
Granted 32 threads to pid 184568
Request from pid 184568: max_threads=65535, hint_threads=32
Granted 32 threads to pid 184568
Request from pid 184568: max_threads=65535, hint_threads=32
Granted 32 threads to pid 184568
Request from pid 184568: max_threads=65535, hint_threads=32
Granted 32 threads to pid 184568
Request from pid 184568: max_threads=65535, hint_threads=32
Granted 32 threads to pid 184568
Request from pid 184568: max_threads=65535, hint_threads=32
Granted 32 threads to pid 184568
Request from pid 184568: max_threads=65535, hint_threads=32
Granted 32 threads to pid 184568
Request from pid 184568: max_threads=65535, hint_threads=32
Granted 32 threads to pid 184568
Request from pid 184568: max_threads=65535, hint_threads=32
Granted 32 threads to pid 184568
Request from pid 184568: max_threads=65535, hint_threads=32
Granted 32 threads to pid 184568
Request from pid 184568: max_threads=65535, hint_threads=32
Granted 32 threads to pid 184568
Request from pid 184568: max_threads=65535, hint_threads=32
Granted 32 threads to pid 184568
Request from pid 184568: max_threads=65535, hint_threads=32
Granted 32 threads to pid 184568
Request from pid 184568: max_threads=65535, hint_threads=32
Granted 32 threads to pid 184568
Request from pid 184568: max_threads=65535, hint_threads=32
Granted 32 threads to pid 184568
Request from pid 184568: max_threads=65535, hint_threads=32
Granted 32 threads to pid 184568
Request from pid 184568: max_threads=65535, hint_threads=32
Granted 32 threads to pid 184568
Request from pid 184568: max_threads=65535, hint_threads=32
Granted 32 threads to pid 184568
Request from pid 184568: max_threads=65535, hint_threads=32
Granted 32 threads to pid 184568
Request from pid 184568: max_threads=65535, hint_threads=32
Granted 32 threads to pid 184568
Request from pid 184568: max_threads=65535, hint_threads=32
Granted 32 threads to pid 184568
Request from pid 184568: max_threads=65535, hint_threads=32
Granted 32 threads to pid 184568
Request from pid 184568: max_threads=65535, hint_threads=32
Granted 32 threads to pid 184568
Request from pid 184568: max_threads=65535, hint_threads=32
Granted 32 threads to pid 184568
Request from pid 184568: max_threads=65535, hint_threads=32
Granted 32 threads to pid 184568
Request from pid 184568: max_threads=65535, hint_threads=32
Granted 32 threads to pid 184568
Request from pid 184568: max_threads=65535, hint_threads=32
Granted 32 threads to pid 184568
Request from pid 184568: max_threads=65535, hint_threads=32
Granted 32 threads to pid 184568
Read error: Connection reset by peer (os error 104)
Accepted connection
Handling client
Request from pid 184659: max_threads=65535, hint_threads=32
Granted 32 threads to pid 184659
Request from pid 184659: max_threads=65535, hint_threads=32
Granted 32 threads to pid 184659
Request from pid 184659: max_threads=65535, hint_threads=32
Granted 32 threads to pid 184659
Request from pid 184659: max_threads=65535, hint_threads=32
Granted 32 threads to pid 184659
Request from pid 184659: max_threads=65535, hint_threads=32
Granted 32 threads to pid 184659
Request from pid 184659: max_threads=65535, hint_threads=32
Granted 32 threads to pid 184659
Request from pid 184659: max_threads=65535, hint_threads=32
Granted 32 threads to pid 184659
Request from pid 184659: max_threads=65535, hint_threads=32
Granted 32 threads to pid 184659
Request from pid 184659: max_threads=65535, hint_threads=32
Granted 32 threads to pid 184659
Request from pid 184659: max_threads=65535, hint_threads=32
Granted 32 threads to pid 184659
Request from pid 184659: max_threads=65535, hint_threads=32
Granted 32 threads to pid 184659
Request from pid 184659: max_threads=65535, hint_threads=32
Granted 32 threads to pid 184659
Request from pid 184659: max_threads=65535, hint_threads=32
Granted 32 threads to pid 184659
Request from pid 184659: max_threads=65535, hint_threads=32
Granted 32 threads to pid 184659
Request from pid 184659: max_threads=65535, hint_threads=32
Granted 32 threads to pid 184659
Request from pid 184659: max_threads=65535, hint_threads=32
Granted 32 threads to pid 184659
Request from pid 184659: max_threads=65535, hint_threads=32
Granted 32 threads to pid 184659
Request from pid 184659: max_threads=65535, hint_threads=32
Granted 32 threads to pid 184659
Request from pid 184659: max_threads=65535, hint_threads=32
Granted 32 threads to pid 184659
Request from pid 184659: max_threads=65535, hint_threads=32
Granted 32 threads to pid 184659
Request from pid 184659: max_threads=65535, hint_threads=32
Granted 32 threads to pid 184659
Request from pid 184659: max_threads=65535, hint_threads=32
Granted 32 threads to pid 184659
Request from pid 184659: max_threads=65535, hint_threads=32
Granted 32 threads to pid 184659
Request from pid 184659: max_threads=65535, hint_threads=32
Granted 32 threads to pid 184659
Request from pid 184659: max_threads=65535, hint_threads=32
Granted 32 threads to pid 184659
Request from pid 184659: max_threads=65535, hint_threads=32
Granted 32 threads to pid 184659
Request from pid 184659: max_threads=65535, hint_threads=32
Granted 32 threads to pid 184659
Request from pid 184659: max_threads=65535, hint_threads=32
Granted 32 threads to pid 184659
Request from pid 184659: max_threads=65535, hint_threads=32
Granted 32 threads to pid 184659
Request from pid 184659: max_threads=65535, hint_threads=32
Granted 32 threads to pid 184659
Request from pid 184659: max_threads=65535, hint_threads=32
Granted 32 threads to pid 184659
Request from pid 184659: max_threads=65535, hint_threads=32
Granted 32 threads to pid 184659
Request from pid 184659: max_threads=65535, hint_threads=32
Granted 32 threads to pid 184659
Request from pid 184659: max_threads=65535, hint_threads=32
Granted 32 threads to pid 184659
Request from pid 184659: max_threads=65535, hint_threads=32
Granted 32 threads to pid 184659
Request from pid 184659: max_threads=65535, hint_threads=32
Granted 32 threads to pid 184659
Request from pid 184659: max_threads=65535, hint_threads=32
Granted 32 threads to pid 184659
Request from pid 184659: max_threads=65535, hint_threads=32
Granted 32 threads to pid 184659
Request from pid 184659: max_threads=65535, hint_threads=32
Granted 32 threads to pid 184659
Request from pid 184659: max_threads=65535, hint_threads=32
Granted 32 threads to pid 184659
Request from pid 184659: max_threads=65535, hint_threads=32
Granted 32 threads to pid 184659
Request from pid 184659: max_threads=65535, hint_threads=32
Granted 32 threads to pid 184659
Request from pid 184659: max_threads=65535, hint_threads=32
Granted 32 threads to pid 184659
Request from pid 184659: max_threads=65535, hint_threads=32
Granted 32 threads to pid 184659
Request from pid 184659: max_threads=65535, hint_threads=32
Granted 32 threads to pid 184659
Client closed connection
Accepted connection
Handling client
Request from pid 184757: max_threads=65535, hint_threads=32
Granted 32 threads to pid 184757
Request from pid 184757: max_threads=65535, hint_threads=32
Granted 32 threads to pid 184757
Read error: Connection reset by peer (os error 104)
Accepted connection
Handling client
Request from pid 184849: max_threads=65535, hint_threads=32
Granted 32 threads to pid 184849
Request from pid 184849: max_threads=65535, hint_threads=32
Granted 32 threads to pid 184849
Request from pid 184849: max_threads=65535, hint_threads=32
Granted 32 threads to pid 184849
Request from pid 184849: max_threads=65535, hint_threads=32
Granted 32 threads to pid 184849
Request from pid 184849: max_threads=65535, hint_threads=32
Granted 32 threads to pid 184849
Request from pid 184849: max_threads=65535, hint_threads=32
Granted 32 threads to pid 184849
Request from pid 184849: max_threads=65535, hint_threads=32
Granted 32 threads to pid 184849
Request from pid 184849: max_threads=65535, hint_threads=32
Granted 32 threads to pid 184849
Request from pid 184849: max_threads=65535, hint_threads=32
Granted 32 threads to pid 184849
Request from pid 184849: max_threads=65535, hint_threads=32
Granted 32 threads to pid 184849
Request from pid 184849: max_threads=65535, hint_threads=32
Granted 32 threads to pid 184849
Request from pid 184849: max_threads=65535, hint_threads=32
Granted 32 threads to pid 184849
Request from pid 184849: max_threads=65535, hint_threads=32
Granted 32 threads to pid 184849
Request from pid 184849: max_threads=65535, hint_threads=32
Granted 32 threads to pid 184849
Request from pid 184849: max_threads=65535, hint_threads=32
Granted 32 threads to pid 184849
Request from pid 184849: max_threads=65535, hint_threads=32
Granted 32 threads to pid 184849
Request from pid 184849: max_threads=65535, hint_threads=32
Granted 32 threads to pid 184849
Request from pid 184849: max_threads=65535, hint_threads=32
Granted 32 threads to pid 184849
Request from pid 184849: max_threads=65535, hint_threads=32
Granted 32 threads to pid 184849
Request from pid 184849: max_threads=65535, hint_threads=32
Granted 32 threads to pid 184849
Request from pid 184849: max_threads=65535, hint_threads=32
Granted 32 threads to pid 184849
Request from pid 184849: max_threads=65535, hint_threads=32
Granted 32 threads to pid 184849
Request from pid 184849: max_threads=65535, hint_threads=32
Granted 32 threads to pid 184849
Request from pid 184849: max_threads=65535, hint_threads=32
Granted 32 threads to pid 184849
Request from pid 184849: max_threads=65535, hint_threads=32
Granted 32 threads to pid 184849
Request from pid 184849: max_threads=65535, hint_threads=32
Granted 32 threads to pid 184849
Request from pid 184849: max_threads=65535, hint_threads=32
Granted 32 threads to pid 184849
Request from pid 184849: max_threads=65535, hint_threads=32
Granted 32 threads to pid 184849
Request from pid 184849: max_threads=65535, hint_threads=32
Granted 32 threads to pid 184849
Request from pid 184849: max_threads=65535, hint_threads=32
Granted 32 threads to pid 184849
Request from pid 184849: max_threads=65535, hint_threads=32
Granted 32 threads to pid 184849
Request from pid 184849: max_threads=65535, hint_threads=32
Granted 32 threads to pid 184849
Request from pid 184849: max_threads=65535, hint_threads=32
Granted 32 threads to pid 184849
Request from pid 184849: max_threads=65535, hint_threads=32
Granted 32 threads to pid 184849
Request from pid 184849: max_threads=65535, hint_threads=32
Granted 32 threads to pid 184849
Request from pid 184849: max_threads=65535, hint_threads=32
Granted 32 threads to pid 184849
Request from pid 184849: max_threads=65535, hint_threads=32
Granted 32 threads to pid 184849
Request from pid 184849: max_threads=65535, hint_threads=32
Granted 32 threads to pid 184849
Request from pid 184849: max_threads=65535, hint_threads=32
Granted 32 threads to pid 184849
Request from pid 184849: max_threads=65535, hint_threads=32
Granted 32 threads to pid 184849
Request from pid 184849: max_threads=65535, hint_threads=32
Granted 32 threads to pid 184849
Request from pid 184849: max_threads=65535, hint_threads=32
Granted 32 threads to pid 184849
Request from pid 184849: max_threads=65535, hint_threads=32
Granted 32 threads to pid 184849
Request from pid 184849: max_threads=65535, hint_threads=32
Granted 32 threads to pid 184849
Request from pid 184849: max_threads=65535, hint_threads=32
Granted 32 threads to pid 184849
Request from pid 184849: max_threads=65535, hint_threads=32
Granted 32 threads to pid 184849
Request from pid 184849: max_threads=65535, hint_threads=32
Granted 32 threads to pid 184849
Read error: Connection reset by peer (os error 104)
Accepted connection
Handling client
Request from pid 184939: max_threads=65535, hint_threads=32
Granted 32 threads to pid 184939
Request from pid 184939: max_threads=65535, hint_threads=32
Granted 32 threads to pid 184939
Request from pid 184939: max_threads=65535, hint_threads=32
Granted 32 threads to pid 184939
Request from pid 184939: max_threads=65535, hint_threads=32
Granted 32 threads to pid 184939
Request from pid 184939: max_threads=65535, hint_threads=32
Granted 32 threads to pid 184939
Request from pid 184939: max_threads=65535, hint_threads=32
Granted 32 threads to pid 184939
Request from pid 184939: max_threads=65535, hint_threads=32
Granted 32 threads to pid 184939
Request from pid 184939: max_threads=65535, hint_threads=32
Granted 32 threads to pid 184939
Request from pid 184939: max_threads=65535, hint_threads=32
Granted 32 threads to pid 184939
Request from pid 184939: max_threads=65535, hint_threads=32
Granted 32 threads to pid 184939
Request from pid 184939: max_threads=65535, hint_threads=32
Granted 32 threads to pid 184939
Request from pid 184939: max_threads=65535, hint_threads=32
Granted 32 threads to pid 184939
Request from pid 184939: max_threads=65535, hint_threads=32
Granted 32 threads to pid 184939
Request from pid 184939: max_threads=65535, hint_threads=32
Granted 32 threads to pid 184939
Request from pid 184939: max_threads=65535, hint_threads=32
Granted 32 threads to pid 184939
Request from pid 184939: max_threads=65535, hint_threads=32
Granted 32 threads to pid 184939
Request from pid 184939: max_threads=65535, hint_threads=32
Granted 32 threads to pid 184939
Request from pid 184939: max_threads=65535, hint_threads=32
Granted 32 threads to pid 184939
Request from pid 184939: max_threads=65535, hint_threads=32
Granted 32 threads to pid 184939
Request from pid 184939: max_threads=65535, hint_threads=32
Granted 32 threads to pid 184939
Request from pid 184939: max_threads=65535, hint_threads=32
Granted 32 threads to pid 184939
Request from pid 184939: max_threads=65535, hint_threads=32
Granted 32 threads to pid 184939
Request from pid 184939: max_threads=65535, hint_threads=32
Granted 32 threads to pid 184939
Request from pid 184939: max_threads=65535, hint_threads=32
Granted 32 threads to pid 184939
Request from pid 184939: max_threads=65535, hint_threads=32
Granted 32 threads to pid 184939
Request from pid 184939: max_threads=65535, hint_threads=32
Granted 32 threads to pid 184939
Request from pid 184939: max_threads=65535, hint_threads=32
Granted 32 threads to pid 184939
Request from pid 184939: max_threads=65535, hint_threads=32
Granted 32 threads to pid 184939
Request from pid 184939: max_threads=65535, hint_threads=32
Granted 32 threads to pid 184939
Request from pid 184939: max_threads=65535, hint_threads=32
Granted 32 threads to pid 184939
Request from pid 184939: max_threads=65535, hint_threads=32
Granted 32 threads to pid 184939
Request from pid 184939: max_threads=65535, hint_threads=32
Granted 32 threads to pid 184939
Request from pid 184939: max_threads=65535, hint_threads=32
Granted 32 threads to pid 184939
Request from pid 184939: max_threads=65535, hint_threads=32
Granted 32 threads to pid 184939
Request from pid 184939: max_threads=65535, hint_threads=32
Granted 32 threads to pid 184939
Request from pid 184939: max_threads=65535, hint_threads=32
Granted 32 threads to pid 184939
Request from pid 184939: max_threads=65535, hint_threads=32
Granted 32 threads to pid 184939
Request from pid 184939: max_threads=65535, hint_threads=32
Granted 32 threads to pid 184939
Request from pid 184939: max_threads=65535, hint_threads=32
Granted 32 threads to pid 184939
Request from pid 184939: max_threads=65535, hint_threads=32
Granted 32 threads to pid 184939
Request from pid 184939: max_threads=65535, hint_threads=32
Granted 32 threads to pid 184939
Request from pid 184939: max_threads=65535, hint_threads=32
Granted 32 threads to pid 184939
Request from pid 184939: max_threads=65535, hint_threads=32
Granted 32 threads to pid 184939
Request from pid 184939: max_threads=65535, hint_threads=32
Granted 32 threads to pid 184939
Request from pid 184939: max_threads=65535, hint_threads=32
Granted 32 threads to pid 184939
Request from pid 184939: max_threads=65535, hint_threads=32
Granted 32 threads to pid 184939
Request from pid 184939: max_threads=65535, hint_threads=32
Granted 32 threads to pid 184939
Request from pid 184939: max_threads=65535, hint_threads=32
Granted 32 threads to pid 184939
Client closed connection
Accepted connection
Handling client
Request from pid 185088: max_threads=65535, hint_threads=32
Granted 32 threads to pid 185088
Request from pid 185088: max_threads=65535, hint_threads=32
Granted 32 threads to pid 185088
Read error: Connection reset by peer (os error 104)
Accepted connection
Handling client
Request from pid 185192: max_threads=65535, hint_threads=32
Granted 32 threads to pid 185192
Request from pid 185192: max_threads=65535, hint_threads=32
Granted 32 threads to pid 185192
Request from pid 185192: max_threads=65535, hint_threads=32
Granted 32 threads to pid 185192
Request from pid 185192: max_threads=65535, hint_threads=32
Granted 32 threads to pid 185192
Request from pid 185192: max_threads=65535, hint_threads=32
Granted 32 threads to pid 185192
Request from pid 185192: max_threads=65535, hint_threads=32
Granted 32 threads to pid 185192
Request from pid 185192: max_threads=65535, hint_threads=32
Granted 32 threads to pid 185192
Request from pid 185192: max_threads=65535, hint_threads=32
Granted 32 threads to pid 185192
Request from pid 185192: max_threads=65535, hint_threads=32
Granted 32 threads to pid 185192
Request from pid 185192: max_threads=65535, hint_threads=32
Granted 32 threads to pid 185192
Request from pid 185192: max_threads=65535, hint_threads=32
Granted 32 threads to pid 185192
Request from pid 185192: max_threads=65535, hint_threads=32
Granted 32 threads to pid 185192
Request from pid 185192: max_threads=65535, hint_threads=32
Granted 32 threads to pid 185192
Request from pid 185192: max_threads=65535, hint_threads=32
Granted 32 threads to pid 185192
Request from pid 185192: max_threads=65535, hint_threads=32
Granted 32 threads to pid 185192
Request from pid 185192: max_threads=65535, hint_threads=32
Granted 32 threads to pid 185192
Request from pid 185192: max_threads=65535, hint_threads=32
Granted 32 threads to pid 185192
Request from pid 185192: max_threads=65535, hint_threads=32
Granted 32 threads to pid 185192
Request from pid 185192: max_threads=65535, hint_threads=32
Granted 32 threads to pid 185192
Request from pid 185192: max_threads=65535, hint_threads=32
Granted 32 threads to pid 185192
Request from pid 185192: max_threads=65535, hint_threads=32
Granted 32 threads to pid 185192
Request from pid 185192: max_threads=65535, hint_threads=32
Granted 32 threads to pid 185192
Request from pid 185192: max_threads=65535, hint_threads=32
Granted 32 threads to pid 185192
Request from pid 185192: max_threads=65535, hint_threads=32
Granted 32 threads to pid 185192
Request from pid 185192: max_threads=65535, hint_threads=32
Granted 32 threads to pid 185192
Request from pid 185192: max_threads=65535, hint_threads=32
Granted 32 threads to pid 185192
Request from pid 185192: max_threads=65535, hint_threads=32
Granted 32 threads to pid 185192
Request from pid 185192: max_threads=65535, hint_threads=32
Granted 32 threads to pid 185192
Request from pid 185192: max_threads=65535, hint_threads=32
Granted 32 threads to pid 185192
Request from pid 185192: max_threads=65535, hint_threads=32
Granted 32 threads to pid 185192
Request from pid 185192: max_threads=65535, hint_threads=32
Granted 32 threads to pid 185192
Request from pid 185192: max_threads=65535, hint_threads=32
Granted 32 threads to pid 185192
Request from pid 185192: max_threads=65535, hint_threads=32
Granted 32 threads to pid 185192
Request from pid 185192: max_threads=65535, hint_threads=32
Granted 32 threads to pid 185192
Request from pid 185192: max_threads=65535, hint_threads=32
Granted 32 threads to pid 185192
Request from pid 185192: max_threads=65535, hint_threads=32
Granted 32 threads to pid 185192
Request from pid 185192: max_threads=65535, hint_threads=32
Granted 32 threads to pid 185192
Request from pid 185192: max_threads=65535, hint_threads=32
Granted 32 threads to pid 185192
Request from pid 185192: max_threads=65535, hint_threads=32
Granted 32 threads to pid 185192
Request from pid 185192: max_threads=65535, hint_threads=32
Granted 32 threads to pid 185192
Request from pid 185192: max_threads=65535, hint_threads=32
Granted 32 threads to pid 185192
Request from pid 185192: max_threads=65535, hint_threads=32
Granted 32 threads to pid 185192
Request from pid 185192: max_threads=65535, hint_threads=32
Granted 32 threads to pid 185192
Request from pid 185192: max_threads=65535, hint_threads=32
Granted 32 threads to pid 185192
Request from pid 185192: max_threads=65535, hint_threads=32
Granted 32 threads to pid 185192
Request from pid 185192: max_threads=65535, hint_threads=32
Granted 32 threads to pid 185192
Request from pid 185192: max_threads=65535, hint_threads=32
Granted 32 threads to pid 185192
Read error: Connection reset by peer (os error 104)
Accepted connection
Handling client
Request from pid 185284: max_threads=65535, hint_threads=32
Granted 32 threads to pid 185284
Request from pid 185284: max_threads=65535, hint_threads=32
Granted 32 threads to pid 185284
Request from pid 185284: max_threads=65535, hint_threads=32
Granted 32 threads to pid 185284
Request from pid 185284: max_threads=65535, hint_threads=32
Granted 32 threads to pid 185284
Request from pid 185284: max_threads=65535, hint_threads=32
Granted 32 threads to pid 185284
Request from pid 185284: max_threads=65535, hint_threads=32
Granted 32 threads to pid 185284
Request from pid 185284: max_threads=65535, hint_threads=32
Granted 32 threads to pid 185284
Request from pid 185284: max_threads=65535, hint_threads=32
Granted 32 threads to pid 185284
Request from pid 185284: max_threads=65535, hint_threads=32
Granted 32 threads to pid 185284
Request from pid 185284: max_threads=65535, hint_threads=32
Granted 32 threads to pid 185284
Request from pid 185284: max_threads=65535, hint_threads=32
Granted 32 threads to pid 185284
Request from pid 185284: max_threads=65535, hint_threads=32
Granted 32 threads to pid 185284
Request from pid 185284: max_threads=65535, hint_threads=32
Granted 32 threads to pid 185284
Request from pid 185284: max_threads=65535, hint_threads=32
Granted 32 threads to pid 185284
Request from pid 185284: max_threads=65535, hint_threads=32
Granted 32 threads to pid 185284
Request from pid 185284: max_threads=65535, hint_threads=32
Granted 32 threads to pid 185284
Request from pid 185284: max_threads=65535, hint_threads=32
Granted 32 threads to pid 185284
Request from pid 185284: max_threads=65535, hint_threads=32
Granted 32 threads to pid 185284
Request from pid 185284: max_threads=65535, hint_threads=32
Granted 32 threads to pid 185284
Request from pid 185284: max_threads=65535, hint_threads=32
Granted 32 threads to pid 185284
Request from pid 185284: max_threads=65535, hint_threads=32
Granted 32 threads to pid 185284
Request from pid 185284: max_threads=65535, hint_threads=32
Granted 32 threads to pid 185284
Request from pid 185284: max_threads=65535, hint_threads=32
Granted 32 threads to pid 185284
Request from pid 185284: max_threads=65535, hint_threads=32
Granted 32 threads to pid 185284
Request from pid 185284: max_threads=65535, hint_threads=32
Granted 32 threads to pid 185284
Request from pid 185284: max_threads=65535, hint_threads=32
Granted 32 threads to pid 185284
Request from pid 185284: max_threads=65535, hint_threads=32
Granted 32 threads to pid 185284
Request from pid 185284: max_threads=65535, hint_threads=32
Granted 32 threads to pid 185284
Request from pid 185284: max_threads=65535, hint_threads=32
Granted 32 threads to pid 185284
Request from pid 185284: max_threads=65535, hint_threads=32
Granted 32 threads to pid 185284
Request from pid 185284: max_threads=65535, hint_threads=32
Granted 32 threads to pid 185284
Request from pid 185284: max_threads=65535, hint_threads=32
Granted 32 threads to pid 185284
Request from pid 185284: max_threads=65535, hint_threads=32
Granted 32 threads to pid 185284
Request from pid 185284: max_threads=65535, hint_threads=32
Granted 32 threads to pid 185284
Request from pid 185284: max_threads=65535, hint_threads=32
Granted 32 threads to pid 185284
Request from pid 185284: max_threads=65535, hint_threads=32
Granted 32 threads to pid 185284
Request from pid 185284: max_threads=65535, hint_threads=32
Granted 32 threads to pid 185284
Request from pid 185284: max_threads=65535, hint_threads=32
Granted 32 threads to pid 185284
Request from pid 185284: max_threads=65535, hint_threads=32
Granted 32 threads to pid 185284
Request from pid 185284: max_threads=65535, hint_threads=32
Granted 32 threads to pid 185284
Request from pid 185284: max_threads=65535, hint_threads=32
Granted 32 threads to pid 185284
Request from pid 185284: max_threads=65535, hint_threads=32
Granted 32 threads to pid 185284
Request from pid 185284: max_threads=65535, hint_threads=32
Granted 32 threads to pid 185284
Request from pid 185284: max_threads=65535, hint_threads=32
Granted 32 threads to pid 185284
Request from pid 185284: max_threads=65535, hint_threads=32
Granted 32 threads to pid 185284
Client closed connection
Accepted connection
Handling client
Request from pid 185374: max_threads=65535, hint_threads=32
Granted 32 threads to pid 185374
Request from pid 185374: max_threads=65535, hint_threads=32
Granted 32 threads to pid 185374
Read error: Connection reset by peer (os error 104)
Accepted connection
Handling client
Request from pid 185474: max_threads=65535, hint_threads=32
Granted 32 threads to pid 185474
Request from pid 185474: max_threads=65535, hint_threads=32
Granted 32 threads to pid 185474
Request from pid 185474: max_threads=65535, hint_threads=32
Granted 32 threads to pid 185474
Request from pid 185474: max_threads=65535, hint_threads=32
Granted 32 threads to pid 185474
Request from pid 185474: max_threads=65535, hint_threads=32
Granted 32 threads to pid 185474
Request from pid 185474: max_threads=65535, hint_threads=32
Granted 32 threads to pid 185474
Request from pid 185474: max_threads=65535, hint_threads=32
Granted 32 threads to pid 185474
Request from pid 185474: max_threads=65535, hint_threads=32
Granted 32 threads to pid 185474
Request from pid 185474: max_threads=65535, hint_threads=32
Granted 32 threads to pid 185474
Request from pid 185474: max_threads=65535, hint_threads=32
Granted 32 threads to pid 185474
Request from pid 185474: max_threads=65535, hint_threads=32
Granted 32 threads to pid 185474
Request from pid 185474: max_threads=65535, hint_threads=32
Granted 32 threads to pid 185474
Request from pid 185474: max_threads=65535, hint_threads=32
Granted 32 threads to pid 185474
Request from pid 185474: max_threads=65535, hint_threads=32
Granted 32 threads to pid 185474
Request from pid 185474: max_threads=65535, hint_threads=32
Granted 32 threads to pid 185474
Request from pid 185474: max_threads=65535, hint_threads=32
Granted 32 threads to pid 185474
Request from pid 185474: max_threads=65535, hint_threads=32
Granted 32 threads to pid 185474
Request from pid 185474: max_threads=65535, hint_threads=32
Granted 32 threads to pid 185474
Request from pid 185474: max_threads=65535, hint_threads=32
Granted 32 threads to pid 185474
Request from pid 185474: max_threads=65535, hint_threads=32
Granted 32 threads to pid 185474
Request from pid 185474: max_threads=65535, hint_threads=32
Granted 32 threads to pid 185474
Request from pid 185474: max_threads=65535, hint_threads=32
Granted 32 threads to pid 185474
Request from pid 185474: max_threads=65535, hint_threads=32
Granted 32 threads to pid 185474
Request from pid 185474: max_threads=65535, hint_threads=32
Granted 32 threads to pid 185474
Request from pid 185474: max_threads=65535, hint_threads=32
Granted 32 threads to pid 185474
Request from pid 185474: max_threads=65535, hint_threads=32
Granted 32 threads to pid 185474
Request from pid 185474: max_threads=65535, hint_threads=32
Granted 32 threads to pid 185474
Request from pid 185474: max_threads=65535, hint_threads=32
Granted 32 threads to pid 185474
Request from pid 185474: max_threads=65535, hint_threads=32
Granted 32 threads to pid 185474
Request from pid 185474: max_threads=65535, hint_threads=32
Granted 32 threads to pid 185474
Request from pid 185474: max_threads=65535, hint_threads=32
Granted 32 threads to pid 185474
Request from pid 185474: max_threads=65535, hint_threads=32
Granted 32 threads to pid 185474
Request from pid 185474: max_threads=65535, hint_threads=32
Granted 32 threads to pid 185474
Request from pid 185474: max_threads=65535, hint_threads=32
Granted 32 threads to pid 185474
Request from pid 185474: max_threads=65535, hint_threads=32
Granted 32 threads to pid 185474
Request from pid 185474: max_threads=65535, hint_threads=32
Granted 32 threads to pid 185474
Request from pid 185474: max_threads=65535, hint_threads=32
Granted 32 threads to pid 185474
Request from pid 185474: max_threads=65535, hint_threads=32
Granted 32 threads to pid 185474
Request from pid 185474: max_threads=65535, hint_threads=32
Granted 32 threads to pid 185474
Request from pid 185474: max_threads=65535, hint_threads=32
Granted 32 threads to pid 185474
Request from pid 185474: max_threads=65535, hint_threads=32
Granted 32 threads to pid 185474
Request from pid 185474: max_threads=65535, hint_threads=32
Granted 32 threads to pid 185474
Request from pid 185474: max_threads=65535, hint_threads=32
Granted 32 threads to pid 185474
Request from pid 185474: max_threads=65535, hint_threads=32
Granted 32 threads to pid 185474
Request from pid 185474: max_threads=65535, hint_threads=32
Granted 32 threads to pid 185474
Request from pid 185474: max_threads=65535, hint_threads=32
Granted 32 threads to pid 185474
Request from pid 185474: max_threads=65535, hint_threads=32
Granted 32 threads to pid 185474
Read error: Connection reset by peer (os error 104)
Accepted connection
Handling client
Request from pid 185565: max_threads=65535, hint_threads=32
Granted 32 threads to pid 185565
Request from pid 185565: max_threads=65535, hint_threads=32
Granted 32 threads to pid 185565
Request from pid 185565: max_threads=65535, hint_threads=32
Granted 32 threads to pid 185565
Request from pid 185565: max_threads=65535, hint_threads=32
Granted 32 threads to pid 185565
Request from pid 185565: max_threads=65535, hint_threads=32
Granted 32 threads to pid 185565
Request from pid 185565: max_threads=65535, hint_threads=32
Granted 32 threads to pid 185565
Request from pid 185565: max_threads=65535, hint_threads=32
Granted 32 threads to pid 185565
Request from pid 185565: max_threads=65535, hint_threads=32
Granted 32 threads to pid 185565
Request from pid 185565: max_threads=65535, hint_threads=32
Granted 32 threads to pid 185565
Request from pid 185565: max_threads=65535, hint_threads=32
Granted 32 threads to pid 185565
Request from pid 185565: max_threads=65535, hint_threads=32
Granted 32 threads to pid 185565
Request from pid 185565: max_threads=65535, hint_threads=32
Granted 32 threads to pid 185565
Request from pid 185565: max_threads=65535, hint_threads=32
Granted 32 threads to pid 185565
Request from pid 185565: max_threads=65535, hint_threads=32
Granted 32 threads to pid 185565
Request from pid 185565: max_threads=65535, hint_threads=32
Granted 32 threads to pid 185565
Request from pid 185565: max_threads=65535, hint_threads=32
Granted 32 threads to pid 185565
Request from pid 185565: max_threads=65535, hint_threads=32
Granted 32 threads to pid 185565
Request from pid 185565: max_threads=65535, hint_threads=32
Granted 32 threads to pid 185565
Request from pid 185565: max_threads=65535, hint_threads=32
Granted 32 threads to pid 185565
Request from pid 185565: max_threads=65535, hint_threads=32
Granted 32 threads to pid 185565
Request from pid 185565: max_threads=65535, hint_threads=32
Granted 32 threads to pid 185565
Request from pid 185565: max_threads=65535, hint_threads=32
Granted 32 threads to pid 185565
Request from pid 185565: max_threads=65535, hint_threads=32
Granted 32 threads to pid 185565
Request from pid 185565: max_threads=65535, hint_threads=32
Granted 32 threads to pid 185565
Request from pid 185565: max_threads=65535, hint_threads=32
Granted 32 threads to pid 185565
Request from pid 185565: max_threads=65535, hint_threads=32
Granted 32 threads to pid 185565
Request from pid 185565: max_threads=65535, hint_threads=32
Granted 32 threads to pid 185565
Request from pid 185565: max_threads=65535, hint_threads=32
Granted 32 threads to pid 185565
Request from pid 185565: max_threads=65535, hint_threads=32
Granted 32 threads to pid 185565
Request from pid 185565: max_threads=65535, hint_threads=32
Granted 32 threads to pid 185565
Request from pid 185565: max_threads=65535, hint_threads=32
Granted 32 threads to pid 185565
Request from pid 185565: max_threads=65535, hint_threads=32
Granted 32 threads to pid 185565
Request from pid 185565: max_threads=65535, hint_threads=32
Granted 32 threads to pid 185565
Request from pid 185565: max_threads=65535, hint_threads=32
Granted 32 threads to pid 185565
Request from pid 185565: max_threads=65535, hint_threads=32
Granted 32 threads to pid 185565
Request from pid 185565: max_threads=65535, hint_threads=32
Granted 32 threads to pid 185565
Request from pid 185565: max_threads=65535, hint_threads=32
Granted 32 threads to pid 185565
Request from pid 185565: max_threads=65535, hint_threads=32
Granted 32 threads to pid 185565
Request from pid 185565: max_threads=65535, hint_threads=32
Granted 32 threads to pid 185565
Request from pid 185565: max_threads=65535, hint_threads=32
Granted 32 threads to pid 185565
Request from pid 185565: max_threads=65535, hint_threads=32
Granted 32 threads to pid 185565
Request from pid 185565: max_threads=65535, hint_threads=32
Granted 32 threads to pid 185565
Request from pid 185565: max_threads=65535, hint_threads=32
Granted 32 threads to pid 185565
Request from pid 185565: max_threads=65535, hint_threads=32
Granted 32 threads to pid 185565
Client closed connection
Accepted connection
Handling client
Request from pid 185653: max_threads=65535, hint_threads=32
Granted 32 threads to pid 185653
Request from pid 185653: max_threads=65535, hint_threads=32
Granted 32 threads to pid 185653
Read error: Connection reset by peer (os error 104)
Accepted connection
Handling client
Request from pid 185880: max_threads=65535, hint_threads=32
Granted 32 threads to pid 185880
Request from pid 185880: max_threads=65535, hint_threads=32
Granted 32 threads to pid 185880
Request from pid 185880: max_threads=65535, hint_threads=32
Granted 32 threads to pid 185880
Request from pid 185880: max_threads=65535, hint_threads=32
Granted 32 threads to pid 185880
Request from pid 185880: max_threads=65535, hint_threads=32
Granted 32 threads to pid 185880
Request from pid 185880: max_threads=65535, hint_threads=32
Granted 32 threads to pid 185880
Request from pid 185880: max_threads=65535, hint_threads=32
Granted 32 threads to pid 185880
Request from pid 185880: max_threads=65535, hint_threads=32
Granted 32 threads to pid 185880
Request from pid 185880: max_threads=65535, hint_threads=32
Granted 32 threads to pid 185880
Request from pid 185880: max_threads=65535, hint_threads=32
Granted 32 threads to pid 185880
Request from pid 185880: max_threads=65535, hint_threads=32
Granted 32 threads to pid 185880
Request from pid 185880: max_threads=65535, hint_threads=32
Granted 32 threads to pid 185880
Request from pid 185880: max_threads=65535, hint_threads=32
Granted 32 threads to pid 185880
Request from pid 185880: max_threads=65535, hint_threads=32
Granted 32 threads to pid 185880
Request from pid 185880: max_threads=65535, hint_threads=32
Granted 32 threads to pid 185880
Request from pid 185880: max_threads=65535, hint_threads=32
Granted 32 threads to pid 185880
Request from pid 185880: max_threads=65535, hint_threads=32
Granted 32 threads to pid 185880
Request from pid 185880: max_threads=65535, hint_threads=32
Granted 32 threads to pid 185880
Request from pid 185880: max_threads=65535, hint_threads=32
Granted 32 threads to pid 185880
Request from pid 185880: max_threads=65535, hint_threads=32
Granted 32 threads to pid 185880
Request from pid 185880: max_threads=65535, hint_threads=32
Granted 32 threads to pid 185880
Request from pid 185880: max_threads=65535, hint_threads=32
Granted 32 threads to pid 185880
Request from pid 185880: max_threads=65535, hint_threads=32
Granted 32 threads to pid 185880
Request from pid 185880: max_threads=65535, hint_threads=32
Granted 32 threads to pid 185880
Request from pid 185880: max_threads=65535, hint_threads=32
Granted 32 threads to pid 185880
Request from pid 185880: max_threads=65535, hint_threads=32
Granted 32 threads to pid 185880
Request from pid 185880: max_threads=65535, hint_threads=32
Granted 32 threads to pid 185880
Request from pid 185880: max_threads=65535, hint_threads=32
Granted 32 threads to pid 185880
Request from pid 185880: max_threads=65535, hint_threads=32
Granted 32 threads to pid 185880
Request from pid 185880: max_threads=65535, hint_threads=32
Granted 32 threads to pid 185880
Request from pid 185880: max_threads=65535, hint_threads=32
Granted 32 threads to pid 185880
Request from pid 185880: max_threads=65535, hint_threads=32
Granted 32 threads to pid 185880
Request from pid 185880: max_threads=65535, hint_threads=32
Granted 32 threads to pid 185880
Request from pid 185880: max_threads=65535, hint_threads=32
Granted 32 threads to pid 185880
Request from pid 185880: max_threads=65535, hint_threads=32
Granted 32 threads to pid 185880
Request from pid 185880: max_threads=65535, hint_threads=32
Granted 32 threads to pid 185880
Request from pid 185880: max_threads=65535, hint_threads=32
Granted 32 threads to pid 185880
Request from pid 185880: max_threads=65535, hint_threads=32
Granted 32 threads to pid 185880
Request from pid 185880: max_threads=65535, hint_threads=32
Granted 32 threads to pid 185880
Request from pid 185880: max_threads=65535, hint_threads=32
Granted 32 threads to pid 185880
Request from pid 185880: max_threads=65535, hint_threads=32
Granted 32 threads to pid 185880
Request from pid 185880: max_threads=65535, hint_threads=32
Granted 32 threads to pid 185880
Request from pid 185880: max_threads=65535, hint_threads=32
Granted 32 threads to pid 185880
Request from pid 185880: max_threads=65535, hint_threads=32
Granted 32 threads to pid 185880
Request from pid 185880: max_threads=65535, hint_threads=32
Granted 32 threads to pid 185880
Request from pid 185880: max_threads=65535, hint_threads=32
Granted 32 threads to pid 185880
Request from pid 185880: max_threads=65535, hint_threads=32
Granted 32 threads to pid 185880
Read error: Connection reset by peer (os error 104)
Accepted connection
Handling client
Request from pid 185987: max_threads=65535, hint_threads=32
Granted 32 threads to pid 185987
Request from pid 185987: max_threads=65535, hint_threads=32
Granted 32 threads to pid 185987
Request from pid 185987: max_threads=65535, hint_threads=32
Granted 32 threads to pid 185987
Request from pid 185987: max_threads=65535, hint_threads=32
Granted 32 threads to pid 185987
Request from pid 185987: max_threads=65535, hint_threads=32
Granted 32 threads to pid 185987
Request from pid 185987: max_threads=65535, hint_threads=32
Granted 32 threads to pid 185987
Request from pid 185987: max_threads=65535, hint_threads=32
Granted 32 threads to pid 185987
Request from pid 185987: max_threads=65535, hint_threads=32
Granted 32 threads to pid 185987
Request from pid 185987: max_threads=65535, hint_threads=32
Granted 32 threads to pid 185987
Request from pid 185987: max_threads=65535, hint_threads=32
Granted 32 threads to pid 185987
Request from pid 185987: max_threads=65535, hint_threads=32
Granted 32 threads to pid 185987
Request from pid 185987: max_threads=65535, hint_threads=32
Granted 32 threads to pid 185987
Request from pid 185987: max_threads=65535, hint_threads=32
Granted 32 threads to pid 185987
Request from pid 185987: max_threads=65535, hint_threads=32
Granted 32 threads to pid 185987
Request from pid 185987: max_threads=65535, hint_threads=32
Granted 32 threads to pid 185987
Request from pid 185987: max_threads=65535, hint_threads=32
Granted 32 threads to pid 185987
Request from pid 185987: max_threads=65535, hint_threads=32
Granted 32 threads to pid 185987
Request from pid 185987: max_threads=65535, hint_threads=32
Granted 32 threads to pid 185987
Request from pid 185987: max_threads=65535, hint_threads=32
Granted 32 threads to pid 185987
Request from pid 185987: max_threads=65535, hint_threads=32
Granted 32 threads to pid 185987
Request from pid 185987: max_threads=65535, hint_threads=32
Granted 32 threads to pid 185987
Request from pid 185987: max_threads=65535, hint_threads=32
Granted 32 threads to pid 185987
Request from pid 185987: max_threads=65535, hint_threads=32
Granted 32 threads to pid 185987
Request from pid 185987: max_threads=65535, hint_threads=32
Granted 32 threads to pid 185987
Request from pid 185987: max_threads=65535, hint_threads=32
Granted 32 threads to pid 185987
Request from pid 185987: max_threads=65535, hint_threads=32
Granted 32 threads to pid 185987
Request from pid 185987: max_threads=65535, hint_threads=32
Granted 32 threads to pid 185987
Request from pid 185987: max_threads=65535, hint_threads=32
Granted 32 threads to pid 185987
Request from pid 185987: max_threads=65535, hint_threads=32
Granted 32 threads to pid 185987
Request from pid 185987: max_threads=65535, hint_threads=32
Granted 32 threads to pid 185987
Request from pid 185987: max_threads=65535, hint_threads=32
Granted 32 threads to pid 185987
Request from pid 185987: max_threads=65535, hint_threads=32
Granted 32 threads to pid 185987
Request from pid 185987: max_threads=65535, hint_threads=32
Granted 32 threads to pid 185987
Request from pid 185987: max_threads=65535, hint_threads=32
Granted 32 threads to pid 185987
Request from pid 185987: max_threads=65535, hint_threads=32
Granted 32 threads to pid 185987
Request from pid 185987: max_threads=65535, hint_threads=32
Granted 32 threads to pid 185987
Request from pid 185987: max_threads=65535, hint_threads=32
Granted 32 threads to pid 185987
Request from pid 185987: max_threads=65535, hint_threads=32
Granted 32 threads to pid 185987
Request from pid 185987: max_threads=65535, hint_threads=32
Granted 32 threads to pid 185987
Request from pid 185987: max_threads=65535, hint_threads=32
Granted 32 threads to pid 185987
Request from pid 185987: max_threads=65535, hint_threads=32
Granted 32 threads to pid 185987
Request from pid 185987: max_threads=65535, hint_threads=32
Granted 32 threads to pid 185987
Request from pid 185987: max_threads=65535, hint_threads=32
Granted 32 threads to pid 185987
Client closed connection
Accepted connection
Handling client
Request from pid 186075: max_threads=65535, hint_threads=32
Granted 32 threads to pid 186075
Request from pid 186075: max_threads=65535, hint_threads=32
Granted 32 threads to pid 186075
Read error: Connection reset by peer (os error 104)
Accepted connection
Handling client
Request from pid 186168: max_threads=65535, hint_threads=32
Granted 32 threads to pid 186168
Request from pid 186168: max_threads=65535, hint_threads=32
Granted 32 threads to pid 186168
Request from pid 186168: max_threads=65535, hint_threads=32
Granted 32 threads to pid 186168
Request from pid 186168: max_threads=65535, hint_threads=32
Granted 32 threads to pid 186168
Request from pid 186168: max_threads=65535, hint_threads=32
Granted 32 threads to pid 186168
Request from pid 186168: max_threads=65535, hint_threads=32
Granted 32 threads to pid 186168
Request from pid 186168: max_threads=65535, hint_threads=32
Granted 32 threads to pid 186168
Request from pid 186168: max_threads=65535, hint_threads=32
Granted 32 threads to pid 186168
Request from pid 186168: max_threads=65535, hint_threads=32
Granted 32 threads to pid 186168
Request from pid 186168: max_threads=65535, hint_threads=32
Granted 32 threads to pid 186168
Request from pid 186168: max_threads=65535, hint_threads=32
Granted 32 threads to pid 186168
Request from pid 186168: max_threads=65535, hint_threads=32
Granted 32 threads to pid 186168
Request from pid 186168: max_threads=65535, hint_threads=32
Granted 32 threads to pid 186168
Request from pid 186168: max_threads=65535, hint_threads=32
Granted 32 threads to pid 186168
Request from pid 186168: max_threads=65535, hint_threads=32
Granted 32 threads to pid 186168
Request from pid 186168: max_threads=65535, hint_threads=32
Granted 32 threads to pid 186168
Request from pid 186168: max_threads=65535, hint_threads=32
Granted 32 threads to pid 186168
Request from pid 186168: max_threads=65535, hint_threads=32
Granted 32 threads to pid 186168
Request from pid 186168: max_threads=65535, hint_threads=32
Granted 32 threads to pid 186168
Request from pid 186168: max_threads=65535, hint_threads=32
Granted 32 threads to pid 186168
Request from pid 186168: max_threads=65535, hint_threads=32
Granted 32 threads to pid 186168
Request from pid 186168: max_threads=65535, hint_threads=32
Granted 32 threads to pid 186168
Request from pid 186168: max_threads=65535, hint_threads=32
Granted 32 threads to pid 186168
Request from pid 186168: max_threads=65535, hint_threads=32
Granted 32 threads to pid 186168
Request from pid 186168: max_threads=65535, hint_threads=32
Granted 32 threads to pid 186168
Request from pid 186168: max_threads=65535, hint_threads=32
Granted 32 threads to pid 186168
Request from pid 186168: max_threads=65535, hint_threads=32
Granted 32 threads to pid 186168
Request from pid 186168: max_threads=65535, hint_threads=32
Granted 32 threads to pid 186168
Request from pid 186168: max_threads=65535, hint_threads=32
Granted 32 threads to pid 186168
Request from pid 186168: max_threads=65535, hint_threads=32
Granted 32 threads to pid 186168
Request from pid 186168: max_threads=65535, hint_threads=32
Granted 32 threads to pid 186168
Request from pid 186168: max_threads=65535, hint_threads=32
Granted 32 threads to pid 186168
Request from pid 186168: max_threads=65535, hint_threads=32
Granted 32 threads to pid 186168
Request from pid 186168: max_threads=65535, hint_threads=32
Granted 32 threads to pid 186168
Request from pid 186168: max_threads=65535, hint_threads=32
Granted 32 threads to pid 186168
Request from pid 186168: max_threads=65535, hint_threads=32
Granted 32 threads to pid 186168
Request from pid 186168: max_threads=65535, hint_threads=32
Granted 32 threads to pid 186168
Request from pid 186168: max_threads=65535, hint_threads=32
Granted 32 threads to pid 186168
Request from pid 186168: max_threads=65535, hint_threads=32
Granted 32 threads to pid 186168
Request from pid 186168: max_threads=65535, hint_threads=32
Granted 32 threads to pid 186168
Request from pid 186168: max_threads=65535, hint_threads=32
Granted 32 threads to pid 186168
Request from pid 186168: max_threads=65535, hint_threads=32
Granted 32 threads to pid 186168
Request from pid 186168: max_threads=65535, hint_threads=32
Granted 32 threads to pid 186168
Request from pid 186168: max_threads=65535, hint_threads=32
Granted 32 threads to pid 186168
Request from pid 186168: max_threads=65535, hint_threads=32
Granted 32 threads to pid 186168
Request from pid 186168: max_threads=65535, hint_threads=32
Granted 32 threads to pid 186168
Request from pid 186168: max_threads=65535, hint_threads=32
Granted 32 threads to pid 186168
Read error: Connection reset by peer (os error 104)
Accepted connection
Handling client
Request from pid 186270: max_threads=65535, hint_threads=32
Granted 32 threads to pid 186270
Request from pid 186270: max_threads=65535, hint_threads=32
Granted 32 threads to pid 186270
Request from pid 186270: max_threads=65535, hint_threads=32
Granted 32 threads to pid 186270
Request from pid 186270: max_threads=65535, hint_threads=32
Granted 32 threads to pid 186270
Request from pid 186270: max_threads=65535, hint_threads=32
Granted 32 threads to pid 186270
Request from pid 186270: max_threads=65535, hint_threads=32
Granted 32 threads to pid 186270
Request from pid 186270: max_threads=65535, hint_threads=32
Granted 32 threads to pid 186270
Request from pid 186270: max_threads=65535, hint_threads=32
Granted 32 threads to pid 186270
Request from pid 186270: max_threads=65535, hint_threads=32
Granted 32 threads to pid 186270
Request from pid 186270: max_threads=65535, hint_threads=32
Granted 32 threads to pid 186270
Request from pid 186270: max_threads=65535, hint_threads=32
Granted 32 threads to pid 186270
Request from pid 186270: max_threads=65535, hint_threads=32
Granted 32 threads to pid 186270
Request from pid 186270: max_threads=65535, hint_threads=32
Granted 32 threads to pid 186270
Request from pid 186270: max_threads=65535, hint_threads=32
Granted 32 threads to pid 186270
Request from pid 186270: max_threads=65535, hint_threads=32
Granted 32 threads to pid 186270
Request from pid 186270: max_threads=65535, hint_threads=32
Granted 32 threads to pid 186270
Request from pid 186270: max_threads=65535, hint_threads=32
Granted 32 threads to pid 186270
Request from pid 186270: max_threads=65535, hint_threads=32
Granted 32 threads to pid 186270
Request from pid 186270: max_threads=65535, hint_threads=32
Granted 32 threads to pid 186270
Request from pid 186270: max_threads=65535, hint_threads=32
Granted 32 threads to pid 186270
Request from pid 186270: max_threads=65535, hint_threads=32
Granted 32 threads to pid 186270
Request from pid 186270: max_threads=65535, hint_threads=32
Granted 32 threads to pid 186270
Request from pid 186270: max_threads=65535, hint_threads=32
Granted 32 threads to pid 186270
Request from pid 186270: max_threads=65535, hint_threads=32
Granted 32 threads to pid 186270
Request from pid 186270: max_threads=65535, hint_threads=32
Granted 32 threads to pid 186270
Request from pid 186270: max_threads=65535, hint_threads=32
Granted 32 threads to pid 186270
Request from pid 186270: max_threads=65535, hint_threads=32
Granted 32 threads to pid 186270
Request from pid 186270: max_threads=65535, hint_threads=32
Granted 32 threads to pid 186270
Request from pid 186270: max_threads=65535, hint_threads=32
Granted 32 threads to pid 186270
Request from pid 186270: max_threads=65535, hint_threads=32
Granted 32 threads to pid 186270
Request from pid 186270: max_threads=65535, hint_threads=32
Granted 32 threads to pid 186270
Request from pid 186270: max_threads=65535, hint_threads=32
Granted 32 threads to pid 186270
Request from pid 186270: max_threads=65535, hint_threads=32
Granted 32 threads to pid 186270
Request from pid 186270: max_threads=65535, hint_threads=32
Granted 32 threads to pid 186270
Request from pid 186270: max_threads=65535, hint_threads=32
Granted 32 threads to pid 186270
Request from pid 186270: max_threads=65535, hint_threads=32
Granted 32 threads to pid 186270
Request from pid 186270: max_threads=65535, hint_threads=32
Granted 32 threads to pid 186270
Request from pid 186270: max_threads=65535, hint_threads=32
Granted 32 threads to pid 186270
Request from pid 186270: max_threads=65535, hint_threads=32
Granted 32 threads to pid 186270
Request from pid 186270: max_threads=65535, hint_threads=32
Granted 32 threads to pid 186270
Request from pid 186270: max_threads=65535, hint_threads=32
Granted 32 threads to pid 186270
Request from pid 186270: max_threads=65535, hint_threads=32
Granted 32 threads to pid 186270
Request from pid 186270: max_threads=65535, hint_threads=32
Granted 32 threads to pid 186270
Request from pid 186270: max_threads=65535, hint_threads=32
Granted 32 threads to pid 186270
Request from pid 186270: max_threads=65535, hint_threads=32
Granted 32 threads to pid 186270
Request from pid 186270: max_threads=65535, hint_threads=32
Granted 32 threads to pid 186270
Request from pid 186270: max_threads=65535, hint_threads=32
Granted 32 threads to pid 186270
Request from pid 186270: max_threads=65535, hint_threads=32
Granted 32 threads to pid 186270
Request from pid 186270: max_threads=65535, hint_threads=32
Granted 32 threads to pid 186270
Client closed connection
Accepted connection
Handling client
Request from pid 186364: max_threads=65535, hint_threads=32
Granted 32 threads to pid 186364
Request from pid 186364: max_threads=65535, hint_threads=32
Granted 32 threads to pid 186364
Read error: Connection reset by peer (os error 104)
Accepted connection
Handling client
Request from pid 186456: max_threads=65535, hint_threads=32
Granted 32 threads to pid 186456
Request from pid 186456: max_threads=65535, hint_threads=32
Granted 32 threads to pid 186456
Request from pid 186456: max_threads=65535, hint_threads=32
Granted 32 threads to pid 186456
Request from pid 186456: max_threads=65535, hint_threads=32
Granted 32 threads to pid 186456
Request from pid 186456: max_threads=65535, hint_threads=32
Granted 32 threads to pid 186456
Request from pid 186456: max_threads=65535, hint_threads=32
Granted 32 threads to pid 186456
Request from pid 186456: max_threads=65535, hint_threads=32
Granted 32 threads to pid 186456
Request from pid 186456: max_threads=65535, hint_threads=32
Granted 32 threads to pid 186456
Request from pid 186456: max_threads=65535, hint_threads=32
Granted 32 threads to pid 186456
Request from pid 186456: max_threads=65535, hint_threads=32
Granted 32 threads to pid 186456
Request from pid 186456: max_threads=65535, hint_threads=32
Granted 32 threads to pid 186456
Request from pid 186456: max_threads=65535, hint_threads=32
Granted 32 threads to pid 186456
Request from pid 186456: max_threads=65535, hint_threads=32
Granted 32 threads to pid 186456
Request from pid 186456: max_threads=65535, hint_threads=32
Granted 32 threads to pid 186456
Request from pid 186456: max_threads=65535, hint_threads=32
Granted 32 threads to pid 186456
Request from pid 186456: max_threads=65535, hint_threads=32
Granted 32 threads to pid 186456
Request from pid 186456: max_threads=65535, hint_threads=32
Granted 32 threads to pid 186456
Request from pid 186456: max_threads=65535, hint_threads=32
Granted 32 threads to pid 186456
Request from pid 186456: max_threads=65535, hint_threads=32
Granted 32 threads to pid 186456
Request from pid 186456: max_threads=65535, hint_threads=32
Granted 32 threads to pid 186456
Request from pid 186456: max_threads=65535, hint_threads=32
Granted 32 threads to pid 186456
Request from pid 186456: max_threads=65535, hint_threads=32
Granted 32 threads to pid 186456
Request from pid 186456: max_threads=65535, hint_threads=32
Granted 32 threads to pid 186456
Request from pid 186456: max_threads=65535, hint_threads=32
Granted 32 threads to pid 186456
Request from pid 186456: max_threads=65535, hint_threads=32
Granted 32 threads to pid 186456
Request from pid 186456: max_threads=65535, hint_threads=32
Granted 32 threads to pid 186456
Request from pid 186456: max_threads=65535, hint_threads=32
Granted 32 threads to pid 186456
Request from pid 186456: max_threads=65535, hint_threads=32
Granted 32 threads to pid 186456
Request from pid 186456: max_threads=65535, hint_threads=32
Granted 32 threads to pid 186456
Request from pid 186456: max_threads=65535, hint_threads=32
Granted 32 threads to pid 186456
Request from pid 186456: max_threads=65535, hint_threads=32
Granted 32 threads to pid 186456
Request from pid 186456: max_threads=65535, hint_threads=32
Granted 32 threads to pid 186456
Request from pid 186456: max_threads=65535, hint_threads=32
Granted 32 threads to pid 186456
Request from pid 186456: max_threads=65535, hint_threads=32
Granted 32 threads to pid 186456
Request from pid 186456: max_threads=65535, hint_threads=32
Granted 32 threads to pid 186456
Request from pid 186456: max_threads=65535, hint_threads=32
Granted 32 threads to pid 186456
Request from pid 186456: max_threads=65535, hint_threads=32
Granted 32 threads to pid 186456
Request from pid 186456: max_threads=65535, hint_threads=32
Granted 32 threads to pid 186456
Request from pid 186456: max_threads=65535, hint_threads=32
Granted 32 threads to pid 186456
Request from pid 186456: max_threads=65535, hint_threads=32
Granted 32 threads to pid 186456
Request from pid 186456: max_threads=65535, hint_threads=32
Granted 32 threads to pid 186456
Request from pid 186456: max_threads=65535, hint_threads=32
Granted 32 threads to pid 186456
Request from pid 186456: max_threads=65535, hint_threads=32
Granted 32 threads to pid 186456
Request from pid 186456: max_threads=65535, hint_threads=32
Granted 32 threads to pid 186456
Request from pid 186456: max_threads=65535, hint_threads=32
Granted 32 threads to pid 186456
Request from pid 186456: max_threads=65535, hint_threads=32
Granted 32 threads to pid 186456
Request from pid 186456: max_threads=65535, hint_threads=32
Granted 32 threads to pid 186456
Read error: Connection reset by peer (os error 104)
Accepted connection
Handling client
Request from pid 186548: max_threads=65535, hint_threads=32
Granted 32 threads to pid 186548
Request from pid 186548: max_threads=65535, hint_threads=32
Granted 32 threads to pid 186548
Request from pid 186548: max_threads=65535, hint_threads=32
Granted 32 threads to pid 186548
Request from pid 186548: max_threads=65535, hint_threads=32
Granted 32 threads to pid 186548
Request from pid 186548: max_threads=65535, hint_threads=32
Granted 32 threads to pid 186548
Request from pid 186548: max_threads=65535, hint_threads=32
Granted 32 threads to pid 186548
Request from pid 186548: max_threads=65535, hint_threads=32
Granted 32 threads to pid 186548
Request from pid 186548: max_threads=65535, hint_threads=32
Granted 32 threads to pid 186548
Request from pid 186548: max_threads=65535, hint_threads=32
Granted 32 threads to pid 186548
Request from pid 186548: max_threads=65535, hint_threads=32
Granted 32 threads to pid 186548
Request from pid 186548: max_threads=65535, hint_threads=32
Granted 32 threads to pid 186548
Request from pid 186548: max_threads=65535, hint_threads=32
Granted 32 threads to pid 186548
Request from pid 186548: max_threads=65535, hint_threads=32
Granted 32 threads to pid 186548
Request from pid 186548: max_threads=65535, hint_threads=32
Granted 32 threads to pid 186548
Request from pid 186548: max_threads=65535, hint_threads=32
Granted 32 threads to pid 186548
Request from pid 186548: max_threads=65535, hint_threads=32
Granted 32 threads to pid 186548
Request from pid 186548: max_threads=65535, hint_threads=32
Granted 32 threads to pid 186548
Request from pid 186548: max_threads=65535, hint_threads=32
Granted 32 threads to pid 186548
Request from pid 186548: max_threads=65535, hint_threads=32
Granted 32 threads to pid 186548
Request from pid 186548: max_threads=65535, hint_threads=32
Granted 32 threads to pid 186548
Request from pid 186548: max_threads=65535, hint_threads=32
Granted 32 threads to pid 186548
Request from pid 186548: max_threads=65535, hint_threads=32
Granted 32 threads to pid 186548
Request from pid 186548: max_threads=65535, hint_threads=32
Granted 32 threads to pid 186548
Request from pid 186548: max_threads=65535, hint_threads=32
Granted 32 threads to pid 186548
Request from pid 186548: max_threads=65535, hint_threads=32
Granted 32 threads to pid 186548
Request from pid 186548: max_threads=65535, hint_threads=32
Granted 32 threads to pid 186548
Request from pid 186548: max_threads=65535, hint_threads=32
Granted 32 threads to pid 186548
Request from pid 186548: max_threads=65535, hint_threads=32
Granted 32 threads to pid 186548
Request from pid 186548: max_threads=65535, hint_threads=32
Granted 32 threads to pid 186548
Request from pid 186548: max_threads=65535, hint_threads=32
Granted 32 threads to pid 186548
Request from pid 186548: max_threads=65535, hint_threads=32
Granted 32 threads to pid 186548
Request from pid 186548: max_threads=65535, hint_threads=32
Granted 32 threads to pid 186548
Request from pid 186548: max_threads=65535, hint_threads=32
Granted 32 threads to pid 186548
Request from pid 186548: max_threads=65535, hint_threads=32
Granted 32 threads to pid 186548
Request from pid 186548: max_threads=65535, hint_threads=32
Granted 32 threads to pid 186548
Request from pid 186548: max_threads=65535, hint_threads=32
Granted 32 threads to pid 186548
Request from pid 186548: max_threads=65535, hint_threads=32
Granted 32 threads to pid 186548
Request from pid 186548: max_threads=65535, hint_threads=32
Granted 32 threads to pid 186548
Request from pid 186548: max_threads=65535, hint_threads=32
Granted 32 threads to pid 186548
Request from pid 186548: max_threads=65535, hint_threads=32
Granted 32 threads to pid 186548
Request from pid 186548: max_threads=65535, hint_threads=32
Granted 32 threads to pid 186548
Request from pid 186548: max_threads=65535, hint_threads=32
Granted 32 threads to pid 186548
Request from pid 186548: max_threads=65535, hint_threads=32
Granted 32 threads to pid 186548
Request from pid 186548: max_threads=65535, hint_threads=32
Granted 32 threads to pid 186548
Client closed connection
Accepted connection
Handling client
Request from pid 186652: max_threads=65535, hint_threads=32
Granted 32 threads to pid 186652
Request from pid 186652: max_threads=65535, hint_threads=32
Granted 32 threads to pid 186652
Read error: Connection reset by peer (os error 104)
DRM stopped at Mon Mar  9 23:10:51 CET 2026, was capacity=32
