Starting DRM at Fri Sep  4 09:38:19 CEST 2026, capacity=2, cpu_pool=1,2
CPU pool (2 cores): 1–2
Listening on /tmp/omp-rm.sock (capacity=2, strategy=fair_share)
Accepted connection
Handling client
Request from pid 37237: max_threads=65535, hint_threads=2
[1788507499654] Granted 2 threads to pid 37237 (CPUs 1+2)
Request from pid 37237: max_threads=65535, hint_threads=2
[1788507500497] Granted 2 threads to pid 37237 (CPUs 1+2)
Request from pid 37237: max_threads=65535, hint_threads=2
[1788507501411] Granted 2 threads to pid 37237 (CPUs 1+2)
Request from pid 37237: max_threads=65535, hint_threads=2
[1788507503118] Granted 2 threads to pid 37237 (CPUs 1+2)
Request from pid 37237: max_threads=65535, hint_threads=2
[1788507503626] Granted 2 threads to pid 37237 (CPUs 1+2)
Request from pid 37237: max_threads=65535, hint_threads=2
[1788507505117] Granted 2 threads to pid 37237 (CPUs 1+2)
Request from pid 37237: max_threads=65535, hint_threads=2
[1788507506289] Granted 2 threads to pid 37237 (CPUs 1+2)
Request from pid 37237: max_threads=65535, hint_threads=2
[1788507507960] Granted 2 threads to pid 37237 (CPUs 1+2)
Request from pid 37237: max_threads=65535, hint_threads=2
[1788507508915] Granted 2 threads to pid 37237 (CPUs 1+2)
Request from pid 37237: max_threads=65535, hint_threads=2
[1788507510588] Granted 2 threads to pid 37237 (CPUs 1+2)
Request from pid 37237: max_threads=65535, hint_threads=2
[1788507511547] Granted 2 threads to pid 37237 (CPUs 1+2)
Request from pid 37237: max_threads=65535, hint_threads=2
[1788507513219] Granted 2 threads to pid 37237 (CPUs 1+2)
Request from pid 37237: max_threads=65535, hint_threads=2
[1788507514179] Granted 2 threads to pid 37237 (CPUs 1+2)
Request from pid 37237: max_threads=65535, hint_threads=2
[1788507515851] Granted 2 threads to pid 37237 (CPUs 1+2)
Request from pid 37237: max_threads=65535, hint_threads=2
[1788507516809] Granted 2 threads to pid 37237 (CPUs 1+2)
Request from pid 37237: max_threads=65535, hint_threads=2
[1788507518480] Granted 2 threads to pid 37237 (CPUs 1+2)
Request from pid 37237: max_threads=65535, hint_threads=2
[1788507519437] Granted 2 threads to pid 37237 (CPUs 1+2)
Request from pid 37237: max_threads=65535, hint_threads=2
[1788507521107] Granted 2 threads to pid 37237 (CPUs 1+2)
Request from pid 37237: max_threads=65535, hint_threads=2
[1788507522062] Granted 2 threads to pid 37237 (CPUs 1+2)
Request from pid 37237: max_threads=65535, hint_threads=2
[1788507523733] Granted 2 threads to pid 37237 (CPUs 1+2)
Request from pid 37237: max_threads=65535, hint_threads=2
[1788507524688] Granted 2 threads to pid 37237 (CPUs 1+2)
Request from pid 37237: max_threads=65535, hint_threads=2
[1788507526359] Granted 2 threads to pid 37237 (CPUs 1+2)
Request from pid 37237: max_threads=65535, hint_threads=2
[1788507527318] Granted 2 threads to pid 37237 (CPUs 1+2)
Request from pid 37237: max_threads=65535, hint_threads=2
[1788507528988] Granted 2 threads to pid 37237 (CPUs 1+2)
Request from pid 37237: max_threads=65535, hint_threads=2
[1788507529945] Granted 2 threads to pid 37237 (CPUs 1+2)
Request from pid 37237: max_threads=65535, hint_threads=2
[1788507531617] Granted 2 threads to pid 37237 (CPUs 1+2)
Request from pid 37237: max_threads=65535, hint_threads=2
[1788507532574] Granted 2 threads to pid 37237 (CPUs 1+2)
Request from pid 37237: max_threads=65535, hint_threads=2
[1788507534246] Granted 2 threads to pid 37237 (CPUs 1+2)
Request from pid 37237: max_threads=65535, hint_threads=2
[1788507535204] Granted 2 threads to pid 37237 (CPUs 1+2)
Request from pid 37237: max_threads=65535, hint_threads=2
[1788507536876] Granted 2 threads to pid 37237 (CPUs 1+2)
Request from pid 37237: max_threads=65535, hint_threads=2
[1788507537834] Granted 2 threads to pid 37237 (CPUs 1+2)
Request from pid 37237: max_threads=65535, hint_threads=2
[1788507539506] Granted 2 threads to pid 37237 (CPUs 1+2)
Request from pid 37237: max_threads=65535, hint_threads=2
[1788507540463] Granted 2 threads to pid 37237 (CPUs 1+2)
Request from pid 37237: max_threads=65535, hint_threads=2
[1788507542136] Granted 2 threads to pid 37237 (CPUs 1+2)
Request from pid 37237: max_threads=65535, hint_threads=2
[1788507543094] Granted 2 threads to pid 37237 (CPUs 1+2)
Request from pid 37237: max_threads=65535, hint_threads=2
[1788507544767] Granted 2 threads to pid 37237 (CPUs 1+2)
Request from pid 37237: max_threads=65535, hint_threads=2
[1788507545724] Granted 2 threads to pid 37237 (CPUs 1+2)
Request from pid 37237: max_threads=65535, hint_threads=2
[1788507547397] Granted 2 threads to pid 37237 (CPUs 1+2)
Request from pid 37237: max_threads=65535, hint_threads=2
[1788507548354] Granted 2 threads to pid 37237 (CPUs 1+2)
Request from pid 37237: max_threads=65535, hint_threads=2
[1788507550026] Granted 2 threads to pid 37237 (CPUs 1+2)
Request from pid 37237: max_threads=65535, hint_threads=2
[1788507550982] Granted 2 threads to pid 37237 (CPUs 1+2)
Request from pid 37237: max_threads=65535, hint_threads=2
[1788507552655] Granted 2 threads to pid 37237 (CPUs 1+2)
Request from pid 37237: max_threads=65535, hint_threads=2
[1788507553612] Granted 2 threads to pid 37237 (CPUs 1+2)
Request from pid 37237: max_threads=65535, hint_threads=2
[1788507555285] Granted 2 threads to pid 37237 (CPUs 1+2)
Request from pid 37237: max_threads=65535, hint_threads=2
[1788507556241] Granted 2 threads to pid 37237 (CPUs 1+2)
Request from pid 37237: max_threads=65535, hint_threads=2
[1788507557911] Granted 2 threads to pid 37237 (CPUs 1+2)
Request from pid 37237: max_threads=65535, hint_threads=2
[1788507558654] Granted 2 threads to pid 37237 (CPUs 1+2)
Read error: Connection reset by peer (os error 104)
Accepted connection
Handling client
Request from pid 76508: max_threads=65535, hint_threads=2
[1788507562117] Granted 1 threads to pid 76508 (CPUs 2+1)
Request from pid 76508: max_threads=65535, hint_threads=2
[1788507567823] Granted 2 threads to pid 76508 (CPUs 1+2)
Request from pid 76508: max_threads=65535, hint_threads=2
[1788507568389] Granted 2 threads to pid 76508 (CPUs 1+2)
Request from pid 76508: max_threads=65535, hint_threads=2
[1788507568949] Granted 2 threads to pid 76508 (CPUs 1+2)
Request from pid 76508: max_threads=65535, hint_threads=2
[1788507569508] Granted 2 threads to pid 76508 (CPUs 1+2)
Request from pid 76508: max_threads=65535, hint_threads=2
[1788507570067] Granted 2 threads to pid 76508 (CPUs 1+2)
Request from pid 76508: max_threads=65535, hint_threads=2
[1788507570627] Granted 2 threads to pid 76508 (CPUs 1+2)
Request from pid 76508: max_threads=65535, hint_threads=2
[1788507571186] Granted 2 threads to pid 76508 (CPUs 1+2)
Request from pid 76508: max_threads=65535, hint_threads=2
[1788507571745] Granted 2 threads to pid 76508 (CPUs 1+2)
Request from pid 76508: max_threads=65535, hint_threads=2
[1788507572305] Granted 2 threads to pid 76508 (CPUs 1+2)
Request from pid 76508: max_threads=65535, hint_threads=2
[1788507572864] Granted 2 threads to pid 76508 (CPUs 1+2)
Request from pid 76508: max_threads=65535, hint_threads=2
[1788507573422] Granted 2 threads to pid 76508 (CPUs 1+2)
Request from pid 76508: max_threads=65535, hint_threads=2
[1788507573982] Granted 2 threads to pid 76508 (CPUs 1+2)
Request from pid 76508: max_threads=65535, hint_threads=2
[1788507574541] Granted 2 threads to pid 76508 (CPUs 1+2)
Request from pid 76508: max_threads=65535, hint_threads=2
[1788507575100] Granted 2 threads to pid 76508 (CPUs 1+2)
Request from pid 76508: max_threads=65535, hint_threads=2
[1788507575659] Granted 2 threads to pid 76508 (CPUs 1+2)
Request from pid 76508: max_threads=65535, hint_threads=2
[1788507576218] Granted 2 threads to pid 76508 (CPUs 1+2)
Request from pid 76508: max_threads=65535, hint_threads=2
[1788507576777] Granted 2 threads to pid 76508 (CPUs 1+2)
Request from pid 76508: max_threads=65535, hint_threads=2
[1788507577336] Granted 2 threads to pid 76508 (CPUs 1+2)
Request from pid 76508: max_threads=65535, hint_threads=2
[1788507577894] Granted 2 threads to pid 76508 (CPUs 1+2)
Request from pid 76508: max_threads=65535, hint_threads=2
[1788507578454] Granted 2 threads to pid 76508 (CPUs 1+2)
Request from pid 76508: max_threads=65535, hint_threads=2
[1788507579013] Granted 2 threads to pid 76508 (CPUs 1+2)
Request from pid 76508: max_threads=65535, hint_threads=2
[1788507579572] Granted 2 threads to pid 76508 (CPUs 1+2)
Request from pid 76508: max_threads=65535, hint_threads=2
[1788507580131] Granted 2 threads to pid 76508 (CPUs 1+2)
Request from pid 76508: max_threads=65535, hint_threads=2
[1788507580689] Granted 2 threads to pid 76508 (CPUs 1+2)
Request from pid 76508: max_threads=65535, hint_threads=2
[1788507581249] Granted 2 threads to pid 76508 (CPUs 1+2)
Request from pid 76508: max_threads=65535, hint_threads=2
[1788507581808] Granted 2 threads to pid 76508 (CPUs 1+2)
Request from pid 76508: max_threads=65535, hint_threads=2
[1788507582366] Granted 2 threads to pid 76508 (CPUs 1+2)
Request from pid 76508: max_threads=65535, hint_threads=2
[1788507582925] Granted 2 threads to pid 76508 (CPUs 1+2)
Request from pid 76508: max_threads=65535, hint_threads=2
[1788507583484] Granted 2 threads to pid 76508 (CPUs 1+2)
Request from pid 76508: max_threads=65535, hint_threads=2
[1788507584044] Granted 2 threads to pid 76508 (CPUs 1+2)
Request from pid 76508: max_threads=65535, hint_threads=2
[1788507584603] Granted 2 threads to pid 76508 (CPUs 1+2)
Request from pid 76508: max_threads=65535, hint_threads=2
[1788507585162] Granted 2 threads to pid 76508 (CPUs 1+2)
Request from pid 76508: max_threads=65535, hint_threads=2
[1788507585721] Granted 2 threads to pid 76508 (CPUs 1+2)
Request from pid 76508: max_threads=65535, hint_threads=2
[1788507586280] Granted 2 threads to pid 76508 (CPUs 1+2)
Request from pid 76508: max_threads=65535, hint_threads=2
[1788507586839] Granted 2 threads to pid 76508 (CPUs 1+2)
Request from pid 76508: max_threads=65535, hint_threads=2
[1788507587398] Granted 2 threads to pid 76508 (CPUs 1+2)
Request from pid 76508: max_threads=65535, hint_threads=2
[1788507587957] Granted 2 threads to pid 76508 (CPUs 1+2)
Request from pid 76508: max_threads=65535, hint_threads=2
[1788507588516] Granted 2 threads to pid 76508 (CPUs 1+2)
Request from pid 76508: max_threads=65535, hint_threads=2
[1788507589074] Granted 2 threads to pid 76508 (CPUs 1+2)
Request from pid 76508: max_threads=65535, hint_threads=2
[1788507589633] Granted 2 threads to pid 76508 (CPUs 1+2)
Request from pid 76508: max_threads=65535, hint_threads=2
[1788507590192] Granted 2 threads to pid 76508 (CPUs 1+2)
Request from pid 76508: max_threads=65535, hint_threads=2
[1788507590751] Granted 2 threads to pid 76508 (CPUs 1+2)
Request from pid 76508: max_threads=65535, hint_threads=2
[1788507591870] Granted 2 threads to pid 76508 (CPUs 1+2)
Request from pid 76508: max_threads=65535, hint_threads=2
[1788507592428] Granted 2 threads to pid 76508 (CPUs 1+2)
Request from pid 76508: max_threads=65535, hint_threads=2
[1788507592987] Granted 2 threads to pid 76508 (CPUs 1+2)
Request from pid 76508: max_threads=65535, hint_threads=2
[1788507593546] Granted 2 threads to pid 76508 (CPUs 1+2)
Request from pid 76508: max_threads=65535, hint_threads=2
[1788507594105] Granted 2 threads to pid 76508 (CPUs 1+2)
Request from pid 76508: max_threads=65535, hint_threads=2
[1788507594663] Granted 2 threads to pid 76508 (CPUs 1+2)
Request from pid 76508: max_threads=65535, hint_threads=2
[1788507595222] Granted 2 threads to pid 76508 (CPUs 1+2)
Request from pid 76508: max_threads=65535, hint_threads=2
[1788507595781] Granted 2 threads to pid 76508 (CPUs 1+2)
Request from pid 76508: max_threads=65535, hint_threads=2
[1788507596340] Granted 2 threads to pid 76508 (CPUs 1+2)
Request from pid 76508: max_threads=65535, hint_threads=2
[1788507596899] Granted 2 threads to pid 76508 (CPUs 1+2)
Request from pid 76508: max_threads=65535, hint_threads=2
[1788507597458] Granted 2 threads to pid 76508 (CPUs 1+2)
Request from pid 76508: max_threads=65535, hint_threads=2
[1788507598017] Granted 2 threads to pid 76508 (CPUs 1+2)
Request from pid 76508: max_threads=65535, hint_threads=2
[1788507598575] Granted 2 threads to pid 76508 (CPUs 1+2)
Request from pid 76508: max_threads=65535, hint_threads=2
[1788507599134] Granted 2 threads to pid 76508 (CPUs 1+2)
Request from pid 76508: max_threads=65535, hint_threads=2
[1788507599693] Granted 2 threads to pid 76508 (CPUs 1+2)
Request from pid 76508: max_threads=65535, hint_threads=2
[1788507600252] Granted 2 threads to pid 76508 (CPUs 1+2)
Request from pid 76508: max_threads=65535, hint_threads=2
[1788507600810] Granted 2 threads to pid 76508 (CPUs 1+2)
Request from pid 76508: max_threads=65535, hint_threads=2
[1788507601370] Granted 2 threads to pid 76508 (CPUs 1+2)
Request from pid 76508: max_threads=65535, hint_threads=2
[1788507601929] Granted 2 threads to pid 76508 (CPUs 1+2)
Request from pid 76508: max_threads=65535, hint_threads=2
[1788507602487] Granted 2 threads to pid 76508 (CPUs 1+2)
Request from pid 76508: max_threads=65535, hint_threads=2
[1788507603046] Granted 2 threads to pid 76508 (CPUs 1+2)
Request from pid 76508: max_threads=65535, hint_threads=2
[1788507603605] Granted 2 threads to pid 76508 (CPUs 1+2)
Request from pid 76508: max_threads=65535, hint_threads=2
[1788507604164] Granted 2 threads to pid 76508 (CPUs 1+2)
Request from pid 76508: max_threads=65535, hint_threads=2
[1788507604722] Granted 2 threads to pid 76508 (CPUs 1+2)
Request from pid 76508: max_threads=65535, hint_threads=2
[1788507605281] Granted 2 threads to pid 76508 (CPUs 1+2)
Request from pid 76508: max_threads=65535, hint_threads=2
[1788507605840] Granted 2 threads to pid 76508 (CPUs 1+2)
Request from pid 76508: max_threads=65535, hint_threads=2
[1788507606398] Granted 2 threads to pid 76508 (CPUs 1+2)
Request from pid 76508: max_threads=65535, hint_threads=2
[1788507606957] Granted 2 threads to pid 76508 (CPUs 1+2)
Request from pid 76508: max_threads=65535, hint_threads=2
[1788507607516] Granted 2 threads to pid 76508 (CPUs 1+2)
Request from pid 76508: max_threads=65535, hint_threads=2
[1788507608075] Granted 2 threads to pid 76508 (CPUs 1+2)
Request from pid 76508: max_threads=65535, hint_threads=2
[1788507608634] Granted 2 threads to pid 76508 (CPUs 1+2)
Request from pid 76508: max_threads=65535, hint_threads=2
[1788507609193] Granted 2 threads to pid 76508 (CPUs 1+2)
Request from pid 76508: max_threads=65535, hint_threads=2
[1788507609752] Granted 2 threads to pid 76508 (CPUs 1+2)
[1788507609756] Client pid 76508 disconnected — removed from state
Accepted connection
Handling client
Request from pid 96084: max_threads=65535, hint_threads=2
[1788507615148] Granted 2 threads to pid 96084 (CPUs 1+2)
Request from pid 96084: max_threads=65535, hint_threads=2
[1788507672842] Granted 2 threads to pid 96084 (CPUs 1+2)
Read error: Connection reset by peer (os error 104)
Starting DRM at Fri Sep  4 09:41:14 CEST 2026, capacity=2, cpu_pool=56,57
CPU pool (2 cores): 56–57
Listening on /tmp/omp-rm.sock (capacity=2, strategy=fair_share)
Accepted connection
Handling client
Request from pid 96168: max_threads=65535, hint_threads=2
[1788507675416] Granted 2 threads to pid 96168 (CPUs 56+2)
Request from pid 96168: max_threads=65535, hint_threads=2
[1788507676253] Granted 2 threads to pid 96168 (CPUs 56+2)
Request from pid 96168: max_threads=65535, hint_threads=2
[1788507677162] Granted 2 threads to pid 96168 (CPUs 56+2)
Request from pid 96168: max_threads=65535, hint_threads=2
[1788507678856] Granted 2 threads to pid 96168 (CPUs 56+2)
Request from pid 96168: max_threads=65535, hint_threads=2
[1788507679365] Granted 2 threads to pid 96168 (CPUs 56+2)
Request from pid 96168: max_threads=65535, hint_threads=2
[1788507680847] Granted 2 threads to pid 96168 (CPUs 56+2)
Request from pid 96168: max_threads=65535, hint_threads=2
[1788507682015] Granted 2 threads to pid 96168 (CPUs 56+2)
Request from pid 96168: max_threads=65535, hint_threads=2
[1788507683675] Granted 2 threads to pid 96168 (CPUs 56+2)
Request from pid 96168: max_threads=65535, hint_threads=2
[1788507684630] Granted 2 threads to pid 96168 (CPUs 56+2)
Request from pid 96168: max_threads=65535, hint_threads=2
[1788507686288] Granted 2 threads to pid 96168 (CPUs 56+2)
Request from pid 96168: max_threads=65535, hint_threads=2
[1788507687240] Granted 2 threads to pid 96168 (CPUs 56+2)
Request from pid 96168: max_threads=65535, hint_threads=2
[1788507688899] Granted 2 threads to pid 96168 (CPUs 56+2)
Request from pid 96168: max_threads=65535, hint_threads=2
[1788507689853] Granted 2 threads to pid 96168 (CPUs 56+2)
Request from pid 96168: max_threads=65535, hint_threads=2
[1788507691511] Granted 2 threads to pid 96168 (CPUs 56+2)
Request from pid 96168: max_threads=65535, hint_threads=2
[1788507692464] Granted 2 threads to pid 96168 (CPUs 56+2)
Request from pid 96168: max_threads=65535, hint_threads=2
[1788507694118] Granted 2 threads to pid 96168 (CPUs 56+2)
Request from pid 96168: max_threads=65535, hint_threads=2
[1788507695072] Granted 2 threads to pid 96168 (CPUs 56+2)
Request from pid 96168: max_threads=65535, hint_threads=2
[1788507696730] Granted 2 threads to pid 96168 (CPUs 56+2)
Request from pid 96168: max_threads=65535, hint_threads=2
[1788507697682] Granted 2 threads to pid 96168 (CPUs 56+2)
Request from pid 96168: max_threads=65535, hint_threads=2
[1788507699338] Granted 2 threads to pid 96168 (CPUs 56+2)
Request from pid 96168: max_threads=65535, hint_threads=2
[1788507700289] Granted 2 threads to pid 96168 (CPUs 56+2)
Request from pid 96168: max_threads=65535, hint_threads=2
[1788507701935] Granted 2 threads to pid 96168 (CPUs 56+2)
Request from pid 96168: max_threads=65535, hint_threads=2
[1788507702889] Granted 2 threads to pid 96168 (CPUs 56+2)
Request from pid 96168: max_threads=65535, hint_threads=2
[1788507704549] Granted 2 threads to pid 96168 (CPUs 56+2)
Request from pid 96168: max_threads=65535, hint_threads=2
[1788507705503] Granted 2 threads to pid 96168 (CPUs 56+2)
Request from pid 96168: max_threads=65535, hint_threads=2
[1788507707157] Granted 2 threads to pid 96168 (CPUs 56+2)
Request from pid 96168: max_threads=65535, hint_threads=2
[1788507708110] Granted 2 threads to pid 96168 (CPUs 56+2)
Request from pid 96168: max_threads=65535, hint_threads=2
[1788507709771] Granted 2 threads to pid 96168 (CPUs 56+2)
Request from pid 96168: max_threads=65535, hint_threads=2
[1788507710723] Granted 2 threads to pid 96168 (CPUs 56+2)
Request from pid 96168: max_threads=65535, hint_threads=2
[1788507712384] Granted 2 threads to pid 96168 (CPUs 56+2)
Request from pid 96168: max_threads=65535, hint_threads=2
[1788507713339] Granted 2 threads to pid 96168 (CPUs 56+2)
Request from pid 96168: max_threads=65535, hint_threads=2
[1788507714982] Granted 2 threads to pid 96168 (CPUs 56+2)
Request from pid 96168: max_threads=65535, hint_threads=2
[1788507715934] Granted 2 threads to pid 96168 (CPUs 56+2)
Request from pid 96168: max_threads=65535, hint_threads=2
[1788507717566] Granted 2 threads to pid 96168 (CPUs 56+2)
Request from pid 96168: max_threads=65535, hint_threads=2
[1788507718519] Granted 2 threads to pid 96168 (CPUs 56+2)
Request from pid 96168: max_threads=65535, hint_threads=2
[1788507720154] Granted 2 threads to pid 96168 (CPUs 56+2)
Request from pid 96168: max_threads=65535, hint_threads=2
[1788507721104] Granted 2 threads to pid 96168 (CPUs 56+2)
Request from pid 96168: max_threads=65535, hint_threads=2
[1788507722738] Granted 2 threads to pid 96168 (CPUs 56+2)
Request from pid 96168: max_threads=65535, hint_threads=2
[1788507723690] Granted 2 threads to pid 96168 (CPUs 56+2)
Request from pid 96168: max_threads=65535, hint_threads=2
[1788507725332] Granted 2 threads to pid 96168 (CPUs 56+2)
Request from pid 96168: max_threads=65535, hint_threads=2
[1788507726286] Granted 2 threads to pid 96168 (CPUs 56+2)
Request from pid 96168: max_threads=65535, hint_threads=2
[1788507727937] Granted 2 threads to pid 96168 (CPUs 56+2)
Request from pid 96168: max_threads=65535, hint_threads=2
[1788507728889] Granted 2 threads to pid 96168 (CPUs 56+2)
Request from pid 96168: max_threads=65535, hint_threads=2
[1788507730547] Granted 2 threads to pid 96168 (CPUs 56+2)
Request from pid 96168: max_threads=65535, hint_threads=2
[1788507731499] Granted 2 threads to pid 96168 (CPUs 56+2)
Request from pid 96168: max_threads=65535, hint_threads=2
[1788507733151] Granted 2 threads to pid 96168 (CPUs 56+2)
Request from pid 96168: max_threads=65535, hint_threads=2
[1788507733887] Granted 2 threads to pid 96168 (CPUs 56+2)
Read error: Connection reset by peer (os error 104)
Accepted connection
Handling client
Request from pid 96249: max_threads=65535, hint_threads=2
[1788507736491] Granted 1 threads to pid 96249 (CPUs 57+1)
Request from pid 96249: max_threads=65535, hint_threads=2
[1788507742407] Granted 2 threads to pid 96249 (CPUs 56+2)
Request from pid 96249: max_threads=65535, hint_threads=2
[1788507742990] Granted 2 threads to pid 96249 (CPUs 56+2)
Request from pid 96249: max_threads=65535, hint_threads=2
[1788507743574] Granted 2 threads to pid 96249 (CPUs 56+2)
Request from pid 96249: max_threads=65535, hint_threads=2
[1788507744160] Granted 2 threads to pid 96249 (CPUs 56+2)
Request from pid 96249: max_threads=65535, hint_threads=2
[1788507744744] Granted 2 threads to pid 96249 (CPUs 56+2)
Request from pid 96249: max_threads=65535, hint_threads=2
[1788507745328] Granted 2 threads to pid 96249 (CPUs 56+2)
Request from pid 96249: max_threads=65535, hint_threads=2
[1788507745911] Granted 2 threads to pid 96249 (CPUs 56+2)
Request from pid 96249: max_threads=65535, hint_threads=2
[1788507746496] Granted 2 threads to pid 96249 (CPUs 56+2)
Request from pid 96249: max_threads=65535, hint_threads=2
[1788507747079] Granted 2 threads to pid 96249 (CPUs 56+2)
Request from pid 96249: max_threads=65535, hint_threads=2
[1788507747662] Granted 2 threads to pid 96249 (CPUs 56+2)
Request from pid 96249: max_threads=65535, hint_threads=2
[1788507748244] Granted 2 threads to pid 96249 (CPUs 56+2)
Request from pid 96249: max_threads=65535, hint_threads=2
[1788507748826] Granted 2 threads to pid 96249 (CPUs 56+2)
Request from pid 96249: max_threads=65535, hint_threads=2
[1788507749411] Granted 2 threads to pid 96249 (CPUs 56+2)
Request from pid 96249: max_threads=65535, hint_threads=2
[1788507749995] Granted 2 threads to pid 96249 (CPUs 56+2)
Request from pid 96249: max_threads=65535, hint_threads=2
[1788507750579] Granted 2 threads to pid 96249 (CPUs 56+2)
Request from pid 96249: max_threads=65535, hint_threads=2
[1788507751163] Granted 2 threads to pid 96249 (CPUs 56+2)
Request from pid 96249: max_threads=65535, hint_threads=2
[1788507751746] Granted 2 threads to pid 96249 (CPUs 56+2)
Request from pid 96249: max_threads=65535, hint_threads=2
[1788507752328] Granted 2 threads to pid 96249 (CPUs 56+2)
Request from pid 96249: max_threads=65535, hint_threads=2
[1788507752911] Granted 2 threads to pid 96249 (CPUs 56+2)
Request from pid 96249: max_threads=65535, hint_threads=2
[1788507753497] Granted 2 threads to pid 96249 (CPUs 56+2)
Request from pid 96249: max_threads=65535, hint_threads=2
[1788507754084] Granted 2 threads to pid 96249 (CPUs 56+2)
Request from pid 96249: max_threads=65535, hint_threads=2
[1788507754670] Granted 2 threads to pid 96249 (CPUs 56+2)
Request from pid 96249: max_threads=65535, hint_threads=2
[1788507755253] Granted 2 threads to pid 96249 (CPUs 56+2)
Request from pid 96249: max_threads=65535, hint_threads=2
[1788507755838] Granted 2 threads to pid 96249 (CPUs 56+2)
Request from pid 96249: max_threads=65535, hint_threads=2
[1788507756422] Granted 2 threads to pid 96249 (CPUs 56+2)
Request from pid 96249: max_threads=65535, hint_threads=2
[1788507757006] Granted 2 threads to pid 96249 (CPUs 56+2)
Request from pid 96249: max_threads=65535, hint_threads=2
[1788507757590] Granted 2 threads to pid 96249 (CPUs 56+2)
Request from pid 96249: max_threads=65535, hint_threads=2
[1788507758174] Granted 2 threads to pid 96249 (CPUs 56+2)
Request from pid 96249: max_threads=65535, hint_threads=2
[1788507758757] Granted 2 threads to pid 96249 (CPUs 56+2)
Request from pid 96249: max_threads=65535, hint_threads=2
[1788507759361] Granted 2 threads to pid 96249 (CPUs 56+2)
Request from pid 96249: max_threads=65535, hint_threads=2
[1788507759944] Granted 2 threads to pid 96249 (CPUs 56+2)
Request from pid 96249: max_threads=65535, hint_threads=2
[1788507760527] Granted 2 threads to pid 96249 (CPUs 56+2)
Request from pid 96249: max_threads=65535, hint_threads=2
[1788507761109] Granted 2 threads to pid 96249 (CPUs 56+2)
Request from pid 96249: max_threads=65535, hint_threads=2
[1788507761697] Granted 2 threads to pid 96249 (CPUs 56+2)
Request from pid 96249: max_threads=65535, hint_threads=2
[1788507762284] Granted 2 threads to pid 96249 (CPUs 56+2)
Request from pid 96249: max_threads=65535, hint_threads=2
[1788507762869] Granted 2 threads to pid 96249 (CPUs 56+2)
Request from pid 96249: max_threads=65535, hint_threads=2
[1788507763453] Granted 2 threads to pid 96249 (CPUs 56+2)
Request from pid 96249: max_threads=65535, hint_threads=2
[1788507764059] Granted 2 threads to pid 96249 (CPUs 56+2)
Request from pid 96249: max_threads=65535, hint_threads=2
[1788507764642] Granted 2 threads to pid 96249 (CPUs 56+2)
Request from pid 96249: max_threads=65535, hint_threads=2
[1788507765226] Granted 2 threads to pid 96249 (CPUs 56+2)
Request from pid 96249: max_threads=65535, hint_threads=2
[1788507765809] Granted 2 threads to pid 96249 (CPUs 56+2)
Request from pid 96249: max_threads=65535, hint_threads=2
[1788507766392] Granted 2 threads to pid 96249 (CPUs 56+2)
Request from pid 96249: max_threads=65535, hint_threads=2
[1788507766973] Granted 2 threads to pid 96249 (CPUs 56+2)
Request from pid 96249: max_threads=65535, hint_threads=2
[1788507767556] Granted 2 threads to pid 96249 (CPUs 56+2)
Request from pid 96249: max_threads=65535, hint_threads=2
[1788507768137] Granted 2 threads to pid 96249 (CPUs 56+2)
Request from pid 96249: max_threads=65535, hint_threads=2
[1788507768719] Granted 2 threads to pid 96249 (CPUs 56+2)
Request from pid 96249: max_threads=65535, hint_threads=2
[1788507769303] Granted 2 threads to pid 96249 (CPUs 56+2)
Request from pid 96249: max_threads=65535, hint_threads=2
[1788507769887] Granted 2 threads to pid 96249 (CPUs 56+2)
Request from pid 96249: max_threads=65535, hint_threads=2
[1788507770470] Granted 2 threads to pid 96249 (CPUs 56+2)
Request from pid 96249: max_threads=65535, hint_threads=2
[1788507771053] Granted 2 threads to pid 96249 (CPUs 56+2)
Request from pid 96249: max_threads=65535, hint_threads=2
[1788507771635] Granted 2 threads to pid 96249 (CPUs 56+2)
Request from pid 96249: max_threads=65535, hint_threads=2
[1788507772221] Granted 2 threads to pid 96249 (CPUs 56+2)
Request from pid 96249: max_threads=65535, hint_threads=2
[1788507772805] Granted 2 threads to pid 96249 (CPUs 56+2)
Request from pid 96249: max_threads=65535, hint_threads=2
[1788507773388] Granted 2 threads to pid 96249 (CPUs 56+2)
Request from pid 96249: max_threads=65535, hint_threads=2
[1788507773972] Granted 2 threads to pid 96249 (CPUs 56+2)
Request from pid 96249: max_threads=65535, hint_threads=2
[1788507774556] Granted 2 threads to pid 96249 (CPUs 56+2)
Request from pid 96249: max_threads=65535, hint_threads=2
[1788507775139] Granted 2 threads to pid 96249 (CPUs 56+2)
Request from pid 96249: max_threads=65535, hint_threads=2
[1788507775721] Granted 2 threads to pid 96249 (CPUs 56+2)
Request from pid 96249: max_threads=65535, hint_threads=2
[1788507776303] Granted 2 threads to pid 96249 (CPUs 56+2)
Request from pid 96249: max_threads=65535, hint_threads=2
[1788507776885] Granted 2 threads to pid 96249 (CPUs 56+2)
Request from pid 96249: max_threads=65535, hint_threads=2
[1788507777468] Granted 2 threads to pid 96249 (CPUs 56+2)
Request from pid 96249: max_threads=65535, hint_threads=2
[1788507778054] Granted 2 threads to pid 96249 (CPUs 56+2)
Request from pid 96249: max_threads=65535, hint_threads=2
[1788507778638] Granted 2 threads to pid 96249 (CPUs 56+2)
Request from pid 96249: max_threads=65535, hint_threads=2
[1788507779222] Granted 2 threads to pid 96249 (CPUs 56+2)
Request from pid 96249: max_threads=65535, hint_threads=2
[1788507779806] Granted 2 threads to pid 96249 (CPUs 56+2)
Request from pid 96249: max_threads=65535, hint_threads=2
[1788507780390] Granted 2 threads to pid 96249 (CPUs 56+2)
Request from pid 96249: max_threads=65535, hint_threads=2
[1788507780974] Granted 2 threads to pid 96249 (CPUs 56+2)
Request from pid 96249: max_threads=65535, hint_threads=2
[1788507781558] Granted 2 threads to pid 96249 (CPUs 56+2)
Request from pid 96249: max_threads=65535, hint_threads=2
[1788507782140] Granted 2 threads to pid 96249 (CPUs 56+2)
Request from pid 96249: max_threads=65535, hint_threads=2
[1788507782722] Granted 2 threads to pid 96249 (CPUs 56+2)
Request from pid 96249: max_threads=65535, hint_threads=2
[1788507783303] Granted 2 threads to pid 96249 (CPUs 56+2)
Request from pid 96249: max_threads=65535, hint_threads=2
[1788507783885] Granted 2 threads to pid 96249 (CPUs 56+2)
Request from pid 96249: max_threads=65535, hint_threads=2
[1788507784467] Granted 2 threads to pid 96249 (CPUs 56+2)
Request from pid 96249: max_threads=65535, hint_threads=2
[1788507785049] Granted 2 threads to pid 96249 (CPUs 56+2)
Request from pid 96249: max_threads=65535, hint_threads=2
[1788507785635] Granted 2 threads to pid 96249 (CPUs 56+2)
Request from pid 96249: max_threads=65535, hint_threads=2
[1788507786224] Granted 2 threads to pid 96249 (CPUs 56+2)
[1788507786227] Client pid 96249 disconnected — removed from state
Accepted connection
Handling client
Request from pid 96306: max_threads=65535, hint_threads=2
[1788507788617] Granted 2 threads to pid 96306 (CPUs 56+2)
Request from pid 96306: max_threads=65535, hint_threads=2
[1788507846362] Granted 2 threads to pid 96306 (CPUs 56+2)
Read error: Connection reset by peer (os error 104)
Starting DRM at Fri Sep  4 09:44:08 CEST 2026, capacity=2, cpu_pool=1,2
CPU pool (2 cores): 1–2
Listening on /tmp/omp-rm.sock (capacity=2, strategy=fair_share)
Accepted connection
Handling client
Request from pid 96442: max_threads=65535, hint_threads=2
[1788507848935] Granted 2 threads to pid 96442 (CPUs 1+2)
Request from pid 96442: max_threads=65535, hint_threads=2
[1788507849771] Granted 2 threads to pid 96442 (CPUs 1+2)
Request from pid 96442: max_threads=65535, hint_threads=2
[1788507850715] Granted 2 threads to pid 96442 (CPUs 1+2)
Request from pid 96442: max_threads=65535, hint_threads=2
[1788507852482] Granted 2 threads to pid 96442 (CPUs 1+2)
Request from pid 96442: max_threads=65535, hint_threads=2
[1788507852993] Granted 2 threads to pid 96442 (CPUs 1+2)
Request from pid 96442: max_threads=65535, hint_threads=2
[1788507854545] Granted 2 threads to pid 96442 (CPUs 1+2)
Request from pid 96442: max_threads=65535, hint_threads=2
[1788507855745] Granted 2 threads to pid 96442 (CPUs 1+2)
Request from pid 96442: max_threads=65535, hint_threads=2
[1788507857473] Granted 2 threads to pid 96442 (CPUs 1+2)
Request from pid 96442: max_threads=65535, hint_threads=2
[1788507858458] Granted 2 threads to pid 96442 (CPUs 1+2)
Request from pid 96442: max_threads=65535, hint_threads=2
[1788507860186] Granted 2 threads to pid 96442 (CPUs 1+2)
Request from pid 96442: max_threads=65535, hint_threads=2
[1788507861170] Granted 2 threads to pid 96442 (CPUs 1+2)
Request from pid 96442: max_threads=65535, hint_threads=2
[1788507862897] Granted 2 threads to pid 96442 (CPUs 1+2)
Request from pid 96442: max_threads=65535, hint_threads=2
[1788507863882] Granted 2 threads to pid 96442 (CPUs 1+2)
Request from pid 96442: max_threads=65535, hint_threads=2
[1788507865610] Granted 2 threads to pid 96442 (CPUs 1+2)
Request from pid 96442: max_threads=65535, hint_threads=2
[1788507866595] Granted 2 threads to pid 96442 (CPUs 1+2)
Request from pid 96442: max_threads=65535, hint_threads=2
[1788507868322] Granted 2 threads to pid 96442 (CPUs 1+2)
Request from pid 96442: max_threads=65535, hint_threads=2
[1788507869307] Granted 2 threads to pid 96442 (CPUs 1+2)
Request from pid 96442: max_threads=65535, hint_threads=2
[1788507871033] Granted 2 threads to pid 96442 (CPUs 1+2)
Request from pid 96442: max_threads=65535, hint_threads=2
[1788507872017] Granted 2 threads to pid 96442 (CPUs 1+2)
Request from pid 96442: max_threads=65535, hint_threads=2
[1788507873745] Granted 2 threads to pid 96442 (CPUs 1+2)
Request from pid 96442: max_threads=65535, hint_threads=2
[1788507874727] Granted 2 threads to pid 96442 (CPUs 1+2)
Request from pid 96442: max_threads=65535, hint_threads=2
[1788507876454] Granted 2 threads to pid 96442 (CPUs 1+2)
Request from pid 96442: max_threads=65535, hint_threads=2
[1788507877438] Granted 2 threads to pid 96442 (CPUs 1+2)
Request from pid 96442: max_threads=65535, hint_threads=2
[1788507879164] Granted 2 threads to pid 96442 (CPUs 1+2)
Request from pid 96442: max_threads=65535, hint_threads=2
[1788507880148] Granted 2 threads to pid 96442 (CPUs 1+2)
Request from pid 96442: max_threads=65535, hint_threads=2
[1788507881877] Granted 2 threads to pid 96442 (CPUs 1+2)
Request from pid 96442: max_threads=65535, hint_threads=2
[1788507882860] Granted 2 threads to pid 96442 (CPUs 1+2)
Request from pid 96442: max_threads=65535, hint_threads=2
[1788507884588] Granted 2 threads to pid 96442 (CPUs 1+2)
Request from pid 96442: max_threads=65535, hint_threads=2
[1788507885572] Granted 2 threads to pid 96442 (CPUs 1+2)
Request from pid 96442: max_threads=65535, hint_threads=2
[1788507887298] Granted 2 threads to pid 96442 (CPUs 1+2)
Request from pid 96442: max_threads=65535, hint_threads=2
[1788507888283] Granted 2 threads to pid 96442 (CPUs 1+2)
Request from pid 96442: max_threads=65535, hint_threads=2
[1788507890010] Granted 2 threads to pid 96442 (CPUs 1+2)
Request from pid 96442: max_threads=65535, hint_threads=2
[1788507890994] Granted 2 threads to pid 96442 (CPUs 1+2)
Request from pid 96442: max_threads=65535, hint_threads=2
[1788507892721] Granted 2 threads to pid 96442 (CPUs 1+2)
Request from pid 96442: max_threads=65535, hint_threads=2
[1788507893704] Granted 2 threads to pid 96442 (CPUs 1+2)
Request from pid 96442: max_threads=65535, hint_threads=2
[1788507895430] Granted 2 threads to pid 96442 (CPUs 1+2)
Request from pid 96442: max_threads=65535, hint_threads=2
[1788507896413] Granted 2 threads to pid 96442 (CPUs 1+2)
Request from pid 96442: max_threads=65535, hint_threads=2
[1788507898139] Granted 2 threads to pid 96442 (CPUs 1+2)
Request from pid 96442: max_threads=65535, hint_threads=2
[1788507899123] Granted 2 threads to pid 96442 (CPUs 1+2)
Request from pid 96442: max_threads=65535, hint_threads=2
[1788507900850] Granted 2 threads to pid 96442 (CPUs 1+2)
Request from pid 96442: max_threads=65535, hint_threads=2
[1788507901835] Granted 2 threads to pid 96442 (CPUs 1+2)
Request from pid 96442: max_threads=65535, hint_threads=2
[1788507903562] Granted 2 threads to pid 96442 (CPUs 1+2)
Request from pid 96442: max_threads=65535, hint_threads=2
[1788507904544] Granted 2 threads to pid 96442 (CPUs 1+2)
Request from pid 96442: max_threads=65535, hint_threads=2
[1788507906271] Granted 2 threads to pid 96442 (CPUs 1+2)
Request from pid 96442: max_threads=65535, hint_threads=2
[1788507907253] Granted 2 threads to pid 96442 (CPUs 1+2)
Request from pid 96442: max_threads=65535, hint_threads=2
[1788507908980] Granted 2 threads to pid 96442 (CPUs 1+2)
Request from pid 96442: max_threads=65535, hint_threads=2
[1788507909749] Granted 2 threads to pid 96442 (CPUs 1+2)
Read error: Connection reset by peer (os error 104)
Accepted connection
Handling client
Request from pid 96597: max_threads=65535, hint_threads=2
[1788507911790] Granted 1 threads to pid 96597 (CPUs 2+1)
Request from pid 96597: max_threads=65535, hint_threads=2
[1788507917585] Granted 2 threads to pid 96597 (CPUs 1+2)
Request from pid 96597: max_threads=65535, hint_threads=2
[1788507918206] Granted 2 threads to pid 96597 (CPUs 1+2)
Request from pid 96597: max_threads=65535, hint_threads=2
[1788507918821] Granted 2 threads to pid 96597 (CPUs 1+2)
Request from pid 96597: max_threads=65535, hint_threads=2
[1788507919434] Granted 2 threads to pid 96597 (CPUs 1+2)
Request from pid 96597: max_threads=65535, hint_threads=2
[1788507920047] Granted 2 threads to pid 96597 (CPUs 1+2)
Request from pid 96597: max_threads=65535, hint_threads=2
[1788507920660] Granted 2 threads to pid 96597 (CPUs 1+2)
Request from pid 96597: max_threads=65535, hint_threads=2
[1788507921273] Granted 2 threads to pid 96597 (CPUs 1+2)
Request from pid 96597: max_threads=65535, hint_threads=2
[1788507921887] Granted 2 threads to pid 96597 (CPUs 1+2)
Request from pid 96597: max_threads=65535, hint_threads=2
[1788507922500] Granted 2 threads to pid 96597 (CPUs 1+2)
Request from pid 96597: max_threads=65535, hint_threads=2
[1788507923114] Granted 2 threads to pid 96597 (CPUs 1+2)
Request from pid 96597: max_threads=65535, hint_threads=2
[1788507923727] Granted 2 threads to pid 96597 (CPUs 1+2)
Request from pid 96597: max_threads=65535, hint_threads=2
[1788507924340] Granted 2 threads to pid 96597 (CPUs 1+2)
Request from pid 96597: max_threads=65535, hint_threads=2
[1788507924954] Granted 2 threads to pid 96597 (CPUs 1+2)
Request from pid 96597: max_threads=65535, hint_threads=2
[1788507925567] Granted 2 threads to pid 96597 (CPUs 1+2)
Request from pid 96597: max_threads=65535, hint_threads=2
[1788507926181] Granted 2 threads to pid 96597 (CPUs 1+2)
Request from pid 96597: max_threads=65535, hint_threads=2
[1788507926795] Granted 2 threads to pid 96597 (CPUs 1+2)
Request from pid 96597: max_threads=65535, hint_threads=2
[1788507927408] Granted 2 threads to pid 96597 (CPUs 1+2)
Request from pid 96597: max_threads=65535, hint_threads=2
[1788507928021] Granted 2 threads to pid 96597 (CPUs 1+2)
Request from pid 96597: max_threads=65535, hint_threads=2
[1788507928635] Granted 2 threads to pid 96597 (CPUs 1+2)
Request from pid 96597: max_threads=65535, hint_threads=2
[1788507929248] Granted 2 threads to pid 96597 (CPUs 1+2)
Request from pid 96597: max_threads=65535, hint_threads=2
[1788507929862] Granted 2 threads to pid 96597 (CPUs 1+2)
Request from pid 96597: max_threads=65535, hint_threads=2
[1788507930475] Granted 2 threads to pid 96597 (CPUs 1+2)
Request from pid 96597: max_threads=65535, hint_threads=2
[1788507931088] Granted 2 threads to pid 96597 (CPUs 1+2)
Request from pid 96597: max_threads=65535, hint_threads=2
[1788507931701] Granted 2 threads to pid 96597 (CPUs 1+2)
Request from pid 96597: max_threads=65535, hint_threads=2
[1788507932316] Granted 2 threads to pid 96597 (CPUs 1+2)
Request from pid 96597: max_threads=65535, hint_threads=2
[1788507932930] Granted 2 threads to pid 96597 (CPUs 1+2)
Request from pid 96597: max_threads=65535, hint_threads=2
[1788507933543] Granted 2 threads to pid 96597 (CPUs 1+2)
Request from pid 96597: max_threads=65535, hint_threads=2
[1788507934156] Granted 2 threads to pid 96597 (CPUs 1+2)
Request from pid 96597: max_threads=65535, hint_threads=2
[1788507934770] Granted 2 threads to pid 96597 (CPUs 1+2)
Request from pid 96597: max_threads=65535, hint_threads=2
[1788507935383] Granted 2 threads to pid 96597 (CPUs 1+2)
Request from pid 96597: max_threads=65535, hint_threads=2
[1788507935996] Granted 2 threads to pid 96597 (CPUs 1+2)
Request from pid 96597: max_threads=65535, hint_threads=2
[1788507936610] Granted 2 threads to pid 96597 (CPUs 1+2)
Request from pid 96597: max_threads=65535, hint_threads=2
[1788507937223] Granted 2 threads to pid 96597 (CPUs 1+2)
Request from pid 96597: max_threads=65535, hint_threads=2
[1788507937836] Granted 2 threads to pid 96597 (CPUs 1+2)
Request from pid 96597: max_threads=65535, hint_threads=2
[1788507938449] Granted 2 threads to pid 96597 (CPUs 1+2)
Request from pid 96597: max_threads=65535, hint_threads=2
[1788507939063] Granted 2 threads to pid 96597 (CPUs 1+2)
Request from pid 96597: max_threads=65535, hint_threads=2
[1788507939677] Granted 2 threads to pid 96597 (CPUs 1+2)
Request from pid 96597: max_threads=65535, hint_threads=2
[1788507940291] Granted 2 threads to pid 96597 (CPUs 1+2)
Request from pid 96597: max_threads=65535, hint_threads=2
[1788507940904] Granted 2 threads to pid 96597 (CPUs 1+2)
Request from pid 96597: max_threads=65535, hint_threads=2
[1788507941518] Granted 2 threads to pid 96597 (CPUs 1+2)
Request from pid 96597: max_threads=65535, hint_threads=2
[1788507942131] Granted 2 threads to pid 96597 (CPUs 1+2)
Request from pid 96597: max_threads=65535, hint_threads=2
[1788507942745] Granted 2 threads to pid 96597 (CPUs 1+2)
Request from pid 96597: max_threads=65535, hint_threads=2
[1788507943358] Granted 2 threads to pid 96597 (CPUs 1+2)
Request from pid 96597: max_threads=65535, hint_threads=2
[1788507943972] Granted 2 threads to pid 96597 (CPUs 1+2)
Request from pid 96597: max_threads=65535, hint_threads=2
[1788507944585] Granted 2 threads to pid 96597 (CPUs 1+2)
Request from pid 96597: max_threads=65535, hint_threads=2
[1788507945199] Granted 2 threads to pid 96597 (CPUs 1+2)
Request from pid 96597: max_threads=65535, hint_threads=2
[1788507945812] Granted 2 threads to pid 96597 (CPUs 1+2)
Request from pid 96597: max_threads=65535, hint_threads=2
[1788507946426] Granted 2 threads to pid 96597 (CPUs 1+2)
Request from pid 96597: max_threads=65535, hint_threads=2
[1788507947039] Granted 2 threads to pid 96597 (CPUs 1+2)
Request from pid 96597: max_threads=65535, hint_threads=2
[1788507947652] Granted 2 threads to pid 96597 (CPUs 1+2)
Request from pid 96597: max_threads=65535, hint_threads=2
[1788507948266] Granted 2 threads to pid 96597 (CPUs 1+2)
Request from pid 96597: max_threads=65535, hint_threads=2
[1788507948879] Granted 2 threads to pid 96597 (CPUs 1+2)
Request from pid 96597: max_threads=65535, hint_threads=2
[1788507949492] Granted 2 threads to pid 96597 (CPUs 1+2)
Request from pid 96597: max_threads=65535, hint_threads=2
[1788507950106] Granted 2 threads to pid 96597 (CPUs 1+2)
Request from pid 96597: max_threads=65535, hint_threads=2
[1788507950719] Granted 2 threads to pid 96597 (CPUs 1+2)
Request from pid 96597: max_threads=65535, hint_threads=2
[1788507951332] Granted 2 threads to pid 96597 (CPUs 1+2)
Request from pid 96597: max_threads=65535, hint_threads=2
[1788507951946] Granted 2 threads to pid 96597 (CPUs 1+2)
Request from pid 96597: max_threads=65535, hint_threads=2
[1788507952559] Granted 2 threads to pid 96597 (CPUs 1+2)
Request from pid 96597: max_threads=65535, hint_threads=2
[1788507953172] Granted 2 threads to pid 96597 (CPUs 1+2)
Request from pid 96597: max_threads=65535, hint_threads=2
[1788507953786] Granted 2 threads to pid 96597 (CPUs 1+2)
Request from pid 96597: max_threads=65535, hint_threads=2
[1788507954400] Granted 2 threads to pid 96597 (CPUs 1+2)
Request from pid 96597: max_threads=65535, hint_threads=2
[1788507955013] Granted 2 threads to pid 96597 (CPUs 1+2)
Request from pid 96597: max_threads=65535, hint_threads=2
[1788507955626] Granted 2 threads to pid 96597 (CPUs 1+2)
Request from pid 96597: max_threads=65535, hint_threads=2
[1788507956240] Granted 2 threads to pid 96597 (CPUs 1+2)
Request from pid 96597: max_threads=65535, hint_threads=2
[1788507956853] Granted 2 threads to pid 96597 (CPUs 1+2)
Request from pid 96597: max_threads=65535, hint_threads=2
[1788507958080] Granted 2 threads to pid 96597 (CPUs 1+2)
Request from pid 96597: max_threads=65535, hint_threads=2
[1788507958694] Granted 2 threads to pid 96597 (CPUs 1+2)
Request from pid 96597: max_threads=65535, hint_threads=2
[1788507959307] Granted 2 threads to pid 96597 (CPUs 1+2)
Request from pid 96597: max_threads=65535, hint_threads=2
[1788507959921] Granted 2 threads to pid 96597 (CPUs 1+2)
Request from pid 96597: max_threads=65535, hint_threads=2
[1788507960534] Granted 2 threads to pid 96597 (CPUs 1+2)
Request from pid 96597: max_threads=65535, hint_threads=2
[1788507961147] Granted 2 threads to pid 96597 (CPUs 1+2)
Request from pid 96597: max_threads=65535, hint_threads=2
[1788507961760] Granted 2 threads to pid 96597 (CPUs 1+2)
Request from pid 96597: max_threads=65535, hint_threads=2
[1788507962374] Granted 2 threads to pid 96597 (CPUs 1+2)
Request from pid 96597: max_threads=65535, hint_threads=2
[1788507962988] Granted 2 threads to pid 96597 (CPUs 1+2)
Request from pid 96597: max_threads=65535, hint_threads=2
[1788507963601] Granted 2 threads to pid 96597 (CPUs 1+2)
[1788507963605] Client pid 96597 disconnected — removed from state
Accepted connection
Handling client
Request from pid 97947: max_threads=65535, hint_threads=2
[1788507965647] Granted 2 threads to pid 97947 (CPUs 1+2)
Request from pid 97947: max_threads=65535, hint_threads=2
[1788508023345] Granted 2 threads to pid 97947 (CPUs 1+2)
Read error: Connection reset by peer (os error 104)
Starting DRM at Fri Sep  4 09:47:05 CEST 2026, capacity=2, cpu_pool=56,57
CPU pool (2 cores): 56–57
Listening on /tmp/omp-rm.sock (capacity=2, strategy=fair_share)
Accepted connection
Handling client
Request from pid 100473: max_threads=65535, hint_threads=2
[1788508025939] Granted 2 threads to pid 100473 (CPUs 56+2)
Request from pid 100473: max_threads=65535, hint_threads=2
[1788508026780] Granted 2 threads to pid 100473 (CPUs 56+2)
Request from pid 100473: max_threads=65535, hint_threads=2
[1788508027695] Granted 2 threads to pid 100473 (CPUs 56+2)
Request from pid 100473: max_threads=65535, hint_threads=2
[1788508029404] Granted 2 threads to pid 100473 (CPUs 56+2)
Request from pid 100473: max_threads=65535, hint_threads=2
[1788508029911] Granted 2 threads to pid 100473 (CPUs 56+2)
Request from pid 100473: max_threads=65535, hint_threads=2
[1788508031404] Granted 2 threads to pid 100473 (CPUs 56+2)
Request from pid 100473: max_threads=65535, hint_threads=2
[1788508032577] Granted 2 threads to pid 100473 (CPUs 56+2)
Request from pid 100473: max_threads=65535, hint_threads=2
[1788508034286] Granted 2 threads to pid 100473 (CPUs 56+2)
Request from pid 100473: max_threads=65535, hint_threads=2
[1788508035243] Granted 2 threads to pid 100473 (CPUs 56+2)
Request from pid 100473: max_threads=65535, hint_threads=2
[1788508036949] Granted 2 threads to pid 100473 (CPUs 56+2)
Request from pid 100473: max_threads=65535, hint_threads=2
[1788508037907] Granted 2 threads to pid 100473 (CPUs 56+2)
Request from pid 100473: max_threads=65535, hint_threads=2
[1788508039573] Granted 2 threads to pid 100473 (CPUs 56+2)
Request from pid 100473: max_threads=65535, hint_threads=2
[1788508040533] Granted 2 threads to pid 100473 (CPUs 56+2)
Request from pid 100473: max_threads=65535, hint_threads=2
[1788508042236] Granted 2 threads to pid 100473 (CPUs 56+2)
Request from pid 100473: max_threads=65535, hint_threads=2
[1788508043195] Granted 2 threads to pid 100473 (CPUs 56+2)
Request from pid 100473: max_threads=65535, hint_threads=2
[1788508044882] Granted 2 threads to pid 100473 (CPUs 56+2)
Request from pid 100473: max_threads=65535, hint_threads=2
[1788508045841] Granted 2 threads to pid 100473 (CPUs 56+2)
Request from pid 100473: max_threads=65535, hint_threads=2
[1788508047544] Granted 2 threads to pid 100473 (CPUs 56+2)
Request from pid 100473: max_threads=65535, hint_threads=2
[1788508048503] Granted 2 threads to pid 100473 (CPUs 56+2)
Request from pid 100473: max_threads=65535, hint_threads=2
[1788508050206] Granted 2 threads to pid 100473 (CPUs 56+2)
Request from pid 100473: max_threads=65535, hint_threads=2
[1788508051165] Granted 2 threads to pid 100473 (CPUs 56+2)
Request from pid 100473: max_threads=65535, hint_threads=2
[1788508052868] Granted 2 threads to pid 100473 (CPUs 56+2)
Request from pid 100473: max_threads=65535, hint_threads=2
[1788508053828] Granted 2 threads to pid 100473 (CPUs 56+2)
Request from pid 100473: max_threads=65535, hint_threads=2
[1788508055533] Granted 2 threads to pid 100473 (CPUs 56+2)
Request from pid 100473: max_threads=65535, hint_threads=2
[1788508056491] Granted 2 threads to pid 100473 (CPUs 56+2)
Request from pid 100473: max_threads=65535, hint_threads=2
[1788508058195] Granted 2 threads to pid 100473 (CPUs 56+2)
Request from pid 100473: max_threads=65535, hint_threads=2
[1788508059154] Granted 2 threads to pid 100473 (CPUs 56+2)
Request from pid 100473: max_threads=65535, hint_threads=2
[1788508060858] Granted 2 threads to pid 100473 (CPUs 56+2)
Request from pid 100473: max_threads=65535, hint_threads=2
[1788508061815] Granted 2 threads to pid 100473 (CPUs 56+2)
Request from pid 100473: max_threads=65535, hint_threads=2
[1788508063521] Granted 2 threads to pid 100473 (CPUs 56+2)
Request from pid 100473: max_threads=65535, hint_threads=2
[1788508064479] Granted 2 threads to pid 100473 (CPUs 56+2)
Request from pid 100473: max_threads=65535, hint_threads=2
[1788508066184] Granted 2 threads to pid 100473 (CPUs 56+2)
Request from pid 100473: max_threads=65535, hint_threads=2
[1788508067142] Granted 2 threads to pid 100473 (CPUs 56+2)
Request from pid 100473: max_threads=65535, hint_threads=2
[1788508068847] Granted 2 threads to pid 100473 (CPUs 56+2)
Request from pid 100473: max_threads=65535, hint_threads=2
[1788508069804] Granted 2 threads to pid 100473 (CPUs 56+2)
Request from pid 100473: max_threads=65535, hint_threads=2
[1788508071509] Granted 2 threads to pid 100473 (CPUs 56+2)
Request from pid 100473: max_threads=65535, hint_threads=2
[1788508072465] Granted 2 threads to pid 100473 (CPUs 56+2)
Request from pid 100473: max_threads=65535, hint_threads=2
[1788508074169] Granted 2 threads to pid 100473 (CPUs 56+2)
Request from pid 100473: max_threads=65535, hint_threads=2
[1788508075126] Granted 2 threads to pid 100473 (CPUs 56+2)
Request from pid 100473: max_threads=65535, hint_threads=2
[1788508076831] Granted 2 threads to pid 100473 (CPUs 56+2)
Request from pid 100473: max_threads=65535, hint_threads=2
[1788508077788] Granted 2 threads to pid 100473 (CPUs 56+2)
Request from pid 100473: max_threads=65535, hint_threads=2
[1788508079493] Granted 2 threads to pid 100473 (CPUs 56+2)
Request from pid 100473: max_threads=65535, hint_threads=2
[1788508080450] Granted 2 threads to pid 100473 (CPUs 56+2)
Request from pid 100473: max_threads=65535, hint_threads=2
[1788508082154] Granted 2 threads to pid 100473 (CPUs 56+2)
Request from pid 100473: max_threads=65535, hint_threads=2
[1788508083110] Granted 2 threads to pid 100473 (CPUs 56+2)
Request from pid 100473: max_threads=65535, hint_threads=2
[1788508084814] Granted 2 threads to pid 100473 (CPUs 56+2)
Request from pid 100473: max_threads=65535, hint_threads=2
[1788508085558] Granted 2 threads to pid 100473 (CPUs 56+2)
Read error: Connection reset by peer (os error 104)
Accepted connection
Handling client
Request from pid 101071: max_threads=65535, hint_threads=2
[1788508087601] Granted 1 threads to pid 101071 (CPUs 57+1)
Request from pid 101071: max_threads=65535, hint_threads=2
[1788508093517] Granted 2 threads to pid 101071 (CPUs 56+2)
Request from pid 101071: max_threads=65535, hint_threads=2
[1788508094123] Granted 2 threads to pid 101071 (CPUs 56+2)
Request from pid 101071: max_threads=65535, hint_threads=2
[1788508094724] Granted 2 threads to pid 101071 (CPUs 56+2)
Request from pid 101071: max_threads=65535, hint_threads=2
[1788508095324] Granted 2 threads to pid 101071 (CPUs 56+2)
Request from pid 101071: max_threads=65535, hint_threads=2
[1788508095924] Granted 2 threads to pid 101071 (CPUs 56+2)
Request from pid 101071: max_threads=65535, hint_threads=2
[1788508096523] Granted 2 threads to pid 101071 (CPUs 56+2)
Request from pid 101071: max_threads=65535, hint_threads=2
[1788508097123] Granted 2 threads to pid 101071 (CPUs 56+2)
Request from pid 101071: max_threads=65535, hint_threads=2
[1788508097724] Granted 2 threads to pid 101071 (CPUs 56+2)
Request from pid 101071: max_threads=65535, hint_threads=2
[1788508098323] Granted 2 threads to pid 101071 (CPUs 56+2)
Request from pid 101071: max_threads=65535, hint_threads=2
[1788508098923] Granted 2 threads to pid 101071 (CPUs 56+2)
Request from pid 101071: max_threads=65535, hint_threads=2
[1788508099522] Granted 2 threads to pid 101071 (CPUs 56+2)
Request from pid 101071: max_threads=65535, hint_threads=2
[1788508100122] Granted 2 threads to pid 101071 (CPUs 56+2)
Request from pid 101071: max_threads=65535, hint_threads=2
[1788508100721] Granted 2 threads to pid 101071 (CPUs 56+2)
Request from pid 101071: max_threads=65535, hint_threads=2
[1788508101320] Granted 2 threads to pid 101071 (CPUs 56+2)
Request from pid 101071: max_threads=65535, hint_threads=2
[1788508101919] Granted 2 threads to pid 101071 (CPUs 56+2)
Request from pid 101071: max_threads=65535, hint_threads=2
[1788508102518] Granted 2 threads to pid 101071 (CPUs 56+2)
Request from pid 101071: max_threads=65535, hint_threads=2
[1788508103118] Granted 2 threads to pid 101071 (CPUs 56+2)
Request from pid 101071: max_threads=65535, hint_threads=2
[1788508103718] Granted 2 threads to pid 101071 (CPUs 56+2)
Request from pid 101071: max_threads=65535, hint_threads=2
[1788508104317] Granted 2 threads to pid 101071 (CPUs 56+2)
Request from pid 101071: max_threads=65535, hint_threads=2
[1788508104917] Granted 2 threads to pid 101071 (CPUs 56+2)
Request from pid 101071: max_threads=65535, hint_threads=2
[1788508105516] Granted 2 threads to pid 101071 (CPUs 56+2)
Request from pid 101071: max_threads=65535, hint_threads=2
[1788508106115] Granted 2 threads to pid 101071 (CPUs 56+2)
Request from pid 101071: max_threads=65535, hint_threads=2
[1788508106715] Granted 2 threads to pid 101071 (CPUs 56+2)
Request from pid 101071: max_threads=65535, hint_threads=2
[1788508107319] Granted 2 threads to pid 101071 (CPUs 56+2)
Request from pid 101071: max_threads=65535, hint_threads=2
[1788508107925] Granted 2 threads to pid 101071 (CPUs 56+2)
Request from pid 101071: max_threads=65535, hint_threads=2
[1788508108527] Granted 2 threads to pid 101071 (CPUs 56+2)
Request from pid 101071: max_threads=65535, hint_threads=2
[1788508109129] Granted 2 threads to pid 101071 (CPUs 56+2)
Request from pid 101071: max_threads=65535, hint_threads=2
[1788508109731] Granted 2 threads to pid 101071 (CPUs 56+2)
Request from pid 101071: max_threads=65535, hint_threads=2
[1788508110333] Granted 2 threads to pid 101071 (CPUs 56+2)
Request from pid 101071: max_threads=65535, hint_threads=2
[1788508110935] Granted 2 threads to pid 101071 (CPUs 56+2)
Request from pid 101071: max_threads=65535, hint_threads=2
[1788508111536] Granted 2 threads to pid 101071 (CPUs 56+2)
Request from pid 101071: max_threads=65535, hint_threads=2
[1788508112138] Granted 2 threads to pid 101071 (CPUs 56+2)
Request from pid 101071: max_threads=65535, hint_threads=2
[1788508112739] Granted 2 threads to pid 101071 (CPUs 56+2)
Request from pid 101071: max_threads=65535, hint_threads=2
[1788508113942] Granted 2 threads to pid 101071 (CPUs 56+2)
Request from pid 101071: max_threads=65535, hint_threads=2
[1788508114544] Granted 2 threads to pid 101071 (CPUs 56+2)
Request from pid 101071: max_threads=65535, hint_threads=2
[1788508115145] Granted 2 threads to pid 101071 (CPUs 56+2)
Request from pid 101071: max_threads=65535, hint_threads=2
[1788508115747] Granted 2 threads to pid 101071 (CPUs 56+2)
Request from pid 101071: max_threads=65535, hint_threads=2
[1788508116348] Granted 2 threads to pid 101071 (CPUs 56+2)
Request from pid 101071: max_threads=65535, hint_threads=2
[1788508116950] Granted 2 threads to pid 101071 (CPUs 56+2)
Request from pid 101071: max_threads=65535, hint_threads=2
[1788508117551] Granted 2 threads to pid 101071 (CPUs 56+2)
Request from pid 101071: max_threads=65535, hint_threads=2
[1788508118153] Granted 2 threads to pid 101071 (CPUs 56+2)
Request from pid 101071: max_threads=65535, hint_threads=2
[1788508118754] Granted 2 threads to pid 101071 (CPUs 56+2)
Request from pid 101071: max_threads=65535, hint_threads=2
[1788508119356] Granted 2 threads to pid 101071 (CPUs 56+2)
Request from pid 101071: max_threads=65535, hint_threads=2
[1788508119958] Granted 2 threads to pid 101071 (CPUs 56+2)
Request from pid 101071: max_threads=65535, hint_threads=2
[1788508120560] Granted 2 threads to pid 101071 (CPUs 56+2)
Request from pid 101071: max_threads=65535, hint_threads=2
[1788508121161] Granted 2 threads to pid 101071 (CPUs 56+2)
Request from pid 101071: max_threads=65535, hint_threads=2
[1788508121763] Granted 2 threads to pid 101071 (CPUs 56+2)
Request from pid 101071: max_threads=65535, hint_threads=2
[1788508122365] Granted 2 threads to pid 101071 (CPUs 56+2)
Request from pid 101071: max_threads=65535, hint_threads=2
[1788508122967] Granted 2 threads to pid 101071 (CPUs 56+2)
Request from pid 101071: max_threads=65535, hint_threads=2
[1788508123569] Granted 2 threads to pid 101071 (CPUs 56+2)
Request from pid 101071: max_threads=65535, hint_threads=2
[1788508124170] Granted 2 threads to pid 101071 (CPUs 56+2)
Request from pid 101071: max_threads=65535, hint_threads=2
[1788508124772] Granted 2 threads to pid 101071 (CPUs 56+2)
Request from pid 101071: max_threads=65535, hint_threads=2
[1788508125374] Granted 2 threads to pid 101071 (CPUs 56+2)
Request from pid 101071: max_threads=65535, hint_threads=2
[1788508125976] Granted 2 threads to pid 101071 (CPUs 56+2)
Request from pid 101071: max_threads=65535, hint_threads=2
[1788508126578] Granted 2 threads to pid 101071 (CPUs 56+2)
Request from pid 101071: max_threads=65535, hint_threads=2
[1788508127180] Granted 2 threads to pid 101071 (CPUs 56+2)
Request from pid 101071: max_threads=65535, hint_threads=2
[1788508127782] Granted 2 threads to pid 101071 (CPUs 56+2)
Request from pid 101071: max_threads=65535, hint_threads=2
[1788508128384] Granted 2 threads to pid 101071 (CPUs 56+2)
Request from pid 101071: max_threads=65535, hint_threads=2
[1788508128986] Granted 2 threads to pid 101071 (CPUs 56+2)
Request from pid 101071: max_threads=65535, hint_threads=2
[1788508129588] Granted 2 threads to pid 101071 (CPUs 56+2)
Request from pid 101071: max_threads=65535, hint_threads=2
[1788508130190] Granted 2 threads to pid 101071 (CPUs 56+2)
Request from pid 101071: max_threads=65535, hint_threads=2
[1788508130792] Granted 2 threads to pid 101071 (CPUs 56+2)
Request from pid 101071: max_threads=65535, hint_threads=2
[1788508131394] Granted 2 threads to pid 101071 (CPUs 56+2)
Request from pid 101071: max_threads=65535, hint_threads=2
[1788508131996] Granted 2 threads to pid 101071 (CPUs 56+2)
Request from pid 101071: max_threads=65535, hint_threads=2
[1788508132598] Granted 2 threads to pid 101071 (CPUs 56+2)
Request from pid 101071: max_threads=65535, hint_threads=2
[1788508133200] Granted 2 threads to pid 101071 (CPUs 56+2)
Request from pid 101071: max_threads=65535, hint_threads=2
[1788508133802] Granted 2 threads to pid 101071 (CPUs 56+2)
Request from pid 101071: max_threads=65535, hint_threads=2
[1788508134404] Granted 2 threads to pid 101071 (CPUs 56+2)
Request from pid 101071: max_threads=65535, hint_threads=2
[1788508135006] Granted 2 threads to pid 101071 (CPUs 56+2)
Request from pid 101071: max_threads=65535, hint_threads=2
[1788508135608] Granted 2 threads to pid 101071 (CPUs 56+2)
Request from pid 101071: max_threads=65535, hint_threads=2
[1788508136210] Granted 2 threads to pid 101071 (CPUs 56+2)
Request from pid 101071: max_threads=65535, hint_threads=2
[1788508136812] Granted 2 threads to pid 101071 (CPUs 56+2)
Request from pid 101071: max_threads=65535, hint_threads=2
[1788508137414] Granted 2 threads to pid 101071 (CPUs 56+2)
Request from pid 101071: max_threads=65535, hint_threads=2
[1788508138017] Granted 2 threads to pid 101071 (CPUs 56+2)
Request from pid 101071: max_threads=65535, hint_threads=2
[1788508138619] Granted 2 threads to pid 101071 (CPUs 56+2)
[1788508138622] Client pid 101071 disconnected — removed from state
Accepted connection
Handling client
Request from pid 101190: max_threads=65535, hint_threads=2
[1788508140664] Granted 2 threads to pid 101190 (CPUs 56+2)
Request from pid 101190: max_threads=65535, hint_threads=2
[1788508198372] Granted 2 threads to pid 101190 (CPUs 56+2)
Read error: Connection reset by peer (os error 104)
Starting DRM at Fri Sep  4 09:50:00 CEST 2026, capacity=2, cpu_pool=1,2
CPU pool (2 cores): 1–2
Listening on /tmp/omp-rm.sock (capacity=2, strategy=fair_share)
Accepted connection
Handling client
Request from pid 101651: max_threads=65535, hint_threads=2
[1788508200923] Granted 2 threads to pid 101651 (CPUs 1+2)
Request from pid 101651: max_threads=65535, hint_threads=2
[1788508201774] Granted 2 threads to pid 101651 (CPUs 1+2)
Request from pid 101651: max_threads=65535, hint_threads=2
[1788508202688] Granted 2 threads to pid 101651 (CPUs 1+2)
Request from pid 101651: max_threads=65535, hint_threads=2
[1788508204395] Granted 2 threads to pid 101651 (CPUs 1+2)
Request from pid 101651: max_threads=65535, hint_threads=2
[1788508204904] Granted 2 threads to pid 101651 (CPUs 1+2)
Request from pid 101651: max_threads=65535, hint_threads=2
[1788508206396] Granted 2 threads to pid 101651 (CPUs 1+2)
Request from pid 101651: max_threads=65535, hint_threads=2
[1788508207566] Granted 2 threads to pid 101651 (CPUs 1+2)
Request from pid 101651: max_threads=65535, hint_threads=2
[1788508209234] Granted 2 threads to pid 101651 (CPUs 1+2)
Request from pid 101651: max_threads=65535, hint_threads=2
[1788508210191] Granted 2 threads to pid 101651 (CPUs 1+2)
Request from pid 101651: max_threads=65535, hint_threads=2
[1788508211859] Granted 2 threads to pid 101651 (CPUs 1+2)
Request from pid 101651: max_threads=65535, hint_threads=2
[1788508212818] Granted 2 threads to pid 101651 (CPUs 1+2)
Request from pid 101651: max_threads=65535, hint_threads=2
[1788508214485] Granted 2 threads to pid 101651 (CPUs 1+2)
Request from pid 101651: max_threads=65535, hint_threads=2
[1788508215443] Granted 2 threads to pid 101651 (CPUs 1+2)
Request from pid 101651: max_threads=65535, hint_threads=2
[1788508217111] Granted 2 threads to pid 101651 (CPUs 1+2)
Request from pid 101651: max_threads=65535, hint_threads=2
[1788508218069] Granted 2 threads to pid 101651 (CPUs 1+2)
Request from pid 101651: max_threads=65535, hint_threads=2
[1788508219737] Granted 2 threads to pid 101651 (CPUs 1+2)
Request from pid 101651: max_threads=65535, hint_threads=2
[1788508220692] Granted 2 threads to pid 101651 (CPUs 1+2)
Request from pid 101651: max_threads=65535, hint_threads=2
[1788508222360] Granted 2 threads to pid 101651 (CPUs 1+2)
Request from pid 101651: max_threads=65535, hint_threads=2
[1788508223317] Granted 2 threads to pid 101651 (CPUs 1+2)
Request from pid 101651: max_threads=65535, hint_threads=2
[1788508224983] Granted 2 threads to pid 101651 (CPUs 1+2)
Request from pid 101651: max_threads=65535, hint_threads=2
[1788508225938] Granted 2 threads to pid 101651 (CPUs 1+2)
Request from pid 101651: max_threads=65535, hint_threads=2
[1788508227607] Granted 2 threads to pid 101651 (CPUs 1+2)
Request from pid 101651: max_threads=65535, hint_threads=2
[1788508228562] Granted 2 threads to pid 101651 (CPUs 1+2)
Request from pid 101651: max_threads=65535, hint_threads=2
[1788508230229] Granted 2 threads to pid 101651 (CPUs 1+2)
Request from pid 101651: max_threads=65535, hint_threads=2
[1788508231185] Granted 2 threads to pid 101651 (CPUs 1+2)
Request from pid 101651: max_threads=65535, hint_threads=2
[1788508232852] Granted 2 threads to pid 101651 (CPUs 1+2)
Request from pid 101651: max_threads=65535, hint_threads=2
[1788508233809] Granted 2 threads to pid 101651 (CPUs 1+2)
Request from pid 101651: max_threads=65535, hint_threads=2
[1788508235477] Granted 2 threads to pid 101651 (CPUs 1+2)
Request from pid 101651: max_threads=65535, hint_threads=2
[1788508236431] Granted 2 threads to pid 101651 (CPUs 1+2)
Request from pid 101651: max_threads=65535, hint_threads=2
[1788508238098] Granted 2 threads to pid 101651 (CPUs 1+2)
Request from pid 101651: max_threads=65535, hint_threads=2
[1788508239053] Granted 2 threads to pid 101651 (CPUs 1+2)
Request from pid 101651: max_threads=65535, hint_threads=2
[1788508240720] Granted 2 threads to pid 101651 (CPUs 1+2)
Request from pid 101651: max_threads=65535, hint_threads=2
[1788508241676] Granted 2 threads to pid 101651 (CPUs 1+2)
Request from pid 101651: max_threads=65535, hint_threads=2
[1788508243343] Granted 2 threads to pid 101651 (CPUs 1+2)
Request from pid 101651: max_threads=65535, hint_threads=2
[1788508244299] Granted 2 threads to pid 101651 (CPUs 1+2)
Request from pid 101651: max_threads=65535, hint_threads=2
[1788508245966] Granted 2 threads to pid 101651 (CPUs 1+2)
Request from pid 101651: max_threads=65535, hint_threads=2
[1788508246921] Granted 2 threads to pid 101651 (CPUs 1+2)
Request from pid 101651: max_threads=65535, hint_threads=2
[1788508248589] Granted 2 threads to pid 101651 (CPUs 1+2)
Request from pid 101651: max_threads=65535, hint_threads=2
[1788508249543] Granted 2 threads to pid 101651 (CPUs 1+2)
Request from pid 101651: max_threads=65535, hint_threads=2
[1788508251211] Granted 2 threads to pid 101651 (CPUs 1+2)
Request from pid 101651: max_threads=65535, hint_threads=2
[1788508252165] Granted 2 threads to pid 101651 (CPUs 1+2)
Request from pid 101651: max_threads=65535, hint_threads=2
[1788508253833] Granted 2 threads to pid 101651 (CPUs 1+2)
Request from pid 101651: max_threads=65535, hint_threads=2
[1788508254789] Granted 2 threads to pid 101651 (CPUs 1+2)
Request from pid 101651: max_threads=65535, hint_threads=2
[1788508256456] Granted 2 threads to pid 101651 (CPUs 1+2)
Request from pid 101651: max_threads=65535, hint_threads=2
[1788508257411] Granted 2 threads to pid 101651 (CPUs 1+2)
Request from pid 101651: max_threads=65535, hint_threads=2
[1788508259078] Granted 2 threads to pid 101651 (CPUs 1+2)
Request from pid 101651: max_threads=65535, hint_threads=2
[1788508259820] Granted 2 threads to pid 101651 (CPUs 1+2)
Read error: Connection reset by peer (os error 104)
Accepted connection
Handling client
Request from pid 101815: max_threads=65535, hint_threads=2
[1788508262461] Granted 1 threads to pid 101815 (CPUs 2+1)
Request from pid 101815: max_threads=65535, hint_threads=2
[1788508268149] Granted 2 threads to pid 101815 (CPUs 1+2)
Request from pid 101815: max_threads=65535, hint_threads=2
[1788508268716] Granted 2 threads to pid 101815 (CPUs 1+2)
Request from pid 101815: max_threads=65535, hint_threads=2
[1788508269276] Granted 2 threads to pid 101815 (CPUs 1+2)
Request from pid 101815: max_threads=65535, hint_threads=2
[1788508269834] Granted 2 threads to pid 101815 (CPUs 1+2)
Request from pid 101815: max_threads=65535, hint_threads=2
[1788508270392] Granted 2 threads to pid 101815 (CPUs 1+2)
Request from pid 101815: max_threads=65535, hint_threads=2
[1788508270950] Granted 2 threads to pid 101815 (CPUs 1+2)
Request from pid 101815: max_threads=65535, hint_threads=2
[1788508271509] Granted 2 threads to pid 101815 (CPUs 1+2)
Request from pid 101815: max_threads=65535, hint_threads=2
[1788508272066] Granted 2 threads to pid 101815 (CPUs 1+2)
Request from pid 101815: max_threads=65535, hint_threads=2
[1788508272626] Granted 2 threads to pid 101815 (CPUs 1+2)
Request from pid 101815: max_threads=65535, hint_threads=2
[1788508273184] Granted 2 threads to pid 101815 (CPUs 1+2)
Request from pid 101815: max_threads=65535, hint_threads=2
[1788508274300] Granted 2 threads to pid 101815 (CPUs 1+2)
Request from pid 101815: max_threads=65535, hint_threads=2
[1788508274859] Granted 2 threads to pid 101815 (CPUs 1+2)
Request from pid 101815: max_threads=65535, hint_threads=2
[1788508275417] Granted 2 threads to pid 101815 (CPUs 1+2)
Request from pid 101815: max_threads=65535, hint_threads=2
[1788508275974] Granted 2 threads to pid 101815 (CPUs 1+2)
Request from pid 101815: max_threads=65535, hint_threads=2
[1788508276532] Granted 2 threads to pid 101815 (CPUs 1+2)
Request from pid 101815: max_threads=65535, hint_threads=2
[1788508277092] Granted 2 threads to pid 101815 (CPUs 1+2)
Request from pid 101815: max_threads=65535, hint_threads=2
[1788508277649] Granted 2 threads to pid 101815 (CPUs 1+2)
Request from pid 101815: max_threads=65535, hint_threads=2
[1788508278207] Granted 2 threads to pid 101815 (CPUs 1+2)
Request from pid 101815: max_threads=65535, hint_threads=2
[1788508278766] Granted 2 threads to pid 101815 (CPUs 1+2)
Request from pid 101815: max_threads=65535, hint_threads=2
[1788508279324] Granted 2 threads to pid 101815 (CPUs 1+2)
Request from pid 101815: max_threads=65535, hint_threads=2
[1788508279883] Granted 2 threads to pid 101815 (CPUs 1+2)
Request from pid 101815: max_threads=65535, hint_threads=2
[1788508280441] Granted 2 threads to pid 101815 (CPUs 1+2)
Request from pid 101815: max_threads=65535, hint_threads=2
[1788508280998] Granted 2 threads to pid 101815 (CPUs 1+2)
Request from pid 101815: max_threads=65535, hint_threads=2
[1788508281556] Granted 2 threads to pid 101815 (CPUs 1+2)
Request from pid 101815: max_threads=65535, hint_threads=2
[1788508282674] Granted 2 threads to pid 101815 (CPUs 1+2)
Request from pid 101815: max_threads=65535, hint_threads=2
[1788508283232] Granted 2 threads to pid 101815 (CPUs 1+2)
Request from pid 101815: max_threads=65535, hint_threads=2
[1788508283790] Granted 2 threads to pid 101815 (CPUs 1+2)
Request from pid 101815: max_threads=65535, hint_threads=2
[1788508284348] Granted 2 threads to pid 101815 (CPUs 1+2)
Request from pid 101815: max_threads=65535, hint_threads=2
[1788508284906] Granted 2 threads to pid 101815 (CPUs 1+2)
Request from pid 101815: max_threads=65535, hint_threads=2
[1788508285464] Granted 2 threads to pid 101815 (CPUs 1+2)
Request from pid 101815: max_threads=65535, hint_threads=2
[1788508286021] Granted 2 threads to pid 101815 (CPUs 1+2)
Request from pid 101815: max_threads=65535, hint_threads=2
[1788508286579] Granted 2 threads to pid 101815 (CPUs 1+2)
Request from pid 101815: max_threads=65535, hint_threads=2
[1788508287137] Granted 2 threads to pid 101815 (CPUs 1+2)
Request from pid 101815: max_threads=65535, hint_threads=2
[1788508287696] Granted 2 threads to pid 101815 (CPUs 1+2)
Request from pid 101815: max_threads=65535, hint_threads=2
[1788508288254] Granted 2 threads to pid 101815 (CPUs 1+2)
Request from pid 101815: max_threads=65535, hint_threads=2
[1788508288812] Granted 2 threads to pid 101815 (CPUs 1+2)
Request from pid 101815: max_threads=65535, hint_threads=2
[1788508289370] Granted 2 threads to pid 101815 (CPUs 1+2)
Request from pid 101815: max_threads=65535, hint_threads=2
[1788508289928] Granted 2 threads to pid 101815 (CPUs 1+2)
Request from pid 101815: max_threads=65535, hint_threads=2
[1788508290488] Granted 2 threads to pid 101815 (CPUs 1+2)
Request from pid 101815: max_threads=65535, hint_threads=2
[1788508291046] Granted 2 threads to pid 101815 (CPUs 1+2)
Request from pid 101815: max_threads=65535, hint_threads=2
[1788508291604] Granted 2 threads to pid 101815 (CPUs 1+2)
Request from pid 101815: max_threads=65535, hint_threads=2
[1788508292162] Granted 2 threads to pid 101815 (CPUs 1+2)
Request from pid 101815: max_threads=65535, hint_threads=2
[1788508292720] Granted 2 threads to pid 101815 (CPUs 1+2)
Request from pid 101815: max_threads=65535, hint_threads=2
[1788508293279] Granted 2 threads to pid 101815 (CPUs 1+2)
Request from pid 101815: max_threads=65535, hint_threads=2
[1788508293837] Granted 2 threads to pid 101815 (CPUs 1+2)
Request from pid 101815: max_threads=65535, hint_threads=2
[1788508294395] Granted 2 threads to pid 101815 (CPUs 1+2)
Request from pid 101815: max_threads=65535, hint_threads=2
[1788508294953] Granted 2 threads to pid 101815 (CPUs 1+2)
Request from pid 101815: max_threads=65535, hint_threads=2
[1788508295511] Granted 2 threads to pid 101815 (CPUs 1+2)
Request from pid 101815: max_threads=65535, hint_threads=2
[1788508296069] Granted 2 threads to pid 101815 (CPUs 1+2)
Request from pid 101815: max_threads=65535, hint_threads=2
[1788508296627] Granted 2 threads to pid 101815 (CPUs 1+2)
Request from pid 101815: max_threads=65535, hint_threads=2
[1788508297185] Granted 2 threads to pid 101815 (CPUs 1+2)
Request from pid 101815: max_threads=65535, hint_threads=2
[1788508297743] Granted 2 threads to pid 101815 (CPUs 1+2)
Request from pid 101815: max_threads=65535, hint_threads=2
[1788508298301] Granted 2 threads to pid 101815 (CPUs 1+2)
Request from pid 101815: max_threads=65535, hint_threads=2
[1788508298858] Granted 2 threads to pid 101815 (CPUs 1+2)
Request from pid 101815: max_threads=65535, hint_threads=2
[1788508299417] Granted 2 threads to pid 101815 (CPUs 1+2)
Request from pid 101815: max_threads=65535, hint_threads=2
[1788508300532] Granted 2 threads to pid 101815 (CPUs 1+2)
Request from pid 101815: max_threads=65535, hint_threads=2
[1788508301090] Granted 2 threads to pid 101815 (CPUs 1+2)
Request from pid 101815: max_threads=65535, hint_threads=2
[1788508301648] Granted 2 threads to pid 101815 (CPUs 1+2)
Request from pid 101815: max_threads=65535, hint_threads=2
[1788508302206] Granted 2 threads to pid 101815 (CPUs 1+2)
Request from pid 101815: max_threads=65535, hint_threads=2
[1788508302764] Granted 2 threads to pid 101815 (CPUs 1+2)
Request from pid 101815: max_threads=65535, hint_threads=2
[1788508303322] Granted 2 threads to pid 101815 (CPUs 1+2)
Request from pid 101815: max_threads=65535, hint_threads=2
[1788508303880] Granted 2 threads to pid 101815 (CPUs 1+2)
Request from pid 101815: max_threads=65535, hint_threads=2
[1788508304438] Granted 2 threads to pid 101815 (CPUs 1+2)
Request from pid 101815: max_threads=65535, hint_threads=2
[1788508304997] Granted 2 threads to pid 101815 (CPUs 1+2)
Request from pid 101815: max_threads=65535, hint_threads=2
[1788508305554] Granted 2 threads to pid 101815 (CPUs 1+2)
Request from pid 101815: max_threads=65535, hint_threads=2
[1788508306112] Granted 2 threads to pid 101815 (CPUs 1+2)
Request from pid 101815: max_threads=65535, hint_threads=2
[1788508306671] Granted 2 threads to pid 101815 (CPUs 1+2)
Request from pid 101815: max_threads=65535, hint_threads=2
[1788508307228] Granted 2 threads to pid 101815 (CPUs 1+2)
Request from pid 101815: max_threads=65535, hint_threads=2
[1788508307786] Granted 2 threads to pid 101815 (CPUs 1+2)
Request from pid 101815: max_threads=65535, hint_threads=2
[1788508308344] Granted 2 threads to pid 101815 (CPUs 1+2)
Request from pid 101815: max_threads=65535, hint_threads=2
[1788508308902] Granted 2 threads to pid 101815 (CPUs 1+2)
Request from pid 101815: max_threads=65535, hint_threads=2
[1788508309460] Granted 2 threads to pid 101815 (CPUs 1+2)
Request from pid 101815: max_threads=65535, hint_threads=2
[1788508310018] Granted 2 threads to pid 101815 (CPUs 1+2)
[1788508310022] Client pid 101815 disconnected — removed from state
Accepted connection
Handling client
Request from pid 102109: max_threads=65535, hint_threads=2
[1788508322709] Granted 2 threads to pid 102109 (CPUs 1+2)
Request from pid 102109: max_threads=65535, hint_threads=2
[1788508380419] Granted 2 threads to pid 102109 (CPUs 1+2)
Read error: Connection reset by peer (os error 104)
Starting DRM at Fri Sep  4 09:53:02 CEST 2026, capacity=2, cpu_pool=56,57
CPU pool (2 cores): 56–57
Listening on /tmp/omp-rm.sock (capacity=2, strategy=fair_share)
Accepted connection
Handling client
Request from pid 102382: max_threads=65535, hint_threads=2
[1788508382996] Granted 2 threads to pid 102382 (CPUs 56+2)
Request from pid 102382: max_threads=65535, hint_threads=2
[1788508383842] Granted 2 threads to pid 102382 (CPUs 56+2)
Request from pid 102382: max_threads=65535, hint_threads=2
[1788508384770] Granted 2 threads to pid 102382 (CPUs 56+2)
Request from pid 102382: max_threads=65535, hint_threads=2
[1788508386513] Granted 2 threads to pid 102382 (CPUs 56+2)
Request from pid 102382: max_threads=65535, hint_threads=2
[1788508387022] Granted 2 threads to pid 102382 (CPUs 56+2)
Request from pid 102382: max_threads=65535, hint_threads=2
[1788508388544] Granted 2 threads to pid 102382 (CPUs 56+2)
Request from pid 102382: max_threads=65535, hint_threads=2
[1788508389733] Granted 2 threads to pid 102382 (CPUs 56+2)
Request from pid 102382: max_threads=65535, hint_threads=2
[1788508391441] Granted 2 threads to pid 102382 (CPUs 56+2)
Request from pid 102382: max_threads=65535, hint_threads=2
[1788508392410] Granted 2 threads to pid 102382 (CPUs 56+2)
Request from pid 102382: max_threads=65535, hint_threads=2
[1788508394118] Granted 2 threads to pid 102382 (CPUs 56+2)
Request from pid 102382: max_threads=65535, hint_threads=2
[1788508395087] Granted 2 threads to pid 102382 (CPUs 56+2)
Request from pid 102382: max_threads=65535, hint_threads=2
[1788508396793] Granted 2 threads to pid 102382 (CPUs 56+2)
Request from pid 102382: max_threads=65535, hint_threads=2
[1788508397762] Granted 2 threads to pid 102382 (CPUs 56+2)
Request from pid 102382: max_threads=65535, hint_threads=2
[1788508399470] Granted 2 threads to pid 102382 (CPUs 56+2)
Request from pid 102382: max_threads=65535, hint_threads=2
[1788508400438] Granted 2 threads to pid 102382 (CPUs 56+2)
Request from pid 102382: max_threads=65535, hint_threads=2
[1788508402145] Granted 2 threads to pid 102382 (CPUs 56+2)
Request from pid 102382: max_threads=65535, hint_threads=2
[1788508403114] Granted 2 threads to pid 102382 (CPUs 56+2)
Request from pid 102382: max_threads=65535, hint_threads=2
[1788508404821] Granted 2 threads to pid 102382 (CPUs 56+2)
Request from pid 102382: max_threads=65535, hint_threads=2
[1788508405789] Granted 2 threads to pid 102382 (CPUs 56+2)
Request from pid 102382: max_threads=65535, hint_threads=2
[1788508407495] Granted 2 threads to pid 102382 (CPUs 56+2)
Request from pid 102382: max_threads=65535, hint_threads=2
[1788508408461] Granted 2 threads to pid 102382 (CPUs 56+2)
Request from pid 102382: max_threads=65535, hint_threads=2
[1788508410168] Granted 2 threads to pid 102382 (CPUs 56+2)
Request from pid 102382: max_threads=65535, hint_threads=2
[1788508411137] Granted 2 threads to pid 102382 (CPUs 56+2)
Request from pid 102382: max_threads=65535, hint_threads=2
[1788508412843] Granted 2 threads to pid 102382 (CPUs 56+2)
Request from pid 102382: max_threads=65535, hint_threads=2
[1788508413811] Granted 2 threads to pid 102382 (CPUs 56+2)
Request from pid 102382: max_threads=65535, hint_threads=2
[1788508415517] Granted 2 threads to pid 102382 (CPUs 56+2)
Request from pid 102382: max_threads=65535, hint_threads=2
[1788508416484] Granted 2 threads to pid 102382 (CPUs 56+2)
Request from pid 102382: max_threads=65535, hint_threads=2
[1788508418192] Granted 2 threads to pid 102382 (CPUs 56+2)
Request from pid 102382: max_threads=65535, hint_threads=2
[1788508419160] Granted 2 threads to pid 102382 (CPUs 56+2)
Request from pid 102382: max_threads=65535, hint_threads=2
[1788508420865] Granted 2 threads to pid 102382 (CPUs 56+2)
Request from pid 102382: max_threads=65535, hint_threads=2
[1788508421833] Granted 2 threads to pid 102382 (CPUs 56+2)
Request from pid 102382: max_threads=65535, hint_threads=2
[1788508423541] Granted 2 threads to pid 102382 (CPUs 56+2)
Request from pid 102382: max_threads=65535, hint_threads=2
[1788508424508] Granted 2 threads to pid 102382 (CPUs 56+2)
Request from pid 102382: max_threads=65535, hint_threads=2
[1788508426216] Granted 2 threads to pid 102382 (CPUs 56+2)
Request from pid 102382: max_threads=65535, hint_threads=2
[1788508427183] Granted 2 threads to pid 102382 (CPUs 56+2)
Request from pid 102382: max_threads=65535, hint_threads=2
[1788508428889] Granted 2 threads to pid 102382 (CPUs 56+2)
Request from pid 102382: max_threads=65535, hint_threads=2
[1788508429855] Granted 2 threads to pid 102382 (CPUs 56+2)
Request from pid 102382: max_threads=65535, hint_threads=2
[1788508431562] Granted 2 threads to pid 102382 (CPUs 56+2)
Request from pid 102382: max_threads=65535, hint_threads=2
[1788508432530] Granted 2 threads to pid 102382 (CPUs 56+2)
Request from pid 102382: max_threads=65535, hint_threads=2
[1788508434238] Granted 2 threads to pid 102382 (CPUs 56+2)
Request from pid 102382: max_threads=65535, hint_threads=2
[1788508435206] Granted 2 threads to pid 102382 (CPUs 56+2)
Request from pid 102382: max_threads=65535, hint_threads=2
[1788508436913] Granted 2 threads to pid 102382 (CPUs 56+2)
Request from pid 102382: max_threads=65535, hint_threads=2
[1788508437880] Granted 2 threads to pid 102382 (CPUs 56+2)
Request from pid 102382: max_threads=65535, hint_threads=2
[1788508439586] Granted 2 threads to pid 102382 (CPUs 56+2)
Request from pid 102382: max_threads=65535, hint_threads=2
[1788508440553] Granted 2 threads to pid 102382 (CPUs 56+2)
Request from pid 102382: max_threads=65535, hint_threads=2
[1788508442260] Granted 2 threads to pid 102382 (CPUs 56+2)
Request from pid 102382: max_threads=65535, hint_threads=2
[1788508443013] Granted 2 threads to pid 102382 (CPUs 56+2)
Read error: Connection reset by peer (os error 104)
Accepted connection
Handling client
Request from pid 102615: max_threads=65535, hint_threads=2
[1788508445051] Granted 1 threads to pid 102615 (CPUs 57+1)
Request from pid 102615: max_threads=65535, hint_threads=2
[1788508450964] Granted 2 threads to pid 102615 (CPUs 56+2)
Request from pid 102615: max_threads=65535, hint_threads=2
[1788508451572] Granted 2 threads to pid 102615 (CPUs 56+2)
Request from pid 102615: max_threads=65535, hint_threads=2
[1788508452175] Granted 2 threads to pid 102615 (CPUs 56+2)
Request from pid 102615: max_threads=65535, hint_threads=2
[1788508452777] Granted 2 threads to pid 102615 (CPUs 56+2)
Request from pid 102615: max_threads=65535, hint_threads=2
[1788508453380] Granted 2 threads to pid 102615 (CPUs 56+2)
Request from pid 102615: max_threads=65535, hint_threads=2
[1788508453981] Granted 2 threads to pid 102615 (CPUs 56+2)
Request from pid 102615: max_threads=65535, hint_threads=2
[1788508454583] Granted 2 threads to pid 102615 (CPUs 56+2)
Request from pid 102615: max_threads=65535, hint_threads=2
[1788508455186] Granted 2 threads to pid 102615 (CPUs 56+2)
Request from pid 102615: max_threads=65535, hint_threads=2
[1788508455787] Granted 2 threads to pid 102615 (CPUs 56+2)
Request from pid 102615: max_threads=65535, hint_threads=2
[1788508456389] Granted 2 threads to pid 102615 (CPUs 56+2)
Request from pid 102615: max_threads=65535, hint_threads=2
[1788508456990] Granted 2 threads to pid 102615 (CPUs 56+2)
Request from pid 102615: max_threads=65535, hint_threads=2
[1788508457592] Granted 2 threads to pid 102615 (CPUs 56+2)
Request from pid 102615: max_threads=65535, hint_threads=2
[1788508458194] Granted 2 threads to pid 102615 (CPUs 56+2)
Request from pid 102615: max_threads=65535, hint_threads=2
[1788508458795] Granted 2 threads to pid 102615 (CPUs 56+2)
Request from pid 102615: max_threads=65535, hint_threads=2
[1788508459397] Granted 2 threads to pid 102615 (CPUs 56+2)
Request from pid 102615: max_threads=65535, hint_threads=2
[1788508459998] Granted 2 threads to pid 102615 (CPUs 56+2)
Request from pid 102615: max_threads=65535, hint_threads=2
[1788508460601] Granted 2 threads to pid 102615 (CPUs 56+2)
Request from pid 102615: max_threads=65535, hint_threads=2
[1788508461209] Granted 2 threads to pid 102615 (CPUs 56+2)
Request from pid 102615: max_threads=65535, hint_threads=2
[1788508462404] Granted 2 threads to pid 102615 (CPUs 56+2)
Request from pid 102615: max_threads=65535, hint_threads=2
[1788508463005] Granted 2 threads to pid 102615 (CPUs 56+2)
Request from pid 102615: max_threads=65535, hint_threads=2
[1788508463607] Granted 2 threads to pid 102615 (CPUs 56+2)
Request from pid 102615: max_threads=65535, hint_threads=2
[1788508464208] Granted 2 threads to pid 102615 (CPUs 56+2)
Request from pid 102615: max_threads=65535, hint_threads=2
[1788508464809] Granted 2 threads to pid 102615 (CPUs 56+2)
Request from pid 102615: max_threads=65535, hint_threads=2
[1788508465411] Granted 2 threads to pid 102615 (CPUs 56+2)
Request from pid 102615: max_threads=65535, hint_threads=2
[1788508466012] Granted 2 threads to pid 102615 (CPUs 56+2)
Request from pid 102615: max_threads=65535, hint_threads=2
[1788508466613] Granted 2 threads to pid 102615 (CPUs 56+2)
Request from pid 102615: max_threads=65535, hint_threads=2
[1788508467215] Granted 2 threads to pid 102615 (CPUs 56+2)
Request from pid 102615: max_threads=65535, hint_threads=2
[1788508467818] Granted 2 threads to pid 102615 (CPUs 56+2)
Request from pid 102615: max_threads=65535, hint_threads=2
[1788508468420] Granted 2 threads to pid 102615 (CPUs 56+2)
Request from pid 102615: max_threads=65535, hint_threads=2
[1788508469021] Granted 2 threads to pid 102615 (CPUs 56+2)
Request from pid 102615: max_threads=65535, hint_threads=2
[1788508469623] Granted 2 threads to pid 102615 (CPUs 56+2)
Request from pid 102615: max_threads=65535, hint_threads=2
[1788508470224] Granted 2 threads to pid 102615 (CPUs 56+2)
Request from pid 102615: max_threads=65535, hint_threads=2
[1788508470825] Granted 2 threads to pid 102615 (CPUs 56+2)
Request from pid 102615: max_threads=65535, hint_threads=2
[1788508472028] Granted 2 threads to pid 102615 (CPUs 56+2)
Request from pid 102615: max_threads=65535, hint_threads=2
[1788508472629] Granted 2 threads to pid 102615 (CPUs 56+2)
Request from pid 102615: max_threads=65535, hint_threads=2
[1788508473231] Granted 2 threads to pid 102615 (CPUs 56+2)
Request from pid 102615: max_threads=65535, hint_threads=2
[1788508473832] Granted 2 threads to pid 102615 (CPUs 56+2)
Request from pid 102615: max_threads=65535, hint_threads=2
[1788508474433] Granted 2 threads to pid 102615 (CPUs 56+2)
Request from pid 102615: max_threads=65535, hint_threads=2
[1788508475035] Granted 2 threads to pid 102615 (CPUs 56+2)
Request from pid 102615: max_threads=65535, hint_threads=2
[1788508475636] Granted 2 threads to pid 102615 (CPUs 56+2)
Request from pid 102615: max_threads=65535, hint_threads=2
[1788508476237] Granted 2 threads to pid 102615 (CPUs 56+2)
Request from pid 102615: max_threads=65535, hint_threads=2
[1788508476838] Granted 2 threads to pid 102615 (CPUs 56+2)
Request from pid 102615: max_threads=65535, hint_threads=2
[1788508477440] Granted 2 threads to pid 102615 (CPUs 56+2)
Request from pid 102615: max_threads=65535, hint_threads=2
[1788508478041] Granted 2 threads to pid 102615 (CPUs 56+2)
Request from pid 102615: max_threads=65535, hint_threads=2
[1788508478643] Granted 2 threads to pid 102615 (CPUs 56+2)
Request from pid 102615: max_threads=65535, hint_threads=2
[1788508479244] Granted 2 threads to pid 102615 (CPUs 56+2)
Request from pid 102615: max_threads=65535, hint_threads=2
[1788508479845] Granted 2 threads to pid 102615 (CPUs 56+2)
Request from pid 102615: max_threads=65535, hint_threads=2
[1788508480447] Granted 2 threads to pid 102615 (CPUs 56+2)
Request from pid 102615: max_threads=65535, hint_threads=2
[1788508481049] Granted 2 threads to pid 102615 (CPUs 56+2)
Request from pid 102615: max_threads=65535, hint_threads=2
[1788508482251] Granted 2 threads to pid 102615 (CPUs 56+2)
Request from pid 102615: max_threads=65535, hint_threads=2
[1788508482852] Granted 2 threads to pid 102615 (CPUs 56+2)
Request from pid 102615: max_threads=65535, hint_threads=2
[1788508483454] Granted 2 threads to pid 102615 (CPUs 56+2)
Request from pid 102615: max_threads=65535, hint_threads=2
[1788508484056] Granted 2 threads to pid 102615 (CPUs 56+2)
Request from pid 102615: max_threads=65535, hint_threads=2
[1788508484657] Granted 2 threads to pid 102615 (CPUs 56+2)
Request from pid 102615: max_threads=65535, hint_threads=2
[1788508485259] Granted 2 threads to pid 102615 (CPUs 56+2)
Request from pid 102615: max_threads=65535, hint_threads=2
[1788508485860] Granted 2 threads to pid 102615 (CPUs 56+2)
Request from pid 102615: max_threads=65535, hint_threads=2
[1788508486462] Granted 2 threads to pid 102615 (CPUs 56+2)
Request from pid 102615: max_threads=65535, hint_threads=2
[1788508487063] Granted 2 threads to pid 102615 (CPUs 56+2)
Request from pid 102615: max_threads=65535, hint_threads=2
[1788508487664] Granted 2 threads to pid 102615 (CPUs 56+2)
Request from pid 102615: max_threads=65535, hint_threads=2
[1788508488266] Granted 2 threads to pid 102615 (CPUs 56+2)
Request from pid 102615: max_threads=65535, hint_threads=2
[1788508488867] Granted 2 threads to pid 102615 (CPUs 56+2)
Request from pid 102615: max_threads=65535, hint_threads=2
[1788508489469] Granted 2 threads to pid 102615 (CPUs 56+2)
Request from pid 102615: max_threads=65535, hint_threads=2
[1788508490071] Granted 2 threads to pid 102615 (CPUs 56+2)
Request from pid 102615: max_threads=65535, hint_threads=2
[1788508490672] Granted 2 threads to pid 102615 (CPUs 56+2)
Request from pid 102615: max_threads=65535, hint_threads=2
[1788508491274] Granted 2 threads to pid 102615 (CPUs 56+2)
Request from pid 102615: max_threads=65535, hint_threads=2
[1788508491876] Granted 2 threads to pid 102615 (CPUs 56+2)
Request from pid 102615: max_threads=65535, hint_threads=2
[1788508492477] Granted 2 threads to pid 102615 (CPUs 56+2)
Request from pid 102615: max_threads=65535, hint_threads=2
[1788508493079] Granted 2 threads to pid 102615 (CPUs 56+2)
Request from pid 102615: max_threads=65535, hint_threads=2
[1788508493680] Granted 2 threads to pid 102615 (CPUs 56+2)
Request from pid 102615: max_threads=65535, hint_threads=2
[1788508494282] Granted 2 threads to pid 102615 (CPUs 56+2)
Request from pid 102615: max_threads=65535, hint_threads=2
[1788508494883] Granted 2 threads to pid 102615 (CPUs 56+2)
Request from pid 102615: max_threads=65535, hint_threads=2
[1788508495484] Granted 2 threads to pid 102615 (CPUs 56+2)
Request from pid 102615: max_threads=65535, hint_threads=2
[1788508496087] Granted 2 threads to pid 102615 (CPUs 56+2)
[1788508496090] Client pid 102615 disconnected — removed from state
Accepted connection
Handling client
Request from pid 102881: max_threads=65535, hint_threads=2
[1788508498132] Granted 2 threads to pid 102881 (CPUs 56+2)
Request from pid 102881: max_threads=65535, hint_threads=2
[1788508555826] Granted 2 threads to pid 102881 (CPUs 56+2)
Read error: Connection reset by peer (os error 104)
Starting DRM at Fri Sep  4 09:55:57 CEST 2026, capacity=2, cpu_pool=1,2
CPU pool (2 cores): 1–2
Listening on /tmp/omp-rm.sock (capacity=2, strategy=fair_share)
Accepted connection
Handling client
Request from pid 103161: max_threads=65535, hint_threads=2
[1788508558375] Granted 2 threads to pid 103161 (CPUs 1+2)
Request from pid 103161: max_threads=65535, hint_threads=2
[1788508559226] Granted 2 threads to pid 103161 (CPUs 1+2)
Request from pid 103161: max_threads=65535, hint_threads=2
[1788508560152] Granted 2 threads to pid 103161 (CPUs 1+2)
Request from pid 103161: max_threads=65535, hint_threads=2
[1788508561884] Granted 2 threads to pid 103161 (CPUs 1+2)
Request from pid 103161: max_threads=65535, hint_threads=2
[1788508562393] Granted 2 threads to pid 103161 (CPUs 1+2)
Request from pid 103161: max_threads=65535, hint_threads=2
[1788508563912] Granted 2 threads to pid 103161 (CPUs 1+2)
Request from pid 103161: max_threads=65535, hint_threads=2
[1788508565094] Granted 2 threads to pid 103161 (CPUs 1+2)
Request from pid 103161: max_threads=65535, hint_threads=2
[1788508566784] Granted 2 threads to pid 103161 (CPUs 1+2)
Request from pid 103161: max_threads=65535, hint_threads=2
[1788508567753] Granted 2 threads to pid 103161 (CPUs 1+2)
Request from pid 103161: max_threads=65535, hint_threads=2
[1788508569444] Granted 2 threads to pid 103161 (CPUs 1+2)
Request from pid 103161: max_threads=65535, hint_threads=2
[1788508570412] Granted 2 threads to pid 103161 (CPUs 1+2)
Request from pid 103161: max_threads=65535, hint_threads=2
[1788508572102] Granted 2 threads to pid 103161 (CPUs 1+2)
Request from pid 103161: max_threads=65535, hint_threads=2
[1788508573069] Granted 2 threads to pid 103161 (CPUs 1+2)
Request from pid 103161: max_threads=65535, hint_threads=2
[1788508574759] Granted 2 threads to pid 103161 (CPUs 1+2)
Request from pid 103161: max_threads=65535, hint_threads=2
[1788508575728] Granted 2 threads to pid 103161 (CPUs 1+2)
Request from pid 103161: max_threads=65535, hint_threads=2
[1788508577419] Granted 2 threads to pid 103161 (CPUs 1+2)
Request from pid 103161: max_threads=65535, hint_threads=2
[1788508578385] Granted 2 threads to pid 103161 (CPUs 1+2)
Request from pid 103161: max_threads=65535, hint_threads=2
[1788508580075] Granted 2 threads to pid 103161 (CPUs 1+2)
Request from pid 103161: max_threads=65535, hint_threads=2
[1788508581044] Granted 2 threads to pid 103161 (CPUs 1+2)
Request from pid 103161: max_threads=65535, hint_threads=2
[1788508582735] Granted 2 threads to pid 103161 (CPUs 1+2)
Request from pid 103161: max_threads=65535, hint_threads=2
[1788508583703] Granted 2 threads to pid 103161 (CPUs 1+2)
Request from pid 103161: max_threads=65535, hint_threads=2
[1788508585392] Granted 2 threads to pid 103161 (CPUs 1+2)
Request from pid 103161: max_threads=65535, hint_threads=2
[1788508586358] Granted 2 threads to pid 103161 (CPUs 1+2)
Request from pid 103161: max_threads=65535, hint_threads=2
[1788508588048] Granted 2 threads to pid 103161 (CPUs 1+2)
Request from pid 103161: max_threads=65535, hint_threads=2
[1788508589017] Granted 2 threads to pid 103161 (CPUs 1+2)
Request from pid 103161: max_threads=65535, hint_threads=2
[1788508590707] Granted 2 threads to pid 103161 (CPUs 1+2)
Request from pid 103161: max_threads=65535, hint_threads=2
[1788508591673] Granted 2 threads to pid 103161 (CPUs 1+2)
Request from pid 103161: max_threads=65535, hint_threads=2
[1788508593362] Granted 2 threads to pid 103161 (CPUs 1+2)
Request from pid 103161: max_threads=65535, hint_threads=2
[1788508594330] Granted 2 threads to pid 103161 (CPUs 1+2)
Request from pid 103161: max_threads=65535, hint_threads=2
[1788508596020] Granted 2 threads to pid 103161 (CPUs 1+2)
Request from pid 103161: max_threads=65535, hint_threads=2
[1788508596986] Granted 2 threads to pid 103161 (CPUs 1+2)
Request from pid 103161: max_threads=65535, hint_threads=2
[1788508598676] Granted 2 threads to pid 103161 (CPUs 1+2)
Request from pid 103161: max_threads=65535, hint_threads=2
[1788508599643] Granted 2 threads to pid 103161 (CPUs 1+2)
Request from pid 103161: max_threads=65535, hint_threads=2
[1788508601333] Granted 2 threads to pid 103161 (CPUs 1+2)
Request from pid 103161: max_threads=65535, hint_threads=2
[1788508602301] Granted 2 threads to pid 103161 (CPUs 1+2)
Request from pid 103161: max_threads=65535, hint_threads=2
[1788508603991] Granted 2 threads to pid 103161 (CPUs 1+2)
Request from pid 103161: max_threads=65535, hint_threads=2
[1788508604958] Granted 2 threads to pid 103161 (CPUs 1+2)
Request from pid 103161: max_threads=65535, hint_threads=2
[1788508606649] Granted 2 threads to pid 103161 (CPUs 1+2)
Request from pid 103161: max_threads=65535, hint_threads=2
[1788508607615] Granted 2 threads to pid 103161 (CPUs 1+2)
Request from pid 103161: max_threads=65535, hint_threads=2
[1788508609305] Granted 2 threads to pid 103161 (CPUs 1+2)
Request from pid 103161: max_threads=65535, hint_threads=2
[1788508610271] Granted 2 threads to pid 103161 (CPUs 1+2)
Request from pid 103161: max_threads=65535, hint_threads=2
[1788508611960] Granted 2 threads to pid 103161 (CPUs 1+2)
Request from pid 103161: max_threads=65535, hint_threads=2
[1788508612926] Granted 2 threads to pid 103161 (CPUs 1+2)
Request from pid 103161: max_threads=65535, hint_threads=2
[1788508614616] Granted 2 threads to pid 103161 (CPUs 1+2)
Request from pid 103161: max_threads=65535, hint_threads=2
[1788508615585] Granted 2 threads to pid 103161 (CPUs 1+2)
Request from pid 103161: max_threads=65535, hint_threads=2
[1788508617278] Granted 2 threads to pid 103161 (CPUs 1+2)
Request from pid 103161: max_threads=65535, hint_threads=2
[1788508618031] Granted 2 threads to pid 103161 (CPUs 1+2)
Read error: Connection reset by peer (os error 104)
Accepted connection
Handling client
Request from pid 103503: max_threads=65535, hint_threads=2
[1788508620985] Granted 1 threads to pid 103503 (CPUs 2+1)
Request from pid 103503: max_threads=65535, hint_threads=2
[1788508626678] Granted 2 threads to pid 103503 (CPUs 1+2)
Request from pid 103503: max_threads=65535, hint_threads=2
[1788508627248] Granted 2 threads to pid 103503 (CPUs 1+2)
Request from pid 103503: max_threads=65535, hint_threads=2
[1788508627811] Granted 2 threads to pid 103503 (CPUs 1+2)
Request from pid 103503: max_threads=65535, hint_threads=2
[1788508628373] Granted 2 threads to pid 103503 (CPUs 1+2)
Request from pid 103503: max_threads=65535, hint_threads=2
[1788508629497] Granted 2 threads to pid 103503 (CPUs 1+2)
Request from pid 103503: max_threads=65535, hint_threads=2
[1788508630060] Granted 2 threads to pid 103503 (CPUs 1+2)
Request from pid 103503: max_threads=65535, hint_threads=2
[1788508630622] Granted 2 threads to pid 103503 (CPUs 1+2)
Request from pid 103503: max_threads=65535, hint_threads=2
[1788508631185] Granted 2 threads to pid 103503 (CPUs 1+2)
Request from pid 103503: max_threads=65535, hint_threads=2
[1788508631747] Granted 2 threads to pid 103503 (CPUs 1+2)
Request from pid 103503: max_threads=65535, hint_threads=2
[1788508632330] Granted 2 threads to pid 103503 (CPUs 1+2)
Request from pid 103503: max_threads=65535, hint_threads=2
[1788508632929] Granted 2 threads to pid 103503 (CPUs 1+2)
Request from pid 103503: max_threads=65535, hint_threads=2
[1788508633536] Granted 2 threads to pid 103503 (CPUs 1+2)
Request from pid 103503: max_threads=65535, hint_threads=2
[1788508634660] Granted 2 threads to pid 103503 (CPUs 1+2)
Request from pid 103503: max_threads=65535, hint_threads=2
[1788508635785] Granted 2 threads to pid 103503 (CPUs 1+2)
Request from pid 103503: max_threads=65535, hint_threads=2
[1788508636347] Granted 2 threads to pid 103503 (CPUs 1+2)
Request from pid 103503: max_threads=65535, hint_threads=2
[1788508636909] Granted 2 threads to pid 103503 (CPUs 1+2)
Request from pid 103503: max_threads=65535, hint_threads=2
[1788508637471] Granted 2 threads to pid 103503 (CPUs 1+2)
Request from pid 103503: max_threads=65535, hint_threads=2
[1788508638595] Granted 2 threads to pid 103503 (CPUs 1+2)
Request from pid 103503: max_threads=65535, hint_threads=2
[1788508639718] Granted 2 threads to pid 103503 (CPUs 1+2)
Request from pid 103503: max_threads=65535, hint_threads=2
[1788508640280] Granted 2 threads to pid 103503 (CPUs 1+2)
Request from pid 103503: max_threads=65535, hint_threads=2
[1788508640841] Granted 2 threads to pid 103503 (CPUs 1+2)
Request from pid 103503: max_threads=65535, hint_threads=2
[1788508641404] Granted 2 threads to pid 103503 (CPUs 1+2)
Request from pid 103503: max_threads=65535, hint_threads=2
[1788508641966] Granted 2 threads to pid 103503 (CPUs 1+2)
Request from pid 103503: max_threads=65535, hint_threads=2
[1788508642527] Granted 2 threads to pid 103503 (CPUs 1+2)
Request from pid 103503: max_threads=65535, hint_threads=2
[1788508643089] Granted 2 threads to pid 103503 (CPUs 1+2)
Request from pid 103503: max_threads=65535, hint_threads=2
[1788508643651] Granted 2 threads to pid 103503 (CPUs 1+2)
Request from pid 103503: max_threads=65535, hint_threads=2
[1788508644213] Granted 2 threads to pid 103503 (CPUs 1+2)
Request from pid 103503: max_threads=65535, hint_threads=2
[1788508644774] Granted 2 threads to pid 103503 (CPUs 1+2)
Request from pid 103503: max_threads=65535, hint_threads=2
[1788508645337] Granted 2 threads to pid 103503 (CPUs 1+2)
Request from pid 103503: max_threads=65535, hint_threads=2
[1788508645899] Granted 2 threads to pid 103503 (CPUs 1+2)
Request from pid 103503: max_threads=65535, hint_threads=2
[1788508646461] Granted 2 threads to pid 103503 (CPUs 1+2)
Request from pid 103503: max_threads=65535, hint_threads=2
[1788508647022] Granted 2 threads to pid 103503 (CPUs 1+2)
Request from pid 103503: max_threads=65535, hint_threads=2
[1788508647584] Granted 2 threads to pid 103503 (CPUs 1+2)
Request from pid 103503: max_threads=65535, hint_threads=2
[1788508648146] Granted 2 threads to pid 103503 (CPUs 1+2)
Request from pid 103503: max_threads=65535, hint_threads=2
[1788508648709] Granted 2 threads to pid 103503 (CPUs 1+2)
Request from pid 103503: max_threads=65535, hint_threads=2
[1788508649271] Granted 2 threads to pid 103503 (CPUs 1+2)
Request from pid 103503: max_threads=65535, hint_threads=2
[1788508649833] Granted 2 threads to pid 103503 (CPUs 1+2)
Request from pid 103503: max_threads=65535, hint_threads=2
[1788508650394] Granted 2 threads to pid 103503 (CPUs 1+2)
Request from pid 103503: max_threads=65535, hint_threads=2
[1788508650956] Granted 2 threads to pid 103503 (CPUs 1+2)
Request from pid 103503: max_threads=65535, hint_threads=2
[1788508651518] Granted 2 threads to pid 103503 (CPUs 1+2)
Request from pid 103503: max_threads=65535, hint_threads=2
[1788508652080] Granted 2 threads to pid 103503 (CPUs 1+2)
Request from pid 103503: max_threads=65535, hint_threads=2
[1788508652642] Granted 2 threads to pid 103503 (CPUs 1+2)
Request from pid 103503: max_threads=65535, hint_threads=2
[1788508653204] Granted 2 threads to pid 103503 (CPUs 1+2)
Request from pid 103503: max_threads=65535, hint_threads=2
[1788508653766] Granted 2 threads to pid 103503 (CPUs 1+2)
Request from pid 103503: max_threads=65535, hint_threads=2
[1788508654328] Granted 2 threads to pid 103503 (CPUs 1+2)
Request from pid 103503: max_threads=65535, hint_threads=2
[1788508654889] Granted 2 threads to pid 103503 (CPUs 1+2)
Request from pid 103503: max_threads=65535, hint_threads=2
[1788508655451] Granted 2 threads to pid 103503 (CPUs 1+2)
Request from pid 103503: max_threads=65535, hint_threads=2
[1788508656013] Granted 2 threads to pid 103503 (CPUs 1+2)
Request from pid 103503: max_threads=65535, hint_threads=2
[1788508656575] Granted 2 threads to pid 103503 (CPUs 1+2)
Request from pid 103503: max_threads=65535, hint_threads=2
[1788508657137] Granted 2 threads to pid 103503 (CPUs 1+2)
Request from pid 103503: max_threads=65535, hint_threads=2
[1788508657698] Granted 2 threads to pid 103503 (CPUs 1+2)
Request from pid 103503: max_threads=65535, hint_threads=2
[1788508658260] Granted 2 threads to pid 103503 (CPUs 1+2)
Request from pid 103503: max_threads=65535, hint_threads=2
[1788508658822] Granted 2 threads to pid 103503 (CPUs 1+2)
Request from pid 103503: max_threads=65535, hint_threads=2
[1788508659384] Granted 2 threads to pid 103503 (CPUs 1+2)
Request from pid 103503: max_threads=65535, hint_threads=2
[1788508659946] Granted 2 threads to pid 103503 (CPUs 1+2)
Request from pid 103503: max_threads=65535, hint_threads=2
[1788508660507] Granted 2 threads to pid 103503 (CPUs 1+2)
Request from pid 103503: max_threads=65535, hint_threads=2
[1788508661069] Granted 2 threads to pid 103503 (CPUs 1+2)
Request from pid 103503: max_threads=65535, hint_threads=2
[1788508661631] Granted 2 threads to pid 103503 (CPUs 1+2)
Request from pid 103503: max_threads=65535, hint_threads=2
[1788508662193] Granted 2 threads to pid 103503 (CPUs 1+2)
Request from pid 103503: max_threads=65535, hint_threads=2
[1788508662755] Granted 2 threads to pid 103503 (CPUs 1+2)
Request from pid 103503: max_threads=65535, hint_threads=2
[1788508663879] Granted 2 threads to pid 103503 (CPUs 1+2)
Request from pid 103503: max_threads=65535, hint_threads=2
[1788508664440] Granted 2 threads to pid 103503 (CPUs 1+2)
Request from pid 103503: max_threads=65535, hint_threads=2
[1788508665002] Granted 2 threads to pid 103503 (CPUs 1+2)
Request from pid 103503: max_threads=65535, hint_threads=2
[1788508665564] Granted 2 threads to pid 103503 (CPUs 1+2)
Request from pid 103503: max_threads=65535, hint_threads=2
[1788508666126] Granted 2 threads to pid 103503 (CPUs 1+2)
Request from pid 103503: max_threads=65535, hint_threads=2
[1788508666688] Granted 2 threads to pid 103503 (CPUs 1+2)
Request from pid 103503: max_threads=65535, hint_threads=2
[1788508667250] Granted 2 threads to pid 103503 (CPUs 1+2)
Request from pid 103503: max_threads=65535, hint_threads=2
[1788508667811] Granted 2 threads to pid 103503 (CPUs 1+2)
Request from pid 103503: max_threads=65535, hint_threads=2
[1788508668373] Granted 2 threads to pid 103503 (CPUs 1+2)
Request from pid 103503: max_threads=65535, hint_threads=2
[1788508668935] Granted 2 threads to pid 103503 (CPUs 1+2)
[1788508668938] Client pid 103503 disconnected — removed from state
Accepted connection
Handling client
Request from pid 103815: max_threads=65535, hint_threads=2
[1788508679039] Granted 2 threads to pid 103815 (CPUs 1+2)
Request from pid 103815: max_threads=65535, hint_threads=2
[1788508736764] Granted 2 threads to pid 103815 (CPUs 1+2)
Read error: Connection reset by peer (os error 104)
Starting DRM at Fri Sep  4 09:58:58 CEST 2026, capacity=2, cpu_pool=56,57
CPU pool (2 cores): 56–57
Listening on /tmp/omp-rm.sock (capacity=2, strategy=fair_share)
Accepted connection
Handling client
Request from pid 103896: max_threads=65535, hint_threads=2
[1788508739316] Granted 2 threads to pid 103896 (CPUs 56+2)
Request from pid 103896: max_threads=65535, hint_threads=2
[1788508740170] Granted 2 threads to pid 103896 (CPUs 56+2)
Request from pid 103896: max_threads=65535, hint_threads=2
[1788508741095] Granted 2 threads to pid 103896 (CPUs 56+2)
Request from pid 103896: max_threads=65535, hint_threads=2
[1788508742823] Granted 2 threads to pid 103896 (CPUs 56+2)
Request from pid 103896: max_threads=65535, hint_threads=2
[1788508743332] Granted 2 threads to pid 103896 (CPUs 56+2)
Request from pid 103896: max_threads=65535, hint_threads=2
[1788508744846] Granted 2 threads to pid 103896 (CPUs 56+2)
Request from pid 103896: max_threads=65535, hint_threads=2
[1788508746030] Granted 2 threads to pid 103896 (CPUs 56+2)
Request from pid 103896: max_threads=65535, hint_threads=2
[1788508747717] Granted 2 threads to pid 103896 (CPUs 56+2)
Request from pid 103896: max_threads=65535, hint_threads=2
[1788508748686] Granted 2 threads to pid 103896 (CPUs 56+2)
Request from pid 103896: max_threads=65535, hint_threads=2
[1788508750371] Granted 2 threads to pid 103896 (CPUs 56+2)
Request from pid 103896: max_threads=65535, hint_threads=2
[1788508751339] Granted 2 threads to pid 103896 (CPUs 56+2)
Request from pid 103896: max_threads=65535, hint_threads=2
[1788508753027] Granted 2 threads to pid 103896 (CPUs 56+2)
Request from pid 103896: max_threads=65535, hint_threads=2
[1788508753996] Granted 2 threads to pid 103896 (CPUs 56+2)
Request from pid 103896: max_threads=65535, hint_threads=2
[1788508755681] Granted 2 threads to pid 103896 (CPUs 56+2)
Request from pid 103896: max_threads=65535, hint_threads=2
[1788508756648] Granted 2 threads to pid 103896 (CPUs 56+2)
Request from pid 103896: max_threads=65535, hint_threads=2
[1788508758333] Granted 2 threads to pid 103896 (CPUs 56+2)
Request from pid 103896: max_threads=65535, hint_threads=2
[1788508759302] Granted 2 threads to pid 103896 (CPUs 56+2)
Request from pid 103896: max_threads=65535, hint_threads=2
[1788508760987] Granted 2 threads to pid 103896 (CPUs 56+2)
Request from pid 103896: max_threads=65535, hint_threads=2
[1788508761955] Granted 2 threads to pid 103896 (CPUs 56+2)
Request from pid 103896: max_threads=65535, hint_threads=2
[1788508763640] Granted 2 threads to pid 103896 (CPUs 56+2)
Request from pid 103896: max_threads=65535, hint_threads=2
[1788508764607] Granted 2 threads to pid 103896 (CPUs 56+2)
Request from pid 103896: max_threads=65535, hint_threads=2
[1788508766294] Granted 2 threads to pid 103896 (CPUs 56+2)
Request from pid 103896: max_threads=65535, hint_threads=2
[1788508767263] Granted 2 threads to pid 103896 (CPUs 56+2)
Request from pid 103896: max_threads=65535, hint_threads=2
[1788508768948] Granted 2 threads to pid 103896 (CPUs 56+2)
Request from pid 103896: max_threads=65535, hint_threads=2
[1788508769916] Granted 2 threads to pid 103896 (CPUs 56+2)
Request from pid 103896: max_threads=65535, hint_threads=2
[1788508771601] Granted 2 threads to pid 103896 (CPUs 56+2)
Request from pid 103896: max_threads=65535, hint_threads=2
[1788508772567] Granted 2 threads to pid 103896 (CPUs 56+2)
Request from pid 103896: max_threads=65535, hint_threads=2
[1788508774253] Granted 2 threads to pid 103896 (CPUs 56+2)
Request from pid 103896: max_threads=65535, hint_threads=2
[1788508775220] Granted 2 threads to pid 103896 (CPUs 56+2)
Request from pid 103896: max_threads=65535, hint_threads=2
[1788508776904] Granted 2 threads to pid 103896 (CPUs 56+2)
Request from pid 103896: max_threads=65535, hint_threads=2
[1788508777872] Granted 2 threads to pid 103896 (CPUs 56+2)
Request from pid 103896: max_threads=65535, hint_threads=2
[1788508779558] Granted 2 threads to pid 103896 (CPUs 56+2)
Request from pid 103896: max_threads=65535, hint_threads=2
[1788508780525] Granted 2 threads to pid 103896 (CPUs 56+2)
Request from pid 103896: max_threads=65535, hint_threads=2
[1788508782210] Granted 2 threads to pid 103896 (CPUs 56+2)
Request from pid 103896: max_threads=65535, hint_threads=2
[1788508783178] Granted 2 threads to pid 103896 (CPUs 56+2)
Request from pid 103896: max_threads=65535, hint_threads=2
[1788508784863] Granted 2 threads to pid 103896 (CPUs 56+2)
Request from pid 103896: max_threads=65535, hint_threads=2
[1788508785830] Granted 2 threads to pid 103896 (CPUs 56+2)
Request from pid 103896: max_threads=65535, hint_threads=2
[1788508787516] Granted 2 threads to pid 103896 (CPUs 56+2)
Request from pid 103896: max_threads=65535, hint_threads=2
[1788508788483] Granted 2 threads to pid 103896 (CPUs 56+2)
Request from pid 103896: max_threads=65535, hint_threads=2
[1788508790169] Granted 2 threads to pid 103896 (CPUs 56+2)
Request from pid 103896: max_threads=65535, hint_threads=2
[1788508791136] Granted 2 threads to pid 103896 (CPUs 56+2)
Request from pid 103896: max_threads=65535, hint_threads=2
[1788508792821] Granted 2 threads to pid 103896 (CPUs 56+2)
Request from pid 103896: max_threads=65535, hint_threads=2
[1788508793788] Granted 2 threads to pid 103896 (CPUs 56+2)
Request from pid 103896: max_threads=65535, hint_threads=2
[1788508795473] Granted 2 threads to pid 103896 (CPUs 56+2)
Request from pid 103896: max_threads=65535, hint_threads=2
[1788508796440] Granted 2 threads to pid 103896 (CPUs 56+2)
Request from pid 103896: max_threads=65535, hint_threads=2
[1788508798125] Granted 2 threads to pid 103896 (CPUs 56+2)
Request from pid 103896: max_threads=65535, hint_threads=2
[1788508798878] Granted 2 threads to pid 103896 (CPUs 56+2)
Read error: Connection reset by peer (os error 104)
Accepted connection
Handling client
Request from pid 104021: max_threads=65535, hint_threads=2
[1788508800920] Granted 1 threads to pid 104021 (CPUs 57+1)
Request from pid 104021: max_threads=65535, hint_threads=2
[1788508806839] Granted 2 threads to pid 104021 (CPUs 56+2)
Request from pid 104021: max_threads=65535, hint_threads=2
[1788508807443] Granted 2 threads to pid 104021 (CPUs 56+2)
Request from pid 104021: max_threads=65535, hint_threads=2
[1788508808048] Granted 2 threads to pid 104021 (CPUs 56+2)
Request from pid 104021: max_threads=65535, hint_threads=2
[1788508808652] Granted 2 threads to pid 104021 (CPUs 56+2)
Request from pid 104021: max_threads=65535, hint_threads=2
[1788508809256] Granted 2 threads to pid 104021 (CPUs 56+2)
Request from pid 104021: max_threads=65535, hint_threads=2
[1788508809859] Granted 2 threads to pid 104021 (CPUs 56+2)
Request from pid 104021: max_threads=65535, hint_threads=2
[1788508810463] Granted 2 threads to pid 104021 (CPUs 56+2)
Request from pid 104021: max_threads=65535, hint_threads=2
[1788508811068] Granted 2 threads to pid 104021 (CPUs 56+2)
Request from pid 104021: max_threads=65535, hint_threads=2
[1788508811671] Granted 2 threads to pid 104021 (CPUs 56+2)
Request from pid 104021: max_threads=65535, hint_threads=2
[1788508812275] Granted 2 threads to pid 104021 (CPUs 56+2)
Request from pid 104021: max_threads=65535, hint_threads=2
[1788508812879] Granted 2 threads to pid 104021 (CPUs 56+2)
Request from pid 104021: max_threads=65535, hint_threads=2
[1788508813484] Granted 2 threads to pid 104021 (CPUs 56+2)
Request from pid 104021: max_threads=65535, hint_threads=2
[1788508814088] Granted 2 threads to pid 104021 (CPUs 56+2)
Request from pid 104021: max_threads=65535, hint_threads=2
[1788508814692] Granted 2 threads to pid 104021 (CPUs 56+2)
Request from pid 104021: max_threads=65535, hint_threads=2
[1788508815297] Granted 2 threads to pid 104021 (CPUs 56+2)
Request from pid 104021: max_threads=65535, hint_threads=2
[1788508815902] Granted 2 threads to pid 104021 (CPUs 56+2)
Request from pid 104021: max_threads=65535, hint_threads=2
[1788508816506] Granted 2 threads to pid 104021 (CPUs 56+2)
Request from pid 104021: max_threads=65535, hint_threads=2
[1788508817110] Granted 2 threads to pid 104021 (CPUs 56+2)
Request from pid 104021: max_threads=65535, hint_threads=2
[1788508817714] Granted 2 threads to pid 104021 (CPUs 56+2)
Request from pid 104021: max_threads=65535, hint_threads=2
[1788508818318] Granted 2 threads to pid 104021 (CPUs 56+2)
Request from pid 104021: max_threads=65535, hint_threads=2
[1788508818922] Granted 2 threads to pid 104021 (CPUs 56+2)
Request from pid 104021: max_threads=65535, hint_threads=2
[1788508819526] Granted 2 threads to pid 104021 (CPUs 56+2)
Request from pid 104021: max_threads=65535, hint_threads=2
[1788508820130] Granted 2 threads to pid 104021 (CPUs 56+2)
Request from pid 104021: max_threads=65535, hint_threads=2
[1788508820733] Granted 2 threads to pid 104021 (CPUs 56+2)
Request from pid 104021: max_threads=65535, hint_threads=2
[1788508821339] Granted 2 threads to pid 104021 (CPUs 56+2)
Request from pid 104021: max_threads=65535, hint_threads=2
[1788508821942] Granted 2 threads to pid 104021 (CPUs 56+2)
Request from pid 104021: max_threads=65535, hint_threads=2
[1788508822546] Granted 2 threads to pid 104021 (CPUs 56+2)
Request from pid 104021: max_threads=65535, hint_threads=2
[1788508823150] Granted 2 threads to pid 104021 (CPUs 56+2)
Request from pid 104021: max_threads=65535, hint_threads=2
[1788508823753] Granted 2 threads to pid 104021 (CPUs 56+2)
Request from pid 104021: max_threads=65535, hint_threads=2
[1788508824357] Granted 2 threads to pid 104021 (CPUs 56+2)
Request from pid 104021: max_threads=65535, hint_threads=2
[1788508824961] Granted 2 threads to pid 104021 (CPUs 56+2)
Request from pid 104021: max_threads=65535, hint_threads=2
[1788508825565] Granted 2 threads to pid 104021 (CPUs 56+2)
Request from pid 104021: max_threads=65535, hint_threads=2
[1788508826168] Granted 2 threads to pid 104021 (CPUs 56+2)
Request from pid 104021: max_threads=65535, hint_threads=2
[1788508826772] Granted 2 threads to pid 104021 (CPUs 56+2)
Request from pid 104021: max_threads=65535, hint_threads=2
[1788508827376] Granted 2 threads to pid 104021 (CPUs 56+2)
Request from pid 104021: max_threads=65535, hint_threads=2
[1788508827979] Granted 2 threads to pid 104021 (CPUs 56+2)
Request from pid 104021: max_threads=65535, hint_threads=2
[1788508828584] Granted 2 threads to pid 104021 (CPUs 56+2)
Request from pid 104021: max_threads=65535, hint_threads=2
[1788508829188] Granted 2 threads to pid 104021 (CPUs 56+2)
Request from pid 104021: max_threads=65535, hint_threads=2
[1788508829792] Granted 2 threads to pid 104021 (CPUs 56+2)
Request from pid 104021: max_threads=65535, hint_threads=2
[1788508830395] Granted 2 threads to pid 104021 (CPUs 56+2)
Request from pid 104021: max_threads=65535, hint_threads=2
[1788508830999] Granted 2 threads to pid 104021 (CPUs 56+2)
Request from pid 104021: max_threads=65535, hint_threads=2
[1788508831603] Granted 2 threads to pid 104021 (CPUs 56+2)
Request from pid 104021: max_threads=65535, hint_threads=2
[1788508832207] Granted 2 threads to pid 104021 (CPUs 56+2)
Request from pid 104021: max_threads=65535, hint_threads=2
[1788508832810] Granted 2 threads to pid 104021 (CPUs 56+2)
Request from pid 104021: max_threads=65535, hint_threads=2
[1788508833414] Granted 2 threads to pid 104021 (CPUs 56+2)
Request from pid 104021: max_threads=65535, hint_threads=2
[1788508834018] Granted 2 threads to pid 104021 (CPUs 56+2)
Request from pid 104021: max_threads=65535, hint_threads=2
[1788508834622] Granted 2 threads to pid 104021 (CPUs 56+2)
Request from pid 104021: max_threads=65535, hint_threads=2
[1788508835225] Granted 2 threads to pid 104021 (CPUs 56+2)
Request from pid 104021: max_threads=65535, hint_threads=2
[1788508835829] Granted 2 threads to pid 104021 (CPUs 56+2)
Request from pid 104021: max_threads=65535, hint_threads=2
[1788508836433] Granted 2 threads to pid 104021 (CPUs 56+2)
Request from pid 104021: max_threads=65535, hint_threads=2
[1788508837036] Granted 2 threads to pid 104021 (CPUs 56+2)
Request from pid 104021: max_threads=65535, hint_threads=2
[1788508837640] Granted 2 threads to pid 104021 (CPUs 56+2)
Request from pid 104021: max_threads=65535, hint_threads=2
[1788508838244] Granted 2 threads to pid 104021 (CPUs 56+2)
Request from pid 104021: max_threads=65535, hint_threads=2
[1788508838848] Granted 2 threads to pid 104021 (CPUs 56+2)
Request from pid 104021: max_threads=65535, hint_threads=2
[1788508839451] Granted 2 threads to pid 104021 (CPUs 56+2)
Request from pid 104021: max_threads=65535, hint_threads=2
[1788508840055] Granted 2 threads to pid 104021 (CPUs 56+2)
Request from pid 104021: max_threads=65535, hint_threads=2
[1788508840659] Granted 2 threads to pid 104021 (CPUs 56+2)
Request from pid 104021: max_threads=65535, hint_threads=2
[1788508841262] Granted 2 threads to pid 104021 (CPUs 56+2)
Request from pid 104021: max_threads=65535, hint_threads=2
[1788508841866] Granted 2 threads to pid 104021 (CPUs 56+2)
Request from pid 104021: max_threads=65535, hint_threads=2
[1788508842469] Granted 2 threads to pid 104021 (CPUs 56+2)
Request from pid 104021: max_threads=65535, hint_threads=2
[1788508843074] Granted 2 threads to pid 104021 (CPUs 56+2)
Request from pid 104021: max_threads=65535, hint_threads=2
[1788508843678] Granted 2 threads to pid 104021 (CPUs 56+2)
Request from pid 104021: max_threads=65535, hint_threads=2
[1788508844282] Granted 2 threads to pid 104021 (CPUs 56+2)
Request from pid 104021: max_threads=65535, hint_threads=2
[1788508844887] Granted 2 threads to pid 104021 (CPUs 56+2)
Request from pid 104021: max_threads=65535, hint_threads=2
[1788508846094] Granted 2 threads to pid 104021 (CPUs 56+2)
Request from pid 104021: max_threads=65535, hint_threads=2
[1788508846698] Granted 2 threads to pid 104021 (CPUs 56+2)
Request from pid 104021: max_threads=65535, hint_threads=2
[1788508847301] Granted 2 threads to pid 104021 (CPUs 56+2)
Request from pid 104021: max_threads=65535, hint_threads=2
[1788508847905] Granted 2 threads to pid 104021 (CPUs 56+2)
Request from pid 104021: max_threads=65535, hint_threads=2
[1788508848509] Granted 2 threads to pid 104021 (CPUs 56+2)
Request from pid 104021: max_threads=65535, hint_threads=2
[1788508849113] Granted 2 threads to pid 104021 (CPUs 56+2)
Request from pid 104021: max_threads=65535, hint_threads=2
[1788508849717] Granted 2 threads to pid 104021 (CPUs 56+2)
Request from pid 104021: max_threads=65535, hint_threads=2
[1788508850321] Granted 2 threads to pid 104021 (CPUs 56+2)
Request from pid 104021: max_threads=65535, hint_threads=2
[1788508850925] Granted 2 threads to pid 104021 (CPUs 56+2)
Request from pid 104021: max_threads=65535, hint_threads=2
[1788508851529] Granted 2 threads to pid 104021 (CPUs 56+2)
Request from pid 104021: max_threads=65535, hint_threads=2
[1788508852133] Granted 2 threads to pid 104021 (CPUs 56+2)
[1788508852137] Client pid 104021 disconnected — removed from state
Accepted connection
Handling client
Request from pid 104119: max_threads=65535, hint_threads=2
[1788508854181] Granted 2 threads to pid 104119 (CPUs 56+2)
Request from pid 104119: max_threads=65535, hint_threads=2
[1788508911884] Granted 2 threads to pid 104119 (CPUs 56+2)
Read error: Connection reset by peer (os error 104)
Starting DRM at Fri Sep  4 10:01:53 CEST 2026, capacity=2, cpu_pool=1,2
CPU pool (2 cores): 1–2
Listening on /tmp/omp-rm.sock (capacity=2, strategy=fair_share)
Accepted connection
Handling client
Request from pid 104206: max_threads=65535, hint_threads=2
[1788508914479] Granted 2 threads to pid 104206 (CPUs 1+2)
Request from pid 104206: max_threads=65535, hint_threads=2
[1788508915317] Granted 2 threads to pid 104206 (CPUs 1+2)
Request from pid 104206: max_threads=65535, hint_threads=2
[1788508916219] Granted 2 threads to pid 104206 (CPUs 1+2)
Request from pid 104206: max_threads=65535, hint_threads=2
[1788508917906] Granted 2 threads to pid 104206 (CPUs 1+2)
Request from pid 104206: max_threads=65535, hint_threads=2
[1788508918417] Granted 2 threads to pid 104206 (CPUs 1+2)
Request from pid 104206: max_threads=65535, hint_threads=2
[1788508919888] Granted 2 threads to pid 104206 (CPUs 1+2)
Request from pid 104206: max_threads=65535, hint_threads=2
[1788508921050] Granted 2 threads to pid 104206 (CPUs 1+2)
Request from pid 104206: max_threads=65535, hint_threads=2
[1788508922699] Granted 2 threads to pid 104206 (CPUs 1+2)
Request from pid 104206: max_threads=65535, hint_threads=2
[1788508923645] Granted 2 threads to pid 104206 (CPUs 1+2)
Request from pid 104206: max_threads=65535, hint_threads=2
[1788508925295] Granted 2 threads to pid 104206 (CPUs 1+2)
Request from pid 104206: max_threads=65535, hint_threads=2
[1788508926242] Granted 2 threads to pid 104206 (CPUs 1+2)
Request from pid 104206: max_threads=65535, hint_threads=2
[1788508927892] Granted 2 threads to pid 104206 (CPUs 1+2)
Request from pid 104206: max_threads=65535, hint_threads=2
[1788508928839] Granted 2 threads to pid 104206 (CPUs 1+2)
Request from pid 104206: max_threads=65535, hint_threads=2
[1788508930489] Granted 2 threads to pid 104206 (CPUs 1+2)
Request from pid 104206: max_threads=65535, hint_threads=2
[1788508931435] Granted 2 threads to pid 104206 (CPUs 1+2)
Request from pid 104206: max_threads=65535, hint_threads=2
[1788508933086] Granted 2 threads to pid 104206 (CPUs 1+2)
Request from pid 104206: max_threads=65535, hint_threads=2
[1788508934031] Granted 2 threads to pid 104206 (CPUs 1+2)
Request from pid 104206: max_threads=65535, hint_threads=2
[1788508935681] Granted 2 threads to pid 104206 (CPUs 1+2)
Request from pid 104206: max_threads=65535, hint_threads=2
[1788508936628] Granted 2 threads to pid 104206 (CPUs 1+2)
Request from pid 104206: max_threads=65535, hint_threads=2
[1788508938278] Granted 2 threads to pid 104206 (CPUs 1+2)
Request from pid 104206: max_threads=65535, hint_threads=2
[1788508939224] Granted 2 threads to pid 104206 (CPUs 1+2)
Request from pid 104206: max_threads=65535, hint_threads=2
[1788508940873] Granted 2 threads to pid 104206 (CPUs 1+2)
Request from pid 104206: max_threads=65535, hint_threads=2
[1788508941819] Granted 2 threads to pid 104206 (CPUs 1+2)
Request from pid 104206: max_threads=65535, hint_threads=2
[1788508943468] Granted 2 threads to pid 104206 (CPUs 1+2)
Request from pid 104206: max_threads=65535, hint_threads=2
[1788508944414] Granted 2 threads to pid 104206 (CPUs 1+2)
Request from pid 104206: max_threads=65535, hint_threads=2
[1788508946063] Granted 2 threads to pid 104206 (CPUs 1+2)
Request from pid 104206: max_threads=65535, hint_threads=2
[1788508947009] Granted 2 threads to pid 104206 (CPUs 1+2)
Request from pid 104206: max_threads=65535, hint_threads=2
[1788508948658] Granted 2 threads to pid 104206 (CPUs 1+2)
Request from pid 104206: max_threads=65535, hint_threads=2
[1788508949604] Granted 2 threads to pid 104206 (CPUs 1+2)
Request from pid 104206: max_threads=65535, hint_threads=2
[1788508951252] Granted 2 threads to pid 104206 (CPUs 1+2)
Request from pid 104206: max_threads=65535, hint_threads=2
[1788508952198] Granted 2 threads to pid 104206 (CPUs 1+2)
Request from pid 104206: max_threads=65535, hint_threads=2
[1788508953847] Granted 2 threads to pid 104206 (CPUs 1+2)
Request from pid 104206: max_threads=65535, hint_threads=2
[1788508954793] Granted 2 threads to pid 104206 (CPUs 1+2)
Request from pid 104206: max_threads=65535, hint_threads=2
[1788508956443] Granted 2 threads to pid 104206 (CPUs 1+2)
Request from pid 104206: max_threads=65535, hint_threads=2
[1788508957389] Granted 2 threads to pid 104206 (CPUs 1+2)
Request from pid 104206: max_threads=65535, hint_threads=2
[1788508959038] Granted 2 threads to pid 104206 (CPUs 1+2)
Request from pid 104206: max_threads=65535, hint_threads=2
[1788508959983] Granted 2 threads to pid 104206 (CPUs 1+2)
Request from pid 104206: max_threads=65535, hint_threads=2
[1788508961633] Granted 2 threads to pid 104206 (CPUs 1+2)
Request from pid 104206: max_threads=65535, hint_threads=2
[1788508962577] Granted 2 threads to pid 104206 (CPUs 1+2)
Request from pid 104206: max_threads=65535, hint_threads=2
[1788508964226] Granted 2 threads to pid 104206 (CPUs 1+2)
Request from pid 104206: max_threads=65535, hint_threads=2
[1788508965171] Granted 2 threads to pid 104206 (CPUs 1+2)
Request from pid 104206: max_threads=65535, hint_threads=2
[1788508966820] Granted 2 threads to pid 104206 (CPUs 1+2)
Request from pid 104206: max_threads=65535, hint_threads=2
[1788508967767] Granted 2 threads to pid 104206 (CPUs 1+2)
Request from pid 104206: max_threads=65535, hint_threads=2
[1788508969417] Granted 2 threads to pid 104206 (CPUs 1+2)
Request from pid 104206: max_threads=65535, hint_threads=2
[1788508970362] Granted 2 threads to pid 104206 (CPUs 1+2)
Request from pid 104206: max_threads=65535, hint_threads=2
[1788508972011] Granted 2 threads to pid 104206 (CPUs 1+2)
Request from pid 104206: max_threads=65535, hint_threads=2
[1788508972742] Granted 2 threads to pid 104206 (CPUs 1+2)
Read error: Connection reset by peer (os error 104)
Accepted connection
Handling client
Request from pid 104280: max_threads=65535, hint_threads=2
[1788508975292] Granted 1 threads to pid 104280 (CPUs 2+1)
Request from pid 104280: max_threads=65535, hint_threads=2
[1788508980984] Granted 2 threads to pid 104280 (CPUs 1+2)
Request from pid 104280: max_threads=65535, hint_threads=2
[1788508981550] Granted 2 threads to pid 104280 (CPUs 1+2)
Request from pid 104280: max_threads=65535, hint_threads=2
[1788508982110] Granted 2 threads to pid 104280 (CPUs 1+2)
Request from pid 104280: max_threads=65535, hint_threads=2
[1788508982670] Granted 2 threads to pid 104280 (CPUs 1+2)
Request from pid 104280: max_threads=65535, hint_threads=2
[1788508983229] Granted 2 threads to pid 104280 (CPUs 1+2)
Request from pid 104280: max_threads=65535, hint_threads=2
[1788508983788] Granted 2 threads to pid 104280 (CPUs 1+2)
Request from pid 104280: max_threads=65535, hint_threads=2
[1788508984347] Granted 2 threads to pid 104280 (CPUs 1+2)
Request from pid 104280: max_threads=65535, hint_threads=2
[1788508984906] Granted 2 threads to pid 104280 (CPUs 1+2)
Request from pid 104280: max_threads=65535, hint_threads=2
[1788508985466] Granted 2 threads to pid 104280 (CPUs 1+2)
Request from pid 104280: max_threads=65535, hint_threads=2
[1788508986025] Granted 2 threads to pid 104280 (CPUs 1+2)
Request from pid 104280: max_threads=65535, hint_threads=2
[1788508986584] Granted 2 threads to pid 104280 (CPUs 1+2)
Request from pid 104280: max_threads=65535, hint_threads=2
[1788508987143] Granted 2 threads to pid 104280 (CPUs 1+2)
Request from pid 104280: max_threads=65535, hint_threads=2
[1788508987702] Granted 2 threads to pid 104280 (CPUs 1+2)
Request from pid 104280: max_threads=65535, hint_threads=2
[1788508988262] Granted 2 threads to pid 104280 (CPUs 1+2)
Request from pid 104280: max_threads=65535, hint_threads=2
[1788508988821] Granted 2 threads to pid 104280 (CPUs 1+2)
Request from pid 104280: max_threads=65535, hint_threads=2
[1788508989379] Granted 2 threads to pid 104280 (CPUs 1+2)
Request from pid 104280: max_threads=65535, hint_threads=2
[1788508989939] Granted 2 threads to pid 104280 (CPUs 1+2)
Request from pid 104280: max_threads=65535, hint_threads=2
[1788508990498] Granted 2 threads to pid 104280 (CPUs 1+2)
Request from pid 104280: max_threads=65535, hint_threads=2
[1788508991057] Granted 2 threads to pid 104280 (CPUs 1+2)
Request from pid 104280: max_threads=65535, hint_threads=2
[1788508991616] Granted 2 threads to pid 104280 (CPUs 1+2)
Request from pid 104280: max_threads=65535, hint_threads=2
[1788508992174] Granted 2 threads to pid 104280 (CPUs 1+2)
Request from pid 104280: max_threads=65535, hint_threads=2
[1788508992734] Granted 2 threads to pid 104280 (CPUs 1+2)
Request from pid 104280: max_threads=65535, hint_threads=2
[1788508993293] Granted 2 threads to pid 104280 (CPUs 1+2)
Request from pid 104280: max_threads=65535, hint_threads=2
[1788508993852] Granted 2 threads to pid 104280 (CPUs 1+2)
Request from pid 104280: max_threads=65535, hint_threads=2
[1788508994410] Granted 2 threads to pid 104280 (CPUs 1+2)
Request from pid 104280: max_threads=65535, hint_threads=2
[1788508994969] Granted 2 threads to pid 104280 (CPUs 1+2)
Request from pid 104280: max_threads=65535, hint_threads=2
[1788508995529] Granted 2 threads to pid 104280 (CPUs 1+2)
Request from pid 104280: max_threads=65535, hint_threads=2
[1788508996088] Granted 2 threads to pid 104280 (CPUs 1+2)
Request from pid 104280: max_threads=65535, hint_threads=2
[1788508996647] Granted 2 threads to pid 104280 (CPUs 1+2)
Request from pid 104280: max_threads=65535, hint_threads=2
[1788508997207] Granted 2 threads to pid 104280 (CPUs 1+2)
Request from pid 104280: max_threads=65535, hint_threads=2
[1788508997765] Granted 2 threads to pid 104280 (CPUs 1+2)
Request from pid 104280: max_threads=65535, hint_threads=2
[1788508998324] Granted 2 threads to pid 104280 (CPUs 1+2)
Request from pid 104280: max_threads=65535, hint_threads=2
[1788508998883] Granted 2 threads to pid 104280 (CPUs 1+2)
Request from pid 104280: max_threads=65535, hint_threads=2
[1788508999442] Granted 2 threads to pid 104280 (CPUs 1+2)
Request from pid 104280: max_threads=65535, hint_threads=2
[1788509000002] Granted 2 threads to pid 104280 (CPUs 1+2)
Request from pid 104280: max_threads=65535, hint_threads=2
[1788509000561] Granted 2 threads to pid 104280 (CPUs 1+2)
Request from pid 104280: max_threads=65535, hint_threads=2
[1788509001120] Granted 2 threads to pid 104280 (CPUs 1+2)
Request from pid 104280: max_threads=65535, hint_threads=2
[1788509001679] Granted 2 threads to pid 104280 (CPUs 1+2)
Request from pid 104280: max_threads=65535, hint_threads=2
[1788509002238] Granted 2 threads to pid 104280 (CPUs 1+2)
Request from pid 104280: max_threads=65535, hint_threads=2
[1788509002797] Granted 2 threads to pid 104280 (CPUs 1+2)
Request from pid 104280: max_threads=65535, hint_threads=2
[1788509003357] Granted 2 threads to pid 104280 (CPUs 1+2)
Request from pid 104280: max_threads=65535, hint_threads=2
[1788509003915] Granted 2 threads to pid 104280 (CPUs 1+2)
Request from pid 104280: max_threads=65535, hint_threads=2
[1788509004474] Granted 2 threads to pid 104280 (CPUs 1+2)
Request from pid 104280: max_threads=65535, hint_threads=2
[1788509005033] Granted 2 threads to pid 104280 (CPUs 1+2)
Request from pid 104280: max_threads=65535, hint_threads=2
[1788509005592] Granted 2 threads to pid 104280 (CPUs 1+2)
Request from pid 104280: max_threads=65535, hint_threads=2
[1788509006151] Granted 2 threads to pid 104280 (CPUs 1+2)
Request from pid 104280: max_threads=65535, hint_threads=2
[1788509006710] Granted 2 threads to pid 104280 (CPUs 1+2)
Request from pid 104280: max_threads=65535, hint_threads=2
[1788509007269] Granted 2 threads to pid 104280 (CPUs 1+2)
Request from pid 104280: max_threads=65535, hint_threads=2
[1788509007829] Granted 2 threads to pid 104280 (CPUs 1+2)
Request from pid 104280: max_threads=65535, hint_threads=2
[1788509008388] Granted 2 threads to pid 104280 (CPUs 1+2)
Request from pid 104280: max_threads=65535, hint_threads=2
[1788509008946] Granted 2 threads to pid 104280 (CPUs 1+2)
Request from pid 104280: max_threads=65535, hint_threads=2
[1788509009505] Granted 2 threads to pid 104280 (CPUs 1+2)
Request from pid 104280: max_threads=65535, hint_threads=2
[1788509010064] Granted 2 threads to pid 104280 (CPUs 1+2)
Request from pid 104280: max_threads=65535, hint_threads=2
[1788509010623] Granted 2 threads to pid 104280 (CPUs 1+2)
Request from pid 104280: max_threads=65535, hint_threads=2
[1788509011182] Granted 2 threads to pid 104280 (CPUs 1+2)
Request from pid 104280: max_threads=65535, hint_threads=2
[1788509011741] Granted 2 threads to pid 104280 (CPUs 1+2)
Request from pid 104280: max_threads=65535, hint_threads=2
[1788509012300] Granted 2 threads to pid 104280 (CPUs 1+2)
Request from pid 104280: max_threads=65535, hint_threads=2
[1788509012859] Granted 2 threads to pid 104280 (CPUs 1+2)
Request from pid 104280: max_threads=65535, hint_threads=2
[1788509013418] Granted 2 threads to pid 104280 (CPUs 1+2)
Request from pid 104280: max_threads=65535, hint_threads=2
[1788509013977] Granted 2 threads to pid 104280 (CPUs 1+2)
Request from pid 104280: max_threads=65535, hint_threads=2
[1788509014535] Granted 2 threads to pid 104280 (CPUs 1+2)
Request from pid 104280: max_threads=65535, hint_threads=2
[1788509015094] Granted 2 threads to pid 104280 (CPUs 1+2)
Request from pid 104280: max_threads=65535, hint_threads=2
[1788509015653] Granted 2 threads to pid 104280 (CPUs 1+2)
Request from pid 104280: max_threads=65535, hint_threads=2
[1788509016212] Granted 2 threads to pid 104280 (CPUs 1+2)
Request from pid 104280: max_threads=65535, hint_threads=2
[1788509016771] Granted 2 threads to pid 104280 (CPUs 1+2)
Request from pid 104280: max_threads=65535, hint_threads=2
[1788509017330] Granted 2 threads to pid 104280 (CPUs 1+2)
Request from pid 104280: max_threads=65535, hint_threads=2
[1788509017889] Granted 2 threads to pid 104280 (CPUs 1+2)
Request from pid 104280: max_threads=65535, hint_threads=2
[1788509018448] Granted 2 threads to pid 104280 (CPUs 1+2)
Request from pid 104280: max_threads=65535, hint_threads=2
[1788509019007] Granted 2 threads to pid 104280 (CPUs 1+2)
Request from pid 104280: max_threads=65535, hint_threads=2
[1788509019566] Granted 2 threads to pid 104280 (CPUs 1+2)
Request from pid 104280: max_threads=65535, hint_threads=2
[1788509020125] Granted 2 threads to pid 104280 (CPUs 1+2)
Request from pid 104280: max_threads=65535, hint_threads=2
[1788509020684] Granted 2 threads to pid 104280 (CPUs 1+2)
Request from pid 104280: max_threads=65535, hint_threads=2
[1788509021243] Granted 2 threads to pid 104280 (CPUs 1+2)
Request from pid 104280: max_threads=65535, hint_threads=2
[1788509021802] Granted 2 threads to pid 104280 (CPUs 1+2)
Request from pid 104280: max_threads=65535, hint_threads=2
[1788509022360] Granted 2 threads to pid 104280 (CPUs 1+2)
Request from pid 104280: max_threads=65535, hint_threads=2
[1788509022919] Granted 2 threads to pid 104280 (CPUs 1+2)
[1788509022923] Client pid 104280 disconnected — removed from state
Accepted connection
Handling client
Request from pid 104360: max_threads=65535, hint_threads=2
[1788509031095] Granted 2 threads to pid 104360 (CPUs 1+2)
Request from pid 104360: max_threads=65535, hint_threads=2
[1788509088815] Granted 2 threads to pid 104360 (CPUs 1+2)
Read error: Connection reset by peer (os error 104)
Starting DRM at Fri Sep  4 10:04:50 CEST 2026, capacity=2, cpu_pool=56,57
CPU pool (2 cores): 56–57
Listening on /tmp/omp-rm.sock (capacity=2, strategy=fair_share)
Accepted connection
Handling client
Request from pid 104497: max_threads=65535, hint_threads=2
[1788509091372] Granted 2 threads to pid 104497 (CPUs 56+2)
Request from pid 104497: max_threads=65535, hint_threads=2
[1788509092224] Granted 2 threads to pid 104497 (CPUs 56+2)
Request from pid 104497: max_threads=65535, hint_threads=2
[1788509093132] Granted 2 threads to pid 104497 (CPUs 56+2)
Request from pid 104497: max_threads=65535, hint_threads=2
[1788509094825] Granted 2 threads to pid 104497 (CPUs 56+2)
Request from pid 104497: max_threads=65535, hint_threads=2
[1788509095359] Granted 2 threads to pid 104497 (CPUs 56+2)
Request from pid 104497: max_threads=65535, hint_threads=2
[1788509096839] Granted 2 threads to pid 104497 (CPUs 56+2)
Request from pid 104497: max_threads=65535, hint_threads=2
[1788509098005] Granted 2 threads to pid 104497 (CPUs 56+2)
Request from pid 104497: max_threads=65535, hint_threads=2
[1788509099659] Granted 2 threads to pid 104497 (CPUs 56+2)
Request from pid 104497: max_threads=65535, hint_threads=2
[1788509100612] Granted 2 threads to pid 104497 (CPUs 56+2)
Request from pid 104497: max_threads=65535, hint_threads=2
[1788509102266] Granted 2 threads to pid 104497 (CPUs 56+2)
Request from pid 104497: max_threads=65535, hint_threads=2
[1788509103217] Granted 2 threads to pid 104497 (CPUs 56+2)
Request from pid 104497: max_threads=65535, hint_threads=2
[1788509104871] Granted 2 threads to pid 104497 (CPUs 56+2)
Request from pid 104497: max_threads=65535, hint_threads=2
[1788509105823] Granted 2 threads to pid 104497 (CPUs 56+2)
Request from pid 104497: max_threads=65535, hint_threads=2
[1788509107477] Granted 2 threads to pid 104497 (CPUs 56+2)
Request from pid 104497: max_threads=65535, hint_threads=2
[1788509108428] Granted 2 threads to pid 104497 (CPUs 56+2)
Request from pid 104497: max_threads=65535, hint_threads=2
[1788509110081] Granted 2 threads to pid 104497 (CPUs 56+2)
Request from pid 104497: max_threads=65535, hint_threads=2
[1788509111032] Granted 2 threads to pid 104497 (CPUs 56+2)
Request from pid 104497: max_threads=65535, hint_threads=2
[1788509112687] Granted 2 threads to pid 104497 (CPUs 56+2)
Request from pid 104497: max_threads=65535, hint_threads=2
[1788509113640] Granted 2 threads to pid 104497 (CPUs 56+2)
Request from pid 104497: max_threads=65535, hint_threads=2
[1788509115293] Granted 2 threads to pid 104497 (CPUs 56+2)
Request from pid 104497: max_threads=65535, hint_threads=2
[1788509116245] Granted 2 threads to pid 104497 (CPUs 56+2)
Request from pid 104497: max_threads=65535, hint_threads=2
[1788509117898] Granted 2 threads to pid 104497 (CPUs 56+2)
Request from pid 104497: max_threads=65535, hint_threads=2
[1788509118850] Granted 2 threads to pid 104497 (CPUs 56+2)
Request from pid 104497: max_threads=65535, hint_threads=2
[1788509120504] Granted 2 threads to pid 104497 (CPUs 56+2)
Request from pid 104497: max_threads=65535, hint_threads=2
[1788509121456] Granted 2 threads to pid 104497 (CPUs 56+2)
Request from pid 104497: max_threads=65535, hint_threads=2
[1788509123109] Granted 2 threads to pid 104497 (CPUs 56+2)
Request from pid 104497: max_threads=65535, hint_threads=2
[1788509124059] Granted 2 threads to pid 104497 (CPUs 56+2)
Request from pid 104497: max_threads=65535, hint_threads=2
[1788509125713] Granted 2 threads to pid 104497 (CPUs 56+2)
Request from pid 104497: max_threads=65535, hint_threads=2
[1788509126663] Granted 2 threads to pid 104497 (CPUs 56+2)
Request from pid 104497: max_threads=65535, hint_threads=2
[1788509128316] Granted 2 threads to pid 104497 (CPUs 56+2)
Request from pid 104497: max_threads=65535, hint_threads=2
[1788509129267] Granted 2 threads to pid 104497 (CPUs 56+2)
Request from pid 104497: max_threads=65535, hint_threads=2
[1788509130920] Granted 2 threads to pid 104497 (CPUs 56+2)
Request from pid 104497: max_threads=65535, hint_threads=2
[1788509131871] Granted 2 threads to pid 104497 (CPUs 56+2)
Request from pid 104497: max_threads=65535, hint_threads=2
[1788509133525] Granted 2 threads to pid 104497 (CPUs 56+2)
Request from pid 104497: max_threads=65535, hint_threads=2
[1788509134476] Granted 2 threads to pid 104497 (CPUs 56+2)
Request from pid 104497: max_threads=65535, hint_threads=2
[1788509136129] Granted 2 threads to pid 104497 (CPUs 56+2)
Request from pid 104497: max_threads=65535, hint_threads=2
[1788509137079] Granted 2 threads to pid 104497 (CPUs 56+2)
Request from pid 104497: max_threads=65535, hint_threads=2
[1788509138733] Granted 2 threads to pid 104497 (CPUs 56+2)
Request from pid 104497: max_threads=65535, hint_threads=2
[1788509139684] Granted 2 threads to pid 104497 (CPUs 56+2)
Request from pid 104497: max_threads=65535, hint_threads=2
[1788509141337] Granted 2 threads to pid 104497 (CPUs 56+2)
Request from pid 104497: max_threads=65535, hint_threads=2
[1788509142289] Granted 2 threads to pid 104497 (CPUs 56+2)
Request from pid 104497: max_threads=65535, hint_threads=2
[1788509143942] Granted 2 threads to pid 104497 (CPUs 56+2)
Request from pid 104497: max_threads=65535, hint_threads=2
[1788509144893] Granted 2 threads to pid 104497 (CPUs 56+2)
Request from pid 104497: max_threads=65535, hint_threads=2
[1788509146546] Granted 2 threads to pid 104497 (CPUs 56+2)
Request from pid 104497: max_threads=65535, hint_threads=2
[1788509147495] Granted 2 threads to pid 104497 (CPUs 56+2)
Request from pid 104497: max_threads=65535, hint_threads=2
[1788509149149] Granted 2 threads to pid 104497 (CPUs 56+2)
Request from pid 104497: max_threads=65535, hint_threads=2
[1788509149885] Granted 2 threads to pid 104497 (CPUs 56+2)
Read error: Connection reset by peer (os error 104)
Accepted connection
Handling client
Request from pid 104573: max_threads=65535, hint_threads=2
[1788509152553] Granted 1 threads to pid 104573 (CPUs 57+1)
Request from pid 104573: max_threads=65535, hint_threads=2
[1788509158533] Granted 2 threads to pid 104573 (CPUs 56+2)
Request from pid 104573: max_threads=65535, hint_threads=2
[1788509159169] Granted 2 threads to pid 104573 (CPUs 56+2)
Request from pid 104573: max_threads=65535, hint_threads=2
[1788509159804] Granted 2 threads to pid 104573 (CPUs 56+2)
Request from pid 104573: max_threads=65535, hint_threads=2
[1788509160439] Granted 2 threads to pid 104573 (CPUs 56+2)
Request from pid 104573: max_threads=65535, hint_threads=2
[1788509161074] Granted 2 threads to pid 104573 (CPUs 56+2)
Request from pid 104573: max_threads=65535, hint_threads=2
[1788509161708] Granted 2 threads to pid 104573 (CPUs 56+2)
Request from pid 104573: max_threads=65535, hint_threads=2
[1788509162343] Granted 2 threads to pid 104573 (CPUs 56+2)
Request from pid 104573: max_threads=65535, hint_threads=2
[1788509162979] Granted 2 threads to pid 104573 (CPUs 56+2)
Request from pid 104573: max_threads=65535, hint_threads=2
[1788509163613] Granted 2 threads to pid 104573 (CPUs 56+2)
Request from pid 104573: max_threads=65535, hint_threads=2
[1788509164248] Granted 2 threads to pid 104573 (CPUs 56+2)
Request from pid 104573: max_threads=65535, hint_threads=2
[1788509164883] Granted 2 threads to pid 104573 (CPUs 56+2)
Request from pid 104573: max_threads=65535, hint_threads=2
[1788509165517] Granted 2 threads to pid 104573 (CPUs 56+2)
Request from pid 104573: max_threads=65535, hint_threads=2
[1788509166152] Granted 2 threads to pid 104573 (CPUs 56+2)
Request from pid 104573: max_threads=65535, hint_threads=2
[1788509166787] Granted 2 threads to pid 104573 (CPUs 56+2)
Request from pid 104573: max_threads=65535, hint_threads=2
[1788509167423] Granted 2 threads to pid 104573 (CPUs 56+2)
Request from pid 104573: max_threads=65535, hint_threads=2
[1788509168057] Granted 2 threads to pid 104573 (CPUs 56+2)
Request from pid 104573: max_threads=65535, hint_threads=2
[1788509168692] Granted 2 threads to pid 104573 (CPUs 56+2)
Request from pid 104573: max_threads=65535, hint_threads=2
[1788509169327] Granted 2 threads to pid 104573 (CPUs 56+2)
Request from pid 104573: max_threads=65535, hint_threads=2
[1788509169962] Granted 2 threads to pid 104573 (CPUs 56+2)
Request from pid 104573: max_threads=65535, hint_threads=2
[1788509170596] Granted 2 threads to pid 104573 (CPUs 56+2)
Request from pid 104573: max_threads=65535, hint_threads=2
[1788509171231] Granted 2 threads to pid 104573 (CPUs 56+2)
Request from pid 104573: max_threads=65535, hint_threads=2
[1788509171866] Granted 2 threads to pid 104573 (CPUs 56+2)
Request from pid 104573: max_threads=65535, hint_threads=2
[1788509172500] Granted 2 threads to pid 104573 (CPUs 56+2)
Request from pid 104573: max_threads=65535, hint_threads=2
[1788509173138] Granted 2 threads to pid 104573 (CPUs 56+2)
Request from pid 104573: max_threads=65535, hint_threads=2
[1788509173774] Granted 2 threads to pid 104573 (CPUs 56+2)
Request from pid 104573: max_threads=65535, hint_threads=2
[1788509174410] Granted 2 threads to pid 104573 (CPUs 56+2)
Request from pid 104573: max_threads=65535, hint_threads=2
[1788509175046] Granted 2 threads to pid 104573 (CPUs 56+2)
Request from pid 104573: max_threads=65535, hint_threads=2
[1788509175682] Granted 2 threads to pid 104573 (CPUs 56+2)
Request from pid 104573: max_threads=65535, hint_threads=2
[1788509176318] Granted 2 threads to pid 104573 (CPUs 56+2)
Request from pid 104573: max_threads=65535, hint_threads=2
[1788509176953] Granted 2 threads to pid 104573 (CPUs 56+2)
Request from pid 104573: max_threads=65535, hint_threads=2
[1788509177589] Granted 2 threads to pid 104573 (CPUs 56+2)
Request from pid 104573: max_threads=65535, hint_threads=2
[1788509178225] Granted 2 threads to pid 104573 (CPUs 56+2)
Request from pid 104573: max_threads=65535, hint_threads=2
[1788509178860] Granted 2 threads to pid 104573 (CPUs 56+2)
Request from pid 104573: max_threads=65535, hint_threads=2
[1788509179496] Granted 2 threads to pid 104573 (CPUs 56+2)
Request from pid 104573: max_threads=65535, hint_threads=2
[1788509180131] Granted 2 threads to pid 104573 (CPUs 56+2)
Request from pid 104573: max_threads=65535, hint_threads=2
[1788509180768] Granted 2 threads to pid 104573 (CPUs 56+2)
Request from pid 104573: max_threads=65535, hint_threads=2
[1788509181404] Granted 2 threads to pid 104573 (CPUs 56+2)
Request from pid 104573: max_threads=65535, hint_threads=2
[1788509182039] Granted 2 threads to pid 104573 (CPUs 56+2)
Request from pid 104573: max_threads=65535, hint_threads=2
[1788509182675] Granted 2 threads to pid 104573 (CPUs 56+2)
Request from pid 104573: max_threads=65535, hint_threads=2
[1788509183310] Granted 2 threads to pid 104573 (CPUs 56+2)
Request from pid 104573: max_threads=65535, hint_threads=2
[1788509183946] Granted 2 threads to pid 104573 (CPUs 56+2)
Request from pid 104573: max_threads=65535, hint_threads=2
[1788509184581] Granted 2 threads to pid 104573 (CPUs 56+2)
Request from pid 104573: max_threads=65535, hint_threads=2
[1788509185217] Granted 2 threads to pid 104573 (CPUs 56+2)
Request from pid 104573: max_threads=65535, hint_threads=2
[1788509185852] Granted 2 threads to pid 104573 (CPUs 56+2)
Request from pid 104573: max_threads=65535, hint_threads=2
[1788509186488] Granted 2 threads to pid 104573 (CPUs 56+2)
Request from pid 104573: max_threads=65535, hint_threads=2
[1788509187123] Granted 2 threads to pid 104573 (CPUs 56+2)
Request from pid 104573: max_threads=65535, hint_threads=2
[1788509187759] Granted 2 threads to pid 104573 (CPUs 56+2)
Request from pid 104573: max_threads=65535, hint_threads=2
[1788509188394] Granted 2 threads to pid 104573 (CPUs 56+2)
Request from pid 104573: max_threads=65535, hint_threads=2
[1788509189029] Granted 2 threads to pid 104573 (CPUs 56+2)
Request from pid 104573: max_threads=65535, hint_threads=2
[1788509189665] Granted 2 threads to pid 104573 (CPUs 56+2)
Request from pid 104573: max_threads=65535, hint_threads=2
[1788509190300] Granted 2 threads to pid 104573 (CPUs 56+2)
Request from pid 104573: max_threads=65535, hint_threads=2
[1788509190936] Granted 2 threads to pid 104573 (CPUs 56+2)
Request from pid 104573: max_threads=65535, hint_threads=2
[1788509191571] Granted 2 threads to pid 104573 (CPUs 56+2)
Request from pid 104573: max_threads=65535, hint_threads=2
[1788509192206] Granted 2 threads to pid 104573 (CPUs 56+2)
Request from pid 104573: max_threads=65535, hint_threads=2
[1788509192842] Granted 2 threads to pid 104573 (CPUs 56+2)
Request from pid 104573: max_threads=65535, hint_threads=2
[1788509193477] Granted 2 threads to pid 104573 (CPUs 56+2)
Request from pid 104573: max_threads=65535, hint_threads=2
[1788509194112] Granted 2 threads to pid 104573 (CPUs 56+2)
Request from pid 104573: max_threads=65535, hint_threads=2
[1788509194747] Granted 2 threads to pid 104573 (CPUs 56+2)
Request from pid 104573: max_threads=65535, hint_threads=2
[1788509195383] Granted 2 threads to pid 104573 (CPUs 56+2)
Request from pid 104573: max_threads=65535, hint_threads=2
[1788509196018] Granted 2 threads to pid 104573 (CPUs 56+2)
Request from pid 104573: max_threads=65535, hint_threads=2
[1788509196653] Granted 2 threads to pid 104573 (CPUs 56+2)
Request from pid 104573: max_threads=65535, hint_threads=2
[1788509197289] Granted 2 threads to pid 104573 (CPUs 56+2)
Request from pid 104573: max_threads=65535, hint_threads=2
[1788509197924] Granted 2 threads to pid 104573 (CPUs 56+2)
Request from pid 104573: max_threads=65535, hint_threads=2
[1788509198559] Granted 2 threads to pid 104573 (CPUs 56+2)
Request from pid 104573: max_threads=65535, hint_threads=2
[1788509199194] Granted 2 threads to pid 104573 (CPUs 56+2)
Request from pid 104573: max_threads=65535, hint_threads=2
[1788509199829] Granted 2 threads to pid 104573 (CPUs 56+2)
Request from pid 104573: max_threads=65535, hint_threads=2
[1788509200465] Granted 2 threads to pid 104573 (CPUs 56+2)
Request from pid 104573: max_threads=65535, hint_threads=2
[1788509201100] Granted 2 threads to pid 104573 (CPUs 56+2)
Request from pid 104573: max_threads=65535, hint_threads=2
[1788509201735] Granted 2 threads to pid 104573 (CPUs 56+2)
Request from pid 104573: max_threads=65535, hint_threads=2
[1788509202370] Granted 2 threads to pid 104573 (CPUs 56+2)
Request from pid 104573: max_threads=65535, hint_threads=2
[1788509203006] Granted 2 threads to pid 104573 (CPUs 56+2)
Request from pid 104573: max_threads=65535, hint_threads=2
[1788509203642] Granted 2 threads to pid 104573 (CPUs 56+2)
Request from pid 104573: max_threads=65535, hint_threads=2
[1788509204278] Granted 2 threads to pid 104573 (CPUs 56+2)
Request from pid 104573: max_threads=65535, hint_threads=2
[1788509204913] Granted 2 threads to pid 104573 (CPUs 56+2)
Request from pid 104573: max_threads=65535, hint_threads=2
[1788509205549] Granted 2 threads to pid 104573 (CPUs 56+2)
Request from pid 104573: max_threads=65535, hint_threads=2
[1788509206185] Granted 2 threads to pid 104573 (CPUs 56+2)
[1788509206188] Client pid 104573 disconnected — removed from state
Accepted connection
Handling client
Request from pid 104656: max_threads=65535, hint_threads=2
[1788509208229] Granted 2 threads to pid 104656 (CPUs 56+2)
Request from pid 104656: max_threads=65535, hint_threads=2
[1788509265924] Granted 2 threads to pid 104656 (CPUs 56+2)
Read error: Connection reset by peer (os error 104)
Starting DRM at Fri Sep  4 10:07:48 CEST 2026, capacity=4, cpu_pool=1,2,3,4
CPU pool (4 cores): 1–4
Listening on /tmp/omp-rm.sock (capacity=4, strategy=fair_share)
Accepted connection
Handling client
Request from pid 104747: max_threads=65535, hint_threads=4
[1788509268555] Granted 4 threads to pid 104747 (CPUs 1+4)
Request from pid 104747: max_threads=65535, hint_threads=4
[1788509268999] Granted 4 threads to pid 104747 (CPUs 1+4)
Request from pid 104747: max_threads=65535, hint_threads=4
[1788509269450] Granted 4 threads to pid 104747 (CPUs 1+4)
Request from pid 104747: max_threads=65535, hint_threads=4
[1788509270293] Granted 4 threads to pid 104747 (CPUs 1+4)
Request from pid 104747: max_threads=65535, hint_threads=4
[1788509270557] Granted 4 threads to pid 104747 (CPUs 1+4)
Request from pid 104747: max_threads=65535, hint_threads=4
[1788509271292] Granted 4 threads to pid 104747 (CPUs 1+4)
Request from pid 104747: max_threads=65535, hint_threads=4
[1788509271877] Granted 4 threads to pid 104747 (CPUs 1+4)
Request from pid 104747: max_threads=65535, hint_threads=4
[1788509272698] Granted 4 threads to pid 104747 (CPUs 1+4)
Request from pid 104747: max_threads=65535, hint_threads=4
[1788509273175] Granted 4 threads to pid 104747 (CPUs 1+4)
Request from pid 104747: max_threads=65535, hint_threads=4
[1788509273996] Granted 4 threads to pid 104747 (CPUs 1+4)
Request from pid 104747: max_threads=65535, hint_threads=4
[1788509274474] Granted 4 threads to pid 104747 (CPUs 1+4)
Request from pid 104747: max_threads=65535, hint_threads=4
[1788509275297] Granted 4 threads to pid 104747 (CPUs 1+4)
Request from pid 104747: max_threads=65535, hint_threads=4
[1788509275774] Granted 4 threads to pid 104747 (CPUs 1+4)
Request from pid 104747: max_threads=65535, hint_threads=4
[1788509276595] Granted 4 threads to pid 104747 (CPUs 1+4)
Request from pid 104747: max_threads=65535, hint_threads=4
[1788509277072] Granted 4 threads to pid 104747 (CPUs 1+4)
Request from pid 104747: max_threads=65535, hint_threads=4
[1788509277893] Granted 4 threads to pid 104747 (CPUs 1+4)
Request from pid 104747: max_threads=65535, hint_threads=4
[1788509278370] Granted 4 threads to pid 104747 (CPUs 1+4)
Request from pid 104747: max_threads=65535, hint_threads=4
[1788509279193] Granted 4 threads to pid 104747 (CPUs 1+4)
Request from pid 104747: max_threads=65535, hint_threads=4
[1788509279670] Granted 4 threads to pid 104747 (CPUs 1+4)
Request from pid 104747: max_threads=65535, hint_threads=4
[1788509280491] Granted 4 threads to pid 104747 (CPUs 1+4)
Request from pid 104747: max_threads=65535, hint_threads=4
[1788509280968] Granted 4 threads to pid 104747 (CPUs 1+4)
Request from pid 104747: max_threads=65535, hint_threads=4
[1788509281789] Granted 4 threads to pid 104747 (CPUs 1+4)
Request from pid 104747: max_threads=65535, hint_threads=4
[1788509282266] Granted 4 threads to pid 104747 (CPUs 1+4)
Request from pid 104747: max_threads=65535, hint_threads=4
[1788509283087] Granted 4 threads to pid 104747 (CPUs 1+4)
Request from pid 104747: max_threads=65535, hint_threads=4
[1788509283565] Granted 4 threads to pid 104747 (CPUs 1+4)
Request from pid 104747: max_threads=65535, hint_threads=4
[1788509284387] Granted 4 threads to pid 104747 (CPUs 1+4)
Request from pid 104747: max_threads=65535, hint_threads=4
[1788509284864] Granted 4 threads to pid 104747 (CPUs 1+4)
Request from pid 104747: max_threads=65535, hint_threads=4
[1788509285685] Granted 4 threads to pid 104747 (CPUs 1+4)
Request from pid 104747: max_threads=65535, hint_threads=4
[1788509286162] Granted 4 threads to pid 104747 (CPUs 1+4)
Request from pid 104747: max_threads=65535, hint_threads=4
[1788509286984] Granted 4 threads to pid 104747 (CPUs 1+4)
Request from pid 104747: max_threads=65535, hint_threads=4
[1788509287461] Granted 4 threads to pid 104747 (CPUs 1+4)
Request from pid 104747: max_threads=65535, hint_threads=4
[1788509288284] Granted 4 threads to pid 104747 (CPUs 1+4)
Request from pid 104747: max_threads=65535, hint_threads=4
[1788509288762] Granted 4 threads to pid 104747 (CPUs 1+4)
Request from pid 104747: max_threads=65535, hint_threads=4
[1788509289583] Granted 4 threads to pid 104747 (CPUs 1+4)
Request from pid 104747: max_threads=65535, hint_threads=4
[1788509290061] Granted 4 threads to pid 104747 (CPUs 1+4)
Request from pid 104747: max_threads=65535, hint_threads=4
[1788509290883] Granted 4 threads to pid 104747 (CPUs 1+4)
Request from pid 104747: max_threads=65535, hint_threads=4
[1788509291360] Granted 4 threads to pid 104747 (CPUs 1+4)
Request from pid 104747: max_threads=65535, hint_threads=4
[1788509292181] Granted 4 threads to pid 104747 (CPUs 1+4)
Request from pid 104747: max_threads=65535, hint_threads=4
[1788509292661] Granted 4 threads to pid 104747 (CPUs 1+4)
Request from pid 104747: max_threads=65535, hint_threads=4
[1788509293482] Granted 4 threads to pid 104747 (CPUs 1+4)
Request from pid 104747: max_threads=65535, hint_threads=4
[1788509293961] Granted 4 threads to pid 104747 (CPUs 1+4)
Request from pid 104747: max_threads=65535, hint_threads=4
[1788509294783] Granted 4 threads to pid 104747 (CPUs 1+4)
Request from pid 104747: max_threads=65535, hint_threads=4
[1788509295262] Granted 4 threads to pid 104747 (CPUs 1+4)
Request from pid 104747: max_threads=65535, hint_threads=4
[1788509296084] Granted 4 threads to pid 104747 (CPUs 1+4)
Request from pid 104747: max_threads=65535, hint_threads=4
[1788509296563] Granted 4 threads to pid 104747 (CPUs 1+4)
Request from pid 104747: max_threads=65535, hint_threads=4
[1788509297385] Granted 4 threads to pid 104747 (CPUs 1+4)
Request from pid 104747: max_threads=65535, hint_threads=4
[1788509297756] Granted 4 threads to pid 104747 (CPUs 1+4)
Read error: Connection reset by peer (os error 104)
Accepted connection
Handling client
Request from pid 104814: max_threads=65535, hint_threads=4
[1788509300153] Granted 2 threads to pid 104814 (CPUs 3+2)
Request from pid 104814: max_threads=65535, hint_threads=4
[1788509303142] Granted 4 threads to pid 104814 (CPUs 1+4)
Request from pid 104814: max_threads=65535, hint_threads=4
[1788509303472] Granted 4 threads to pid 104814 (CPUs 1+4)
Request from pid 104814: max_threads=65535, hint_threads=4
[1788509303794] Granted 4 threads to pid 104814 (CPUs 1+4)
Request from pid 104814: max_threads=65535, hint_threads=4
[1788509304115] Granted 4 threads to pid 104814 (CPUs 1+4)
Request from pid 104814: max_threads=65535, hint_threads=4
[1788509304437] Granted 4 threads to pid 104814 (CPUs 1+4)
Request from pid 104814: max_threads=65535, hint_threads=4
[1788509304758] Granted 4 threads to pid 104814 (CPUs 1+4)
Request from pid 104814: max_threads=65535, hint_threads=4
[1788509305079] Granted 4 threads to pid 104814 (CPUs 1+4)
Request from pid 104814: max_threads=65535, hint_threads=4
[1788509305720] Granted 4 threads to pid 104814 (CPUs 1+4)
Request from pid 104814: max_threads=65535, hint_threads=4
[1788509306041] Granted 4 threads to pid 104814 (CPUs 1+4)
Request from pid 104814: max_threads=65535, hint_threads=4
[1788509306683] Granted 4 threads to pid 104814 (CPUs 1+4)
Request from pid 104814: max_threads=65535, hint_threads=4
[1788509307004] Granted 4 threads to pid 104814 (CPUs 1+4)
Request from pid 104814: max_threads=65535, hint_threads=4
[1788509307325] Granted 4 threads to pid 104814 (CPUs 1+4)
Request from pid 104814: max_threads=65535, hint_threads=4
[1788509307646] Granted 4 threads to pid 104814 (CPUs 1+4)
Request from pid 104814: max_threads=65535, hint_threads=4
[1788509307968] Granted 4 threads to pid 104814 (CPUs 1+4)
Request from pid 104814: max_threads=65535, hint_threads=4
[1788509308288] Granted 4 threads to pid 104814 (CPUs 1+4)
Request from pid 104814: max_threads=65535, hint_threads=4
[1788509308609] Granted 4 threads to pid 104814 (CPUs 1+4)
Request from pid 104814: max_threads=65535, hint_threads=4
[1788509308930] Granted 4 threads to pid 104814 (CPUs 1+4)
Request from pid 104814: max_threads=65535, hint_threads=4
[1788509309250] Granted 4 threads to pid 104814 (CPUs 1+4)
Request from pid 104814: max_threads=65535, hint_threads=4
[1788509309572] Granted 4 threads to pid 104814 (CPUs 1+4)
Request from pid 104814: max_threads=65535, hint_threads=4
[1788509309893] Granted 4 threads to pid 104814 (CPUs 1+4)
Request from pid 104814: max_threads=65535, hint_threads=4
[1788509310213] Granted 4 threads to pid 104814 (CPUs 1+4)
Request from pid 104814: max_threads=65535, hint_threads=4
[1788509310855] Granted 4 threads to pid 104814 (CPUs 1+4)
Request from pid 104814: max_threads=65535, hint_threads=4
[1788509311175] Granted 4 threads to pid 104814 (CPUs 1+4)
Request from pid 104814: max_threads=65535, hint_threads=4
[1788509311497] Granted 4 threads to pid 104814 (CPUs 1+4)
Request from pid 104814: max_threads=65535, hint_threads=4
[1788509311818] Granted 4 threads to pid 104814 (CPUs 1+4)
Request from pid 104814: max_threads=65535, hint_threads=4
[1788509312138] Granted 4 threads to pid 104814 (CPUs 1+4)
Request from pid 104814: max_threads=65535, hint_threads=4
[1788509312459] Granted 4 threads to pid 104814 (CPUs 1+4)
Request from pid 104814: max_threads=65535, hint_threads=4
[1788509312779] Granted 4 threads to pid 104814 (CPUs 1+4)
Request from pid 104814: max_threads=65535, hint_threads=4
[1788509313100] Granted 4 threads to pid 104814 (CPUs 1+4)
Request from pid 104814: max_threads=65535, hint_threads=4
[1788509313421] Granted 4 threads to pid 104814 (CPUs 1+4)
Request from pid 104814: max_threads=65535, hint_threads=4
[1788509313742] Granted 4 threads to pid 104814 (CPUs 1+4)
Request from pid 104814: max_threads=65535, hint_threads=4
[1788509314062] Granted 4 threads to pid 104814 (CPUs 1+4)
Request from pid 104814: max_threads=65535, hint_threads=4
[1788509314383] Granted 4 threads to pid 104814 (CPUs 1+4)
Request from pid 104814: max_threads=65535, hint_threads=4
[1788509314704] Granted 4 threads to pid 104814 (CPUs 1+4)
Request from pid 104814: max_threads=65535, hint_threads=4
[1788509315024] Granted 4 threads to pid 104814 (CPUs 1+4)
Request from pid 104814: max_threads=65535, hint_threads=4
[1788509315665] Granted 4 threads to pid 104814 (CPUs 1+4)
Request from pid 104814: max_threads=65535, hint_threads=4
[1788509315987] Granted 4 threads to pid 104814 (CPUs 1+4)
Request from pid 104814: max_threads=65535, hint_threads=4
[1788509316307] Granted 4 threads to pid 104814 (CPUs 1+4)
Request from pid 104814: max_threads=65535, hint_threads=4
[1788509316628] Granted 4 threads to pid 104814 (CPUs 1+4)
Request from pid 104814: max_threads=65535, hint_threads=4
[1788509316948] Granted 4 threads to pid 104814 (CPUs 1+4)
Request from pid 104814: max_threads=65535, hint_threads=4
[1788509317269] Granted 4 threads to pid 104814 (CPUs 1+4)
Request from pid 104814: max_threads=65535, hint_threads=4
[1788509317589] Granted 4 threads to pid 104814 (CPUs 1+4)
Request from pid 104814: max_threads=65535, hint_threads=4
[1788509317910] Granted 4 threads to pid 104814 (CPUs 1+4)
Request from pid 104814: max_threads=65535, hint_threads=4
[1788509318230] Granted 4 threads to pid 104814 (CPUs 1+4)
Request from pid 104814: max_threads=65535, hint_threads=4
[1788509318551] Granted 4 threads to pid 104814 (CPUs 1+4)
Request from pid 104814: max_threads=65535, hint_threads=4
[1788509318872] Granted 4 threads to pid 104814 (CPUs 1+4)
Request from pid 104814: max_threads=65535, hint_threads=4
[1788509319193] Granted 4 threads to pid 104814 (CPUs 1+4)
Request from pid 104814: max_threads=65535, hint_threads=4
[1788509319513] Granted 4 threads to pid 104814 (CPUs 1+4)
Request from pid 104814: max_threads=65535, hint_threads=4
[1788509319834] Granted 4 threads to pid 104814 (CPUs 1+4)
Request from pid 104814: max_threads=65535, hint_threads=4
[1788509320154] Granted 4 threads to pid 104814 (CPUs 1+4)
Request from pid 104814: max_threads=65535, hint_threads=4
[1788509320795] Granted 4 threads to pid 104814 (CPUs 1+4)
Request from pid 104814: max_threads=65535, hint_threads=4
[1788509321116] Granted 4 threads to pid 104814 (CPUs 1+4)
Request from pid 104814: max_threads=65535, hint_threads=4
[1788509321437] Granted 4 threads to pid 104814 (CPUs 1+4)
Request from pid 104814: max_threads=65535, hint_threads=4
[1788509321757] Granted 4 threads to pid 104814 (CPUs 1+4)
Request from pid 104814: max_threads=65535, hint_threads=4
[1788509322078] Granted 4 threads to pid 104814 (CPUs 1+4)
Request from pid 104814: max_threads=65535, hint_threads=4
[1788509322398] Granted 4 threads to pid 104814 (CPUs 1+4)
Request from pid 104814: max_threads=65535, hint_threads=4
[1788509322719] Granted 4 threads to pid 104814 (CPUs 1+4)
Request from pid 104814: max_threads=65535, hint_threads=4
[1788509323039] Granted 4 threads to pid 104814 (CPUs 1+4)
Request from pid 104814: max_threads=65535, hint_threads=4
[1788509323680] Granted 4 threads to pid 104814 (CPUs 1+4)
Request from pid 104814: max_threads=65535, hint_threads=4
[1788509324001] Granted 4 threads to pid 104814 (CPUs 1+4)
Request from pid 104814: max_threads=65535, hint_threads=4
[1788509324321] Granted 4 threads to pid 104814 (CPUs 1+4)
Request from pid 104814: max_threads=65535, hint_threads=4
[1788509324642] Granted 4 threads to pid 104814 (CPUs 1+4)
Request from pid 104814: max_threads=65535, hint_threads=4
[1788509324962] Granted 4 threads to pid 104814 (CPUs 1+4)
Request from pid 104814: max_threads=65535, hint_threads=4
[1788509325283] Granted 4 threads to pid 104814 (CPUs 1+4)
Request from pid 104814: max_threads=65535, hint_threads=4
[1788509325924] Granted 4 threads to pid 104814 (CPUs 1+4)
Request from pid 104814: max_threads=65535, hint_threads=4
[1788509326245] Granted 4 threads to pid 104814 (CPUs 1+4)
Request from pid 104814: max_threads=65535, hint_threads=4
[1788509326565] Granted 4 threads to pid 104814 (CPUs 1+4)
Request from pid 104814: max_threads=65535, hint_threads=4
[1788509326886] Granted 4 threads to pid 104814 (CPUs 1+4)
Request from pid 104814: max_threads=65535, hint_threads=4
[1788509327206] Granted 4 threads to pid 104814 (CPUs 1+4)
[1788509327210] Client pid 104814 disconnected — removed from state
Accepted connection
Handling client
Request from pid 104869: max_threads=65535, hint_threads=4
[1788509329258] Granted 4 threads to pid 104869 (CPUs 1+4)
Request from pid 104869: max_threads=65535, hint_threads=4
[1788509358103] Granted 4 threads to pid 104869 (CPUs 1+4)
Read error: Connection reset by peer (os error 104)
Starting DRM at Fri Sep  4 10:09:20 CEST 2026, capacity=4, cpu_pool=56,57,58,59
CPU pool (4 cores): 56–59
Listening on /tmp/omp-rm.sock (capacity=4, strategy=fair_share)
Accepted connection
Handling client
Request from pid 104941: max_threads=65535, hint_threads=4
[1788509360668] Granted 4 threads to pid 104941 (CPUs 56+4)
Request from pid 104941: max_threads=65535, hint_threads=4
[1788509361110] Granted 4 threads to pid 104941 (CPUs 56+4)
Request from pid 104941: max_threads=65535, hint_threads=4
[1788509361574] Granted 4 threads to pid 104941 (CPUs 56+4)
Request from pid 104941: max_threads=65535, hint_threads=4
[1788509362442] Granted 4 threads to pid 104941 (CPUs 56+4)
Request from pid 104941: max_threads=65535, hint_threads=4
[1788509362697] Granted 4 threads to pid 104941 (CPUs 56+4)
Request from pid 104941: max_threads=65535, hint_threads=4
[1788509363456] Granted 4 threads to pid 104941 (CPUs 56+4)
Request from pid 104941: max_threads=65535, hint_threads=4
[1788509364055] Granted 4 threads to pid 104941 (CPUs 56+4)
Request from pid 104941: max_threads=65535, hint_threads=4
[1788509364899] Granted 4 threads to pid 104941 (CPUs 56+4)
Request from pid 104941: max_threads=65535, hint_threads=4
[1788509365391] Granted 4 threads to pid 104941 (CPUs 56+4)
Request from pid 104941: max_threads=65535, hint_threads=4
[1788509366235] Granted 4 threads to pid 104941 (CPUs 56+4)
Request from pid 104941: max_threads=65535, hint_threads=4
[1788509366726] Granted 4 threads to pid 104941 (CPUs 56+4)
Request from pid 104941: max_threads=65535, hint_threads=4
[1788509367570] Granted 4 threads to pid 104941 (CPUs 56+4)
Request from pid 104941: max_threads=65535, hint_threads=4
[1788509368061] Granted 4 threads to pid 104941 (CPUs 56+4)
Request from pid 104941: max_threads=65535, hint_threads=4
[1788509368906] Granted 4 threads to pid 104941 (CPUs 56+4)
Request from pid 104941: max_threads=65535, hint_threads=4
[1788509369397] Granted 4 threads to pid 104941 (CPUs 56+4)
Request from pid 104941: max_threads=65535, hint_threads=4
[1788509370240] Granted 4 threads to pid 104941 (CPUs 56+4)
Request from pid 104941: max_threads=65535, hint_threads=4
[1788509370731] Granted 4 threads to pid 104941 (CPUs 56+4)
Request from pid 104941: max_threads=65535, hint_threads=4
[1788509371575] Granted 4 threads to pid 104941 (CPUs 56+4)
Request from pid 104941: max_threads=65535, hint_threads=4
[1788509372065] Granted 4 threads to pid 104941 (CPUs 56+4)
Request from pid 104941: max_threads=65535, hint_threads=4
[1788509372909] Granted 4 threads to pid 104941 (CPUs 56+4)
Request from pid 104941: max_threads=65535, hint_threads=4
[1788509373399] Granted 4 threads to pid 104941 (CPUs 56+4)
Request from pid 104941: max_threads=65535, hint_threads=4
[1788509374244] Granted 4 threads to pid 104941 (CPUs 56+4)
Request from pid 104941: max_threads=65535, hint_threads=4
[1788509374735] Granted 4 threads to pid 104941 (CPUs 56+4)
Request from pid 104941: max_threads=65535, hint_threads=4
[1788509375579] Granted 4 threads to pid 104941 (CPUs 56+4)
Request from pid 104941: max_threads=65535, hint_threads=4
[1788509376070] Granted 4 threads to pid 104941 (CPUs 56+4)
Request from pid 104941: max_threads=65535, hint_threads=4
[1788509376914] Granted 4 threads to pid 104941 (CPUs 56+4)
Request from pid 104941: max_threads=65535, hint_threads=4
[1788509377404] Granted 4 threads to pid 104941 (CPUs 56+4)
Request from pid 104941: max_threads=65535, hint_threads=4
[1788509378249] Granted 4 threads to pid 104941 (CPUs 56+4)
Request from pid 104941: max_threads=65535, hint_threads=4
[1788509378738] Granted 4 threads to pid 104941 (CPUs 56+4)
Request from pid 104941: max_threads=65535, hint_threads=4
[1788509379584] Granted 4 threads to pid 104941 (CPUs 56+4)
Request from pid 104941: max_threads=65535, hint_threads=4
[1788509380075] Granted 4 threads to pid 104941 (CPUs 56+4)
Request from pid 104941: max_threads=65535, hint_threads=4
[1788509380918] Granted 4 threads to pid 104941 (CPUs 56+4)
Request from pid 104941: max_threads=65535, hint_threads=4
[1788509381408] Granted 4 threads to pid 104941 (CPUs 56+4)
Request from pid 104941: max_threads=65535, hint_threads=4
[1788509382254] Granted 4 threads to pid 104941 (CPUs 56+4)
Request from pid 104941: max_threads=65535, hint_threads=4
[1788509382745] Granted 4 threads to pid 104941 (CPUs 56+4)
Request from pid 104941: max_threads=65535, hint_threads=4
[1788509383590] Granted 4 threads to pid 104941 (CPUs 56+4)
Request from pid 104941: max_threads=65535, hint_threads=4
[1788509384081] Granted 4 threads to pid 104941 (CPUs 56+4)
Request from pid 104941: max_threads=65535, hint_threads=4
[1788509384925] Granted 4 threads to pid 104941 (CPUs 56+4)
Request from pid 104941: max_threads=65535, hint_threads=4
[1788509385415] Granted 4 threads to pid 104941 (CPUs 56+4)
Request from pid 104941: max_threads=65535, hint_threads=4
[1788509386260] Granted 4 threads to pid 104941 (CPUs 56+4)
Request from pid 104941: max_threads=65535, hint_threads=4
[1788509386750] Granted 4 threads to pid 104941 (CPUs 56+4)
Request from pid 104941: max_threads=65535, hint_threads=4
[1788509387594] Granted 4 threads to pid 104941 (CPUs 56+4)
Request from pid 104941: max_threads=65535, hint_threads=4
[1788509388085] Granted 4 threads to pid 104941 (CPUs 56+4)
Request from pid 104941: max_threads=65535, hint_threads=4
[1788509388930] Granted 4 threads to pid 104941 (CPUs 56+4)
Request from pid 104941: max_threads=65535, hint_threads=4
[1788509389420] Granted 4 threads to pid 104941 (CPUs 56+4)
Request from pid 104941: max_threads=65535, hint_threads=4
[1788509390264] Granted 4 threads to pid 104941 (CPUs 56+4)
Request from pid 104941: max_threads=65535, hint_threads=4
[1788509390647] Granted 4 threads to pid 104941 (CPUs 56+4)
Read error: Connection reset by peer (os error 104)
Accepted connection
Handling client
Request from pid 105049: max_threads=65535, hint_threads=4
[1788509392694] Granted 2 threads to pid 105049 (CPUs 58+2)
Request from pid 105049: max_threads=65535, hint_threads=4
[1788509395694] Granted 4 threads to pid 105049 (CPUs 56+4)
Request from pid 105049: max_threads=65535, hint_threads=4
[1788509396003] Granted 4 threads to pid 105049 (CPUs 56+4)
Request from pid 105049: max_threads=65535, hint_threads=4
[1788509396312] Granted 4 threads to pid 105049 (CPUs 56+4)
Request from pid 105049: max_threads=65535, hint_threads=4
[1788509396931] Granted 4 threads to pid 105049 (CPUs 56+4)
Request from pid 105049: max_threads=65535, hint_threads=4
[1788509397547] Granted 4 threads to pid 105049 (CPUs 56+4)
Request from pid 105049: max_threads=65535, hint_threads=4
[1788509398164] Granted 4 threads to pid 105049 (CPUs 56+4)
Request from pid 105049: max_threads=65535, hint_threads=4
[1788509398781] Granted 4 threads to pid 105049 (CPUs 56+4)
Request from pid 105049: max_threads=65535, hint_threads=4
[1788509399090] Granted 4 threads to pid 105049 (CPUs 56+4)
Request from pid 105049: max_threads=65535, hint_threads=4
[1788509399399] Granted 4 threads to pid 105049 (CPUs 56+4)
Request from pid 105049: max_threads=65535, hint_threads=4
[1788509399707] Granted 4 threads to pid 105049 (CPUs 56+4)
Request from pid 105049: max_threads=65535, hint_threads=4
[1788509400016] Granted 4 threads to pid 105049 (CPUs 56+4)
Request from pid 105049: max_threads=65535, hint_threads=4
[1788509400325] Granted 4 threads to pid 105049 (CPUs 56+4)
Request from pid 105049: max_threads=65535, hint_threads=4
[1788509400633] Granted 4 threads to pid 105049 (CPUs 56+4)
Request from pid 105049: max_threads=65535, hint_threads=4
[1788509401250] Granted 4 threads to pid 105049 (CPUs 56+4)
Request from pid 105049: max_threads=65535, hint_threads=4
[1788509401867] Granted 4 threads to pid 105049 (CPUs 56+4)
Request from pid 105049: max_threads=65535, hint_threads=4
[1788509402176] Granted 4 threads to pid 105049 (CPUs 56+4)
Request from pid 105049: max_threads=65535, hint_threads=4
[1788509402484] Granted 4 threads to pid 105049 (CPUs 56+4)
Request from pid 105049: max_threads=65535, hint_threads=4
[1788509402793] Granted 4 threads to pid 105049 (CPUs 56+4)
Request from pid 105049: max_threads=65535, hint_threads=4
[1788509403101] Granted 4 threads to pid 105049 (CPUs 56+4)
Request from pid 105049: max_threads=65535, hint_threads=4
[1788509403409] Granted 4 threads to pid 105049 (CPUs 56+4)
Request from pid 105049: max_threads=65535, hint_threads=4
[1788509403718] Granted 4 threads to pid 105049 (CPUs 56+4)
Request from pid 105049: max_threads=65535, hint_threads=4
[1788509404026] Granted 4 threads to pid 105049 (CPUs 56+4)
Request from pid 105049: max_threads=65535, hint_threads=4
[1788509404334] Granted 4 threads to pid 105049 (CPUs 56+4)
Request from pid 105049: max_threads=65535, hint_threads=4
[1788509404951] Granted 4 threads to pid 105049 (CPUs 56+4)
Request from pid 105049: max_threads=65535, hint_threads=4
[1788509405259] Granted 4 threads to pid 105049 (CPUs 56+4)
Request from pid 105049: max_threads=65535, hint_threads=4
[1788509405568] Granted 4 threads to pid 105049 (CPUs 56+4)
Request from pid 105049: max_threads=65535, hint_threads=4
[1788509405876] Granted 4 threads to pid 105049 (CPUs 56+4)
Request from pid 105049: max_threads=65535, hint_threads=4
[1788509406184] Granted 4 threads to pid 105049 (CPUs 56+4)
Request from pid 105049: max_threads=65535, hint_threads=4
[1788509406493] Granted 4 threads to pid 105049 (CPUs 56+4)
Request from pid 105049: max_threads=65535, hint_threads=4
[1788509406801] Granted 4 threads to pid 105049 (CPUs 56+4)
Request from pid 105049: max_threads=65535, hint_threads=4
[1788509407109] Granted 4 threads to pid 105049 (CPUs 56+4)
Request from pid 105049: max_threads=65535, hint_threads=4
[1788509407417] Granted 4 threads to pid 105049 (CPUs 56+4)
Request from pid 105049: max_threads=65535, hint_threads=4
[1788509408035] Granted 4 threads to pid 105049 (CPUs 56+4)
Request from pid 105049: max_threads=65535, hint_threads=4
[1788509408343] Granted 4 threads to pid 105049 (CPUs 56+4)
Request from pid 105049: max_threads=65535, hint_threads=4
[1788509408651] Granted 4 threads to pid 105049 (CPUs 56+4)
Request from pid 105049: max_threads=65535, hint_threads=4
[1788509408960] Granted 4 threads to pid 105049 (CPUs 56+4)
Request from pid 105049: max_threads=65535, hint_threads=4
[1788509409268] Granted 4 threads to pid 105049 (CPUs 56+4)
Request from pid 105049: max_threads=65535, hint_threads=4
[1788509409576] Granted 4 threads to pid 105049 (CPUs 56+4)
Request from pid 105049: max_threads=65535, hint_threads=4
[1788509409885] Granted 4 threads to pid 105049 (CPUs 56+4)
Request from pid 105049: max_threads=65535, hint_threads=4
[1788509410501] Granted 4 threads to pid 105049 (CPUs 56+4)
Request from pid 105049: max_threads=65535, hint_threads=4
[1788509411118] Granted 4 threads to pid 105049 (CPUs 56+4)
Request from pid 105049: max_threads=65535, hint_threads=4
[1788509411426] Granted 4 threads to pid 105049 (CPUs 56+4)
Request from pid 105049: max_threads=65535, hint_threads=4
[1788509411734] Granted 4 threads to pid 105049 (CPUs 56+4)
Request from pid 105049: max_threads=65535, hint_threads=4
[1788509412042] Granted 4 threads to pid 105049 (CPUs 56+4)
Request from pid 105049: max_threads=65535, hint_threads=4
[1788509412351] Granted 4 threads to pid 105049 (CPUs 56+4)
Request from pid 105049: max_threads=65535, hint_threads=4
[1788509412660] Granted 4 threads to pid 105049 (CPUs 56+4)
Request from pid 105049: max_threads=65535, hint_threads=4
[1788509412968] Granted 4 threads to pid 105049 (CPUs 56+4)
Request from pid 105049: max_threads=65535, hint_threads=4
[1788509413585] Granted 4 threads to pid 105049 (CPUs 56+4)
Request from pid 105049: max_threads=65535, hint_threads=4
[1788509414201] Granted 4 threads to pid 105049 (CPUs 56+4)
Request from pid 105049: max_threads=65535, hint_threads=4
[1788509414510] Granted 4 threads to pid 105049 (CPUs 56+4)
Request from pid 105049: max_threads=65535, hint_threads=4
[1788509414818] Granted 4 threads to pid 105049 (CPUs 56+4)
Request from pid 105049: max_threads=65535, hint_threads=4
[1788509415126] Granted 4 threads to pid 105049 (CPUs 56+4)
Request from pid 105049: max_threads=65535, hint_threads=4
[1788509415434] Granted 4 threads to pid 105049 (CPUs 56+4)
Request from pid 105049: max_threads=65535, hint_threads=4
[1788509416050] Granted 4 threads to pid 105049 (CPUs 56+4)
Request from pid 105049: max_threads=65535, hint_threads=4
[1788509416358] Granted 4 threads to pid 105049 (CPUs 56+4)
Request from pid 105049: max_threads=65535, hint_threads=4
[1788509416666] Granted 4 threads to pid 105049 (CPUs 56+4)
Request from pid 105049: max_threads=65535, hint_threads=4
[1788509416974] Granted 4 threads to pid 105049 (CPUs 56+4)
Request from pid 105049: max_threads=65535, hint_threads=4
[1788509417283] Granted 4 threads to pid 105049 (CPUs 56+4)
Request from pid 105049: max_threads=65535, hint_threads=4
[1788509417591] Granted 4 threads to pid 105049 (CPUs 56+4)
Request from pid 105049: max_threads=65535, hint_threads=4
[1788509417899] Granted 4 threads to pid 105049 (CPUs 56+4)
Request from pid 105049: max_threads=65535, hint_threads=4
[1788509418208] Granted 4 threads to pid 105049 (CPUs 56+4)
Request from pid 105049: max_threads=65535, hint_threads=4
[1788509418516] Granted 4 threads to pid 105049 (CPUs 56+4)
[1788509418828] Client pid 105049 disconnected — removed from state
Accepted connection
Handling client
Request from pid 105115: max_threads=65535, hint_threads=4
[1788509420873] Granted 4 threads to pid 105115 (CPUs 56+4)
Request from pid 105115: max_threads=65535, hint_threads=4
[1788509449716] Granted 4 threads to pid 105115 (CPUs 56+4)
Read error: Connection reset by peer (os error 104)
Starting DRM at Fri Sep  4 10:10:51 CEST 2026, capacity=4, cpu_pool=1,2,3,4
CPU pool (4 cores): 1–4
Listening on /tmp/omp-rm.sock (capacity=4, strategy=fair_share)
Accepted connection
Handling client
Request from pid 105176: max_threads=65535, hint_threads=4
[1788509452278] Granted 4 threads to pid 105176 (CPUs 1+4)
Request from pid 105176: max_threads=65535, hint_threads=4
[1788509452716] Granted 4 threads to pid 105176 (CPUs 1+4)
Request from pid 105176: max_threads=65535, hint_threads=4
[1788509453168] Granted 4 threads to pid 105176 (CPUs 1+4)
Request from pid 105176: max_threads=65535, hint_threads=4
[1788509454013] Granted 4 threads to pid 105176 (CPUs 1+4)
Request from pid 105176: max_threads=65535, hint_threads=4
[1788509454268] Granted 4 threads to pid 105176 (CPUs 1+4)
Request from pid 105176: max_threads=65535, hint_threads=4
[1788509455006] Granted 4 threads to pid 105176 (CPUs 1+4)
Request from pid 105176: max_threads=65535, hint_threads=4
[1788509455592] Granted 4 threads to pid 105176 (CPUs 1+4)
Request from pid 105176: max_threads=65535, hint_threads=4
[1788509456414] Granted 4 threads to pid 105176 (CPUs 1+4)
Request from pid 105176: max_threads=65535, hint_threads=4
[1788509456892] Granted 4 threads to pid 105176 (CPUs 1+4)
Request from pid 105176: max_threads=65535, hint_threads=4
[1788509457715] Granted 4 threads to pid 105176 (CPUs 1+4)
Request from pid 105176: max_threads=65535, hint_threads=4
[1788509458193] Granted 4 threads to pid 105176 (CPUs 1+4)
Request from pid 105176: max_threads=65535, hint_threads=4
[1788509459014] Granted 4 threads to pid 105176 (CPUs 1+4)
Request from pid 105176: max_threads=65535, hint_threads=4
[1788509459493] Granted 4 threads to pid 105176 (CPUs 1+4)
Request from pid 105176: max_threads=65535, hint_threads=4
[1788509460313] Granted 4 threads to pid 105176 (CPUs 1+4)
Request from pid 105176: max_threads=65535, hint_threads=4
[1788509460791] Granted 4 threads to pid 105176 (CPUs 1+4)
Request from pid 105176: max_threads=65535, hint_threads=4
[1788509461614] Granted 4 threads to pid 105176 (CPUs 1+4)
Request from pid 105176: max_threads=65535, hint_threads=4
[1788509462093] Granted 4 threads to pid 105176 (CPUs 1+4)
Request from pid 105176: max_threads=65535, hint_threads=4
[1788509462915] Granted 4 threads to pid 105176 (CPUs 1+4)
Request from pid 105176: max_threads=65535, hint_threads=4
[1788509463393] Granted 4 threads to pid 105176 (CPUs 1+4)
Request from pid 105176: max_threads=65535, hint_threads=4
[1788509464216] Granted 4 threads to pid 105176 (CPUs 1+4)
Request from pid 105176: max_threads=65535, hint_threads=4
[1788509464694] Granted 4 threads to pid 105176 (CPUs 1+4)
Request from pid 105176: max_threads=65535, hint_threads=4
[1788509465517] Granted 4 threads to pid 105176 (CPUs 1+4)
Request from pid 105176: max_threads=65535, hint_threads=4
[1788509465996] Granted 4 threads to pid 105176 (CPUs 1+4)
Request from pid 105176: max_threads=65535, hint_threads=4
[1788509466818] Granted 4 threads to pid 105176 (CPUs 1+4)
Request from pid 105176: max_threads=65535, hint_threads=4
[1788509467296] Granted 4 threads to pid 105176 (CPUs 1+4)
Request from pid 105176: max_threads=65535, hint_threads=4
[1788509468117] Granted 4 threads to pid 105176 (CPUs 1+4)
Request from pid 105176: max_threads=65535, hint_threads=4
[1788509468595] Granted 4 threads to pid 105176 (CPUs 1+4)
Request from pid 105176: max_threads=65535, hint_threads=4
[1788509469418] Granted 4 threads to pid 105176 (CPUs 1+4)
Request from pid 105176: max_threads=65535, hint_threads=4
[1788509469896] Granted 4 threads to pid 105176 (CPUs 1+4)
Request from pid 105176: max_threads=65535, hint_threads=4
[1788509470717] Granted 4 threads to pid 105176 (CPUs 1+4)
Request from pid 105176: max_threads=65535, hint_threads=4
[1788509471195] Granted 4 threads to pid 105176 (CPUs 1+4)
Request from pid 105176: max_threads=65535, hint_threads=4
[1788509472017] Granted 4 threads to pid 105176 (CPUs 1+4)
Request from pid 105176: max_threads=65535, hint_threads=4
[1788509472495] Granted 4 threads to pid 105176 (CPUs 1+4)
Request from pid 105176: max_threads=65535, hint_threads=4
[1788509473316] Granted 4 threads to pid 105176 (CPUs 1+4)
Request from pid 105176: max_threads=65535, hint_threads=4
[1788509473795] Granted 4 threads to pid 105176 (CPUs 1+4)
Request from pid 105176: max_threads=65535, hint_threads=4
[1788509474615] Granted 4 threads to pid 105176 (CPUs 1+4)
Request from pid 105176: max_threads=65535, hint_threads=4
[1788509475093] Granted 4 threads to pid 105176 (CPUs 1+4)
Request from pid 105176: max_threads=65535, hint_threads=4
[1788509475914] Granted 4 threads to pid 105176 (CPUs 1+4)
Request from pid 105176: max_threads=65535, hint_threads=4
[1788509476391] Granted 4 threads to pid 105176 (CPUs 1+4)
Request from pid 105176: max_threads=65535, hint_threads=4
[1788509477214] Granted 4 threads to pid 105176 (CPUs 1+4)
Request from pid 105176: max_threads=65535, hint_threads=4
[1788509477692] Granted 4 threads to pid 105176 (CPUs 1+4)
Request from pid 105176: max_threads=65535, hint_threads=4
[1788509478514] Granted 4 threads to pid 105176 (CPUs 1+4)
Request from pid 105176: max_threads=65535, hint_threads=4
[1788509478993] Granted 4 threads to pid 105176 (CPUs 1+4)
Request from pid 105176: max_threads=65535, hint_threads=4
[1788509479816] Granted 4 threads to pid 105176 (CPUs 1+4)
Request from pid 105176: max_threads=65535, hint_threads=4
[1788509480294] Granted 4 threads to pid 105176 (CPUs 1+4)
Request from pid 105176: max_threads=65535, hint_threads=4
[1788509481116] Granted 4 threads to pid 105176 (CPUs 1+4)
Request from pid 105176: max_threads=65535, hint_threads=4
[1788509481487] Granted 4 threads to pid 105176 (CPUs 1+4)
Read error: Connection reset by peer (os error 104)
Accepted connection
Handling client
Request from pid 105245: max_threads=65535, hint_threads=4
[1788509484131] Granted 2 threads to pid 105245 (CPUs 3+2)
Request from pid 105245: max_threads=65535, hint_threads=4
[1788509487056] Granted 4 threads to pid 105245 (CPUs 1+4)
Request from pid 105245: max_threads=65535, hint_threads=4
[1788509487355] Granted 4 threads to pid 105245 (CPUs 1+4)
Request from pid 105245: max_threads=65535, hint_threads=4
[1788509487648] Granted 4 threads to pid 105245 (CPUs 1+4)
Request from pid 105245: max_threads=65535, hint_threads=4
[1788509487941] Granted 4 threads to pid 105245 (CPUs 1+4)
Request from pid 105245: max_threads=65535, hint_threads=4
[1788509488526] Granted 4 threads to pid 105245 (CPUs 1+4)
Request from pid 105245: max_threads=65535, hint_threads=4
[1788509488819] Granted 4 threads to pid 105245 (CPUs 1+4)
Request from pid 105245: max_threads=65535, hint_threads=4
[1788509489112] Granted 4 threads to pid 105245 (CPUs 1+4)
Request from pid 105245: max_threads=65535, hint_threads=4
[1788509489405] Granted 4 threads to pid 105245 (CPUs 1+4)
Request from pid 105245: max_threads=65535, hint_threads=4
[1788509489697] Granted 4 threads to pid 105245 (CPUs 1+4)
Request from pid 105245: max_threads=65535, hint_threads=4
[1788509489990] Granted 4 threads to pid 105245 (CPUs 1+4)
Request from pid 105245: max_threads=65535, hint_threads=4
[1788509490283] Granted 4 threads to pid 105245 (CPUs 1+4)
Request from pid 105245: max_threads=65535, hint_threads=4
[1788509490870] Granted 4 threads to pid 105245 (CPUs 1+4)
Request from pid 105245: max_threads=65535, hint_threads=4
[1788509491163] Granted 4 threads to pid 105245 (CPUs 1+4)
Request from pid 105245: max_threads=65535, hint_threads=4
[1788509491455] Granted 4 threads to pid 105245 (CPUs 1+4)
Request from pid 105245: max_threads=65535, hint_threads=4
[1788509491748] Granted 4 threads to pid 105245 (CPUs 1+4)
Request from pid 105245: max_threads=65535, hint_threads=4
[1788509492041] Granted 4 threads to pid 105245 (CPUs 1+4)
Request from pid 105245: max_threads=65535, hint_threads=4
[1788509492626] Granted 4 threads to pid 105245 (CPUs 1+4)
Request from pid 105245: max_threads=65535, hint_threads=4
[1788509492919] Granted 4 threads to pid 105245 (CPUs 1+4)
Request from pid 105245: max_threads=65535, hint_threads=4
[1788509493212] Granted 4 threads to pid 105245 (CPUs 1+4)
Request from pid 105245: max_threads=65535, hint_threads=4
[1788509493506] Granted 4 threads to pid 105245 (CPUs 1+4)
Request from pid 105245: max_threads=65535, hint_threads=4
[1788509493798] Granted 4 threads to pid 105245 (CPUs 1+4)
Request from pid 105245: max_threads=65535, hint_threads=4
[1788509494091] Granted 4 threads to pid 105245 (CPUs 1+4)
Request from pid 105245: max_threads=65535, hint_threads=4
[1788509494384] Granted 4 threads to pid 105245 (CPUs 1+4)
Request from pid 105245: max_threads=65535, hint_threads=4
[1788509494677] Granted 4 threads to pid 105245 (CPUs 1+4)
Request from pid 105245: max_threads=65535, hint_threads=4
[1788509494970] Granted 4 threads to pid 105245 (CPUs 1+4)
Request from pid 105245: max_threads=65535, hint_threads=4
[1788509495262] Granted 4 threads to pid 105245 (CPUs 1+4)
Request from pid 105245: max_threads=65535, hint_threads=4
[1788509495848] Granted 4 threads to pid 105245 (CPUs 1+4)
Request from pid 105245: max_threads=65535, hint_threads=4
[1788509496140] Granted 4 threads to pid 105245 (CPUs 1+4)
Request from pid 105245: max_threads=65535, hint_threads=4
[1788509496433] Granted 4 threads to pid 105245 (CPUs 1+4)
Request from pid 105245: max_threads=65535, hint_threads=4
[1788509496727] Granted 4 threads to pid 105245 (CPUs 1+4)
Request from pid 105245: max_threads=65535, hint_threads=4
[1788509497020] Granted 4 threads to pid 105245 (CPUs 1+4)
Request from pid 105245: max_threads=65535, hint_threads=4
[1788509497312] Granted 4 threads to pid 105245 (CPUs 1+4)
Request from pid 105245: max_threads=65535, hint_threads=4
[1788509497605] Granted 4 threads to pid 105245 (CPUs 1+4)
Request from pid 105245: max_threads=65535, hint_threads=4
[1788509497898] Granted 4 threads to pid 105245 (CPUs 1+4)
Request from pid 105245: max_threads=65535, hint_threads=4
[1788509498191] Granted 4 threads to pid 105245 (CPUs 1+4)
Request from pid 105245: max_threads=65535, hint_threads=4
[1788509498483] Granted 4 threads to pid 105245 (CPUs 1+4)
Request from pid 105245: max_threads=65535, hint_threads=4
[1788509498776] Granted 4 threads to pid 105245 (CPUs 1+4)
Request from pid 105245: max_threads=65535, hint_threads=4
[1788509499069] Granted 4 threads to pid 105245 (CPUs 1+4)
Request from pid 105245: max_threads=65535, hint_threads=4
[1788509499362] Granted 4 threads to pid 105245 (CPUs 1+4)
Request from pid 105245: max_threads=65535, hint_threads=4
[1788509499654] Granted 4 threads to pid 105245 (CPUs 1+4)
Request from pid 105245: max_threads=65535, hint_threads=4
[1788509499947] Granted 4 threads to pid 105245 (CPUs 1+4)
Request from pid 105245: max_threads=65535, hint_threads=4
[1788509500240] Granted 4 threads to pid 105245 (CPUs 1+4)
Request from pid 105245: max_threads=65535, hint_threads=4
[1788509500533] Granted 4 threads to pid 105245 (CPUs 1+4)
Request from pid 105245: max_threads=65535, hint_threads=4
[1788509501119] Granted 4 threads to pid 105245 (CPUs 1+4)
Request from pid 105245: max_threads=65535, hint_threads=4
[1788509501412] Granted 4 threads to pid 105245 (CPUs 1+4)
Request from pid 105245: max_threads=65535, hint_threads=4
[1788509501705] Granted 4 threads to pid 105245 (CPUs 1+4)
Request from pid 105245: max_threads=65535, hint_threads=4
[1788509501998] Granted 4 threads to pid 105245 (CPUs 1+4)
Request from pid 105245: max_threads=65535, hint_threads=4
[1788509502290] Granted 4 threads to pid 105245 (CPUs 1+4)
Request from pid 105245: max_threads=65535, hint_threads=4
[1788509502876] Granted 4 threads to pid 105245 (CPUs 1+4)
Request from pid 105245: max_threads=65535, hint_threads=4
[1788509503461] Granted 4 threads to pid 105245 (CPUs 1+4)
Request from pid 105245: max_threads=65535, hint_threads=4
[1788509503754] Granted 4 threads to pid 105245 (CPUs 1+4)
Request from pid 105245: max_threads=65535, hint_threads=4
[1788509504047] Granted 4 threads to pid 105245 (CPUs 1+4)
Request from pid 105245: max_threads=65535, hint_threads=4
[1788509504340] Granted 4 threads to pid 105245 (CPUs 1+4)
Request from pid 105245: max_threads=65535, hint_threads=4
[1788509504632] Granted 4 threads to pid 105245 (CPUs 1+4)
Request from pid 105245: max_threads=65535, hint_threads=4
[1788509504925] Granted 4 threads to pid 105245 (CPUs 1+4)
Request from pid 105245: max_threads=65535, hint_threads=4
[1788509505218] Granted 4 threads to pid 105245 (CPUs 1+4)
Request from pid 105245: max_threads=65535, hint_threads=4
[1788509505511] Granted 4 threads to pid 105245 (CPUs 1+4)
Request from pid 105245: max_threads=65535, hint_threads=4
[1788509506097] Granted 4 threads to pid 105245 (CPUs 1+4)
Request from pid 105245: max_threads=65535, hint_threads=4
[1788509506389] Granted 4 threads to pid 105245 (CPUs 1+4)
Request from pid 105245: max_threads=65535, hint_threads=4
[1788509506682] Granted 4 threads to pid 105245 (CPUs 1+4)
Request from pid 105245: max_threads=65535, hint_threads=4
[1788509507267] Granted 4 threads to pid 105245 (CPUs 1+4)
Request from pid 105245: max_threads=65535, hint_threads=4
[1788509507560] Granted 4 threads to pid 105245 (CPUs 1+4)
Request from pid 105245: max_threads=65535, hint_threads=4
[1788509507853] Granted 4 threads to pid 105245 (CPUs 1+4)
Request from pid 105245: max_threads=65535, hint_threads=4
[1788509508145] Granted 4 threads to pid 105245 (CPUs 1+4)
Request from pid 105245: max_threads=65535, hint_threads=4
[1788509508438] Granted 4 threads to pid 105245 (CPUs 1+4)
Request from pid 105245: max_threads=65535, hint_threads=4
[1788509509023] Granted 4 threads to pid 105245 (CPUs 1+4)
[1788509509027] Client pid 105245 disconnected — removed from state
Accepted connection
Handling client
Request from pid 105306: max_threads=65535, hint_threads=4
[1788509511443] Granted 4 threads to pid 105306 (CPUs 1+4)
Request from pid 105306: max_threads=65535, hint_threads=4
[1788509540313] Granted 4 threads to pid 105306 (CPUs 1+4)
Read error: Connection reset by peer (os error 104)
Starting DRM at Fri Sep  4 10:12:22 CEST 2026, capacity=4, cpu_pool=56,57,58,59
CPU pool (4 cores): 56–59
Listening on /tmp/omp-rm.sock (capacity=4, strategy=fair_share)
Accepted connection
Handling client
Request from pid 105383: max_threads=65535, hint_threads=4
[1788509542869] Granted 4 threads to pid 105383 (CPUs 56+4)
Request from pid 105383: max_threads=65535, hint_threads=4
[1788509543314] Granted 4 threads to pid 105383 (CPUs 56+4)
Request from pid 105383: max_threads=65535, hint_threads=4
[1788509543769] Granted 4 threads to pid 105383 (CPUs 56+4)
Request from pid 105383: max_threads=65535, hint_threads=4
[1788509544615] Granted 4 threads to pid 105383 (CPUs 56+4)
Request from pid 105383: max_threads=65535, hint_threads=4
[1788509544871] Granted 4 threads to pid 105383 (CPUs 56+4)
Request from pid 105383: max_threads=65535, hint_threads=4
[1788509545611] Granted 4 threads to pid 105383 (CPUs 56+4)
Request from pid 105383: max_threads=65535, hint_threads=4
[1788509546200] Granted 4 threads to pid 105383 (CPUs 56+4)
Request from pid 105383: max_threads=65535, hint_threads=4
[1788509547024] Granted 4 threads to pid 105383 (CPUs 56+4)
Request from pid 105383: max_threads=65535, hint_threads=4
[1788509547506] Granted 4 threads to pid 105383 (CPUs 56+4)
Request from pid 105383: max_threads=65535, hint_threads=4
[1788509548331] Granted 4 threads to pid 105383 (CPUs 56+4)
Request from pid 105383: max_threads=65535, hint_threads=4
[1788509548813] Granted 4 threads to pid 105383 (CPUs 56+4)
Request from pid 105383: max_threads=65535, hint_threads=4
[1788509549637] Granted 4 threads to pid 105383 (CPUs 56+4)
Request from pid 105383: max_threads=65535, hint_threads=4
[1788509550119] Granted 4 threads to pid 105383 (CPUs 56+4)
Request from pid 105383: max_threads=65535, hint_threads=4
[1788509550943] Granted 4 threads to pid 105383 (CPUs 56+4)
Request from pid 105383: max_threads=65535, hint_threads=4
[1788509551426] Granted 4 threads to pid 105383 (CPUs 56+4)
Request from pid 105383: max_threads=65535, hint_threads=4
[1788509552250] Granted 4 threads to pid 105383 (CPUs 56+4)
Request from pid 105383: max_threads=65535, hint_threads=4
[1788509552733] Granted 4 threads to pid 105383 (CPUs 56+4)
Request from pid 105383: max_threads=65535, hint_threads=4
[1788509553557] Granted 4 threads to pid 105383 (CPUs 56+4)
Request from pid 105383: max_threads=65535, hint_threads=4
[1788509554039] Granted 4 threads to pid 105383 (CPUs 56+4)
Request from pid 105383: max_threads=65535, hint_threads=4
[1788509554863] Granted 4 threads to pid 105383 (CPUs 56+4)
Request from pid 105383: max_threads=65535, hint_threads=4
[1788509555344] Granted 4 threads to pid 105383 (CPUs 56+4)
Request from pid 105383: max_threads=65535, hint_threads=4
[1788509556168] Granted 4 threads to pid 105383 (CPUs 56+4)
Request from pid 105383: max_threads=65535, hint_threads=4
[1788509556650] Granted 4 threads to pid 105383 (CPUs 56+4)
Request from pid 105383: max_threads=65535, hint_threads=4
[1788509557474] Granted 4 threads to pid 105383 (CPUs 56+4)
Request from pid 105383: max_threads=65535, hint_threads=4
[1788509557958] Granted 4 threads to pid 105383 (CPUs 56+4)
Request from pid 105383: max_threads=65535, hint_threads=4
[1788509558781] Granted 4 threads to pid 105383 (CPUs 56+4)
Request from pid 105383: max_threads=65535, hint_threads=4
[1788509559263] Granted 4 threads to pid 105383 (CPUs 56+4)
Request from pid 105383: max_threads=65535, hint_threads=4
[1788509560088] Granted 4 threads to pid 105383 (CPUs 56+4)
Request from pid 105383: max_threads=65535, hint_threads=4
[1788509560569] Granted 4 threads to pid 105383 (CPUs 56+4)
Request from pid 105383: max_threads=65535, hint_threads=4
[1788509561393] Granted 4 threads to pid 105383 (CPUs 56+4)
Request from pid 105383: max_threads=65535, hint_threads=4
[1788509561876] Granted 4 threads to pid 105383 (CPUs 56+4)
Request from pid 105383: max_threads=65535, hint_threads=4
[1788509562700] Granted 4 threads to pid 105383 (CPUs 56+4)
Request from pid 105383: max_threads=65535, hint_threads=4
[1788509563182] Granted 4 threads to pid 105383 (CPUs 56+4)
Request from pid 105383: max_threads=65535, hint_threads=4
[1788509564006] Granted 4 threads to pid 105383 (CPUs 56+4)
Request from pid 105383: max_threads=65535, hint_threads=4
[1788509564488] Granted 4 threads to pid 105383 (CPUs 56+4)
Request from pid 105383: max_threads=65535, hint_threads=4
[1788509565312] Granted 4 threads to pid 105383 (CPUs 56+4)
Request from pid 105383: max_threads=65535, hint_threads=4
[1788509565794] Granted 4 threads to pid 105383 (CPUs 56+4)
Request from pid 105383: max_threads=65535, hint_threads=4
[1788509566618] Granted 4 threads to pid 105383 (CPUs 56+4)
Request from pid 105383: max_threads=65535, hint_threads=4
[1788509567099] Granted 4 threads to pid 105383 (CPUs 56+4)
Request from pid 105383: max_threads=65535, hint_threads=4
[1788509567923] Granted 4 threads to pid 105383 (CPUs 56+4)
Request from pid 105383: max_threads=65535, hint_threads=4
[1788509568404] Granted 4 threads to pid 105383 (CPUs 56+4)
Request from pid 105383: max_threads=65535, hint_threads=4
[1788509569228] Granted 4 threads to pid 105383 (CPUs 56+4)
Request from pid 105383: max_threads=65535, hint_threads=4
[1788509569711] Granted 4 threads to pid 105383 (CPUs 56+4)
Request from pid 105383: max_threads=65535, hint_threads=4
[1788509570535] Granted 4 threads to pid 105383 (CPUs 56+4)
Request from pid 105383: max_threads=65535, hint_threads=4
[1788509571017] Granted 4 threads to pid 105383 (CPUs 56+4)
Request from pid 105383: max_threads=65535, hint_threads=4
[1788509571842] Granted 4 threads to pid 105383 (CPUs 56+4)
Request from pid 105383: max_threads=65535, hint_threads=4
[1788509572217] Granted 4 threads to pid 105383 (CPUs 56+4)
Read error: Connection reset by peer (os error 104)
Accepted connection
Handling client
Request from pid 105436: max_threads=65535, hint_threads=4
[1788509574266] Granted 2 threads to pid 105436 (CPUs 58+2)
Request from pid 105436: max_threads=65535, hint_threads=4
[1788509577388] Granted 4 threads to pid 105436 (CPUs 56+4)
Request from pid 105436: max_threads=65535, hint_threads=4
[1788509577760] Granted 4 threads to pid 105436 (CPUs 56+4)
Request from pid 105436: max_threads=65535, hint_threads=4
[1788509578131] Granted 4 threads to pid 105436 (CPUs 56+4)
Request from pid 105436: max_threads=65535, hint_threads=4
[1788509578501] Granted 4 threads to pid 105436 (CPUs 56+4)
Request from pid 105436: max_threads=65535, hint_threads=4
[1788509578872] Granted 4 threads to pid 105436 (CPUs 56+4)
Request from pid 105436: max_threads=65535, hint_threads=4
[1788509579242] Granted 4 threads to pid 105436 (CPUs 56+4)
Request from pid 105436: max_threads=65535, hint_threads=4
[1788509579613] Granted 4 threads to pid 105436 (CPUs 56+4)
Request from pid 105436: max_threads=65535, hint_threads=4
[1788509579983] Granted 4 threads to pid 105436 (CPUs 56+4)
Request from pid 105436: max_threads=65535, hint_threads=4
[1788509580353] Granted 4 threads to pid 105436 (CPUs 56+4)
Request from pid 105436: max_threads=65535, hint_threads=4
[1788509580724] Granted 4 threads to pid 105436 (CPUs 56+4)
Request from pid 105436: max_threads=65535, hint_threads=4
[1788509581464] Granted 4 threads to pid 105436 (CPUs 56+4)
Request from pid 105436: max_threads=65535, hint_threads=4
[1788509582205] Granted 4 threads to pid 105436 (CPUs 56+4)
Request from pid 105436: max_threads=65535, hint_threads=4
[1788509582945] Granted 4 threads to pid 105436 (CPUs 56+4)
Request from pid 105436: max_threads=65535, hint_threads=4
[1788509583315] Granted 4 threads to pid 105436 (CPUs 56+4)
Request from pid 105436: max_threads=65535, hint_threads=4
[1788509583686] Granted 4 threads to pid 105436 (CPUs 56+4)
Request from pid 105436: max_threads=65535, hint_threads=4
[1788509584056] Granted 4 threads to pid 105436 (CPUs 56+4)
Request from pid 105436: max_threads=65535, hint_threads=4
[1788509584426] Granted 4 threads to pid 105436 (CPUs 56+4)
Request from pid 105436: max_threads=65535, hint_threads=4
[1788509584796] Granted 4 threads to pid 105436 (CPUs 56+4)
Request from pid 105436: max_threads=65535, hint_threads=4
[1788509585166] Granted 4 threads to pid 105436 (CPUs 56+4)
Request from pid 105436: max_threads=65535, hint_threads=4
[1788509585537] Granted 4 threads to pid 105436 (CPUs 56+4)
Request from pid 105436: max_threads=65535, hint_threads=4
[1788509586277] Granted 4 threads to pid 105436 (CPUs 56+4)
Request from pid 105436: max_threads=65535, hint_threads=4
[1788509587018] Granted 4 threads to pid 105436 (CPUs 56+4)
Request from pid 105436: max_threads=65535, hint_threads=4
[1788509587388] Granted 4 threads to pid 105436 (CPUs 56+4)
Request from pid 105436: max_threads=65535, hint_threads=4
[1788509587758] Granted 4 threads to pid 105436 (CPUs 56+4)
Request from pid 105436: max_threads=65535, hint_threads=4
[1788509588128] Granted 4 threads to pid 105436 (CPUs 56+4)
Request from pid 105436: max_threads=65535, hint_threads=4
[1788509588498] Granted 4 threads to pid 105436 (CPUs 56+4)
Request from pid 105436: max_threads=65535, hint_threads=4
[1788509588869] Granted 4 threads to pid 105436 (CPUs 56+4)
Request from pid 105436: max_threads=65535, hint_threads=4
[1788509589239] Granted 4 threads to pid 105436 (CPUs 56+4)
Request from pid 105436: max_threads=65535, hint_threads=4
[1788509589609] Granted 4 threads to pid 105436 (CPUs 56+4)
Request from pid 105436: max_threads=65535, hint_threads=4
[1788509589979] Granted 4 threads to pid 105436 (CPUs 56+4)
Request from pid 105436: max_threads=65535, hint_threads=4
[1788509590720] Granted 4 threads to pid 105436 (CPUs 56+4)
Request from pid 105436: max_threads=65535, hint_threads=4
[1788509591461] Granted 4 threads to pid 105436 (CPUs 56+4)
Request from pid 105436: max_threads=65535, hint_threads=4
[1788509592202] Granted 4 threads to pid 105436 (CPUs 56+4)
Request from pid 105436: max_threads=65535, hint_threads=4
[1788509592572] Granted 4 threads to pid 105436 (CPUs 56+4)
Request from pid 105436: max_threads=65535, hint_threads=4
[1788509592943] Granted 4 threads to pid 105436 (CPUs 56+4)
Request from pid 105436: max_threads=65535, hint_threads=4
[1788509593684] Granted 4 threads to pid 105436 (CPUs 56+4)
Request from pid 105436: max_threads=65535, hint_threads=4
[1788509594055] Granted 4 threads to pid 105436 (CPUs 56+4)
Request from pid 105436: max_threads=65535, hint_threads=4
[1788509594425] Granted 4 threads to pid 105436 (CPUs 56+4)
Request from pid 105436: max_threads=65535, hint_threads=4
[1788509594795] Granted 4 threads to pid 105436 (CPUs 56+4)
Request from pid 105436: max_threads=65535, hint_threads=4
[1788509595166] Granted 4 threads to pid 105436 (CPUs 56+4)
Request from pid 105436: max_threads=65535, hint_threads=4
[1788509595536] Granted 4 threads to pid 105436 (CPUs 56+4)
Request from pid 105436: max_threads=65535, hint_threads=4
[1788509596277] Granted 4 threads to pid 105436 (CPUs 56+4)
Request from pid 105436: max_threads=65535, hint_threads=4
[1788509597018] Granted 4 threads to pid 105436 (CPUs 56+4)
Request from pid 105436: max_threads=65535, hint_threads=4
[1788509597389] Granted 4 threads to pid 105436 (CPUs 56+4)
Request from pid 105436: max_threads=65535, hint_threads=4
[1788509597759] Granted 4 threads to pid 105436 (CPUs 56+4)
Request from pid 105436: max_threads=65535, hint_threads=4
[1788509598130] Granted 4 threads to pid 105436 (CPUs 56+4)
Request from pid 105436: max_threads=65535, hint_threads=4
[1788509598500] Granted 4 threads to pid 105436 (CPUs 56+4)
Request from pid 105436: max_threads=65535, hint_threads=4
[1788509599241] Granted 4 threads to pid 105436 (CPUs 56+4)
Request from pid 105436: max_threads=65535, hint_threads=4
[1788509599611] Granted 4 threads to pid 105436 (CPUs 56+4)
Request from pid 105436: max_threads=65535, hint_threads=4
[1788509599982] Granted 4 threads to pid 105436 (CPUs 56+4)
Request from pid 105436: max_threads=65535, hint_threads=4
[1788509600352] Granted 4 threads to pid 105436 (CPUs 56+4)
Request from pid 105436: max_threads=65535, hint_threads=4
[1788509600723] Granted 4 threads to pid 105436 (CPUs 56+4)
Request from pid 105436: max_threads=65535, hint_threads=4
[1788509601093] Granted 4 threads to pid 105436 (CPUs 56+4)
Request from pid 105436: max_threads=65535, hint_threads=4
[1788509601464] Granted 4 threads to pid 105436 (CPUs 56+4)
Request from pid 105436: max_threads=65535, hint_threads=4
[1788509601834] Granted 4 threads to pid 105436 (CPUs 56+4)
Request from pid 105436: max_threads=65535, hint_threads=4
[1788509602205] Granted 4 threads to pid 105436 (CPUs 56+4)
Request from pid 105436: max_threads=65535, hint_threads=4
[1788509602575] Granted 4 threads to pid 105436 (CPUs 56+4)
Request from pid 105436: max_threads=65535, hint_threads=4
[1788509602946] Granted 4 threads to pid 105436 (CPUs 56+4)
Request from pid 105436: max_threads=65535, hint_threads=4
[1788509603316] Granted 4 threads to pid 105436 (CPUs 56+4)
Request from pid 105436: max_threads=65535, hint_threads=4
[1788509603687] Granted 4 threads to pid 105436 (CPUs 56+4)
Request from pid 105436: max_threads=65535, hint_threads=4
[1788509604058] Granted 4 threads to pid 105436 (CPUs 56+4)
Request from pid 105436: max_threads=65535, hint_threads=4
[1788509604428] Granted 4 threads to pid 105436 (CPUs 56+4)
Request from pid 105436: max_threads=65535, hint_threads=4
[1788509604799] Granted 4 threads to pid 105436 (CPUs 56+4)
Request from pid 105436: max_threads=65535, hint_threads=4
[1788509605169] Granted 4 threads to pid 105436 (CPUs 56+4)
[1788509605173] Client pid 105436 disconnected — removed from state
Accepted connection
Handling client
Request from pid 105510: max_threads=65535, hint_threads=4
[1788509607218] Granted 4 threads to pid 105510 (CPUs 56+4)
Request from pid 105510: max_threads=65535, hint_threads=4
[1788509636064] Granted 4 threads to pid 105510 (CPUs 56+4)
Read error: Connection reset by peer (os error 104)
Starting DRM at Fri Sep  4 10:13:58 CEST 2026, capacity=4, cpu_pool=1,2,3,4
CPU pool (4 cores): 1–4
Listening on /tmp/omp-rm.sock (capacity=4, strategy=fair_share)
Accepted connection
Handling client
Request from pid 105572: max_threads=65535, hint_threads=4
[1788509638635] Granted 4 threads to pid 105572 (CPUs 1+4)
Request from pid 105572: max_threads=65535, hint_threads=4
[1788509639074] Granted 4 threads to pid 105572 (CPUs 1+4)
Request from pid 105572: max_threads=65535, hint_threads=4
[1788509639525] Granted 4 threads to pid 105572 (CPUs 1+4)
Request from pid 105572: max_threads=65535, hint_threads=4
[1788509640367] Granted 4 threads to pid 105572 (CPUs 1+4)
Request from pid 105572: max_threads=65535, hint_threads=4
[1788509640623] Granted 4 threads to pid 105572 (CPUs 1+4)
Request from pid 105572: max_threads=65535, hint_threads=4
[1788509641357] Granted 4 threads to pid 105572 (CPUs 1+4)
Request from pid 105572: max_threads=65535, hint_threads=4
[1788509641943] Granted 4 threads to pid 105572 (CPUs 1+4)
Request from pid 105572: max_threads=65535, hint_threads=4
[1788509642765] Granted 4 threads to pid 105572 (CPUs 1+4)
Request from pid 105572: max_threads=65535, hint_threads=4
[1788509643243] Granted 4 threads to pid 105572 (CPUs 1+4)
Request from pid 105572: max_threads=65535, hint_threads=4
[1788509644066] Granted 4 threads to pid 105572 (CPUs 1+4)
Request from pid 105572: max_threads=65535, hint_threads=4
[1788509644544] Granted 4 threads to pid 105572 (CPUs 1+4)
Request from pid 105572: max_threads=65535, hint_threads=4
[1788509645365] Granted 4 threads to pid 105572 (CPUs 1+4)
Request from pid 105572: max_threads=65535, hint_threads=4
[1788509645844] Granted 4 threads to pid 105572 (CPUs 1+4)
Request from pid 105572: max_threads=65535, hint_threads=4
[1788509646666] Granted 4 threads to pid 105572 (CPUs 1+4)
Request from pid 105572: max_threads=65535, hint_threads=4
[1788509647144] Granted 4 threads to pid 105572 (CPUs 1+4)
Request from pid 105572: max_threads=65535, hint_threads=4
[1788509647965] Granted 4 threads to pid 105572 (CPUs 1+4)
Request from pid 105572: max_threads=65535, hint_threads=4
[1788509648444] Granted 4 threads to pid 105572 (CPUs 1+4)
Request from pid 105572: max_threads=65535, hint_threads=4
[1788509649265] Granted 4 threads to pid 105572 (CPUs 1+4)
Request from pid 105572: max_threads=65535, hint_threads=4
[1788509649743] Granted 4 threads to pid 105572 (CPUs 1+4)
Request from pid 105572: max_threads=65535, hint_threads=4
[1788509650565] Granted 4 threads to pid 105572 (CPUs 1+4)
Request from pid 105572: max_threads=65535, hint_threads=4
[1788509651042] Granted 4 threads to pid 105572 (CPUs 1+4)
Request from pid 105572: max_threads=65535, hint_threads=4
[1788509651864] Granted 4 threads to pid 105572 (CPUs 1+4)
Request from pid 105572: max_threads=65535, hint_threads=4
[1788509652342] Granted 4 threads to pid 105572 (CPUs 1+4)
Request from pid 105572: max_threads=65535, hint_threads=4
[1788509653164] Granted 4 threads to pid 105572 (CPUs 1+4)
Request from pid 105572: max_threads=65535, hint_threads=4
[1788509653642] Granted 4 threads to pid 105572 (CPUs 1+4)
Request from pid 105572: max_threads=65535, hint_threads=4
[1788509654464] Granted 4 threads to pid 105572 (CPUs 1+4)
Request from pid 105572: max_threads=65535, hint_threads=4
[1788509654941] Granted 4 threads to pid 105572 (CPUs 1+4)
Request from pid 105572: max_threads=65535, hint_threads=4
[1788509655763] Granted 4 threads to pid 105572 (CPUs 1+4)
Request from pid 105572: max_threads=65535, hint_threads=4
[1788509656240] Granted 4 threads to pid 105572 (CPUs 1+4)
Request from pid 105572: max_threads=65535, hint_threads=4
[1788509657061] Granted 4 threads to pid 105572 (CPUs 1+4)
Request from pid 105572: max_threads=65535, hint_threads=4
[1788509657537] Granted 4 threads to pid 105572 (CPUs 1+4)
Request from pid 105572: max_threads=65535, hint_threads=4
[1788509658358] Granted 4 threads to pid 105572 (CPUs 1+4)
Request from pid 105572: max_threads=65535, hint_threads=4
[1788509658835] Granted 4 threads to pid 105572 (CPUs 1+4)
Request from pid 105572: max_threads=65535, hint_threads=4
[1788509659657] Granted 4 threads to pid 105572 (CPUs 1+4)
Request from pid 105572: max_threads=65535, hint_threads=4
[1788509660134] Granted 4 threads to pid 105572 (CPUs 1+4)
Request from pid 105572: max_threads=65535, hint_threads=4
[1788509660956] Granted 4 threads to pid 105572 (CPUs 1+4)
Request from pid 105572: max_threads=65535, hint_threads=4
[1788509661433] Granted 4 threads to pid 105572 (CPUs 1+4)
Request from pid 105572: max_threads=65535, hint_threads=4
[1788509662255] Granted 4 threads to pid 105572 (CPUs 1+4)
Request from pid 105572: max_threads=65535, hint_threads=4
[1788509662733] Granted 4 threads to pid 105572 (CPUs 1+4)
Request from pid 105572: max_threads=65535, hint_threads=4
[1788509663555] Granted 4 threads to pid 105572 (CPUs 1+4)
Request from pid 105572: max_threads=65535, hint_threads=4
[1788509664033] Granted 4 threads to pid 105572 (CPUs 1+4)
Request from pid 105572: max_threads=65535, hint_threads=4
[1788509664855] Granted 4 threads to pid 105572 (CPUs 1+4)
Request from pid 105572: max_threads=65535, hint_threads=4
[1788509665332] Granted 4 threads to pid 105572 (CPUs 1+4)
Request from pid 105572: max_threads=65535, hint_threads=4
[1788509666153] Granted 4 threads to pid 105572 (CPUs 1+4)
Request from pid 105572: max_threads=65535, hint_threads=4
[1788509666632] Granted 4 threads to pid 105572 (CPUs 1+4)
Request from pid 105572: max_threads=65535, hint_threads=4
[1788509667453] Granted 4 threads to pid 105572 (CPUs 1+4)
Request from pid 105572: max_threads=65535, hint_threads=4
[1788509667824] Granted 4 threads to pid 105572 (CPUs 1+4)
Read error: Connection reset by peer (os error 104)
Accepted connection
Handling client
Request from pid 105636: max_threads=65535, hint_threads=4
[1788509670554] Granted 2 threads to pid 105636 (CPUs 3+2)
Request from pid 105636: max_threads=65535, hint_threads=4
[1788509673551] Granted 4 threads to pid 105636 (CPUs 1+4)
Request from pid 105636: max_threads=65535, hint_threads=4
[1788509673878] Granted 4 threads to pid 105636 (CPUs 1+4)
Request from pid 105636: max_threads=65535, hint_threads=4
[1788509674203] Granted 4 threads to pid 105636 (CPUs 1+4)
Request from pid 105636: max_threads=65535, hint_threads=4
[1788509674529] Granted 4 threads to pid 105636 (CPUs 1+4)
Request from pid 105636: max_threads=65535, hint_threads=4
[1788509674855] Granted 4 threads to pid 105636 (CPUs 1+4)
Request from pid 105636: max_threads=65535, hint_threads=4
[1788509675180] Granted 4 threads to pid 105636 (CPUs 1+4)
Request from pid 105636: max_threads=65535, hint_threads=4
[1788509675506] Granted 4 threads to pid 105636 (CPUs 1+4)
Request from pid 105636: max_threads=65535, hint_threads=4
[1788509676156] Granted 4 threads to pid 105636 (CPUs 1+4)
Request from pid 105636: max_threads=65535, hint_threads=4
[1788509676807] Granted 4 threads to pid 105636 (CPUs 1+4)
Request from pid 105636: max_threads=65535, hint_threads=4
[1788509677133] Granted 4 threads to pid 105636 (CPUs 1+4)
Request from pid 105636: max_threads=65535, hint_threads=4
[1788509677458] Granted 4 threads to pid 105636 (CPUs 1+4)
Request from pid 105636: max_threads=65535, hint_threads=4
[1788509677783] Granted 4 threads to pid 105636 (CPUs 1+4)
Request from pid 105636: max_threads=65535, hint_threads=4
[1788509678109] Granted 4 threads to pid 105636 (CPUs 1+4)
Request from pid 105636: max_threads=65535, hint_threads=4
[1788509678434] Granted 4 threads to pid 105636 (CPUs 1+4)
Request from pid 105636: max_threads=65535, hint_threads=4
[1788509678759] Granted 4 threads to pid 105636 (CPUs 1+4)
Request from pid 105636: max_threads=65535, hint_threads=4
[1788509679084] Granted 4 threads to pid 105636 (CPUs 1+4)
Request from pid 105636: max_threads=65535, hint_threads=4
[1788509679409] Granted 4 threads to pid 105636 (CPUs 1+4)
Request from pid 105636: max_threads=65535, hint_threads=4
[1788509679735] Granted 4 threads to pid 105636 (CPUs 1+4)
Request from pid 105636: max_threads=65535, hint_threads=4
[1788509680060] Granted 4 threads to pid 105636 (CPUs 1+4)
Request from pid 105636: max_threads=65535, hint_threads=4
[1788509680385] Granted 4 threads to pid 105636 (CPUs 1+4)
Request from pid 105636: max_threads=65535, hint_threads=4
[1788509680710] Granted 4 threads to pid 105636 (CPUs 1+4)
Request from pid 105636: max_threads=65535, hint_threads=4
[1788509681035] Granted 4 threads to pid 105636 (CPUs 1+4)
Request from pid 105636: max_threads=65535, hint_threads=4
[1788509681360] Granted 4 threads to pid 105636 (CPUs 1+4)
Request from pid 105636: max_threads=65535, hint_threads=4
[1788509681685] Granted 4 threads to pid 105636 (CPUs 1+4)
Request from pid 105636: max_threads=65535, hint_threads=4
[1788509682011] Granted 4 threads to pid 105636 (CPUs 1+4)
Request from pid 105636: max_threads=65535, hint_threads=4
[1788509682336] Granted 4 threads to pid 105636 (CPUs 1+4)
Request from pid 105636: max_threads=65535, hint_threads=4
[1788509682986] Granted 4 threads to pid 105636 (CPUs 1+4)
Request from pid 105636: max_threads=65535, hint_threads=4
[1788509683637] Granted 4 threads to pid 105636 (CPUs 1+4)
Request from pid 105636: max_threads=65535, hint_threads=4
[1788509683962] Granted 4 threads to pid 105636 (CPUs 1+4)
Request from pid 105636: max_threads=65535, hint_threads=4
[1788509684287] Granted 4 threads to pid 105636 (CPUs 1+4)
Request from pid 105636: max_threads=65535, hint_threads=4
[1788509684612] Granted 4 threads to pid 105636 (CPUs 1+4)
Request from pid 105636: max_threads=65535, hint_threads=4
[1788509684937] Granted 4 threads to pid 105636 (CPUs 1+4)
Request from pid 105636: max_threads=65535, hint_threads=4
[1788509685262] Granted 4 threads to pid 105636 (CPUs 1+4)
Request from pid 105636: max_threads=65535, hint_threads=4
[1788509685588] Granted 4 threads to pid 105636 (CPUs 1+4)
Request from pid 105636: max_threads=65535, hint_threads=4
[1788509685913] Granted 4 threads to pid 105636 (CPUs 1+4)
Request from pid 105636: max_threads=65535, hint_threads=4
[1788509686238] Granted 4 threads to pid 105636 (CPUs 1+4)
Request from pid 105636: max_threads=65535, hint_threads=4
[1788509686562] Granted 4 threads to pid 105636 (CPUs 1+4)
Request from pid 105636: max_threads=65535, hint_threads=4
[1788509686888] Granted 4 threads to pid 105636 (CPUs 1+4)
Request from pid 105636: max_threads=65535, hint_threads=4
[1788509687212] Granted 4 threads to pid 105636 (CPUs 1+4)
Request from pid 105636: max_threads=65535, hint_threads=4
[1788509687538] Granted 4 threads to pid 105636 (CPUs 1+4)
Request from pid 105636: max_threads=65535, hint_threads=4
[1788509687864] Granted 4 threads to pid 105636 (CPUs 1+4)
Request from pid 105636: max_threads=65535, hint_threads=4
[1788509688189] Granted 4 threads to pid 105636 (CPUs 1+4)
Request from pid 105636: max_threads=65535, hint_threads=4
[1788509688514] Granted 4 threads to pid 105636 (CPUs 1+4)
Request from pid 105636: max_threads=65535, hint_threads=4
[1788509689164] Granted 4 threads to pid 105636 (CPUs 1+4)
Request from pid 105636: max_threads=65535, hint_threads=4
[1788509689489] Granted 4 threads to pid 105636 (CPUs 1+4)
Request from pid 105636: max_threads=65535, hint_threads=4
[1788509689814] Granted 4 threads to pid 105636 (CPUs 1+4)
Request from pid 105636: max_threads=65535, hint_threads=4
[1788509690139] Granted 4 threads to pid 105636 (CPUs 1+4)
Request from pid 105636: max_threads=65535, hint_threads=4
[1788509690464] Granted 4 threads to pid 105636 (CPUs 1+4)
Request from pid 105636: max_threads=65535, hint_threads=4
[1788509690788] Granted 4 threads to pid 105636 (CPUs 1+4)
Request from pid 105636: max_threads=65535, hint_threads=4
[1788509691439] Granted 4 threads to pid 105636 (CPUs 1+4)
Request from pid 105636: max_threads=65535, hint_threads=4
[1788509691764] Granted 4 threads to pid 105636 (CPUs 1+4)
Request from pid 105636: max_threads=65535, hint_threads=4
[1788509692089] Granted 4 threads to pid 105636 (CPUs 1+4)
Request from pid 105636: max_threads=65535, hint_threads=4
[1788509692414] Granted 4 threads to pid 105636 (CPUs 1+4)
Request from pid 105636: max_threads=65535, hint_threads=4
[1788509692739] Granted 4 threads to pid 105636 (CPUs 1+4)
Request from pid 105636: max_threads=65535, hint_threads=4
[1788509693064] Granted 4 threads to pid 105636 (CPUs 1+4)
Request from pid 105636: max_threads=65535, hint_threads=4
[1788509693389] Granted 4 threads to pid 105636 (CPUs 1+4)
Request from pid 105636: max_threads=65535, hint_threads=4
[1788509693714] Granted 4 threads to pid 105636 (CPUs 1+4)
Request from pid 105636: max_threads=65535, hint_threads=4
[1788509694039] Granted 4 threads to pid 105636 (CPUs 1+4)
Request from pid 105636: max_threads=65535, hint_threads=4
[1788509694364] Granted 4 threads to pid 105636 (CPUs 1+4)
Request from pid 105636: max_threads=65535, hint_threads=4
[1788509694689] Granted 4 threads to pid 105636 (CPUs 1+4)
Request from pid 105636: max_threads=65535, hint_threads=4
[1788509695014] Granted 4 threads to pid 105636 (CPUs 1+4)
Request from pid 105636: max_threads=65535, hint_threads=4
[1788509695339] Granted 4 threads to pid 105636 (CPUs 1+4)
Request from pid 105636: max_threads=65535, hint_threads=4
[1788509695664] Granted 4 threads to pid 105636 (CPUs 1+4)
Request from pid 105636: max_threads=65535, hint_threads=4
[1788509696314] Granted 4 threads to pid 105636 (CPUs 1+4)
Request from pid 105636: max_threads=65535, hint_threads=4
[1788509696639] Granted 4 threads to pid 105636 (CPUs 1+4)
Request from pid 105636: max_threads=65535, hint_threads=4
[1788509696964] Granted 4 threads to pid 105636 (CPUs 1+4)
Request from pid 105636: max_threads=65535, hint_threads=4
[1788509697289] Granted 4 threads to pid 105636 (CPUs 1+4)
Request from pid 105636: max_threads=65535, hint_threads=4
[1788509697614] Granted 4 threads to pid 105636 (CPUs 1+4)
Request from pid 105636: max_threads=65535, hint_threads=4
[1788509697939] Granted 4 threads to pid 105636 (CPUs 1+4)
[1788509697942] Client pid 105636 disconnected — removed from state
Accepted connection
Handling client
Request from pid 105743: max_threads=65535, hint_threads=4
[1788509699988] Granted 4 threads to pid 105743 (CPUs 1+4)
Request from pid 105743: max_threads=65535, hint_threads=4
[1788509728839] Granted 4 threads to pid 105743 (CPUs 1+4)
Read error: Connection reset by peer (os error 104)
Starting DRM at Fri Sep  4 10:15:30 CEST 2026, capacity=4, cpu_pool=56,57,58,59
CPU pool (4 cores): 56–59
Listening on /tmp/omp-rm.sock (capacity=4, strategy=fair_share)
Accepted connection
Handling client
Request from pid 105833: max_threads=65535, hint_threads=4
[1788509731391] Granted 4 threads to pid 105833 (CPUs 56+4)
Request from pid 105833: max_threads=65535, hint_threads=4
[1788509731825] Granted 4 threads to pid 105833 (CPUs 56+4)
Request from pid 105833: max_threads=65535, hint_threads=4
[1788509732279] Granted 4 threads to pid 105833 (CPUs 56+4)
Request from pid 105833: max_threads=65535, hint_threads=4
[1788509733129] Granted 4 threads to pid 105833 (CPUs 56+4)
Request from pid 105833: max_threads=65535, hint_threads=4
[1788509733384] Granted 4 threads to pid 105833 (CPUs 56+4)
Request from pid 105833: max_threads=65535, hint_threads=4
[1788509734126] Granted 4 threads to pid 105833 (CPUs 56+4)
Request from pid 105833: max_threads=65535, hint_threads=4
[1788509734715] Granted 4 threads to pid 105833 (CPUs 56+4)
Request from pid 105833: max_threads=65535, hint_threads=4
[1788509735543] Granted 4 threads to pid 105833 (CPUs 56+4)
Request from pid 105833: max_threads=65535, hint_threads=4
[1788509736025] Granted 4 threads to pid 105833 (CPUs 56+4)
Request from pid 105833: max_threads=65535, hint_threads=4
[1788509736852] Granted 4 threads to pid 105833 (CPUs 56+4)
Request from pid 105833: max_threads=65535, hint_threads=4
[1788509737334] Granted 4 threads to pid 105833 (CPUs 56+4)
Request from pid 105833: max_threads=65535, hint_threads=4
[1788509738160] Granted 4 threads to pid 105833 (CPUs 56+4)
Request from pid 105833: max_threads=65535, hint_threads=4
[1788509738642] Granted 4 threads to pid 105833 (CPUs 56+4)
Request from pid 105833: max_threads=65535, hint_threads=4
[1788509739469] Granted 4 threads to pid 105833 (CPUs 56+4)
Request from pid 105833: max_threads=65535, hint_threads=4
[1788509739952] Granted 4 threads to pid 105833 (CPUs 56+4)
Request from pid 105833: max_threads=65535, hint_threads=4
[1788509740779] Granted 4 threads to pid 105833 (CPUs 56+4)
Request from pid 105833: max_threads=65535, hint_threads=4
[1788509741261] Granted 4 threads to pid 105833 (CPUs 56+4)
Request from pid 105833: max_threads=65535, hint_threads=4
[1788509742087] Granted 4 threads to pid 105833 (CPUs 56+4)
Request from pid 105833: max_threads=65535, hint_threads=4
[1788509742569] Granted 4 threads to pid 105833 (CPUs 56+4)
Request from pid 105833: max_threads=65535, hint_threads=4
[1788509743397] Granted 4 threads to pid 105833 (CPUs 56+4)
Request from pid 105833: max_threads=65535, hint_threads=4
[1788509743877] Granted 4 threads to pid 105833 (CPUs 56+4)
Request from pid 105833: max_threads=65535, hint_threads=4
[1788509744704] Granted 4 threads to pid 105833 (CPUs 56+4)
Request from pid 105833: max_threads=65535, hint_threads=4
[1788509745185] Granted 4 threads to pid 105833 (CPUs 56+4)
Request from pid 105833: max_threads=65535, hint_threads=4
[1788509746012] Granted 4 threads to pid 105833 (CPUs 56+4)
Request from pid 105833: max_threads=65535, hint_threads=4
[1788509746494] Granted 4 threads to pid 105833 (CPUs 56+4)
Request from pid 105833: max_threads=65535, hint_threads=4
[1788509747320] Granted 4 threads to pid 105833 (CPUs 56+4)
Request from pid 105833: max_threads=65535, hint_threads=4
[1788509747802] Granted 4 threads to pid 105833 (CPUs 56+4)
Request from pid 105833: max_threads=65535, hint_threads=4
[1788509748629] Granted 4 threads to pid 105833 (CPUs 56+4)
Request from pid 105833: max_threads=65535, hint_threads=4
[1788509749109] Granted 4 threads to pid 105833 (CPUs 56+4)
Request from pid 105833: max_threads=65535, hint_threads=4
[1788509749936] Granted 4 threads to pid 105833 (CPUs 56+4)
Request from pid 105833: max_threads=65535, hint_threads=4
[1788509750418] Granted 4 threads to pid 105833 (CPUs 56+4)
Request from pid 105833: max_threads=65535, hint_threads=4
[1788509751245] Granted 4 threads to pid 105833 (CPUs 56+4)
Request from pid 105833: max_threads=65535, hint_threads=4
[1788509751727] Granted 4 threads to pid 105833 (CPUs 56+4)
Request from pid 105833: max_threads=65535, hint_threads=4
[1788509752554] Granted 4 threads to pid 105833 (CPUs 56+4)
Request from pid 105833: max_threads=65535, hint_threads=4
[1788509753035] Granted 4 threads to pid 105833 (CPUs 56+4)
Request from pid 105833: max_threads=65535, hint_threads=4
[1788509753861] Granted 4 threads to pid 105833 (CPUs 56+4)
Request from pid 105833: max_threads=65535, hint_threads=4
[1788509754343] Granted 4 threads to pid 105833 (CPUs 56+4)
Request from pid 105833: max_threads=65535, hint_threads=4
[1788509755170] Granted 4 threads to pid 105833 (CPUs 56+4)
Request from pid 105833: max_threads=65535, hint_threads=4
[1788509755650] Granted 4 threads to pid 105833 (CPUs 56+4)
Request from pid 105833: max_threads=65535, hint_threads=4
[1788509756477] Granted 4 threads to pid 105833 (CPUs 56+4)
Request from pid 105833: max_threads=65535, hint_threads=4
[1788509756958] Granted 4 threads to pid 105833 (CPUs 56+4)
Request from pid 105833: max_threads=65535, hint_threads=4
[1788509757784] Granted 4 threads to pid 105833 (CPUs 56+4)
Request from pid 105833: max_threads=65535, hint_threads=4
[1788509758266] Granted 4 threads to pid 105833 (CPUs 56+4)
Request from pid 105833: max_threads=65535, hint_threads=4
[1788509759092] Granted 4 threads to pid 105833 (CPUs 56+4)
Request from pid 105833: max_threads=65535, hint_threads=4
[1788509759574] Granted 4 threads to pid 105833 (CPUs 56+4)
Request from pid 105833: max_threads=65535, hint_threads=4
[1788509760400] Granted 4 threads to pid 105833 (CPUs 56+4)
Request from pid 105833: max_threads=65535, hint_threads=4
[1788509760775] Granted 4 threads to pid 105833 (CPUs 56+4)
Read error: Connection reset by peer (os error 104)
Accepted connection
Handling client
Request from pid 105887: max_threads=65535, hint_threads=4
[1788509763248] Granted 2 threads to pid 105887 (CPUs 58+2)
Request from pid 105887: max_threads=65535, hint_threads=4
[1788509766253] Granted 4 threads to pid 105887 (CPUs 56+4)
Request from pid 105887: max_threads=65535, hint_threads=4
[1788509766559] Granted 4 threads to pid 105887 (CPUs 56+4)
Request from pid 105887: max_threads=65535, hint_threads=4
[1788509766864] Granted 4 threads to pid 105887 (CPUs 56+4)
Request from pid 105887: max_threads=65535, hint_threads=4
[1788509767169] Granted 4 threads to pid 105887 (CPUs 56+4)
Request from pid 105887: max_threads=65535, hint_threads=4
[1788509767475] Granted 4 threads to pid 105887 (CPUs 56+4)
Request from pid 105887: max_threads=65535, hint_threads=4
[1788509767780] Granted 4 threads to pid 105887 (CPUs 56+4)
Request from pid 105887: max_threads=65535, hint_threads=4
[1788509768085] Granted 4 threads to pid 105887 (CPUs 56+4)
Request from pid 105887: max_threads=65535, hint_threads=4
[1788509768390] Granted 4 threads to pid 105887 (CPUs 56+4)
Request from pid 105887: max_threads=65535, hint_threads=4
[1788509768695] Granted 4 threads to pid 105887 (CPUs 56+4)
Request from pid 105887: max_threads=65535, hint_threads=4
[1788509769000] Granted 4 threads to pid 105887 (CPUs 56+4)
Request from pid 105887: max_threads=65535, hint_threads=4
[1788509769609] Granted 4 threads to pid 105887 (CPUs 56+4)
Request from pid 105887: max_threads=65535, hint_threads=4
[1788509770220] Granted 4 threads to pid 105887 (CPUs 56+4)
Request from pid 105887: max_threads=65535, hint_threads=4
[1788509770829] Granted 4 threads to pid 105887 (CPUs 56+4)
Request from pid 105887: max_threads=65535, hint_threads=4
[1788509771134] Granted 4 threads to pid 105887 (CPUs 56+4)
Request from pid 105887: max_threads=65535, hint_threads=4
[1788509771439] Granted 4 threads to pid 105887 (CPUs 56+4)
Request from pid 105887: max_threads=65535, hint_threads=4
[1788509771744] Granted 4 threads to pid 105887 (CPUs 56+4)
Request from pid 105887: max_threads=65535, hint_threads=4
[1788509772049] Granted 4 threads to pid 105887 (CPUs 56+4)
Request from pid 105887: max_threads=65535, hint_threads=4
[1788509772354] Granted 4 threads to pid 105887 (CPUs 56+4)
Request from pid 105887: max_threads=65535, hint_threads=4
[1788509772659] Granted 4 threads to pid 105887 (CPUs 56+4)
Request from pid 105887: max_threads=65535, hint_threads=4
[1788509772964] Granted 4 threads to pid 105887 (CPUs 56+4)
Request from pid 105887: max_threads=65535, hint_threads=4
[1788509773269] Granted 4 threads to pid 105887 (CPUs 56+4)
Request from pid 105887: max_threads=65535, hint_threads=4
[1788509773574] Granted 4 threads to pid 105887 (CPUs 56+4)
Request from pid 105887: max_threads=65535, hint_threads=4
[1788509773879] Granted 4 threads to pid 105887 (CPUs 56+4)
Request from pid 105887: max_threads=65535, hint_threads=4
[1788509774184] Granted 4 threads to pid 105887 (CPUs 56+4)
Request from pid 105887: max_threads=65535, hint_threads=4
[1788509774489] Granted 4 threads to pid 105887 (CPUs 56+4)
Request from pid 105887: max_threads=65535, hint_threads=4
[1788509775099] Granted 4 threads to pid 105887 (CPUs 56+4)
Request from pid 105887: max_threads=65535, hint_threads=4
[1788509775709] Granted 4 threads to pid 105887 (CPUs 56+4)
Request from pid 105887: max_threads=65535, hint_threads=4
[1788509776319] Granted 4 threads to pid 105887 (CPUs 56+4)
Request from pid 105887: max_threads=65535, hint_threads=4
[1788509776624] Granted 4 threads to pid 105887 (CPUs 56+4)
Request from pid 105887: max_threads=65535, hint_threads=4
[1788509776929] Granted 4 threads to pid 105887 (CPUs 56+4)
Request from pid 105887: max_threads=65535, hint_threads=4
[1788509777234] Granted 4 threads to pid 105887 (CPUs 56+4)
Request from pid 105887: max_threads=65535, hint_threads=4
[1788509777539] Granted 4 threads to pid 105887 (CPUs 56+4)
Request from pid 105887: max_threads=65535, hint_threads=4
[1788509777844] Granted 4 threads to pid 105887 (CPUs 56+4)
Request from pid 105887: max_threads=65535, hint_threads=4
[1788509778454] Granted 4 threads to pid 105887 (CPUs 56+4)
Request from pid 105887: max_threads=65535, hint_threads=4
[1788509779064] Granted 4 threads to pid 105887 (CPUs 56+4)
Request from pid 105887: max_threads=65535, hint_threads=4
[1788509779674] Granted 4 threads to pid 105887 (CPUs 56+4)
Request from pid 105887: max_threads=65535, hint_threads=4
[1788509780284] Granted 4 threads to pid 105887 (CPUs 56+4)
Request from pid 105887: max_threads=65535, hint_threads=4
[1788509780589] Granted 4 threads to pid 105887 (CPUs 56+4)
Request from pid 105887: max_threads=65535, hint_threads=4
[1788509780894] Granted 4 threads to pid 105887 (CPUs 56+4)
Request from pid 105887: max_threads=65535, hint_threads=4
[1788509781504] Granted 4 threads to pid 105887 (CPUs 56+4)
Request from pid 105887: max_threads=65535, hint_threads=4
[1788509781809] Granted 4 threads to pid 105887 (CPUs 56+4)
Request from pid 105887: max_threads=65535, hint_threads=4
[1788509782114] Granted 4 threads to pid 105887 (CPUs 56+4)
Request from pid 105887: max_threads=65535, hint_threads=4
[1788509782419] Granted 4 threads to pid 105887 (CPUs 56+4)
Request from pid 105887: max_threads=65535, hint_threads=4
[1788509782724] Granted 4 threads to pid 105887 (CPUs 56+4)
Request from pid 105887: max_threads=65535, hint_threads=4
[1788509783333] Granted 4 threads to pid 105887 (CPUs 56+4)
Request from pid 105887: max_threads=65535, hint_threads=4
[1788509783638] Granted 4 threads to pid 105887 (CPUs 56+4)
Request from pid 105887: max_threads=65535, hint_threads=4
[1788509783943] Granted 4 threads to pid 105887 (CPUs 56+4)
Request from pid 105887: max_threads=65535, hint_threads=4
[1788509784554] Granted 4 threads to pid 105887 (CPUs 56+4)
Request from pid 105887: max_threads=65535, hint_threads=4
[1788509784858] Granted 4 threads to pid 105887 (CPUs 56+4)
Request from pid 105887: max_threads=65535, hint_threads=4
[1788509785163] Granted 4 threads to pid 105887 (CPUs 56+4)
Request from pid 105887: max_threads=65535, hint_threads=4
[1788509785468] Granted 4 threads to pid 105887 (CPUs 56+4)
Request from pid 105887: max_threads=65535, hint_threads=4
[1788509785773] Granted 4 threads to pid 105887 (CPUs 56+4)
Request from pid 105887: max_threads=65535, hint_threads=4
[1788509786383] Granted 4 threads to pid 105887 (CPUs 56+4)
Request from pid 105887: max_threads=65535, hint_threads=4
[1788509786993] Granted 4 threads to pid 105887 (CPUs 56+4)
Request from pid 105887: max_threads=65535, hint_threads=4
[1788509787603] Granted 4 threads to pid 105887 (CPUs 56+4)
Request from pid 105887: max_threads=65535, hint_threads=4
[1788509787908] Granted 4 threads to pid 105887 (CPUs 56+4)
Request from pid 105887: max_threads=65535, hint_threads=4
[1788509788212] Granted 4 threads to pid 105887 (CPUs 56+4)
Request from pid 105887: max_threads=65535, hint_threads=4
[1788509788517] Granted 4 threads to pid 105887 (CPUs 56+4)
Request from pid 105887: max_threads=65535, hint_threads=4
[1788509788822] Granted 4 threads to pid 105887 (CPUs 56+4)
Request from pid 105887: max_threads=65535, hint_threads=4
[1788509789127] Granted 4 threads to pid 105887 (CPUs 56+4)
[1788509789131] Client pid 105887 disconnected — removed from state
Accepted connection
Handling client
Request from pid 105951: max_threads=65535, hint_threads=4
[1788509791766] Granted 4 threads to pid 105951 (CPUs 56+4)
Request from pid 105951: max_threads=65535, hint_threads=4
[1788509820625] Granted 4 threads to pid 105951 (CPUs 56+4)
Read error: Connection reset by peer (os error 104)
Starting DRM at Fri Sep  4 10:17:02 CEST 2026, capacity=4, cpu_pool=1,2,3,4
CPU pool (4 cores): 1–4
Listening on /tmp/omp-rm.sock (capacity=4, strategy=fair_share)
Accepted connection
Handling client
Request from pid 106014: max_threads=65535, hint_threads=4
[1788509823185] Granted 4 threads to pid 106014 (CPUs 1+4)
Request from pid 106014: max_threads=65535, hint_threads=4
[1788509823628] Granted 4 threads to pid 106014 (CPUs 1+4)
Request from pid 106014: max_threads=65535, hint_threads=4
[1788509824083] Granted 4 threads to pid 106014 (CPUs 1+4)
Request from pid 106014: max_threads=65535, hint_threads=4
[1788509824932] Granted 4 threads to pid 106014 (CPUs 1+4)
Request from pid 106014: max_threads=65535, hint_threads=4
[1788509825187] Granted 4 threads to pid 106014 (CPUs 1+4)
Request from pid 106014: max_threads=65535, hint_threads=4
[1788509825929] Granted 4 threads to pid 106014 (CPUs 1+4)
Request from pid 106014: max_threads=65535, hint_threads=4
[1788509826519] Granted 4 threads to pid 106014 (CPUs 1+4)
Request from pid 106014: max_threads=65535, hint_threads=4
[1788509827348] Granted 4 threads to pid 106014 (CPUs 1+4)
Request from pid 106014: max_threads=65535, hint_threads=4
[1788509827830] Granted 4 threads to pid 106014 (CPUs 1+4)
Request from pid 106014: max_threads=65535, hint_threads=4
[1788509828659] Granted 4 threads to pid 106014 (CPUs 1+4)
Request from pid 106014: max_threads=65535, hint_threads=4
[1788509829141] Granted 4 threads to pid 106014 (CPUs 1+4)
Request from pid 106014: max_threads=65535, hint_threads=4
[1788509829969] Granted 4 threads to pid 106014 (CPUs 1+4)
Request from pid 106014: max_threads=65535, hint_threads=4
[1788509830452] Granted 4 threads to pid 106014 (CPUs 1+4)
Request from pid 106014: max_threads=65535, hint_threads=4
[1788509831281] Granted 4 threads to pid 106014 (CPUs 1+4)
Request from pid 106014: max_threads=65535, hint_threads=4
[1788509831763] Granted 4 threads to pid 106014 (CPUs 1+4)
Request from pid 106014: max_threads=65535, hint_threads=4
[1788509832592] Granted 4 threads to pid 106014 (CPUs 1+4)
Request from pid 106014: max_threads=65535, hint_threads=4
[1788509833073] Granted 4 threads to pid 106014 (CPUs 1+4)
Request from pid 106014: max_threads=65535, hint_threads=4
[1788509833901] Granted 4 threads to pid 106014 (CPUs 1+4)
Request from pid 106014: max_threads=65535, hint_threads=4
[1788509834383] Granted 4 threads to pid 106014 (CPUs 1+4)
Request from pid 106014: max_threads=65535, hint_threads=4
[1788509835211] Granted 4 threads to pid 106014 (CPUs 1+4)
Request from pid 106014: max_threads=65535, hint_threads=4
[1788509835714] Granted 4 threads to pid 106014 (CPUs 1+4)
Request from pid 106014: max_threads=65535, hint_threads=4
[1788509836522] Granted 4 threads to pid 106014 (CPUs 1+4)
Request from pid 106014: max_threads=65535, hint_threads=4
[1788509837004] Granted 4 threads to pid 106014 (CPUs 1+4)
Request from pid 106014: max_threads=65535, hint_threads=4
[1788509837832] Granted 4 threads to pid 106014 (CPUs 1+4)
Request from pid 106014: max_threads=65535, hint_threads=4
[1788509838315] Granted 4 threads to pid 106014 (CPUs 1+4)
Request from pid 106014: max_threads=65535, hint_threads=4
[1788509839143] Granted 4 threads to pid 106014 (CPUs 1+4)
Request from pid 106014: max_threads=65535, hint_threads=4
[1788509839625] Granted 4 threads to pid 106014 (CPUs 1+4)
Request from pid 106014: max_threads=65535, hint_threads=4
[1788509840453] Granted 4 threads to pid 106014 (CPUs 1+4)
Request from pid 106014: max_threads=65535, hint_threads=4
[1788509840934] Granted 4 threads to pid 106014 (CPUs 1+4)
Request from pid 106014: max_threads=65535, hint_threads=4
[1788509841763] Granted 4 threads to pid 106014 (CPUs 1+4)
Request from pid 106014: max_threads=65535, hint_threads=4
[1788509842245] Granted 4 threads to pid 106014 (CPUs 1+4)
Request from pid 106014: max_threads=65535, hint_threads=4
[1788509843073] Granted 4 threads to pid 106014 (CPUs 1+4)
Request from pid 106014: max_threads=65535, hint_threads=4
[1788509843554] Granted 4 threads to pid 106014 (CPUs 1+4)
Request from pid 106014: max_threads=65535, hint_threads=4
[1788509844383] Granted 4 threads to pid 106014 (CPUs 1+4)
Request from pid 106014: max_threads=65535, hint_threads=4
[1788509844865] Granted 4 threads to pid 106014 (CPUs 1+4)
Request from pid 106014: max_threads=65535, hint_threads=4
[1788509845694] Granted 4 threads to pid 106014 (CPUs 1+4)
Request from pid 106014: max_threads=65535, hint_threads=4
[1788509846175] Granted 4 threads to pid 106014 (CPUs 1+4)
Request from pid 106014: max_threads=65535, hint_threads=4
[1788509847004] Granted 4 threads to pid 106014 (CPUs 1+4)
Request from pid 106014: max_threads=65535, hint_threads=4
[1788509847486] Granted 4 threads to pid 106014 (CPUs 1+4)
Request from pid 106014: max_threads=65535, hint_threads=4
[1788509848314] Granted 4 threads to pid 106014 (CPUs 1+4)
Request from pid 106014: max_threads=65535, hint_threads=4
[1788509848795] Granted 4 threads to pid 106014 (CPUs 1+4)
Request from pid 106014: max_threads=65535, hint_threads=4
[1788509849624] Granted 4 threads to pid 106014 (CPUs 1+4)
Request from pid 106014: max_threads=65535, hint_threads=4
[1788509850106] Granted 4 threads to pid 106014 (CPUs 1+4)
Request from pid 106014: max_threads=65535, hint_threads=4
[1788509850935] Granted 4 threads to pid 106014 (CPUs 1+4)
Request from pid 106014: max_threads=65535, hint_threads=4
[1788509851416] Granted 4 threads to pid 106014 (CPUs 1+4)
Request from pid 106014: max_threads=65535, hint_threads=4
[1788509852245] Granted 4 threads to pid 106014 (CPUs 1+4)
Request from pid 106014: max_threads=65535, hint_threads=4
[1788509852619] Granted 4 threads to pid 106014 (CPUs 1+4)
Read error: Connection reset by peer (os error 104)
Accepted connection
Handling client
Request from pid 106082: max_threads=65535, hint_threads=4
[1788509855012] Granted 2 threads to pid 106082 (CPUs 3+2)
Request from pid 106082: max_threads=65535, hint_threads=4
[1788509858091] Granted 4 threads to pid 106082 (CPUs 1+4)
Request from pid 106082: max_threads=65535, hint_threads=4
[1788509858422] Granted 4 threads to pid 106082 (CPUs 1+4)
Request from pid 106082: max_threads=65535, hint_threads=4
[1788509858746] Granted 4 threads to pid 106082 (CPUs 1+4)
Request from pid 106082: max_threads=65535, hint_threads=4
[1788509859069] Granted 4 threads to pid 106082 (CPUs 1+4)
Request from pid 106082: max_threads=65535, hint_threads=4
[1788509859393] Granted 4 threads to pid 106082 (CPUs 1+4)
Request from pid 106082: max_threads=65535, hint_threads=4
[1788509859716] Granted 4 threads to pid 106082 (CPUs 1+4)
Request from pid 106082: max_threads=65535, hint_threads=4
[1788509860040] Granted 4 threads to pid 106082 (CPUs 1+4)
Request from pid 106082: max_threads=65535, hint_threads=4
[1788509860363] Granted 4 threads to pid 106082 (CPUs 1+4)
Request from pid 106082: max_threads=65535, hint_threads=4
[1788509860686] Granted 4 threads to pid 106082 (CPUs 1+4)
Request from pid 106082: max_threads=65535, hint_threads=4
[1788509861009] Granted 4 threads to pid 106082 (CPUs 1+4)
Request from pid 106082: max_threads=65535, hint_threads=4
[1788509861656] Granted 4 threads to pid 106082 (CPUs 1+4)
Request from pid 106082: max_threads=65535, hint_threads=4
[1788509861979] Granted 4 threads to pid 106082 (CPUs 1+4)
Request from pid 106082: max_threads=65535, hint_threads=4
[1788509862302] Granted 4 threads to pid 106082 (CPUs 1+4)
Request from pid 106082: max_threads=65535, hint_threads=4
[1788509862626] Granted 4 threads to pid 106082 (CPUs 1+4)
Request from pid 106082: max_threads=65535, hint_threads=4
[1788509862949] Granted 4 threads to pid 106082 (CPUs 1+4)
Request from pid 106082: max_threads=65535, hint_threads=4
[1788509863272] Granted 4 threads to pid 106082 (CPUs 1+4)
Request from pid 106082: max_threads=65535, hint_threads=4
[1788509863595] Granted 4 threads to pid 106082 (CPUs 1+4)
Request from pid 106082: max_threads=65535, hint_threads=4
[1788509863918] Granted 4 threads to pid 106082 (CPUs 1+4)
Request from pid 106082: max_threads=65535, hint_threads=4
[1788509864241] Granted 4 threads to pid 106082 (CPUs 1+4)
Request from pid 106082: max_threads=65535, hint_threads=4
[1788509864563] Granted 4 threads to pid 106082 (CPUs 1+4)
Request from pid 106082: max_threads=65535, hint_threads=4
[1788509864886] Granted 4 threads to pid 106082 (CPUs 1+4)
Request from pid 106082: max_threads=65535, hint_threads=4
[1788509865209] Granted 4 threads to pid 106082 (CPUs 1+4)
Request from pid 106082: max_threads=65535, hint_threads=4
[1788509865532] Granted 4 threads to pid 106082 (CPUs 1+4)
Request from pid 106082: max_threads=65535, hint_threads=4
[1788509865855] Granted 4 threads to pid 106082 (CPUs 1+4)
Request from pid 106082: max_threads=65535, hint_threads=4
[1788509866179] Granted 4 threads to pid 106082 (CPUs 1+4)
Request from pid 106082: max_threads=65535, hint_threads=4
[1788509866501] Granted 4 threads to pid 106082 (CPUs 1+4)
Request from pid 106082: max_threads=65535, hint_threads=4
[1788509866824] Granted 4 threads to pid 106082 (CPUs 1+4)
Request from pid 106082: max_threads=65535, hint_threads=4
[1788509867147] Granted 4 threads to pid 106082 (CPUs 1+4)
Request from pid 106082: max_threads=65535, hint_threads=4
[1788509867470] Granted 4 threads to pid 106082 (CPUs 1+4)
Request from pid 106082: max_threads=65535, hint_threads=4
[1788509867793] Granted 4 threads to pid 106082 (CPUs 1+4)
Request from pid 106082: max_threads=65535, hint_threads=4
[1788509868116] Granted 4 threads to pid 106082 (CPUs 1+4)
Request from pid 106082: max_threads=65535, hint_threads=4
[1788509868439] Granted 4 threads to pid 106082 (CPUs 1+4)
Request from pid 106082: max_threads=65535, hint_threads=4
[1788509869085] Granted 4 threads to pid 106082 (CPUs 1+4)
Request from pid 106082: max_threads=65535, hint_threads=4
[1788509869730] Granted 4 threads to pid 106082 (CPUs 1+4)
Request from pid 106082: max_threads=65535, hint_threads=4
[1788509870053] Granted 4 threads to pid 106082 (CPUs 1+4)
Request from pid 106082: max_threads=65535, hint_threads=4
[1788509870376] Granted 4 threads to pid 106082 (CPUs 1+4)
Request from pid 106082: max_threads=65535, hint_threads=4
[1788509871022] Granted 4 threads to pid 106082 (CPUs 1+4)
Request from pid 106082: max_threads=65535, hint_threads=4
[1788509871345] Granted 4 threads to pid 106082 (CPUs 1+4)
Request from pid 106082: max_threads=65535, hint_threads=4
[1788509871667] Granted 4 threads to pid 106082 (CPUs 1+4)
Request from pid 106082: max_threads=65535, hint_threads=4
[1788509871990] Granted 4 threads to pid 106082 (CPUs 1+4)
Request from pid 106082: max_threads=65535, hint_threads=4
[1788509872313] Granted 4 threads to pid 106082 (CPUs 1+4)
Request from pid 106082: max_threads=65535, hint_threads=4
[1788509872636] Granted 4 threads to pid 106082 (CPUs 1+4)
Request from pid 106082: max_threads=65535, hint_threads=4
[1788509872959] Granted 4 threads to pid 106082 (CPUs 1+4)
Request from pid 106082: max_threads=65535, hint_threads=4
[1788509873282] Granted 4 threads to pid 106082 (CPUs 1+4)
Request from pid 106082: max_threads=65535, hint_threads=4
[1788509873605] Granted 4 threads to pid 106082 (CPUs 1+4)
Request from pid 106082: max_threads=65535, hint_threads=4
[1788509873928] Granted 4 threads to pid 106082 (CPUs 1+4)
Request from pid 106082: max_threads=65535, hint_threads=4
[1788509874251] Granted 4 threads to pid 106082 (CPUs 1+4)
Request from pid 106082: max_threads=65535, hint_threads=4
[1788509874574] Granted 4 threads to pid 106082 (CPUs 1+4)
Request from pid 106082: max_threads=65535, hint_threads=4
[1788509874897] Granted 4 threads to pid 106082 (CPUs 1+4)
Request from pid 106082: max_threads=65535, hint_threads=4
[1788509875220] Granted 4 threads to pid 106082 (CPUs 1+4)
Request from pid 106082: max_threads=65535, hint_threads=4
[1788509875542] Granted 4 threads to pid 106082 (CPUs 1+4)
Request from pid 106082: max_threads=65535, hint_threads=4
[1788509875866] Granted 4 threads to pid 106082 (CPUs 1+4)
Request from pid 106082: max_threads=65535, hint_threads=4
[1788509876189] Granted 4 threads to pid 106082 (CPUs 1+4)
Request from pid 106082: max_threads=65535, hint_threads=4
[1788509876511] Granted 4 threads to pid 106082 (CPUs 1+4)
Request from pid 106082: max_threads=65535, hint_threads=4
[1788509876834] Granted 4 threads to pid 106082 (CPUs 1+4)
Request from pid 106082: max_threads=65535, hint_threads=4
[1788509877157] Granted 4 threads to pid 106082 (CPUs 1+4)
Request from pid 106082: max_threads=65535, hint_threads=4
[1788509877480] Granted 4 threads to pid 106082 (CPUs 1+4)
Request from pid 106082: max_threads=65535, hint_threads=4
[1788509877803] Granted 4 threads to pid 106082 (CPUs 1+4)
Request from pid 106082: max_threads=65535, hint_threads=4
[1788509878126] Granted 4 threads to pid 106082 (CPUs 1+4)
Request from pid 106082: max_threads=65535, hint_threads=4
[1788509878449] Granted 4 threads to pid 106082 (CPUs 1+4)
Request from pid 106082: max_threads=65535, hint_threads=4
[1788509878772] Granted 4 threads to pid 106082 (CPUs 1+4)
Request from pid 106082: max_threads=65535, hint_threads=4
[1788509879095] Granted 4 threads to pid 106082 (CPUs 1+4)
Request from pid 106082: max_threads=65535, hint_threads=4
[1788509879418] Granted 4 threads to pid 106082 (CPUs 1+4)
Request from pid 106082: max_threads=65535, hint_threads=4
[1788509879741] Granted 4 threads to pid 106082 (CPUs 1+4)
Request from pid 106082: max_threads=65535, hint_threads=4
[1788509880064] Granted 4 threads to pid 106082 (CPUs 1+4)
Request from pid 106082: max_threads=65535, hint_threads=4
[1788509880387] Granted 4 threads to pid 106082 (CPUs 1+4)
Request from pid 106082: max_threads=65535, hint_threads=4
[1788509880709] Granted 4 threads to pid 106082 (CPUs 1+4)
Request from pid 106082: max_threads=65535, hint_threads=4
[1788509881033] Granted 4 threads to pid 106082 (CPUs 1+4)
Request from pid 106082: max_threads=65535, hint_threads=4
[1788509881355] Granted 4 threads to pid 106082 (CPUs 1+4)
Request from pid 106082: max_threads=65535, hint_threads=4
[1788509881678] Granted 4 threads to pid 106082 (CPUs 1+4)
Request from pid 106082: max_threads=65535, hint_threads=4
[1788509882001] Granted 4 threads to pid 106082 (CPUs 1+4)
[1788509882328] Client pid 106082 disconnected — removed from state
Accepted connection
Handling client
Request from pid 106140: max_threads=65535, hint_threads=4
[1788509884888] Granted 4 threads to pid 106140 (CPUs 1+4)
Request from pid 106140: max_threads=65535, hint_threads=4
[1788509913759] Granted 4 threads to pid 106140 (CPUs 1+4)
Read error: Connection reset by peer (os error 104)
Starting DRM at Fri Sep  4 10:18:35 CEST 2026, capacity=4, cpu_pool=56,57,58,59
CPU pool (4 cores): 56–59
Listening on /tmp/omp-rm.sock (capacity=4, strategy=fair_share)
Accepted connection
Handling client
Request from pid 106209: max_threads=65535, hint_threads=4
[1788509916319] Granted 4 threads to pid 106209 (CPUs 56+4)
Request from pid 106209: max_threads=65535, hint_threads=4
[1788509916757] Granted 4 threads to pid 106209 (CPUs 56+4)
Request from pid 106209: max_threads=65535, hint_threads=4
[1788509917215] Granted 4 threads to pid 106209 (CPUs 56+4)
Request from pid 106209: max_threads=65535, hint_threads=4
[1788509918070] Granted 4 threads to pid 106209 (CPUs 56+4)
Request from pid 106209: max_threads=65535, hint_threads=4
[1788509918324] Granted 4 threads to pid 106209 (CPUs 56+4)
Request from pid 106209: max_threads=65535, hint_threads=4
[1788509919071] Granted 4 threads to pid 106209 (CPUs 56+4)
Request from pid 106209: max_threads=65535, hint_threads=4
[1788509919663] Granted 4 threads to pid 106209 (CPUs 56+4)
Request from pid 106209: max_threads=65535, hint_threads=4
[1788509920493] Granted 4 threads to pid 106209 (CPUs 56+4)
Request from pid 106209: max_threads=65535, hint_threads=4
[1788509920977] Granted 4 threads to pid 106209 (CPUs 56+4)
Request from pid 106209: max_threads=65535, hint_threads=4
[1788509921807] Granted 4 threads to pid 106209 (CPUs 56+4)
Request from pid 106209: max_threads=65535, hint_threads=4
[1788509922292] Granted 4 threads to pid 106209 (CPUs 56+4)
Request from pid 106209: max_threads=65535, hint_threads=4
[1788509923121] Granted 4 threads to pid 106209 (CPUs 56+4)
Request from pid 106209: max_threads=65535, hint_threads=4
[1788509923606] Granted 4 threads to pid 106209 (CPUs 56+4)
Request from pid 106209: max_threads=65535, hint_threads=4
[1788509924436] Granted 4 threads to pid 106209 (CPUs 56+4)
Request from pid 106209: max_threads=65535, hint_threads=4
[1788509924920] Granted 4 threads to pid 106209 (CPUs 56+4)
Request from pid 106209: max_threads=65535, hint_threads=4
[1788509925750] Granted 4 threads to pid 106209 (CPUs 56+4)
Request from pid 106209: max_threads=65535, hint_threads=4
[1788509926234] Granted 4 threads to pid 106209 (CPUs 56+4)
Request from pid 106209: max_threads=65535, hint_threads=4
[1788509927063] Granted 4 threads to pid 106209 (CPUs 56+4)
Request from pid 106209: max_threads=65535, hint_threads=4
[1788509927548] Granted 4 threads to pid 106209 (CPUs 56+4)
Request from pid 106209: max_threads=65535, hint_threads=4
[1788509928376] Granted 4 threads to pid 106209 (CPUs 56+4)
Request from pid 106209: max_threads=65535, hint_threads=4
[1788509928862] Granted 4 threads to pid 106209 (CPUs 56+4)
Request from pid 106209: max_threads=65535, hint_threads=4
[1788509929691] Granted 4 threads to pid 106209 (CPUs 56+4)
Request from pid 106209: max_threads=65535, hint_threads=4
[1788509930176] Granted 4 threads to pid 106209 (CPUs 56+4)
Request from pid 106209: max_threads=65535, hint_threads=4
[1788509931005] Granted 4 threads to pid 106209 (CPUs 56+4)
Request from pid 106209: max_threads=65535, hint_threads=4
[1788509931490] Granted 4 threads to pid 106209 (CPUs 56+4)
Request from pid 106209: max_threads=65535, hint_threads=4
[1788509932319] Granted 4 threads to pid 106209 (CPUs 56+4)
Request from pid 106209: max_threads=65535, hint_threads=4
[1788509932805] Granted 4 threads to pid 106209 (CPUs 56+4)
Request from pid 106209: max_threads=65535, hint_threads=4
[1788509933633] Granted 4 threads to pid 106209 (CPUs 56+4)
Request from pid 106209: max_threads=65535, hint_threads=4
[1788509934118] Granted 4 threads to pid 106209 (CPUs 56+4)
Request from pid 106209: max_threads=65535, hint_threads=4
[1788509934947] Granted 4 threads to pid 106209 (CPUs 56+4)
Request from pid 106209: max_threads=65535, hint_threads=4
[1788509935432] Granted 4 threads to pid 106209 (CPUs 56+4)
Request from pid 106209: max_threads=65535, hint_threads=4
[1788509936262] Granted 4 threads to pid 106209 (CPUs 56+4)
Request from pid 106209: max_threads=65535, hint_threads=4
[1788509936746] Granted 4 threads to pid 106209 (CPUs 56+4)
Request from pid 106209: max_threads=65535, hint_threads=4
[1788509937576] Granted 4 threads to pid 106209 (CPUs 56+4)
Request from pid 106209: max_threads=65535, hint_threads=4
[1788509938060] Granted 4 threads to pid 106209 (CPUs 56+4)
Request from pid 106209: max_threads=65535, hint_threads=4
[1788509938890] Granted 4 threads to pid 106209 (CPUs 56+4)
Request from pid 106209: max_threads=65535, hint_threads=4
[1788509939376] Granted 4 threads to pid 106209 (CPUs 56+4)
Request from pid 106209: max_threads=65535, hint_threads=4
[1788509940205] Granted 4 threads to pid 106209 (CPUs 56+4)
Request from pid 106209: max_threads=65535, hint_threads=4
[1788509940692] Granted 4 threads to pid 106209 (CPUs 56+4)
Request from pid 106209: max_threads=65535, hint_threads=4
[1788509941521] Granted 4 threads to pid 106209 (CPUs 56+4)
Request from pid 106209: max_threads=65535, hint_threads=4
[1788509942007] Granted 4 threads to pid 106209 (CPUs 56+4)
Request from pid 106209: max_threads=65535, hint_threads=4
[1788509942837] Granted 4 threads to pid 106209 (CPUs 56+4)
Request from pid 106209: max_threads=65535, hint_threads=4
[1788509943321] Granted 4 threads to pid 106209 (CPUs 56+4)
Request from pid 106209: max_threads=65535, hint_threads=4
[1788509944151] Granted 4 threads to pid 106209 (CPUs 56+4)
Request from pid 106209: max_threads=65535, hint_threads=4
[1788509944637] Granted 4 threads to pid 106209 (CPUs 56+4)
Request from pid 106209: max_threads=65535, hint_threads=4
[1788509945466] Granted 4 threads to pid 106209 (CPUs 56+4)
Request from pid 106209: max_threads=65535, hint_threads=4
[1788509945844] Granted 4 threads to pid 106209 (CPUs 56+4)
Read error: Connection reset by peer (os error 104)
Accepted connection
Handling client
Request from pid 106263: max_threads=65535, hint_threads=4
[1788509948683] Granted 2 threads to pid 106263 (CPUs 58+2)
Request from pid 106263: max_threads=65535, hint_threads=4
[1788509951742] Granted 4 threads to pid 106263 (CPUs 56+4)
Request from pid 106263: max_threads=65535, hint_threads=4
[1788509952079] Granted 4 threads to pid 106263 (CPUs 56+4)
Request from pid 106263: max_threads=65535, hint_threads=4
[1788509952416] Granted 4 threads to pid 106263 (CPUs 56+4)
Request from pid 106263: max_threads=65535, hint_threads=4
[1788509952754] Granted 4 threads to pid 106263 (CPUs 56+4)
Request from pid 106263: max_threads=65535, hint_threads=4
[1788509953091] Granted 4 threads to pid 106263 (CPUs 56+4)
Request from pid 106263: max_threads=65535, hint_threads=4
[1788509953428] Granted 4 threads to pid 106263 (CPUs 56+4)
Request from pid 106263: max_threads=65535, hint_threads=4
[1788509953764] Granted 4 threads to pid 106263 (CPUs 56+4)
Request from pid 106263: max_threads=65535, hint_threads=4
[1788509954101] Granted 4 threads to pid 106263 (CPUs 56+4)
Request from pid 106263: max_threads=65535, hint_threads=4
[1788509954775] Granted 4 threads to pid 106263 (CPUs 56+4)
Request from pid 106263: max_threads=65535, hint_threads=4
[1788509955112] Granted 4 threads to pid 106263 (CPUs 56+4)
Request from pid 106263: max_threads=65535, hint_threads=4
[1788509955449] Granted 4 threads to pid 106263 (CPUs 56+4)
Request from pid 106263: max_threads=65535, hint_threads=4
[1788509955786] Granted 4 threads to pid 106263 (CPUs 56+4)
Request from pid 106263: max_threads=65535, hint_threads=4
[1788509956123] Granted 4 threads to pid 106263 (CPUs 56+4)
Request from pid 106263: max_threads=65535, hint_threads=4
[1788509956797] Granted 4 threads to pid 106263 (CPUs 56+4)
Request from pid 106263: max_threads=65535, hint_threads=4
[1788509957133] Granted 4 threads to pid 106263 (CPUs 56+4)
Request from pid 106263: max_threads=65535, hint_threads=4
[1788509957470] Granted 4 threads to pid 106263 (CPUs 56+4)
Request from pid 106263: max_threads=65535, hint_threads=4
[1788509958145] Granted 4 threads to pid 106263 (CPUs 56+4)
Request from pid 106263: max_threads=65535, hint_threads=4
[1788509958482] Granted 4 threads to pid 106263 (CPUs 56+4)
Request from pid 106263: max_threads=65535, hint_threads=4
[1788509959156] Granted 4 threads to pid 106263 (CPUs 56+4)
Request from pid 106263: max_threads=65535, hint_threads=4
[1788509959830] Granted 4 threads to pid 106263 (CPUs 56+4)
Request from pid 106263: max_threads=65535, hint_threads=4
[1788509960167] Granted 4 threads to pid 106263 (CPUs 56+4)
Request from pid 106263: max_threads=65535, hint_threads=4
[1788509960504] Granted 4 threads to pid 106263 (CPUs 56+4)
Request from pid 106263: max_threads=65535, hint_threads=4
[1788509960840] Granted 4 threads to pid 106263 (CPUs 56+4)
Request from pid 106263: max_threads=65535, hint_threads=4
[1788509961177] Granted 4 threads to pid 106263 (CPUs 56+4)
Request from pid 106263: max_threads=65535, hint_threads=4
[1788509961852] Granted 4 threads to pid 106263 (CPUs 56+4)
Request from pid 106263: max_threads=65535, hint_threads=4
[1788509962189] Granted 4 threads to pid 106263 (CPUs 56+4)
Request from pid 106263: max_threads=65535, hint_threads=4
[1788509962526] Granted 4 threads to pid 106263 (CPUs 56+4)
Request from pid 106263: max_threads=65535, hint_threads=4
[1788509962863] Granted 4 threads to pid 106263 (CPUs 56+4)
Request from pid 106263: max_threads=65535, hint_threads=4
[1788509963200] Granted 4 threads to pid 106263 (CPUs 56+4)
Request from pid 106263: max_threads=65535, hint_threads=4
[1788509963537] Granted 4 threads to pid 106263 (CPUs 56+4)
Request from pid 106263: max_threads=65535, hint_threads=4
[1788509963874] Granted 4 threads to pid 106263 (CPUs 56+4)
Request from pid 106263: max_threads=65535, hint_threads=4
[1788509964211] Granted 4 threads to pid 106263 (CPUs 56+4)
Request from pid 106263: max_threads=65535, hint_threads=4
[1788509964548] Granted 4 threads to pid 106263 (CPUs 56+4)
Request from pid 106263: max_threads=65535, hint_threads=4
[1788509965222] Granted 4 threads to pid 106263 (CPUs 56+4)
Request from pid 106263: max_threads=65535, hint_threads=4
[1788509965559] Granted 4 threads to pid 106263 (CPUs 56+4)
Request from pid 106263: max_threads=65535, hint_threads=4
[1788509965897] Granted 4 threads to pid 106263 (CPUs 56+4)
Request from pid 106263: max_threads=65535, hint_threads=4
[1788509966234] Granted 4 threads to pid 106263 (CPUs 56+4)
Request from pid 106263: max_threads=65535, hint_threads=4
[1788509966571] Granted 4 threads to pid 106263 (CPUs 56+4)
Request from pid 106263: max_threads=65535, hint_threads=4
[1788509966908] Granted 4 threads to pid 106263 (CPUs 56+4)
Request from pid 106263: max_threads=65535, hint_threads=4
[1788509967245] Granted 4 threads to pid 106263 (CPUs 56+4)
Request from pid 106263: max_threads=65535, hint_threads=4
[1788509967582] Granted 4 threads to pid 106263 (CPUs 56+4)
Request from pid 106263: max_threads=65535, hint_threads=4
[1788509967919] Granted 4 threads to pid 106263 (CPUs 56+4)
Request from pid 106263: max_threads=65535, hint_threads=4
[1788509968593] Granted 4 threads to pid 106263 (CPUs 56+4)
Request from pid 106263: max_threads=65535, hint_threads=4
[1788509968930] Granted 4 threads to pid 106263 (CPUs 56+4)
Request from pid 106263: max_threads=65535, hint_threads=4
[1788509969267] Granted 4 threads to pid 106263 (CPUs 56+4)
Request from pid 106263: max_threads=65535, hint_threads=4
[1788509969604] Granted 4 threads to pid 106263 (CPUs 56+4)
Request from pid 106263: max_threads=65535, hint_threads=4
[1788509969941] Granted 4 threads to pid 106263 (CPUs 56+4)
Request from pid 106263: max_threads=65535, hint_threads=4
[1788509970278] Granted 4 threads to pid 106263 (CPUs 56+4)
Request from pid 106263: max_threads=65535, hint_threads=4
[1788509970615] Granted 4 threads to pid 106263 (CPUs 56+4)
Request from pid 106263: max_threads=65535, hint_threads=4
[1788509970952] Granted 4 threads to pid 106263 (CPUs 56+4)
Request from pid 106263: max_threads=65535, hint_threads=4
[1788509971289] Granted 4 threads to pid 106263 (CPUs 56+4)
Request from pid 106263: max_threads=65535, hint_threads=4
[1788509971626] Granted 4 threads to pid 106263 (CPUs 56+4)
Request from pid 106263: max_threads=65535, hint_threads=4
[1788509971963] Granted 4 threads to pid 106263 (CPUs 56+4)
Request from pid 106263: max_threads=65535, hint_threads=4
[1788509972300] Granted 4 threads to pid 106263 (CPUs 56+4)
Request from pid 106263: max_threads=65535, hint_threads=4
[1788509972637] Granted 4 threads to pid 106263 (CPUs 56+4)
Request from pid 106263: max_threads=65535, hint_threads=4
[1788509972974] Granted 4 threads to pid 106263 (CPUs 56+4)
Request from pid 106263: max_threads=65535, hint_threads=4
[1788509973311] Granted 4 threads to pid 106263 (CPUs 56+4)
Request from pid 106263: max_threads=65535, hint_threads=4
[1788509973649] Granted 4 threads to pid 106263 (CPUs 56+4)
Request from pid 106263: max_threads=65535, hint_threads=4
[1788509973986] Granted 4 threads to pid 106263 (CPUs 56+4)
Request from pid 106263: max_threads=65535, hint_threads=4
[1788509974323] Granted 4 threads to pid 106263 (CPUs 56+4)
Request from pid 106263: max_threads=65535, hint_threads=4
[1788509974660] Granted 4 threads to pid 106263 (CPUs 56+4)
Request from pid 106263: max_threads=65535, hint_threads=4
[1788509974997] Granted 4 threads to pid 106263 (CPUs 56+4)
Request from pid 106263: max_threads=65535, hint_threads=4
[1788509975334] Granted 4 threads to pid 106263 (CPUs 56+4)
Request from pid 106263: max_threads=65535, hint_threads=4
[1788509975671] Granted 4 threads to pid 106263 (CPUs 56+4)
Request from pid 106263: max_threads=65535, hint_threads=4
[1788509976008] Granted 4 threads to pid 106263 (CPUs 56+4)
Request from pid 106263: max_threads=65535, hint_threads=4
[1788509976345] Granted 4 threads to pid 106263 (CPUs 56+4)
Request from pid 106263: max_threads=65535, hint_threads=4
[1788509976682] Granted 4 threads to pid 106263 (CPUs 56+4)
Request from pid 106263: max_threads=65535, hint_threads=4
[1788509977020] Granted 4 threads to pid 106263 (CPUs 56+4)
[1788509977023] Client pid 106263 disconnected — removed from state
Accepted connection
Handling client
Request from pid 106333: max_threads=65535, hint_threads=4
[1788509979069] Granted 4 threads to pid 106333 (CPUs 56+4)
Request from pid 106333: max_threads=65535, hint_threads=4
[1788510007957] Granted 4 threads to pid 106333 (CPUs 56+4)
Read error: Connection reset by peer (os error 104)
Starting DRM at Fri Sep  4 10:20:09 CEST 2026, capacity=4, cpu_pool=1,2,3,4
CPU pool (4 cores): 1–4
Listening on /tmp/omp-rm.sock (capacity=4, strategy=fair_share)
Accepted connection
Handling client
Request from pid 106447: max_threads=65535, hint_threads=4
[1788510010514] Granted 4 threads to pid 106447 (CPUs 1+4)
Request from pid 106447: max_threads=65535, hint_threads=4
[1788510010953] Granted 4 threads to pid 106447 (CPUs 1+4)
Request from pid 106447: max_threads=65535, hint_threads=4
[1788510011404] Granted 4 threads to pid 106447 (CPUs 1+4)
Request from pid 106447: max_threads=65535, hint_threads=4
[1788510012246] Granted 4 threads to pid 106447 (CPUs 1+4)
Request from pid 106447: max_threads=65535, hint_threads=4
[1788510012501] Granted 4 threads to pid 106447 (CPUs 1+4)
Request from pid 106447: max_threads=65535, hint_threads=4
[1788510013237] Granted 4 threads to pid 106447 (CPUs 1+4)
Request from pid 106447: max_threads=65535, hint_threads=4
[1788510013823] Granted 4 threads to pid 106447 (CPUs 1+4)
Request from pid 106447: max_threads=65535, hint_threads=4
[1788510014645] Granted 4 threads to pid 106447 (CPUs 1+4)
Request from pid 106447: max_threads=65535, hint_threads=4
[1788510015124] Granted 4 threads to pid 106447 (CPUs 1+4)
Request from pid 106447: max_threads=65535, hint_threads=4
[1788510015945] Granted 4 threads to pid 106447 (CPUs 1+4)
Request from pid 106447: max_threads=65535, hint_threads=4
[1788510016423] Granted 4 threads to pid 106447 (CPUs 1+4)
Request from pid 106447: max_threads=65535, hint_threads=4
[1788510017244] Granted 4 threads to pid 106447 (CPUs 1+4)
Request from pid 106447: max_threads=65535, hint_threads=4
[1788510017723] Granted 4 threads to pid 106447 (CPUs 1+4)
Request from pid 106447: max_threads=65535, hint_threads=4
[1788510018545] Granted 4 threads to pid 106447 (CPUs 1+4)
Request from pid 106447: max_threads=65535, hint_threads=4
[1788510019023] Granted 4 threads to pid 106447 (CPUs 1+4)
Request from pid 106447: max_threads=65535, hint_threads=4
[1788510019844] Granted 4 threads to pid 106447 (CPUs 1+4)
Request from pid 106447: max_threads=65535, hint_threads=4
[1788510020323] Granted 4 threads to pid 106447 (CPUs 1+4)
Request from pid 106447: max_threads=65535, hint_threads=4
[1788510021144] Granted 4 threads to pid 106447 (CPUs 1+4)
Request from pid 106447: max_threads=65535, hint_threads=4
[1788510021622] Granted 4 threads to pid 106447 (CPUs 1+4)
Request from pid 106447: max_threads=65535, hint_threads=4
[1788510022443] Granted 4 threads to pid 106447 (CPUs 1+4)
Request from pid 106447: max_threads=65535, hint_threads=4
[1788510022921] Granted 4 threads to pid 106447 (CPUs 1+4)
Request from pid 106447: max_threads=65535, hint_threads=4
[1788510023742] Granted 4 threads to pid 106447 (CPUs 1+4)
Request from pid 106447: max_threads=65535, hint_threads=4
[1788510024220] Granted 4 threads to pid 106447 (CPUs 1+4)
Request from pid 106447: max_threads=65535, hint_threads=4
[1788510025041] Granted 4 threads to pid 106447 (CPUs 1+4)
Request from pid 106447: max_threads=65535, hint_threads=4
[1788510025520] Granted 4 threads to pid 106447 (CPUs 1+4)
Request from pid 106447: max_threads=65535, hint_threads=4
[1788510026341] Granted 4 threads to pid 106447 (CPUs 1+4)
Request from pid 106447: max_threads=65535, hint_threads=4
[1788510026819] Granted 4 threads to pid 106447 (CPUs 1+4)
Request from pid 106447: max_threads=65535, hint_threads=4
[1788510027640] Granted 4 threads to pid 106447 (CPUs 1+4)
Request from pid 106447: max_threads=65535, hint_threads=4
[1788510028117] Granted 4 threads to pid 106447 (CPUs 1+4)
Request from pid 106447: max_threads=65535, hint_threads=4
[1788510028938] Granted 4 threads to pid 106447 (CPUs 1+4)
Request from pid 106447: max_threads=65535, hint_threads=4
[1788510029415] Granted 4 threads to pid 106447 (CPUs 1+4)
Request from pid 106447: max_threads=65535, hint_threads=4
[1788510030236] Granted 4 threads to pid 106447 (CPUs 1+4)
Request from pid 106447: max_threads=65535, hint_threads=4
[1788510030713] Granted 4 threads to pid 106447 (CPUs 1+4)
Request from pid 106447: max_threads=65535, hint_threads=4
[1788510031534] Granted 4 threads to pid 106447 (CPUs 1+4)
Request from pid 106447: max_threads=65535, hint_threads=4
[1788510032011] Granted 4 threads to pid 106447 (CPUs 1+4)
Request from pid 106447: max_threads=65535, hint_threads=4
[1788510032832] Granted 4 threads to pid 106447 (CPUs 1+4)
Request from pid 106447: max_threads=65535, hint_threads=4
[1788510033310] Granted 4 threads to pid 106447 (CPUs 1+4)
Request from pid 106447: max_threads=65535, hint_threads=4
[1788510034131] Granted 4 threads to pid 106447 (CPUs 1+4)
Request from pid 106447: max_threads=65535, hint_threads=4
[1788510034608] Granted 4 threads to pid 106447 (CPUs 1+4)
Request from pid 106447: max_threads=65535, hint_threads=4
[1788510035429] Granted 4 threads to pid 106447 (CPUs 1+4)
Request from pid 106447: max_threads=65535, hint_threads=4
[1788510035907] Granted 4 threads to pid 106447 (CPUs 1+4)
Request from pid 106447: max_threads=65535, hint_threads=4
[1788510036727] Granted 4 threads to pid 106447 (CPUs 1+4)
Request from pid 106447: max_threads=65535, hint_threads=4
[1788510037204] Granted 4 threads to pid 106447 (CPUs 1+4)
Request from pid 106447: max_threads=65535, hint_threads=4
[1788510038025] Granted 4 threads to pid 106447 (CPUs 1+4)
Request from pid 106447: max_threads=65535, hint_threads=4
[1788510038502] Granted 4 threads to pid 106447 (CPUs 1+4)
Request from pid 106447: max_threads=65535, hint_threads=4
[1788510039324] Granted 4 threads to pid 106447 (CPUs 1+4)
Request from pid 106447: max_threads=65535, hint_threads=4
[1788510039695] Granted 4 threads to pid 106447 (CPUs 1+4)
Read error: Connection reset by peer (os error 104)
Accepted connection
Handling client
Request from pid 106514: max_threads=65535, hint_threads=4
[1788510042190] Granted 2 threads to pid 106514 (CPUs 3+2)
Request from pid 106514: max_threads=65535, hint_threads=4
[1788510045203] Granted 4 threads to pid 106514 (CPUs 1+4)
Request from pid 106514: max_threads=65535, hint_threads=4
[1788510045499] Granted 4 threads to pid 106514 (CPUs 1+4)
Request from pid 106514: max_threads=65535, hint_threads=4
[1788510045787] Granted 4 threads to pid 106514 (CPUs 1+4)
Request from pid 106514: max_threads=65535, hint_threads=4
[1788510046076] Granted 4 threads to pid 106514 (CPUs 1+4)
Request from pid 106514: max_threads=65535, hint_threads=4
[1788510046653] Granted 4 threads to pid 106514 (CPUs 1+4)
Request from pid 106514: max_threads=65535, hint_threads=4
[1788510046941] Granted 4 threads to pid 106514 (CPUs 1+4)
Request from pid 106514: max_threads=65535, hint_threads=4
[1788510047230] Granted 4 threads to pid 106514 (CPUs 1+4)
Request from pid 106514: max_threads=65535, hint_threads=4
[1788510047518] Granted 4 threads to pid 106514 (CPUs 1+4)
Request from pid 106514: max_threads=65535, hint_threads=4
[1788510047807] Granted 4 threads to pid 106514 (CPUs 1+4)
Request from pid 106514: max_threads=65535, hint_threads=4
[1788510048095] Granted 4 threads to pid 106514 (CPUs 1+4)
Request from pid 106514: max_threads=65535, hint_threads=4
[1788510048383] Granted 4 threads to pid 106514 (CPUs 1+4)
Request from pid 106514: max_threads=65535, hint_threads=4
[1788510048672] Granted 4 threads to pid 106514 (CPUs 1+4)
Request from pid 106514: max_threads=65535, hint_threads=4
[1788510049249] Granted 4 threads to pid 106514 (CPUs 1+4)
Request from pid 106514: max_threads=65535, hint_threads=4
[1788510049825] Granted 4 threads to pid 106514 (CPUs 1+4)
Request from pid 106514: max_threads=65535, hint_threads=4
[1788510050114] Granted 4 threads to pid 106514 (CPUs 1+4)
Request from pid 106514: max_threads=65535, hint_threads=4
[1788510050402] Granted 4 threads to pid 106514 (CPUs 1+4)
Request from pid 106514: max_threads=65535, hint_threads=4
[1788510050690] Granted 4 threads to pid 106514 (CPUs 1+4)
Request from pid 106514: max_threads=65535, hint_threads=4
[1788510050979] Granted 4 threads to pid 106514 (CPUs 1+4)
Request from pid 106514: max_threads=65535, hint_threads=4
[1788510051268] Granted 4 threads to pid 106514 (CPUs 1+4)
Request from pid 106514: max_threads=65535, hint_threads=4
[1788510051556] Granted 4 threads to pid 106514 (CPUs 1+4)
Request from pid 106514: max_threads=65535, hint_threads=4
[1788510051844] Granted 4 threads to pid 106514 (CPUs 1+4)
Request from pid 106514: max_threads=65535, hint_threads=4
[1788510052132] Granted 4 threads to pid 106514 (CPUs 1+4)
Request from pid 106514: max_threads=65535, hint_threads=4
[1788510052420] Granted 4 threads to pid 106514 (CPUs 1+4)
Request from pid 106514: max_threads=65535, hint_threads=4
[1788510052709] Granted 4 threads to pid 106514 (CPUs 1+4)
Request from pid 106514: max_threads=65535, hint_threads=4
[1788510052997] Granted 4 threads to pid 106514 (CPUs 1+4)
Request from pid 106514: max_threads=65535, hint_threads=4
[1788510053285] Granted 4 threads to pid 106514 (CPUs 1+4)
Request from pid 106514: max_threads=65535, hint_threads=4
[1788510053573] Granted 4 threads to pid 106514 (CPUs 1+4)
Request from pid 106514: max_threads=65535, hint_threads=4
[1788510053862] Granted 4 threads to pid 106514 (CPUs 1+4)
Request from pid 106514: max_threads=65535, hint_threads=4
[1788510054150] Granted 4 threads to pid 106514 (CPUs 1+4)
Request from pid 106514: max_threads=65535, hint_threads=4
[1788510054438] Granted 4 threads to pid 106514 (CPUs 1+4)
Request from pid 106514: max_threads=65535, hint_threads=4
[1788510054726] Granted 4 threads to pid 106514 (CPUs 1+4)
Request from pid 106514: max_threads=65535, hint_threads=4
[1788510055015] Granted 4 threads to pid 106514 (CPUs 1+4)
Request from pid 106514: max_threads=65535, hint_threads=4
[1788510055303] Granted 4 threads to pid 106514 (CPUs 1+4)
Request from pid 106514: max_threads=65535, hint_threads=4
[1788510055591] Granted 4 threads to pid 106514 (CPUs 1+4)
Request from pid 106514: max_threads=65535, hint_threads=4
[1788510055880] Granted 4 threads to pid 106514 (CPUs 1+4)
Request from pid 106514: max_threads=65535, hint_threads=4
[1788510056168] Granted 4 threads to pid 106514 (CPUs 1+4)
Request from pid 106514: max_threads=65535, hint_threads=4
[1788510056744] Granted 4 threads to pid 106514 (CPUs 1+4)
Request from pid 106514: max_threads=65535, hint_threads=4
[1788510057033] Granted 4 threads to pid 106514 (CPUs 1+4)
Request from pid 106514: max_threads=65535, hint_threads=4
[1788510057321] Granted 4 threads to pid 106514 (CPUs 1+4)
Request from pid 106514: max_threads=65535, hint_threads=4
[1788510057609] Granted 4 threads to pid 106514 (CPUs 1+4)
Request from pid 106514: max_threads=65535, hint_threads=4
[1788510057897] Granted 4 threads to pid 106514 (CPUs 1+4)
Request from pid 106514: max_threads=65535, hint_threads=4
[1788510058185] Granted 4 threads to pid 106514 (CPUs 1+4)
Request from pid 106514: max_threads=65535, hint_threads=4
[1788510058474] Granted 4 threads to pid 106514 (CPUs 1+4)
Request from pid 106514: max_threads=65535, hint_threads=4
[1788510058762] Granted 4 threads to pid 106514 (CPUs 1+4)
Request from pid 106514: max_threads=65535, hint_threads=4
[1788510059050] Granted 4 threads to pid 106514 (CPUs 1+4)
Request from pid 106514: max_threads=65535, hint_threads=4
[1788510059338] Granted 4 threads to pid 106514 (CPUs 1+4)
Request from pid 106514: max_threads=65535, hint_threads=4
[1788510059626] Granted 4 threads to pid 106514 (CPUs 1+4)
Request from pid 106514: max_threads=65535, hint_threads=4
[1788510059914] Granted 4 threads to pid 106514 (CPUs 1+4)
Request from pid 106514: max_threads=65535, hint_threads=4
[1788510060202] Granted 4 threads to pid 106514 (CPUs 1+4)
Request from pid 106514: max_threads=65535, hint_threads=4
[1788510060491] Granted 4 threads to pid 106514 (CPUs 1+4)
Request from pid 106514: max_threads=65535, hint_threads=4
[1788510060779] Granted 4 threads to pid 106514 (CPUs 1+4)
Request from pid 106514: max_threads=65535, hint_threads=4
[1788510061067] Granted 4 threads to pid 106514 (CPUs 1+4)
Request from pid 106514: max_threads=65535, hint_threads=4
[1788510061356] Granted 4 threads to pid 106514 (CPUs 1+4)
Request from pid 106514: max_threads=65535, hint_threads=4
[1788510061644] Granted 4 threads to pid 106514 (CPUs 1+4)
Request from pid 106514: max_threads=65535, hint_threads=4
[1788510061932] Granted 4 threads to pid 106514 (CPUs 1+4)
Request from pid 106514: max_threads=65535, hint_threads=4
[1788510062220] Granted 4 threads to pid 106514 (CPUs 1+4)
Request from pid 106514: max_threads=65535, hint_threads=4
[1788510062509] Granted 4 threads to pid 106514 (CPUs 1+4)
Request from pid 106514: max_threads=65535, hint_threads=4
[1788510062797] Granted 4 threads to pid 106514 (CPUs 1+4)
Request from pid 106514: max_threads=65535, hint_threads=4
[1788510063085] Granted 4 threads to pid 106514 (CPUs 1+4)
Request from pid 106514: max_threads=65535, hint_threads=4
[1788510063661] Granted 4 threads to pid 106514 (CPUs 1+4)
Request from pid 106514: max_threads=65535, hint_threads=4
[1788510064238] Granted 4 threads to pid 106514 (CPUs 1+4)
Request from pid 106514: max_threads=65535, hint_threads=4
[1788510064526] Granted 4 threads to pid 106514 (CPUs 1+4)
Request from pid 106514: max_threads=65535, hint_threads=4
[1788510064814] Granted 4 threads to pid 106514 (CPUs 1+4)
Request from pid 106514: max_threads=65535, hint_threads=4
[1788510065102] Granted 4 threads to pid 106514 (CPUs 1+4)
Request from pid 106514: max_threads=65535, hint_threads=4
[1788510065390] Granted 4 threads to pid 106514 (CPUs 1+4)
Request from pid 106514: max_threads=65535, hint_threads=4
[1788510065678] Granted 4 threads to pid 106514 (CPUs 1+4)
Request from pid 106514: max_threads=65535, hint_threads=4
[1788510065966] Granted 4 threads to pid 106514 (CPUs 1+4)
Request from pid 106514: max_threads=65535, hint_threads=4
[1788510066254] Granted 4 threads to pid 106514 (CPUs 1+4)
Request from pid 106514: max_threads=65535, hint_threads=4
[1788510066543] Granted 4 threads to pid 106514 (CPUs 1+4)
Request from pid 106514: max_threads=65535, hint_threads=4
[1788510066831] Granted 4 threads to pid 106514 (CPUs 1+4)
[1788510066835] Client pid 106514 disconnected — removed from state
Accepted connection
Handling client
Request from pid 106566: max_threads=65535, hint_threads=4
[1788510070382] Granted 4 threads to pid 106566 (CPUs 1+4)
Request from pid 106566: max_threads=65535, hint_threads=4
[1788510099229] Granted 4 threads to pid 106566 (CPUs 1+4)
Read error: Connection reset by peer (os error 104)
Starting DRM at Fri Sep  4 10:21:41 CEST 2026, capacity=4, cpu_pool=56,57,58,59
CPU pool (4 cores): 56–59
Listening on /tmp/omp-rm.sock (capacity=4, strategy=fair_share)
Accepted connection
Handling client
Request from pid 106640: max_threads=65535, hint_threads=4
[1788510101783] Granted 4 threads to pid 106640 (CPUs 56+4)
Request from pid 106640: max_threads=65535, hint_threads=4
[1788510102216] Granted 4 threads to pid 106640 (CPUs 56+4)
Request from pid 106640: max_threads=65535, hint_threads=4
[1788510102680] Granted 4 threads to pid 106640 (CPUs 56+4)
Request from pid 106640: max_threads=65535, hint_threads=4
[1788510103548] Granted 4 threads to pid 106640 (CPUs 56+4)
Request from pid 106640: max_threads=65535, hint_threads=4
[1788510103804] Granted 4 threads to pid 106640 (CPUs 56+4)
Request from pid 106640: max_threads=65535, hint_threads=4
[1788510104563] Granted 4 threads to pid 106640 (CPUs 56+4)
Request from pid 106640: max_threads=65535, hint_threads=4
[1788510105161] Granted 4 threads to pid 106640 (CPUs 56+4)
Request from pid 106640: max_threads=65535, hint_threads=4
[1788510106007] Granted 4 threads to pid 106640 (CPUs 56+4)
Request from pid 106640: max_threads=65535, hint_threads=4
[1788510106499] Granted 4 threads to pid 106640 (CPUs 56+4)
Request from pid 106640: max_threads=65535, hint_threads=4
[1788510107345] Granted 4 threads to pid 106640 (CPUs 56+4)
Request from pid 106640: max_threads=65535, hint_threads=4
[1788510107836] Granted 4 threads to pid 106640 (CPUs 56+4)
Request from pid 106640: max_threads=65535, hint_threads=4
[1788510108682] Granted 4 threads to pid 106640 (CPUs 56+4)
Request from pid 106640: max_threads=65535, hint_threads=4
[1788510109173] Granted 4 threads to pid 106640 (CPUs 56+4)
Request from pid 106640: max_threads=65535, hint_threads=4
[1788510110019] Granted 4 threads to pid 106640 (CPUs 56+4)
Request from pid 106640: max_threads=65535, hint_threads=4
[1788510110510] Granted 4 threads to pid 106640 (CPUs 56+4)
Request from pid 106640: max_threads=65535, hint_threads=4
[1788510111355] Granted 4 threads to pid 106640 (CPUs 56+4)
Request from pid 106640: max_threads=65535, hint_threads=4
[1788510111846] Granted 4 threads to pid 106640 (CPUs 56+4)
Request from pid 106640: max_threads=65535, hint_threads=4
[1788510112692] Granted 4 threads to pid 106640 (CPUs 56+4)
Request from pid 106640: max_threads=65535, hint_threads=4
[1788510113183] Granted 4 threads to pid 106640 (CPUs 56+4)
Request from pid 106640: max_threads=65535, hint_threads=4
[1788510114029] Granted 4 threads to pid 106640 (CPUs 56+4)
Request from pid 106640: max_threads=65535, hint_threads=4
[1788510114519] Granted 4 threads to pid 106640 (CPUs 56+4)
Request from pid 106640: max_threads=65535, hint_threads=4
[1788510115365] Granted 4 threads to pid 106640 (CPUs 56+4)
Request from pid 106640: max_threads=65535, hint_threads=4
[1788510115856] Granted 4 threads to pid 106640 (CPUs 56+4)
Request from pid 106640: max_threads=65535, hint_threads=4
[1788510116702] Granted 4 threads to pid 106640 (CPUs 56+4)
Request from pid 106640: max_threads=65535, hint_threads=4
[1788510117193] Granted 4 threads to pid 106640 (CPUs 56+4)
Request from pid 106640: max_threads=65535, hint_threads=4
[1788510118040] Granted 4 threads to pid 106640 (CPUs 56+4)
Request from pid 106640: max_threads=65535, hint_threads=4
[1788510118529] Granted 4 threads to pid 106640 (CPUs 56+4)
Request from pid 106640: max_threads=65535, hint_threads=4
[1788510119375] Granted 4 threads to pid 106640 (CPUs 56+4)
Request from pid 106640: max_threads=65535, hint_threads=4
[1788510119865] Granted 4 threads to pid 106640 (CPUs 56+4)
Request from pid 106640: max_threads=65535, hint_threads=4
[1788510120711] Granted 4 threads to pid 106640 (CPUs 56+4)
Request from pid 106640: max_threads=65535, hint_threads=4
[1788510121202] Granted 4 threads to pid 106640 (CPUs 56+4)
Request from pid 106640: max_threads=65535, hint_threads=4
[1788510122047] Granted 4 threads to pid 106640 (CPUs 56+4)
Request from pid 106640: max_threads=65535, hint_threads=4
[1788510122538] Granted 4 threads to pid 106640 (CPUs 56+4)
Request from pid 106640: max_threads=65535, hint_threads=4
[1788510123384] Granted 4 threads to pid 106640 (CPUs 56+4)
Request from pid 106640: max_threads=65535, hint_threads=4
[1788510123874] Granted 4 threads to pid 106640 (CPUs 56+4)
Request from pid 106640: max_threads=65535, hint_threads=4
[1788510124720] Granted 4 threads to pid 106640 (CPUs 56+4)
Request from pid 106640: max_threads=65535, hint_threads=4
[1788510125210] Granted 4 threads to pid 106640 (CPUs 56+4)
Request from pid 106640: max_threads=65535, hint_threads=4
[1788510126056] Granted 4 threads to pid 106640 (CPUs 56+4)
Request from pid 106640: max_threads=65535, hint_threads=4
[1788510126546] Granted 4 threads to pid 106640 (CPUs 56+4)
Request from pid 106640: max_threads=65535, hint_threads=4
[1788510127392] Granted 4 threads to pid 106640 (CPUs 56+4)
Request from pid 106640: max_threads=65535, hint_threads=4
[1788510127882] Granted 4 threads to pid 106640 (CPUs 56+4)
Request from pid 106640: max_threads=65535, hint_threads=4
[1788510128728] Granted 4 threads to pid 106640 (CPUs 56+4)
Request from pid 106640: max_threads=65535, hint_threads=4
[1788510129219] Granted 4 threads to pid 106640 (CPUs 56+4)
Request from pid 106640: max_threads=65535, hint_threads=4
[1788510130065] Granted 4 threads to pid 106640 (CPUs 56+4)
Request from pid 106640: max_threads=65535, hint_threads=4
[1788510130555] Granted 4 threads to pid 106640 (CPUs 56+4)
Request from pid 106640: max_threads=65535, hint_threads=4
[1788510131401] Granted 4 threads to pid 106640 (CPUs 56+4)
Request from pid 106640: max_threads=65535, hint_threads=4
[1788510131785] Granted 4 threads to pid 106640 (CPUs 56+4)
Read error: Connection reset by peer (os error 104)
Accepted connection
Handling client
Request from pid 106710: max_threads=65535, hint_threads=4
[1788510133828] Granted 2 threads to pid 106710 (CPUs 58+2)
Request from pid 106710: max_threads=65535, hint_threads=4
[1788510136961] Granted 4 threads to pid 106710 (CPUs 56+4)
Request from pid 106710: max_threads=65535, hint_threads=4
[1788510137285] Granted 4 threads to pid 106710 (CPUs 56+4)
Request from pid 106710: max_threads=65535, hint_threads=4
[1788510137601] Granted 4 threads to pid 106710 (CPUs 56+4)
Request from pid 106710: max_threads=65535, hint_threads=4
[1788510137917] Granted 4 threads to pid 106710 (CPUs 56+4)
Request from pid 106710: max_threads=65535, hint_threads=4
[1788510138233] Granted 4 threads to pid 106710 (CPUs 56+4)
Request from pid 106710: max_threads=65535, hint_threads=4
[1788510138549] Granted 4 threads to pid 106710 (CPUs 56+4)
Request from pid 106710: max_threads=65535, hint_threads=4
[1788510138864] Granted 4 threads to pid 106710 (CPUs 56+4)
Request from pid 106710: max_threads=65535, hint_threads=4
[1788510139180] Granted 4 threads to pid 106710 (CPUs 56+4)
Request from pid 106710: max_threads=65535, hint_threads=4
[1788510139495] Granted 4 threads to pid 106710 (CPUs 56+4)
Request from pid 106710: max_threads=65535, hint_threads=4
[1788510139811] Granted 4 threads to pid 106710 (CPUs 56+4)
Request from pid 106710: max_threads=65535, hint_threads=4
[1788510140127] Granted 4 threads to pid 106710 (CPUs 56+4)
Request from pid 106710: max_threads=65535, hint_threads=4
[1788510140442] Granted 4 threads to pid 106710 (CPUs 56+4)
Request from pid 106710: max_threads=65535, hint_threads=4
[1788510140758] Granted 4 threads to pid 106710 (CPUs 56+4)
Request from pid 106710: max_threads=65535, hint_threads=4
[1788510141125] Granted 4 threads to pid 106710 (CPUs 56+4)
Request from pid 106710: max_threads=65535, hint_threads=4
[1788510141705] Granted 4 threads to pid 106710 (CPUs 56+4)
Request from pid 106710: max_threads=65535, hint_threads=4
[1788510142021] Granted 4 threads to pid 106710 (CPUs 56+4)
Request from pid 106710: max_threads=65535, hint_threads=4
[1788510142336] Granted 4 threads to pid 106710 (CPUs 56+4)
Request from pid 106710: max_threads=65535, hint_threads=4
[1788510142967] Granted 4 threads to pid 106710 (CPUs 56+4)
Request from pid 106710: max_threads=65535, hint_threads=4
[1788510143598] Granted 4 threads to pid 106710 (CPUs 56+4)
Request from pid 106710: max_threads=65535, hint_threads=4
[1788510143914] Granted 4 threads to pid 106710 (CPUs 56+4)
Request from pid 106710: max_threads=65535, hint_threads=4
[1788510144229] Granted 4 threads to pid 106710 (CPUs 56+4)
Request from pid 106710: max_threads=65535, hint_threads=4
[1788510144545] Granted 4 threads to pid 106710 (CPUs 56+4)
Request from pid 106710: max_threads=65535, hint_threads=4
[1788510144860] Granted 4 threads to pid 106710 (CPUs 56+4)
Request from pid 106710: max_threads=65535, hint_threads=4
[1788510145176] Granted 4 threads to pid 106710 (CPUs 56+4)
Request from pid 106710: max_threads=65535, hint_threads=4
[1788510145492] Granted 4 threads to pid 106710 (CPUs 56+4)
Request from pid 106710: max_threads=65535, hint_threads=4
[1788510145807] Granted 4 threads to pid 106710 (CPUs 56+4)
Request from pid 106710: max_threads=65535, hint_threads=4
[1788510146123] Granted 4 threads to pid 106710 (CPUs 56+4)
Request from pid 106710: max_threads=65535, hint_threads=4
[1788510146438] Granted 4 threads to pid 106710 (CPUs 56+4)
Request from pid 106710: max_threads=65535, hint_threads=4
[1788510146754] Granted 4 threads to pid 106710 (CPUs 56+4)
Request from pid 106710: max_threads=65535, hint_threads=4
[1788510147385] Granted 4 threads to pid 106710 (CPUs 56+4)
Request from pid 106710: max_threads=65535, hint_threads=4
[1788510147700] Granted 4 threads to pid 106710 (CPUs 56+4)
Request from pid 106710: max_threads=65535, hint_threads=4
[1788510148331] Granted 4 threads to pid 106710 (CPUs 56+4)
Request from pid 106710: max_threads=65535, hint_threads=4
[1788510148962] Granted 4 threads to pid 106710 (CPUs 56+4)
Request from pid 106710: max_threads=65535, hint_threads=4
[1788510149594] Granted 4 threads to pid 106710 (CPUs 56+4)
Request from pid 106710: max_threads=65535, hint_threads=4
[1788510149910] Granted 4 threads to pid 106710 (CPUs 56+4)
Request from pid 106710: max_threads=65535, hint_threads=4
[1788510150225] Granted 4 threads to pid 106710 (CPUs 56+4)
Request from pid 106710: max_threads=65535, hint_threads=4
[1788510150541] Granted 4 threads to pid 106710 (CPUs 56+4)
Request from pid 106710: max_threads=65535, hint_threads=4
[1788510150856] Granted 4 threads to pid 106710 (CPUs 56+4)
Request from pid 106710: max_threads=65535, hint_threads=4
[1788510151172] Granted 4 threads to pid 106710 (CPUs 56+4)
Request from pid 106710: max_threads=65535, hint_threads=4
[1788510151487] Granted 4 threads to pid 106710 (CPUs 56+4)
Request from pid 106710: max_threads=65535, hint_threads=4
[1788510151803] Granted 4 threads to pid 106710 (CPUs 56+4)
Request from pid 106710: max_threads=65535, hint_threads=4
[1788510152118] Granted 4 threads to pid 106710 (CPUs 56+4)
Request from pid 106710: max_threads=65535, hint_threads=4
[1788510152434] Granted 4 threads to pid 106710 (CPUs 56+4)
Request from pid 106710: max_threads=65535, hint_threads=4
[1788510152749] Granted 4 threads to pid 106710 (CPUs 56+4)
Request from pid 106710: max_threads=65535, hint_threads=4
[1788510153065] Granted 4 threads to pid 106710 (CPUs 56+4)
Request from pid 106710: max_threads=65535, hint_threads=4
[1788510153380] Granted 4 threads to pid 106710 (CPUs 56+4)
Request from pid 106710: max_threads=65535, hint_threads=4
[1788510153696] Granted 4 threads to pid 106710 (CPUs 56+4)
Request from pid 106710: max_threads=65535, hint_threads=4
[1788510154012] Granted 4 threads to pid 106710 (CPUs 56+4)
Request from pid 106710: max_threads=65535, hint_threads=4
[1788510154327] Granted 4 threads to pid 106710 (CPUs 56+4)
Request from pid 106710: max_threads=65535, hint_threads=4
[1788510154643] Granted 4 threads to pid 106710 (CPUs 56+4)
Request from pid 106710: max_threads=65535, hint_threads=4
[1788510154958] Granted 4 threads to pid 106710 (CPUs 56+4)
Request from pid 106710: max_threads=65535, hint_threads=4
[1788510155274] Granted 4 threads to pid 106710 (CPUs 56+4)
Request from pid 106710: max_threads=65535, hint_threads=4
[1788510155590] Granted 4 threads to pid 106710 (CPUs 56+4)
Request from pid 106710: max_threads=65535, hint_threads=4
[1788510155905] Granted 4 threads to pid 106710 (CPUs 56+4)
Request from pid 106710: max_threads=65535, hint_threads=4
[1788510156221] Granted 4 threads to pid 106710 (CPUs 56+4)
Request from pid 106710: max_threads=65535, hint_threads=4
[1788510156852] Granted 4 threads to pid 106710 (CPUs 56+4)
Request from pid 106710: max_threads=65535, hint_threads=4
[1788510157483] Granted 4 threads to pid 106710 (CPUs 56+4)
Request from pid 106710: max_threads=65535, hint_threads=4
[1788510157799] Granted 4 threads to pid 106710 (CPUs 56+4)
Request from pid 106710: max_threads=65535, hint_threads=4
[1788510158114] Granted 4 threads to pid 106710 (CPUs 56+4)
Request from pid 106710: max_threads=65535, hint_threads=4
[1788510158429] Granted 4 threads to pid 106710 (CPUs 56+4)
Request from pid 106710: max_threads=65535, hint_threads=4
[1788510158745] Granted 4 threads to pid 106710 (CPUs 56+4)
Request from pid 106710: max_threads=65535, hint_threads=4
[1788510159060] Granted 4 threads to pid 106710 (CPUs 56+4)
Request from pid 106710: max_threads=65535, hint_threads=4
[1788510159376] Granted 4 threads to pid 106710 (CPUs 56+4)
Request from pid 106710: max_threads=65535, hint_threads=4
[1788510159691] Granted 4 threads to pid 106710 (CPUs 56+4)
Request from pid 106710: max_threads=65535, hint_threads=4
[1788510160007] Granted 4 threads to pid 106710 (CPUs 56+4)
Request from pid 106710: max_threads=65535, hint_threads=4
[1788510160323] Granted 4 threads to pid 106710 (CPUs 56+4)
Request from pid 106710: max_threads=65535, hint_threads=4
[1788510160638] Granted 4 threads to pid 106710 (CPUs 56+4)
[1788510160642] Client pid 106710 disconnected — removed from state
Accepted connection
Handling client
Request from pid 106765: max_threads=65535, hint_threads=4
[1788510162883] Granted 4 threads to pid 106765 (CPUs 56+4)
Request from pid 106765: max_threads=65535, hint_threads=4
[1788510191731] Granted 4 threads to pid 106765 (CPUs 56+4)
Read error: Connection reset by peer (os error 104)
Starting DRM at Fri Sep  4 10:23:13 CEST 2026, capacity=8, cpu_pool=1,2,3,4,5,6,7,8
CPU pool (8 cores): 1–8
Listening on /tmp/omp-rm.sock (capacity=8, strategy=fair_share)
Accepted connection
Handling client
Request from pid 106854: max_threads=65535, hint_threads=8
[1788510194305] Granted 8 threads to pid 106854 (CPUs 1+8)
Request from pid 106854: max_threads=65535, hint_threads=8
[1788510194544] Granted 8 threads to pid 106854 (CPUs 1+8)
Request from pid 106854: max_threads=65535, hint_threads=8
[1788510194773] Granted 8 threads to pid 106854 (CPUs 1+8)
Request from pid 106854: max_threads=65535, hint_threads=8
[1788510195198] Granted 8 threads to pid 106854 (CPUs 1+8)
Request from pid 106854: max_threads=65535, hint_threads=8
[1788510195326] Granted 8 threads to pid 106854 (CPUs 1+8)
Request from pid 106854: max_threads=65535, hint_threads=8
[1788510195697] Granted 8 threads to pid 106854 (CPUs 1+8)
Request from pid 106854: max_threads=65535, hint_threads=8
[1788510196003] Granted 8 threads to pid 106854 (CPUs 1+8)
Request from pid 106854: max_threads=65535, hint_threads=8
[1788510196417] Granted 8 threads to pid 106854 (CPUs 1+8)
Request from pid 106854: max_threads=65535, hint_threads=8
[1788510196668] Granted 8 threads to pid 106854 (CPUs 1+8)
Request from pid 106854: max_threads=65535, hint_threads=8
[1788510197082] Granted 8 threads to pid 106854 (CPUs 1+8)
Request from pid 106854: max_threads=65535, hint_threads=8
[1788510197334] Granted 8 threads to pid 106854 (CPUs 1+8)
Request from pid 106854: max_threads=65535, hint_threads=8
[1788510197748] Granted 8 threads to pid 106854 (CPUs 1+8)
Request from pid 106854: max_threads=65535, hint_threads=8
[1788510198000] Granted 8 threads to pid 106854 (CPUs 1+8)
Request from pid 106854: max_threads=65535, hint_threads=8
[1788510198413] Granted 8 threads to pid 106854 (CPUs 1+8)
Request from pid 106854: max_threads=65535, hint_threads=8
[1788510198665] Granted 8 threads to pid 106854 (CPUs 1+8)
Request from pid 106854: max_threads=65535, hint_threads=8
[1788510199079] Granted 8 threads to pid 106854 (CPUs 1+8)
Request from pid 106854: max_threads=65535, hint_threads=8
[1788510199330] Granted 8 threads to pid 106854 (CPUs 1+8)
Request from pid 106854: max_threads=65535, hint_threads=8
[1788510199745] Granted 8 threads to pid 106854 (CPUs 1+8)
Request from pid 106854: max_threads=65535, hint_threads=8
[1788510199997] Granted 8 threads to pid 106854 (CPUs 1+8)
Request from pid 106854: max_threads=65535, hint_threads=8
[1788510200411] Granted 8 threads to pid 106854 (CPUs 1+8)
Request from pid 106854: max_threads=65535, hint_threads=8
[1788510200663] Granted 8 threads to pid 106854 (CPUs 1+8)
Request from pid 106854: max_threads=65535, hint_threads=8
[1788510201077] Granted 8 threads to pid 106854 (CPUs 1+8)
Request from pid 106854: max_threads=65535, hint_threads=8
[1788510201328] Granted 8 threads to pid 106854 (CPUs 1+8)
Request from pid 106854: max_threads=65535, hint_threads=8
[1788510201743] Granted 8 threads to pid 106854 (CPUs 1+8)
Request from pid 106854: max_threads=65535, hint_threads=8
[1788510201995] Granted 8 threads to pid 106854 (CPUs 1+8)
Request from pid 106854: max_threads=65535, hint_threads=8
[1788510202409] Granted 8 threads to pid 106854 (CPUs 1+8)
Request from pid 106854: max_threads=65535, hint_threads=8
[1788510202660] Granted 8 threads to pid 106854 (CPUs 1+8)
Request from pid 106854: max_threads=65535, hint_threads=8
[1788510203074] Granted 8 threads to pid 106854 (CPUs 1+8)
Request from pid 106854: max_threads=65535, hint_threads=8
[1788510203326] Granted 8 threads to pid 106854 (CPUs 1+8)
Request from pid 106854: max_threads=65535, hint_threads=8
[1788510203740] Granted 8 threads to pid 106854 (CPUs 1+8)
Request from pid 106854: max_threads=65535, hint_threads=8
[1788510203992] Granted 8 threads to pid 106854 (CPUs 1+8)
Request from pid 106854: max_threads=65535, hint_threads=8
[1788510204405] Granted 8 threads to pid 106854 (CPUs 1+8)
Request from pid 106854: max_threads=65535, hint_threads=8
[1788510204657] Granted 8 threads to pid 106854 (CPUs 1+8)
Request from pid 106854: max_threads=65535, hint_threads=8
[1788510205071] Granted 8 threads to pid 106854 (CPUs 1+8)
Request from pid 106854: max_threads=65535, hint_threads=8
[1788510205323] Granted 8 threads to pid 106854 (CPUs 1+8)
Request from pid 106854: max_threads=65535, hint_threads=8
[1788510205736] Granted 8 threads to pid 106854 (CPUs 1+8)
Request from pid 106854: max_threads=65535, hint_threads=8
[1788510205988] Granted 8 threads to pid 106854 (CPUs 1+8)
Request from pid 106854: max_threads=65535, hint_threads=8
[1788510206402] Granted 8 threads to pid 106854 (CPUs 1+8)
Request from pid 106854: max_threads=65535, hint_threads=8
[1788510206654] Granted 8 threads to pid 106854 (CPUs 1+8)
Request from pid 106854: max_threads=65535, hint_threads=8
[1788510207067] Granted 8 threads to pid 106854 (CPUs 1+8)
Request from pid 106854: max_threads=65535, hint_threads=8
[1788510207319] Granted 8 threads to pid 106854 (CPUs 1+8)
Request from pid 106854: max_threads=65535, hint_threads=8
[1788510207733] Granted 8 threads to pid 106854 (CPUs 1+8)
Request from pid 106854: max_threads=65535, hint_threads=8
[1788510207985] Granted 8 threads to pid 106854 (CPUs 1+8)
Request from pid 106854: max_threads=65535, hint_threads=8
[1788510208399] Granted 8 threads to pid 106854 (CPUs 1+8)
Request from pid 106854: max_threads=65535, hint_threads=8
[1788510208650] Granted 8 threads to pid 106854 (CPUs 1+8)
Request from pid 106854: max_threads=65535, hint_threads=8
[1788510209065] Granted 8 threads to pid 106854 (CPUs 1+8)
Request from pid 106854: max_threads=65535, hint_threads=8
[1788510209259] Granted 8 threads to pid 106854 (CPUs 1+8)
Read error: Connection reset by peer (os error 104)
Accepted connection
Handling client
Request from pid 106909: max_threads=65535, hint_threads=8
[1788510211328] Granted 4 threads to pid 106909 (CPUs 5+4)
Request from pid 106909: max_threads=65535, hint_threads=8
[1788510212970] Granted 4 threads to pid 106909 (CPUs 5+4)
Request from pid 106909: max_threads=65535, hint_threads=8
[1788510213282] Granted 4 threads to pid 106909 (CPUs 5+4)
Request from pid 106909: max_threads=65535, hint_threads=8
[1788510213595] Granted 4 threads to pid 106909 (CPUs 5+4)
Request from pid 106909: max_threads=65535, hint_threads=8
[1788510213907] Granted 4 threads to pid 106909 (CPUs 5+4)
Request from pid 106909: max_threads=65535, hint_threads=8
[1788510214220] Granted 4 threads to pid 106909 (CPUs 5+4)
Request from pid 106909: max_threads=65535, hint_threads=8
[1788510214532] Granted 8 threads to pid 106909 (CPUs 1+8)
Request from pid 106909: max_threads=65535, hint_threads=8
[1788510214700] Granted 8 threads to pid 106909 (CPUs 1+8)
Request from pid 106909: max_threads=65535, hint_threads=8
[1788510215025] Granted 8 threads to pid 106909 (CPUs 1+8)
Request from pid 106909: max_threads=65535, hint_threads=8
[1788510215349] Granted 8 threads to pid 106909 (CPUs 1+8)
Request from pid 106909: max_threads=65535, hint_threads=8
[1788510215510] Granted 8 threads to pid 106909 (CPUs 1+8)
Request from pid 106909: max_threads=65535, hint_threads=8
[1788510215834] Granted 8 threads to pid 106909 (CPUs 1+8)
Request from pid 106909: max_threads=65535, hint_threads=8
[1788510216158] Granted 8 threads to pid 106909 (CPUs 1+8)
Request from pid 106909: max_threads=65535, hint_threads=8
[1788510216319] Granted 8 threads to pid 106909 (CPUs 1+8)
Request from pid 106909: max_threads=65535, hint_threads=8
[1788510216643] Granted 8 threads to pid 106909 (CPUs 1+8)
Request from pid 106909: max_threads=65535, hint_threads=8
[1788510216966] Granted 8 threads to pid 106909 (CPUs 1+8)
Request from pid 106909: max_threads=65535, hint_threads=8
[1788510217128] Granted 8 threads to pid 106909 (CPUs 1+8)
Request from pid 106909: max_threads=65535, hint_threads=8
[1788510217451] Granted 8 threads to pid 106909 (CPUs 1+8)
Request from pid 106909: max_threads=65535, hint_threads=8
[1788510217775] Granted 8 threads to pid 106909 (CPUs 1+8)
Request from pid 106909: max_threads=65535, hint_threads=8
[1788510217936] Granted 8 threads to pid 106909 (CPUs 1+8)
Request from pid 106909: max_threads=65535, hint_threads=8
[1788510218260] Granted 8 threads to pid 106909 (CPUs 1+8)
Request from pid 106909: max_threads=65535, hint_threads=8
[1788510218583] Granted 8 threads to pid 106909 (CPUs 1+8)
Request from pid 106909: max_threads=65535, hint_threads=8
[1788510218907] Granted 8 threads to pid 106909 (CPUs 1+8)
Request from pid 106909: max_threads=65535, hint_threads=8
[1788510219230] Granted 8 threads to pid 106909 (CPUs 1+8)
Request from pid 106909: max_threads=65535, hint_threads=8
[1788510219553] Granted 8 threads to pid 106909 (CPUs 1+8)
Request from pid 106909: max_threads=65535, hint_threads=8
[1788510219876] Granted 8 threads to pid 106909 (CPUs 1+8)
Request from pid 106909: max_threads=65535, hint_threads=8
[1788510220199] Granted 8 threads to pid 106909 (CPUs 1+8)
Request from pid 106909: max_threads=65535, hint_threads=8
[1788510220522] Granted 8 threads to pid 106909 (CPUs 1+8)
Request from pid 106909: max_threads=65535, hint_threads=8
[1788510220846] Granted 8 threads to pid 106909 (CPUs 1+8)
Request from pid 106909: max_threads=65535, hint_threads=8
[1788510221169] Granted 8 threads to pid 106909 (CPUs 1+8)
Request from pid 106909: max_threads=65535, hint_threads=8
[1788510221492] Granted 8 threads to pid 106909 (CPUs 1+8)
Request from pid 106909: max_threads=65535, hint_threads=8
[1788510221815] Granted 8 threads to pid 106909 (CPUs 1+8)
Request from pid 106909: max_threads=65535, hint_threads=8
[1788510221977] Granted 8 threads to pid 106909 (CPUs 1+8)
Request from pid 106909: max_threads=65535, hint_threads=8
[1788510222300] Granted 8 threads to pid 106909 (CPUs 1+8)
Request from pid 106909: max_threads=65535, hint_threads=8
[1788510222623] Granted 8 threads to pid 106909 (CPUs 1+8)
Request from pid 106909: max_threads=65535, hint_threads=8
[1788510222946] Granted 8 threads to pid 106909 (CPUs 1+8)
Request from pid 106909: max_threads=65535, hint_threads=8
[1788510223269] Granted 8 threads to pid 106909 (CPUs 1+8)
Request from pid 106909: max_threads=65535, hint_threads=8
[1788510223592] Granted 8 threads to pid 106909 (CPUs 1+8)
Request from pid 106909: max_threads=65535, hint_threads=8
[1788510223915] Granted 8 threads to pid 106909 (CPUs 1+8)
Request from pid 106909: max_threads=65535, hint_threads=8
[1788510224239] Granted 8 threads to pid 106909 (CPUs 1+8)
Request from pid 106909: max_threads=65535, hint_threads=8
[1788510224400] Granted 8 threads to pid 106909 (CPUs 1+8)
Request from pid 106909: max_threads=65535, hint_threads=8
[1788510224723] Granted 8 threads to pid 106909 (CPUs 1+8)
Request from pid 106909: max_threads=65535, hint_threads=8
[1788510225046] Granted 8 threads to pid 106909 (CPUs 1+8)
Request from pid 106909: max_threads=65535, hint_threads=8
[1788510225369] Granted 8 threads to pid 106909 (CPUs 1+8)
Request from pid 106909: max_threads=65535, hint_threads=8
[1788510225692] Granted 8 threads to pid 106909 (CPUs 1+8)
[1788510225857] Client pid 106909 disconnected — removed from state
Accepted connection
Handling client
Request from pid 106970: max_threads=65535, hint_threads=8
[1788510227912] Granted 8 threads to pid 106970 (CPUs 1+8)
Request from pid 106970: max_threads=65535, hint_threads=8
[1788510242355] Granted 8 threads to pid 106970 (CPUs 1+8)
Read error: Connection reset by peer (os error 104)
Starting DRM at Fri Sep  4 10:24:04 CEST 2026, capacity=8, cpu_pool=56,57,58,59,60,61,62,63
CPU pool (8 cores): 56–63
Listening on /tmp/omp-rm.sock (capacity=8, strategy=fair_share)
Accepted connection
Handling client
Request from pid 107026: max_threads=65535, hint_threads=8
[1788510244918] Granted 8 threads to pid 107026 (CPUs 56+8)
Request from pid 107026: max_threads=65535, hint_threads=8
[1788510245161] Granted 8 threads to pid 107026 (CPUs 56+8)
Request from pid 107026: max_threads=65535, hint_threads=8
[1788510245390] Granted 8 threads to pid 107026 (CPUs 56+8)
Request from pid 107026: max_threads=65535, hint_threads=8
[1788510245819] Granted 8 threads to pid 107026 (CPUs 56+8)
Request from pid 107026: max_threads=65535, hint_threads=8
[1788510245954] Granted 8 threads to pid 107026 (CPUs 56+8)
Request from pid 107026: max_threads=65535, hint_threads=8
[1788510246327] Granted 8 threads to pid 107026 (CPUs 56+8)
Request from pid 107026: max_threads=65535, hint_threads=8
[1788510246634] Granted 8 threads to pid 107026 (CPUs 56+8)
Request from pid 107026: max_threads=65535, hint_threads=8
[1788510247051] Granted 8 threads to pid 107026 (CPUs 56+8)
Request from pid 107026: max_threads=65535, hint_threads=8
[1788510247303] Granted 8 threads to pid 107026 (CPUs 56+8)
Request from pid 107026: max_threads=65535, hint_threads=8
[1788510247720] Granted 8 threads to pid 107026 (CPUs 56+8)
Request from pid 107026: max_threads=65535, hint_threads=8
[1788510247972] Granted 8 threads to pid 107026 (CPUs 56+8)
Request from pid 107026: max_threads=65535, hint_threads=8
[1788510248389] Granted 8 threads to pid 107026 (CPUs 56+8)
Request from pid 107026: max_threads=65535, hint_threads=8
[1788510248641] Granted 8 threads to pid 107026 (CPUs 56+8)
Request from pid 107026: max_threads=65535, hint_threads=8
[1788510249058] Granted 8 threads to pid 107026 (CPUs 56+8)
Request from pid 107026: max_threads=65535, hint_threads=8
[1788510249311] Granted 8 threads to pid 107026 (CPUs 56+8)
Request from pid 107026: max_threads=65535, hint_threads=8
[1788510249727] Granted 8 threads to pid 107026 (CPUs 56+8)
Request from pid 107026: max_threads=65535, hint_threads=8
[1788510249979] Granted 8 threads to pid 107026 (CPUs 56+8)
Request from pid 107026: max_threads=65535, hint_threads=8
[1788510250395] Granted 8 threads to pid 107026 (CPUs 56+8)
Request from pid 107026: max_threads=65535, hint_threads=8
[1788510250647] Granted 8 threads to pid 107026 (CPUs 56+8)
Request from pid 107026: max_threads=65535, hint_threads=8
[1788510251064] Granted 8 threads to pid 107026 (CPUs 56+8)
Request from pid 107026: max_threads=65535, hint_threads=8
[1788510251316] Granted 8 threads to pid 107026 (CPUs 56+8)
Request from pid 107026: max_threads=65535, hint_threads=8
[1788510251734] Granted 8 threads to pid 107026 (CPUs 56+8)
Request from pid 107026: max_threads=65535, hint_threads=8
[1788510251986] Granted 8 threads to pid 107026 (CPUs 56+8)
Request from pid 107026: max_threads=65535, hint_threads=8
[1788510252403] Granted 8 threads to pid 107026 (CPUs 56+8)
Request from pid 107026: max_threads=65535, hint_threads=8
[1788510252655] Granted 8 threads to pid 107026 (CPUs 56+8)
Request from pid 107026: max_threads=65535, hint_threads=8
[1788510253072] Granted 8 threads to pid 107026 (CPUs 56+8)
Request from pid 107026: max_threads=65535, hint_threads=8
[1788510253324] Granted 8 threads to pid 107026 (CPUs 56+8)
Request from pid 107026: max_threads=65535, hint_threads=8
[1788510253741] Granted 8 threads to pid 107026 (CPUs 56+8)
Request from pid 107026: max_threads=65535, hint_threads=8
[1788510253993] Granted 8 threads to pid 107026 (CPUs 56+8)
Request from pid 107026: max_threads=65535, hint_threads=8
[1788510254409] Granted 8 threads to pid 107026 (CPUs 56+8)
Request from pid 107026: max_threads=65535, hint_threads=8
[1788510254661] Granted 8 threads to pid 107026 (CPUs 56+8)
Request from pid 107026: max_threads=65535, hint_threads=8
[1788510255078] Granted 8 threads to pid 107026 (CPUs 56+8)
Request from pid 107026: max_threads=65535, hint_threads=8
[1788510255330] Granted 8 threads to pid 107026 (CPUs 56+8)
Request from pid 107026: max_threads=65535, hint_threads=8
[1788510255747] Granted 8 threads to pid 107026 (CPUs 56+8)
Request from pid 107026: max_threads=65535, hint_threads=8
[1788510255999] Granted 8 threads to pid 107026 (CPUs 56+8)
Request from pid 107026: max_threads=65535, hint_threads=8
[1788510256416] Granted 8 threads to pid 107026 (CPUs 56+8)
Request from pid 107026: max_threads=65535, hint_threads=8
[1788510256668] Granted 8 threads to pid 107026 (CPUs 56+8)
Request from pid 107026: max_threads=65535, hint_threads=8
[1788510257084] Granted 8 threads to pid 107026 (CPUs 56+8)
Request from pid 107026: max_threads=65535, hint_threads=8
[1788510257337] Granted 8 threads to pid 107026 (CPUs 56+8)
Request from pid 107026: max_threads=65535, hint_threads=8
[1788510257752] Granted 8 threads to pid 107026 (CPUs 56+8)
Request from pid 107026: max_threads=65535, hint_threads=8
[1788510258005] Granted 8 threads to pid 107026 (CPUs 56+8)
Request from pid 107026: max_threads=65535, hint_threads=8
[1788510258422] Granted 8 threads to pid 107026 (CPUs 56+8)
Request from pid 107026: max_threads=65535, hint_threads=8
[1788510258673] Granted 8 threads to pid 107026 (CPUs 56+8)
Request from pid 107026: max_threads=65535, hint_threads=8
[1788510259091] Granted 8 threads to pid 107026 (CPUs 56+8)
Request from pid 107026: max_threads=65535, hint_threads=8
[1788510259343] Granted 8 threads to pid 107026 (CPUs 56+8)
Request from pid 107026: max_threads=65535, hint_threads=8
[1788510259760] Granted 8 threads to pid 107026 (CPUs 56+8)
Request from pid 107026: max_threads=65535, hint_threads=8
[1788510259954] Granted 8 threads to pid 107026 (CPUs 56+8)
Read error: Connection reset by peer (os error 104)
Accepted connection
Handling client
Request from pid 107097: max_threads=65535, hint_threads=8
[1788510262218] Granted 4 threads to pid 107097 (CPUs 60+4)
Request from pid 107097: max_threads=65535, hint_threads=8
[1788510263765] Granted 4 threads to pid 107097 (CPUs 60+4)
Request from pid 107097: max_threads=65535, hint_threads=8
[1788510264052] Granted 4 threads to pid 107097 (CPUs 60+4)
Request from pid 107097: max_threads=65535, hint_threads=8
[1788510264340] Granted 4 threads to pid 107097 (CPUs 60+4)
Request from pid 107097: max_threads=65535, hint_threads=8
[1788510264913] Granted 4 threads to pid 107097 (CPUs 60+4)
Request from pid 107097: max_threads=65535, hint_threads=8
[1788510265200] Granted 8 threads to pid 107097 (CPUs 56+8)
Request from pid 107097: max_threads=65535, hint_threads=8
[1788510265360] Granted 8 threads to pid 107097 (CPUs 56+8)
Request from pid 107097: max_threads=65535, hint_threads=8
[1788510265680] Granted 8 threads to pid 107097 (CPUs 56+8)
Request from pid 107097: max_threads=65535, hint_threads=8
[1788510265999] Granted 8 threads to pid 107097 (CPUs 56+8)
Request from pid 107097: max_threads=65535, hint_threads=8
[1788510266159] Granted 8 threads to pid 107097 (CPUs 56+8)
Request from pid 107097: max_threads=65535, hint_threads=8
[1788510266479] Granted 8 threads to pid 107097 (CPUs 56+8)
Request from pid 107097: max_threads=65535, hint_threads=8
[1788510266798] Granted 8 threads to pid 107097 (CPUs 56+8)
Request from pid 107097: max_threads=65535, hint_threads=8
[1788510267118] Granted 8 threads to pid 107097 (CPUs 56+8)
Request from pid 107097: max_threads=65535, hint_threads=8
[1788510267438] Granted 8 threads to pid 107097 (CPUs 56+8)
Request from pid 107097: max_threads=65535, hint_threads=8
[1788510267758] Granted 8 threads to pid 107097 (CPUs 56+8)
Request from pid 107097: max_threads=65535, hint_threads=8
[1788510268078] Granted 8 threads to pid 107097 (CPUs 56+8)
Request from pid 107097: max_threads=65535, hint_threads=8
[1788510268397] Granted 8 threads to pid 107097 (CPUs 56+8)
Request from pid 107097: max_threads=65535, hint_threads=8
[1788510268718] Granted 8 threads to pid 107097 (CPUs 56+8)
Request from pid 107097: max_threads=65535, hint_threads=8
[1788510269038] Granted 8 threads to pid 107097 (CPUs 56+8)
Request from pid 107097: max_threads=65535, hint_threads=8
[1788510269357] Granted 8 threads to pid 107097 (CPUs 56+8)
Request from pid 107097: max_threads=65535, hint_threads=8
[1788510269677] Granted 8 threads to pid 107097 (CPUs 56+8)
Request from pid 107097: max_threads=65535, hint_threads=8
[1788510269997] Granted 8 threads to pid 107097 (CPUs 56+8)
Request from pid 107097: max_threads=65535, hint_threads=8
[1788510270157] Granted 8 threads to pid 107097 (CPUs 56+8)
Request from pid 107097: max_threads=65535, hint_threads=8
[1788510270476] Granted 8 threads to pid 107097 (CPUs 56+8)
Request from pid 107097: max_threads=65535, hint_threads=8
[1788510270796] Granted 8 threads to pid 107097 (CPUs 56+8)
Request from pid 107097: max_threads=65535, hint_threads=8
[1788510270956] Granted 8 threads to pid 107097 (CPUs 56+8)
Request from pid 107097: max_threads=65535, hint_threads=8
[1788510271276] Granted 8 threads to pid 107097 (CPUs 56+8)
Request from pid 107097: max_threads=65535, hint_threads=8
[1788510271596] Granted 8 threads to pid 107097 (CPUs 56+8)
Request from pid 107097: max_threads=65535, hint_threads=8
[1788510271756] Granted 8 threads to pid 107097 (CPUs 56+8)
Request from pid 107097: max_threads=65535, hint_threads=8
[1788510272076] Granted 8 threads to pid 107097 (CPUs 56+8)
Request from pid 107097: max_threads=65535, hint_threads=8
[1788510272395] Granted 8 threads to pid 107097 (CPUs 56+8)
Request from pid 107097: max_threads=65535, hint_threads=8
[1788510272715] Granted 8 threads to pid 107097 (CPUs 56+8)
Request from pid 107097: max_threads=65535, hint_threads=8
[1788510273035] Granted 8 threads to pid 107097 (CPUs 56+8)
Request from pid 107097: max_threads=65535, hint_threads=8
[1788510273354] Granted 8 threads to pid 107097 (CPUs 56+8)
Request from pid 107097: max_threads=65535, hint_threads=8
[1788510273674] Granted 8 threads to pid 107097 (CPUs 56+8)
Request from pid 107097: max_threads=65535, hint_threads=8
[1788510273994] Granted 8 threads to pid 107097 (CPUs 56+8)
Request from pid 107097: max_threads=65535, hint_threads=8
[1788510274314] Granted 8 threads to pid 107097 (CPUs 56+8)
Request from pid 107097: max_threads=65535, hint_threads=8
[1788510274634] Granted 8 threads to pid 107097 (CPUs 56+8)
Request from pid 107097: max_threads=65535, hint_threads=8
[1788510274953] Granted 8 threads to pid 107097 (CPUs 56+8)
Request from pid 107097: max_threads=65535, hint_threads=8
[1788510275273] Granted 8 threads to pid 107097 (CPUs 56+8)
Request from pid 107097: max_threads=65535, hint_threads=8
[1788510275593] Granted 8 threads to pid 107097 (CPUs 56+8)
Request from pid 107097: max_threads=65535, hint_threads=8
[1788510275752] Granted 8 threads to pid 107097 (CPUs 56+8)
Request from pid 107097: max_threads=65535, hint_threads=8
[1788510276072] Granted 8 threads to pid 107097 (CPUs 56+8)
Request from pid 107097: max_threads=65535, hint_threads=8
[1788510276392] Granted 8 threads to pid 107097 (CPUs 56+8)
[1788510276396] Client pid 107097 disconnected — removed from state
Accepted connection
Handling client
Request from pid 107153: max_threads=65535, hint_threads=8
[1788510278449] Granted 8 threads to pid 107153 (CPUs 56+8)
Request from pid 107153: max_threads=65535, hint_threads=8
[1788510292880] Granted 8 threads to pid 107153 (CPUs 56+8)
Read error: Connection reset by peer (os error 104)
Starting DRM at Fri Sep  4 10:24:54 CEST 2026, capacity=8, cpu_pool=1,2,3,4,5,6,7,8
CPU pool (8 cores): 1–8
Listening on /tmp/omp-rm.sock (capacity=8, strategy=fair_share)
Accepted connection
Handling client
Request from pid 107269: max_threads=65535, hint_threads=8
[1788510295453] Granted 8 threads to pid 107269 (CPUs 1+8)
Request from pid 107269: max_threads=65535, hint_threads=8
[1788510295688] Granted 8 threads to pid 107269 (CPUs 1+8)
Request from pid 107269: max_threads=65535, hint_threads=8
[1788510295917] Granted 8 threads to pid 107269 (CPUs 1+8)
Request from pid 107269: max_threads=65535, hint_threads=8
[1788510296341] Granted 8 threads to pid 107269 (CPUs 1+8)
Request from pid 107269: max_threads=65535, hint_threads=8
[1788510296469] Granted 8 threads to pid 107269 (CPUs 1+8)
Request from pid 107269: max_threads=65535, hint_threads=8
[1788510296840] Granted 8 threads to pid 107269 (CPUs 1+8)
Request from pid 107269: max_threads=65535, hint_threads=8
[1788510297144] Granted 8 threads to pid 107269 (CPUs 1+8)
Request from pid 107269: max_threads=65535, hint_threads=8
[1788510297558] Granted 8 threads to pid 107269 (CPUs 1+8)
Request from pid 107269: max_threads=65535, hint_threads=8
[1788510297809] Granted 8 threads to pid 107269 (CPUs 1+8)
Request from pid 107269: max_threads=65535, hint_threads=8
[1788510298223] Granted 8 threads to pid 107269 (CPUs 1+8)
Request from pid 107269: max_threads=65535, hint_threads=8
[1788510298474] Granted 8 threads to pid 107269 (CPUs 1+8)
Request from pid 107269: max_threads=65535, hint_threads=8
[1788510298888] Granted 8 threads to pid 107269 (CPUs 1+8)
Request from pid 107269: max_threads=65535, hint_threads=8
[1788510299140] Granted 8 threads to pid 107269 (CPUs 1+8)
Request from pid 107269: max_threads=65535, hint_threads=8
[1788510299553] Granted 8 threads to pid 107269 (CPUs 1+8)
Request from pid 107269: max_threads=65535, hint_threads=8
[1788510299805] Granted 8 threads to pid 107269 (CPUs 1+8)
Request from pid 107269: max_threads=65535, hint_threads=8
[1788510300218] Granted 8 threads to pid 107269 (CPUs 1+8)
Request from pid 107269: max_threads=65535, hint_threads=8
[1788510300469] Granted 8 threads to pid 107269 (CPUs 1+8)
Request from pid 107269: max_threads=65535, hint_threads=8
[1788510300883] Granted 8 threads to pid 107269 (CPUs 1+8)
Request from pid 107269: max_threads=65535, hint_threads=8
[1788510301134] Granted 8 threads to pid 107269 (CPUs 1+8)
Request from pid 107269: max_threads=65535, hint_threads=8
[1788510301549] Granted 8 threads to pid 107269 (CPUs 1+8)
Request from pid 107269: max_threads=65535, hint_threads=8
[1788510301801] Granted 8 threads to pid 107269 (CPUs 1+8)
Request from pid 107269: max_threads=65535, hint_threads=8
[1788510302214] Granted 8 threads to pid 107269 (CPUs 1+8)
Request from pid 107269: max_threads=65535, hint_threads=8
[1788510302465] Granted 8 threads to pid 107269 (CPUs 1+8)
Request from pid 107269: max_threads=65535, hint_threads=8
[1788510302879] Granted 8 threads to pid 107269 (CPUs 1+8)
Request from pid 107269: max_threads=65535, hint_threads=8
[1788510303130] Granted 8 threads to pid 107269 (CPUs 1+8)
Request from pid 107269: max_threads=65535, hint_threads=8
[1788510303544] Granted 8 threads to pid 107269 (CPUs 1+8)
Request from pid 107269: max_threads=65535, hint_threads=8
[1788510303795] Granted 8 threads to pid 107269 (CPUs 1+8)
Request from pid 107269: max_threads=65535, hint_threads=8
[1788510304208] Granted 8 threads to pid 107269 (CPUs 1+8)
Request from pid 107269: max_threads=65535, hint_threads=8
[1788510304460] Granted 8 threads to pid 107269 (CPUs 1+8)
Request from pid 107269: max_threads=65535, hint_threads=8
[1788510304873] Granted 8 threads to pid 107269 (CPUs 1+8)
Request from pid 107269: max_threads=65535, hint_threads=8
[1788510305124] Granted 8 threads to pid 107269 (CPUs 1+8)
Request from pid 107269: max_threads=65535, hint_threads=8
[1788510305538] Granted 8 threads to pid 107269 (CPUs 1+8)
Request from pid 107269: max_threads=65535, hint_threads=8
[1788510305789] Granted 8 threads to pid 107269 (CPUs 1+8)
Request from pid 107269: max_threads=65535, hint_threads=8
[1788510306203] Granted 8 threads to pid 107269 (CPUs 1+8)
Request from pid 107269: max_threads=65535, hint_threads=8
[1788510306454] Granted 8 threads to pid 107269 (CPUs 1+8)
Request from pid 107269: max_threads=65535, hint_threads=8
[1788510306867] Granted 8 threads to pid 107269 (CPUs 1+8)
Request from pid 107269: max_threads=65535, hint_threads=8
[1788510307118] Granted 8 threads to pid 107269 (CPUs 1+8)
Request from pid 107269: max_threads=65535, hint_threads=8
[1788510307532] Granted 8 threads to pid 107269 (CPUs 1+8)
Request from pid 107269: max_threads=65535, hint_threads=8
[1788510307783] Granted 8 threads to pid 107269 (CPUs 1+8)
Request from pid 107269: max_threads=65535, hint_threads=8
[1788510308197] Granted 8 threads to pid 107269 (CPUs 1+8)
Request from pid 107269: max_threads=65535, hint_threads=8
[1788510308448] Granted 8 threads to pid 107269 (CPUs 1+8)
Request from pid 107269: max_threads=65535, hint_threads=8
[1788510308862] Granted 8 threads to pid 107269 (CPUs 1+8)
Request from pid 107269: max_threads=65535, hint_threads=8
[1788510309113] Granted 8 threads to pid 107269 (CPUs 1+8)
Request from pid 107269: max_threads=65535, hint_threads=8
[1788510309527] Granted 8 threads to pid 107269 (CPUs 1+8)
Request from pid 107269: max_threads=65535, hint_threads=8
[1788510309778] Granted 8 threads to pid 107269 (CPUs 1+8)
Request from pid 107269: max_threads=65535, hint_threads=8
[1788510310191] Granted 8 threads to pid 107269 (CPUs 1+8)
Request from pid 107269: max_threads=65535, hint_threads=8
[1788510310385] Granted 8 threads to pid 107269 (CPUs 1+8)
Read error: Connection reset by peer (os error 104)
Accepted connection
Handling client
Request from pid 107324: max_threads=65535, hint_threads=8
[1788510312443] Granted 4 threads to pid 107324 (CPUs 5+4)
Request from pid 107324: max_threads=65535, hint_threads=8
[1788510313990] Granted 4 threads to pid 107324 (CPUs 5+4)
Request from pid 107324: max_threads=65535, hint_threads=8
[1788510314306] Granted 4 threads to pid 107324 (CPUs 5+4)
Request from pid 107324: max_threads=65535, hint_threads=8
[1788510314621] Granted 4 threads to pid 107324 (CPUs 5+4)
Request from pid 107324: max_threads=65535, hint_threads=8
[1788510314937] Granted 4 threads to pid 107324 (CPUs 5+4)
Request from pid 107324: max_threads=65535, hint_threads=8
[1788510315568] Granted 8 threads to pid 107324 (CPUs 1+8)
Request from pid 107324: max_threads=65535, hint_threads=8
[1788510315738] Granted 8 threads to pid 107324 (CPUs 1+8)
Request from pid 107324: max_threads=65535, hint_threads=8
[1788510316065] Granted 8 threads to pid 107324 (CPUs 1+8)
Request from pid 107324: max_threads=65535, hint_threads=8
[1788510316392] Granted 8 threads to pid 107324 (CPUs 1+8)
Request from pid 107324: max_threads=65535, hint_threads=8
[1788510316719] Granted 8 threads to pid 107324 (CPUs 1+8)
Request from pid 107324: max_threads=65535, hint_threads=8
[1788510317046] Granted 8 threads to pid 107324 (CPUs 1+8)
Request from pid 107324: max_threads=65535, hint_threads=8
[1788510317372] Granted 8 threads to pid 107324 (CPUs 1+8)
Request from pid 107324: max_threads=65535, hint_threads=8
[1788510317699] Granted 8 threads to pid 107324 (CPUs 1+8)
Request from pid 107324: max_threads=65535, hint_threads=8
[1788510318026] Granted 8 threads to pid 107324 (CPUs 1+8)
Request from pid 107324: max_threads=65535, hint_threads=8
[1788510318189] Granted 8 threads to pid 107324 (CPUs 1+8)
Request from pid 107324: max_threads=65535, hint_threads=8
[1788510318515] Granted 8 threads to pid 107324 (CPUs 1+8)
Request from pid 107324: max_threads=65535, hint_threads=8
[1788510318843] Granted 8 threads to pid 107324 (CPUs 1+8)
Request from pid 107324: max_threads=65535, hint_threads=8
[1788510319169] Granted 8 threads to pid 107324 (CPUs 1+8)
Request from pid 107324: max_threads=65535, hint_threads=8
[1788510319495] Granted 8 threads to pid 107324 (CPUs 1+8)
Request from pid 107324: max_threads=65535, hint_threads=8
[1788510319822] Granted 8 threads to pid 107324 (CPUs 1+8)
Request from pid 107324: max_threads=65535, hint_threads=8
[1788510320148] Granted 8 threads to pid 107324 (CPUs 1+8)
Request from pid 107324: max_threads=65535, hint_threads=8
[1788510320475] Granted 8 threads to pid 107324 (CPUs 1+8)
Request from pid 107324: max_threads=65535, hint_threads=8
[1788510320638] Granted 8 threads to pid 107324 (CPUs 1+8)
Request from pid 107324: max_threads=65535, hint_threads=8
[1788510320964] Granted 8 threads to pid 107324 (CPUs 1+8)
Request from pid 107324: max_threads=65535, hint_threads=8
[1788510321291] Granted 8 threads to pid 107324 (CPUs 1+8)
Request from pid 107324: max_threads=65535, hint_threads=8
[1788510321617] Granted 8 threads to pid 107324 (CPUs 1+8)
Request from pid 107324: max_threads=65535, hint_threads=8
[1788510321944] Granted 8 threads to pid 107324 (CPUs 1+8)
Request from pid 107324: max_threads=65535, hint_threads=8
[1788510322270] Granted 8 threads to pid 107324 (CPUs 1+8)
Request from pid 107324: max_threads=65535, hint_threads=8
[1788510322596] Granted 8 threads to pid 107324 (CPUs 1+8)
Request from pid 107324: max_threads=65535, hint_threads=8
[1788510322923] Granted 8 threads to pid 107324 (CPUs 1+8)
Request from pid 107324: max_threads=65535, hint_threads=8
[1788510323086] Granted 8 threads to pid 107324 (CPUs 1+8)
Request from pid 107324: max_threads=65535, hint_threads=8
[1788510323412] Granted 8 threads to pid 107324 (CPUs 1+8)
Request from pid 107324: max_threads=65535, hint_threads=8
[1788510323738] Granted 8 threads to pid 107324 (CPUs 1+8)
Request from pid 107324: max_threads=65535, hint_threads=8
[1788510324065] Granted 8 threads to pid 107324 (CPUs 1+8)
Request from pid 107324: max_threads=65535, hint_threads=8
[1788510324391] Granted 8 threads to pid 107324 (CPUs 1+8)
Request from pid 107324: max_threads=65535, hint_threads=8
[1788510324717] Granted 8 threads to pid 107324 (CPUs 1+8)
Request from pid 107324: max_threads=65535, hint_threads=8
[1788510325044] Granted 8 threads to pid 107324 (CPUs 1+8)
Request from pid 107324: max_threads=65535, hint_threads=8
[1788510325370] Granted 8 threads to pid 107324 (CPUs 1+8)
Request from pid 107324: max_threads=65535, hint_threads=8
[1788510325696] Granted 8 threads to pid 107324 (CPUs 1+8)
Request from pid 107324: max_threads=65535, hint_threads=8
[1788510326022] Granted 8 threads to pid 107324 (CPUs 1+8)
Request from pid 107324: max_threads=65535, hint_threads=8
[1788510326348] Granted 8 threads to pid 107324 (CPUs 1+8)
Request from pid 107324: max_threads=65535, hint_threads=8
[1788510326674] Granted 8 threads to pid 107324 (CPUs 1+8)
Request from pid 107324: max_threads=65535, hint_threads=8
[1788510327000] Granted 8 threads to pid 107324 (CPUs 1+8)
[1788510327004] Client pid 107324 disconnected — removed from state
Accepted connection
Handling client
Request from pid 107396: max_threads=65535, hint_threads=8
[1788510329059] Granted 8 threads to pid 107396 (CPUs 1+8)
Request from pid 107396: max_threads=65535, hint_threads=8
[1788510343493] Granted 8 threads to pid 107396 (CPUs 1+8)
Read error: Connection reset by peer (os error 104)
Starting DRM at Fri Sep  4 10:25:45 CEST 2026, capacity=8, cpu_pool=56,57,58,59,60,61,62,63
CPU pool (8 cores): 56–63
Listening on /tmp/omp-rm.sock (capacity=8, strategy=fair_share)
Accepted connection
Handling client
Request from pid 107464: max_threads=65535, hint_threads=8
[1788510346069] Granted 8 threads to pid 107464 (CPUs 56+8)
Request from pid 107464: max_threads=65535, hint_threads=8
[1788510346305] Granted 8 threads to pid 107464 (CPUs 56+8)
Request from pid 107464: max_threads=65535, hint_threads=8
[1788510346533] Granted 8 threads to pid 107464 (CPUs 56+8)
Request from pid 107464: max_threads=65535, hint_threads=8
[1788510346958] Granted 8 threads to pid 107464 (CPUs 56+8)
Request from pid 107464: max_threads=65535, hint_threads=8
[1788510347087] Granted 8 threads to pid 107464 (CPUs 56+8)
Request from pid 107464: max_threads=65535, hint_threads=8
[1788510347457] Granted 8 threads to pid 107464 (CPUs 56+8)
Request from pid 107464: max_threads=65535, hint_threads=8
[1788510347762] Granted 8 threads to pid 107464 (CPUs 56+8)
Request from pid 107464: max_threads=65535, hint_threads=8
[1788510348176] Granted 8 threads to pid 107464 (CPUs 56+8)
Request from pid 107464: max_threads=65535, hint_threads=8
[1788510348427] Granted 8 threads to pid 107464 (CPUs 56+8)
Request from pid 107464: max_threads=65535, hint_threads=8
[1788510348840] Granted 8 threads to pid 107464 (CPUs 56+8)
Request from pid 107464: max_threads=65535, hint_threads=8
[1788510349092] Granted 8 threads to pid 107464 (CPUs 56+8)
Request from pid 107464: max_threads=65535, hint_threads=8
[1788510349505] Granted 8 threads to pid 107464 (CPUs 56+8)
Request from pid 107464: max_threads=65535, hint_threads=8
[1788510349757] Granted 8 threads to pid 107464 (CPUs 56+8)
Request from pid 107464: max_threads=65535, hint_threads=8
[1788510350170] Granted 8 threads to pid 107464 (CPUs 56+8)
Request from pid 107464: max_threads=65535, hint_threads=8
[1788510350422] Granted 8 threads to pid 107464 (CPUs 56+8)
Request from pid 107464: max_threads=65535, hint_threads=8
[1788510350836] Granted 8 threads to pid 107464 (CPUs 56+8)
Request from pid 107464: max_threads=65535, hint_threads=8
[1788510351087] Granted 8 threads to pid 107464 (CPUs 56+8)
Request from pid 107464: max_threads=65535, hint_threads=8
[1788510351500] Granted 8 threads to pid 107464 (CPUs 56+8)
Request from pid 107464: max_threads=65535, hint_threads=8
[1788510351752] Granted 8 threads to pid 107464 (CPUs 56+8)
Request from pid 107464: max_threads=65535, hint_threads=8
[1788510352166] Granted 8 threads to pid 107464 (CPUs 56+8)
Request from pid 107464: max_threads=65535, hint_threads=8
[1788510352417] Granted 8 threads to pid 107464 (CPUs 56+8)
Request from pid 107464: max_threads=65535, hint_threads=8
[1788510352830] Granted 8 threads to pid 107464 (CPUs 56+8)
Request from pid 107464: max_threads=65535, hint_threads=8
[1788510353081] Granted 8 threads to pid 107464 (CPUs 56+8)
Request from pid 107464: max_threads=65535, hint_threads=8
[1788510353495] Granted 8 threads to pid 107464 (CPUs 56+8)
Request from pid 107464: max_threads=65535, hint_threads=8
[1788510353747] Granted 8 threads to pid 107464 (CPUs 56+8)
Request from pid 107464: max_threads=65535, hint_threads=8
[1788510354160] Granted 8 threads to pid 107464 (CPUs 56+8)
Request from pid 107464: max_threads=65535, hint_threads=8
[1788510354412] Granted 8 threads to pid 107464 (CPUs 56+8)
Request from pid 107464: max_threads=65535, hint_threads=8
[1788510354825] Granted 8 threads to pid 107464 (CPUs 56+8)
Request from pid 107464: max_threads=65535, hint_threads=8
[1788510355076] Granted 8 threads to pid 107464 (CPUs 56+8)
Request from pid 107464: max_threads=65535, hint_threads=8
[1788510355490] Granted 8 threads to pid 107464 (CPUs 56+8)
Request from pid 107464: max_threads=65535, hint_threads=8
[1788510355740] Granted 8 threads to pid 107464 (CPUs 56+8)
Request from pid 107464: max_threads=65535, hint_threads=8
[1788510356155] Granted 8 threads to pid 107464 (CPUs 56+8)
Request from pid 107464: max_threads=65535, hint_threads=8
[1788510356406] Granted 8 threads to pid 107464 (CPUs 56+8)
Request from pid 107464: max_threads=65535, hint_threads=8
[1788510356820] Granted 8 threads to pid 107464 (CPUs 56+8)
Request from pid 107464: max_threads=65535, hint_threads=8
[1788510357071] Granted 8 threads to pid 107464 (CPUs 56+8)
Request from pid 107464: max_threads=65535, hint_threads=8
[1788510357484] Granted 8 threads to pid 107464 (CPUs 56+8)
Request from pid 107464: max_threads=65535, hint_threads=8
[1788510357735] Granted 8 threads to pid 107464 (CPUs 56+8)
Request from pid 107464: max_threads=65535, hint_threads=8
[1788510358148] Granted 8 threads to pid 107464 (CPUs 56+8)
Request from pid 107464: max_threads=65535, hint_threads=8
[1788510358400] Granted 8 threads to pid 107464 (CPUs 56+8)
Request from pid 107464: max_threads=65535, hint_threads=8
[1788510358814] Granted 8 threads to pid 107464 (CPUs 56+8)
Request from pid 107464: max_threads=65535, hint_threads=8
[1788510359065] Granted 8 threads to pid 107464 (CPUs 56+8)
Request from pid 107464: max_threads=65535, hint_threads=8
[1788510359480] Granted 8 threads to pid 107464 (CPUs 56+8)
Request from pid 107464: max_threads=65535, hint_threads=8
[1788510359731] Granted 8 threads to pid 107464 (CPUs 56+8)
Request from pid 107464: max_threads=65535, hint_threads=8
[1788510360145] Granted 8 threads to pid 107464 (CPUs 56+8)
Request from pid 107464: max_threads=65535, hint_threads=8
[1788510360396] Granted 8 threads to pid 107464 (CPUs 56+8)
Request from pid 107464: max_threads=65535, hint_threads=8
[1788510360810] Granted 8 threads to pid 107464 (CPUs 56+8)
Request from pid 107464: max_threads=65535, hint_threads=8
[1788510361003] Granted 8 threads to pid 107464 (CPUs 56+8)
Read error: Connection reset by peer (os error 104)
Accepted connection
Handling client
Request from pid 107518: max_threads=65535, hint_threads=8
[1788510363288] Granted 4 threads to pid 107518 (CPUs 60+4)
Request from pid 107518: max_threads=65535, hint_threads=8
[1788510364969] Granted 4 threads to pid 107518 (CPUs 60+4)
Request from pid 107518: max_threads=65535, hint_threads=8
[1788510365284] Granted 4 threads to pid 107518 (CPUs 60+4)
Request from pid 107518: max_threads=65535, hint_threads=8
[1788510365599] Granted 4 threads to pid 107518 (CPUs 60+4)
Request from pid 107518: max_threads=65535, hint_threads=8
[1788510366229] Granted 8 threads to pid 107518 (CPUs 56+8)
Request from pid 107518: max_threads=65535, hint_threads=8
[1788510366411] Granted 8 threads to pid 107518 (CPUs 56+8)
Request from pid 107518: max_threads=65535, hint_threads=8
[1788510366764] Granted 8 threads to pid 107518 (CPUs 56+8)
Request from pid 107518: max_threads=65535, hint_threads=8
[1788510367118] Granted 8 threads to pid 107518 (CPUs 56+8)
Request from pid 107518: max_threads=65535, hint_threads=8
[1788510367471] Granted 8 threads to pid 107518 (CPUs 56+8)
Request from pid 107518: max_threads=65535, hint_threads=8
[1788510367824] Granted 8 threads to pid 107518 (CPUs 56+8)
Request from pid 107518: max_threads=65535, hint_threads=8
[1788510368178] Granted 8 threads to pid 107518 (CPUs 56+8)
Request from pid 107518: max_threads=65535, hint_threads=8
[1788510368354] Granted 8 threads to pid 107518 (CPUs 56+8)
Request from pid 107518: max_threads=65535, hint_threads=8
[1788510368708] Granted 8 threads to pid 107518 (CPUs 56+8)
Request from pid 107518: max_threads=65535, hint_threads=8
[1788510369061] Granted 8 threads to pid 107518 (CPUs 56+8)
Request from pid 107518: max_threads=65535, hint_threads=8
[1788510369238] Granted 8 threads to pid 107518 (CPUs 56+8)
Request from pid 107518: max_threads=65535, hint_threads=8
[1788510369592] Granted 8 threads to pid 107518 (CPUs 56+8)
Request from pid 107518: max_threads=65535, hint_threads=8
[1788510369944] Granted 8 threads to pid 107518 (CPUs 56+8)
Request from pid 107518: max_threads=65535, hint_threads=8
[1788510370120] Granted 8 threads to pid 107518 (CPUs 56+8)
Request from pid 107518: max_threads=65535, hint_threads=8
[1788510370474] Granted 8 threads to pid 107518 (CPUs 56+8)
Request from pid 107518: max_threads=65535, hint_threads=8
[1788510370828] Granted 8 threads to pid 107518 (CPUs 56+8)
Request from pid 107518: max_threads=65535, hint_threads=8
[1788510371005] Granted 8 threads to pid 107518 (CPUs 56+8)
Request from pid 107518: max_threads=65535, hint_threads=8
[1788510371358] Granted 8 threads to pid 107518 (CPUs 56+8)
Request from pid 107518: max_threads=65535, hint_threads=8
[1788510371711] Granted 8 threads to pid 107518 (CPUs 56+8)
Request from pid 107518: max_threads=65535, hint_threads=8
[1788510372064] Granted 8 threads to pid 107518 (CPUs 56+8)
Request from pid 107518: max_threads=65535, hint_threads=8
[1788510372417] Granted 8 threads to pid 107518 (CPUs 56+8)
Request from pid 107518: max_threads=65535, hint_threads=8
[1788510372771] Granted 8 threads to pid 107518 (CPUs 56+8)
Request from pid 107518: max_threads=65535, hint_threads=8
[1788510373124] Granted 8 threads to pid 107518 (CPUs 56+8)
Request from pid 107518: max_threads=65535, hint_threads=8
[1788510373478] Granted 8 threads to pid 107518 (CPUs 56+8)
Request from pid 107518: max_threads=65535, hint_threads=8
[1788510373654] Granted 8 threads to pid 107518 (CPUs 56+8)
Request from pid 107518: max_threads=65535, hint_threads=8
[1788510374007] Granted 8 threads to pid 107518 (CPUs 56+8)
Request from pid 107518: max_threads=65535, hint_threads=8
[1788510374361] Granted 8 threads to pid 107518 (CPUs 56+8)
Request from pid 107518: max_threads=65535, hint_threads=8
[1788510374714] Granted 8 threads to pid 107518 (CPUs 56+8)
Request from pid 107518: max_threads=65535, hint_threads=8
[1788510375067] Granted 8 threads to pid 107518 (CPUs 56+8)
Request from pid 107518: max_threads=65535, hint_threads=8
[1788510375421] Granted 8 threads to pid 107518 (CPUs 56+8)
Request from pid 107518: max_threads=65535, hint_threads=8
[1788510375774] Granted 8 threads to pid 107518 (CPUs 56+8)
Request from pid 107518: max_threads=65535, hint_threads=8
[1788510376127] Granted 8 threads to pid 107518 (CPUs 56+8)
Request from pid 107518: max_threads=65535, hint_threads=8
[1788510376303] Granted 8 threads to pid 107518 (CPUs 56+8)
Request from pid 107518: max_threads=65535, hint_threads=8
[1788510376657] Granted 8 threads to pid 107518 (CPUs 56+8)
Request from pid 107518: max_threads=65535, hint_threads=8
[1788510377010] Granted 8 threads to pid 107518 (CPUs 56+8)
Request from pid 107518: max_threads=65535, hint_threads=8
[1788510377364] Granted 8 threads to pid 107518 (CPUs 56+8)
Request from pid 107518: max_threads=65535, hint_threads=8
[1788510377716] Granted 8 threads to pid 107518 (CPUs 56+8)
Request from pid 107518: max_threads=65535, hint_threads=8
[1788510378070] Granted 8 threads to pid 107518 (CPUs 56+8)
Request from pid 107518: max_threads=65535, hint_threads=8
[1788510378423] Granted 8 threads to pid 107518 (CPUs 56+8)
Request from pid 107518: max_threads=65535, hint_threads=8
[1788510378777] Granted 8 threads to pid 107518 (CPUs 56+8)
[1788510378780] Client pid 107518 disconnected — removed from state
Accepted connection
Handling client
Request from pid 107587: max_threads=65535, hint_threads=8
[1788510380837] Granted 8 threads to pid 107587 (CPUs 56+8)
Request from pid 107587: max_threads=65535, hint_threads=8
[1788510395287] Granted 8 threads to pid 107587 (CPUs 56+8)
Read error: Connection reset by peer (os error 104)
Starting DRM at Fri Sep  4 10:26:37 CEST 2026, capacity=8, cpu_pool=1,2,3,4,5,6,7,8
CPU pool (8 cores): 1–8
Listening on /tmp/omp-rm.sock (capacity=8, strategy=fair_share)
Accepted connection
Handling client
Request from pid 107642: max_threads=65535, hint_threads=8
[1788510397849] Granted 8 threads to pid 107642 (CPUs 1+8)
Request from pid 107642: max_threads=65535, hint_threads=8
[1788510398091] Granted 8 threads to pid 107642 (CPUs 1+8)
Request from pid 107642: max_threads=65535, hint_threads=8
[1788510398323] Granted 8 threads to pid 107642 (CPUs 1+8)
Request from pid 107642: max_threads=65535, hint_threads=8
[1788510398757] Granted 8 threads to pid 107642 (CPUs 1+8)
Request from pid 107642: max_threads=65535, hint_threads=8
[1788510398885] Granted 8 threads to pid 107642 (CPUs 1+8)
Request from pid 107642: max_threads=65535, hint_threads=8
[1788510399264] Granted 8 threads to pid 107642 (CPUs 1+8)
Request from pid 107642: max_threads=65535, hint_threads=8
[1788510399574] Granted 8 threads to pid 107642 (CPUs 1+8)
Request from pid 107642: max_threads=65535, hint_threads=8
[1788510399995] Granted 8 threads to pid 107642 (CPUs 1+8)
Request from pid 107642: max_threads=65535, hint_threads=8
[1788510400250] Granted 8 threads to pid 107642 (CPUs 1+8)
Request from pid 107642: max_threads=65535, hint_threads=8
[1788510400672] Granted 8 threads to pid 107642 (CPUs 1+8)
Request from pid 107642: max_threads=65535, hint_threads=8
[1788510400927] Granted 8 threads to pid 107642 (CPUs 1+8)
Request from pid 107642: max_threads=65535, hint_threads=8
[1788510401348] Granted 8 threads to pid 107642 (CPUs 1+8)
Request from pid 107642: max_threads=65535, hint_threads=8
[1788510401604] Granted 8 threads to pid 107642 (CPUs 1+8)
Request from pid 107642: max_threads=65535, hint_threads=8
[1788510402025] Granted 8 threads to pid 107642 (CPUs 1+8)
Request from pid 107642: max_threads=65535, hint_threads=8
[1788510402280] Granted 8 threads to pid 107642 (CPUs 1+8)
Request from pid 107642: max_threads=65535, hint_threads=8
[1788510402702] Granted 8 threads to pid 107642 (CPUs 1+8)
Request from pid 107642: max_threads=65535, hint_threads=8
[1788510402957] Granted 8 threads to pid 107642 (CPUs 1+8)
Request from pid 107642: max_threads=65535, hint_threads=8
[1788510403377] Granted 8 threads to pid 107642 (CPUs 1+8)
Request from pid 107642: max_threads=65535, hint_threads=8
[1788510403633] Granted 8 threads to pid 107642 (CPUs 1+8)
Request from pid 107642: max_threads=65535, hint_threads=8
[1788510404053] Granted 8 threads to pid 107642 (CPUs 1+8)
Request from pid 107642: max_threads=65535, hint_threads=8
[1788510404308] Granted 8 threads to pid 107642 (CPUs 1+8)
Request from pid 107642: max_threads=65535, hint_threads=8
[1788510404729] Granted 8 threads to pid 107642 (CPUs 1+8)
Request from pid 107642: max_threads=65535, hint_threads=8
[1788510404984] Granted 8 threads to pid 107642 (CPUs 1+8)
Request from pid 107642: max_threads=65535, hint_threads=8
[1788510405405] Granted 8 threads to pid 107642 (CPUs 1+8)
Request from pid 107642: max_threads=65535, hint_threads=8
[1788510405660] Granted 8 threads to pid 107642 (CPUs 1+8)
Request from pid 107642: max_threads=65535, hint_threads=8
[1788510406081] Granted 8 threads to pid 107642 (CPUs 1+8)
Request from pid 107642: max_threads=65535, hint_threads=8
[1788510406336] Granted 8 threads to pid 107642 (CPUs 1+8)
Request from pid 107642: max_threads=65535, hint_threads=8
[1788510406757] Granted 8 threads to pid 107642 (CPUs 1+8)
Request from pid 107642: max_threads=65535, hint_threads=8
[1788510407012] Granted 8 threads to pid 107642 (CPUs 1+8)
Request from pid 107642: max_threads=65535, hint_threads=8
[1788510407432] Granted 8 threads to pid 107642 (CPUs 1+8)
Request from pid 107642: max_threads=65535, hint_threads=8
[1788510407687] Granted 8 threads to pid 107642 (CPUs 1+8)
Request from pid 107642: max_threads=65535, hint_threads=8
[1788510408108] Granted 8 threads to pid 107642 (CPUs 1+8)
Request from pid 107642: max_threads=65535, hint_threads=8
[1788510408363] Granted 8 threads to pid 107642 (CPUs 1+8)
Request from pid 107642: max_threads=65535, hint_threads=8
[1788510408783] Granted 8 threads to pid 107642 (CPUs 1+8)
Request from pid 107642: max_threads=65535, hint_threads=8
[1788510409038] Granted 8 threads to pid 107642 (CPUs 1+8)
Request from pid 107642: max_threads=65535, hint_threads=8
[1788510409460] Granted 8 threads to pid 107642 (CPUs 1+8)
Request from pid 107642: max_threads=65535, hint_threads=8
[1788510409714] Granted 8 threads to pid 107642 (CPUs 1+8)
Request from pid 107642: max_threads=65535, hint_threads=8
[1788510410135] Granted 8 threads to pid 107642 (CPUs 1+8)
Request from pid 107642: max_threads=65535, hint_threads=8
[1788510410391] Granted 8 threads to pid 107642 (CPUs 1+8)
Request from pid 107642: max_threads=65535, hint_threads=8
[1788510410811] Granted 8 threads to pid 107642 (CPUs 1+8)
Request from pid 107642: max_threads=65535, hint_threads=8
[1788510411067] Granted 8 threads to pid 107642 (CPUs 1+8)
Request from pid 107642: max_threads=65535, hint_threads=8
[1788510411488] Granted 8 threads to pid 107642 (CPUs 1+8)
Request from pid 107642: max_threads=65535, hint_threads=8
[1788510411743] Granted 8 threads to pid 107642 (CPUs 1+8)
Request from pid 107642: max_threads=65535, hint_threads=8
[1788510412164] Granted 8 threads to pid 107642 (CPUs 1+8)
Request from pid 107642: max_threads=65535, hint_threads=8
[1788510412419] Granted 8 threads to pid 107642 (CPUs 1+8)
Request from pid 107642: max_threads=65535, hint_threads=8
[1788510412840] Granted 8 threads to pid 107642 (CPUs 1+8)
Request from pid 107642: max_threads=65535, hint_threads=8
[1788510413037] Granted 8 threads to pid 107642 (CPUs 1+8)
Read error: Connection reset by peer (os error 104)
Accepted connection
Handling client
Request from pid 107705: max_threads=65535, hint_threads=8
[1788510415123] Granted 4 threads to pid 107705 (CPUs 5+4)
Request from pid 107705: max_threads=65535, hint_threads=8
[1788510416738] Granted 4 threads to pid 107705 (CPUs 5+4)
Request from pid 107705: max_threads=65535, hint_threads=8
[1788510417021] Granted 4 threads to pid 107705 (CPUs 5+4)
Request from pid 107705: max_threads=65535, hint_threads=8
[1788510417305] Granted 4 threads to pid 107705 (CPUs 5+4)
Request from pid 107705: max_threads=65535, hint_threads=8
[1788510417588] Granted 4 threads to pid 107705 (CPUs 5+4)
Request from pid 107705: max_threads=65535, hint_threads=8
[1788510417871] Granted 4 threads to pid 107705 (CPUs 5+4)
Request from pid 107705: max_threads=65535, hint_threads=8
[1788510418154] Granted 8 threads to pid 107705 (CPUs 1+8)
Request from pid 107705: max_threads=65535, hint_threads=8
[1788510418309] Granted 8 threads to pid 107705 (CPUs 1+8)
Request from pid 107705: max_threads=65535, hint_threads=8
[1788510418602] Granted 8 threads to pid 107705 (CPUs 1+8)
Request from pid 107705: max_threads=65535, hint_threads=8
[1788510418895] Granted 8 threads to pid 107705 (CPUs 1+8)
Request from pid 107705: max_threads=65535, hint_threads=8
[1788510419188] Granted 8 threads to pid 107705 (CPUs 1+8)
Request from pid 107705: max_threads=65535, hint_threads=8
[1788510419481] Granted 8 threads to pid 107705 (CPUs 1+8)
Request from pid 107705: max_threads=65535, hint_threads=8
[1788510419774] Granted 8 threads to pid 107705 (CPUs 1+8)
Request from pid 107705: max_threads=65535, hint_threads=8
[1788510420067] Granted 8 threads to pid 107705 (CPUs 1+8)
Request from pid 107705: max_threads=65535, hint_threads=8
[1788510420360] Granted 8 threads to pid 107705 (CPUs 1+8)
Request from pid 107705: max_threads=65535, hint_threads=8
[1788510420507] Granted 8 threads to pid 107705 (CPUs 1+8)
Request from pid 107705: max_threads=65535, hint_threads=8
[1788510420800] Granted 8 threads to pid 107705 (CPUs 1+8)
Request from pid 107705: max_threads=65535, hint_threads=8
[1788510421093] Granted 8 threads to pid 107705 (CPUs 1+8)
Request from pid 107705: max_threads=65535, hint_threads=8
[1788510421386] Granted 8 threads to pid 107705 (CPUs 1+8)
Request from pid 107705: max_threads=65535, hint_threads=8
[1788510421679] Granted 8 threads to pid 107705 (CPUs 1+8)
Request from pid 107705: max_threads=65535, hint_threads=8
[1788510421972] Granted 8 threads to pid 107705 (CPUs 1+8)
Request from pid 107705: max_threads=65535, hint_threads=8
[1788510422265] Granted 8 threads to pid 107705 (CPUs 1+8)
Request from pid 107705: max_threads=65535, hint_threads=8
[1788510422558] Granted 8 threads to pid 107705 (CPUs 1+8)
Request from pid 107705: max_threads=65535, hint_threads=8
[1788510422852] Granted 8 threads to pid 107705 (CPUs 1+8)
Request from pid 107705: max_threads=65535, hint_threads=8
[1788510423145] Granted 8 threads to pid 107705 (CPUs 1+8)
Request from pid 107705: max_threads=65535, hint_threads=8
[1788510423437] Granted 8 threads to pid 107705 (CPUs 1+8)
Request from pid 107705: max_threads=65535, hint_threads=8
[1788510423730] Granted 8 threads to pid 107705 (CPUs 1+8)
Request from pid 107705: max_threads=65535, hint_threads=8
[1788510424023] Granted 8 threads to pid 107705 (CPUs 1+8)
Request from pid 107705: max_threads=65535, hint_threads=8
[1788510424170] Granted 8 threads to pid 107705 (CPUs 1+8)
Request from pid 107705: max_threads=65535, hint_threads=8
[1788510424463] Granted 8 threads to pid 107705 (CPUs 1+8)
Request from pid 107705: max_threads=65535, hint_threads=8
[1788510424756] Granted 8 threads to pid 107705 (CPUs 1+8)
Request from pid 107705: max_threads=65535, hint_threads=8
[1788510424903] Granted 8 threads to pid 107705 (CPUs 1+8)
Request from pid 107705: max_threads=65535, hint_threads=8
[1788510425196] Granted 8 threads to pid 107705 (CPUs 1+8)
Request from pid 107705: max_threads=65535, hint_threads=8
[1788510425489] Granted 8 threads to pid 107705 (CPUs 1+8)
Request from pid 107705: max_threads=65535, hint_threads=8
[1788510425635] Granted 8 threads to pid 107705 (CPUs 1+8)
Request from pid 107705: max_threads=65535, hint_threads=8
[1788510425928] Granted 8 threads to pid 107705 (CPUs 1+8)
Request from pid 107705: max_threads=65535, hint_threads=8
[1788510426221] Granted 8 threads to pid 107705 (CPUs 1+8)
Request from pid 107705: max_threads=65535, hint_threads=8
[1788510426514] Granted 8 threads to pid 107705 (CPUs 1+8)
Request from pid 107705: max_threads=65535, hint_threads=8
[1788510426807] Granted 8 threads to pid 107705 (CPUs 1+8)
Request from pid 107705: max_threads=65535, hint_threads=8
[1788510427100] Granted 8 threads to pid 107705 (CPUs 1+8)
Request from pid 107705: max_threads=65535, hint_threads=8
[1788510427392] Granted 8 threads to pid 107705 (CPUs 1+8)
Request from pid 107705: max_threads=65535, hint_threads=8
[1788510427685] Granted 8 threads to pid 107705 (CPUs 1+8)
Request from pid 107705: max_threads=65535, hint_threads=8
[1788510427978] Granted 8 threads to pid 107705 (CPUs 1+8)
Request from pid 107705: max_threads=65535, hint_threads=8
[1788510428271] Granted 8 threads to pid 107705 (CPUs 1+8)
[1788510428422] Client pid 107705 disconnected — removed from state
Accepted connection
Handling client
Request from pid 107756: max_threads=65535, hint_threads=8
[1788510430741] Granted 8 threads to pid 107756 (CPUs 1+8)
Request from pid 107756: max_threads=65535, hint_threads=8
[1788510445174] Granted 8 threads to pid 107756 (CPUs 1+8)
Read error: Connection reset by peer (os error 104)
Starting DRM at Fri Sep  4 10:27:27 CEST 2026, capacity=8, cpu_pool=56,57,58,59,60,61,62,63
CPU pool (8 cores): 56–63
Listening on /tmp/omp-rm.sock (capacity=8, strategy=fair_share)
Accepted connection
Handling client
Request from pid 107837: max_threads=65535, hint_threads=8
[1788510447737] Granted 8 threads to pid 107837 (CPUs 56+8)
Request from pid 107837: max_threads=65535, hint_threads=8
[1788510447980] Granted 8 threads to pid 107837 (CPUs 56+8)
Request from pid 107837: max_threads=65535, hint_threads=8
[1788510448211] Granted 8 threads to pid 107837 (CPUs 56+8)
Request from pid 107837: max_threads=65535, hint_threads=8
[1788510448644] Granted 8 threads to pid 107837 (CPUs 56+8)
Request from pid 107837: max_threads=65535, hint_threads=8
[1788510448772] Granted 8 threads to pid 107837 (CPUs 56+8)
Request from pid 107837: max_threads=65535, hint_threads=8
[1788510449150] Granted 8 threads to pid 107837 (CPUs 56+8)
Request from pid 107837: max_threads=65535, hint_threads=8
[1788510449459] Granted 8 threads to pid 107837 (CPUs 56+8)
Request from pid 107837: max_threads=65535, hint_threads=8
[1788510449881] Granted 8 threads to pid 107837 (CPUs 56+8)
Request from pid 107837: max_threads=65535, hint_threads=8
[1788510450134] Granted 8 threads to pid 107837 (CPUs 56+8)
Request from pid 107837: max_threads=65535, hint_threads=8
[1788510450553] Granted 8 threads to pid 107837 (CPUs 56+8)
Request from pid 107837: max_threads=65535, hint_threads=8
[1788510450807] Granted 8 threads to pid 107837 (CPUs 56+8)
Request from pid 107837: max_threads=65535, hint_threads=8
[1788510451226] Granted 8 threads to pid 107837 (CPUs 56+8)
Request from pid 107837: max_threads=65535, hint_threads=8
[1788510451480] Granted 8 threads to pid 107837 (CPUs 56+8)
Request from pid 107837: max_threads=65535, hint_threads=8
[1788510451900] Granted 8 threads to pid 107837 (CPUs 56+8)
Request from pid 107837: max_threads=65535, hint_threads=8
[1788510452154] Granted 8 threads to pid 107837 (CPUs 56+8)
Request from pid 107837: max_threads=65535, hint_threads=8
[1788510452575] Granted 8 threads to pid 107837 (CPUs 56+8)
Request from pid 107837: max_threads=65535, hint_threads=8
[1788510452829] Granted 8 threads to pid 107837 (CPUs 56+8)
Request from pid 107837: max_threads=65535, hint_threads=8
[1788510453248] Granted 8 threads to pid 107837 (CPUs 56+8)
Request from pid 107837: max_threads=65535, hint_threads=8
[1788510453502] Granted 8 threads to pid 107837 (CPUs 56+8)
Request from pid 107837: max_threads=65535, hint_threads=8
[1788510453922] Granted 8 threads to pid 107837 (CPUs 56+8)
Request from pid 107837: max_threads=65535, hint_threads=8
[1788510454176] Granted 8 threads to pid 107837 (CPUs 56+8)
Request from pid 107837: max_threads=65535, hint_threads=8
[1788510454598] Granted 8 threads to pid 107837 (CPUs 56+8)
Request from pid 107837: max_threads=65535, hint_threads=8
[1788510454852] Granted 8 threads to pid 107837 (CPUs 56+8)
Request from pid 107837: max_threads=65535, hint_threads=8
[1788510455270] Granted 8 threads to pid 107837 (CPUs 56+8)
Request from pid 107837: max_threads=65535, hint_threads=8
[1788510455524] Granted 8 threads to pid 107837 (CPUs 56+8)
Request from pid 107837: max_threads=65535, hint_threads=8
[1788510455943] Granted 8 threads to pid 107837 (CPUs 56+8)
Request from pid 107837: max_threads=65535, hint_threads=8
[1788510456197] Granted 8 threads to pid 107837 (CPUs 56+8)
Request from pid 107837: max_threads=65535, hint_threads=8
[1788510456618] Granted 8 threads to pid 107837 (CPUs 56+8)
Request from pid 107837: max_threads=65535, hint_threads=8
[1788510456872] Granted 8 threads to pid 107837 (CPUs 56+8)
Request from pid 107837: max_threads=65535, hint_threads=8
[1788510457292] Granted 8 threads to pid 107837 (CPUs 56+8)
Request from pid 107837: max_threads=65535, hint_threads=8
[1788510457546] Granted 8 threads to pid 107837 (CPUs 56+8)
Request from pid 107837: max_threads=65535, hint_threads=8
[1788510457965] Granted 8 threads to pid 107837 (CPUs 56+8)
Request from pid 107837: max_threads=65535, hint_threads=8
[1788510458219] Granted 8 threads to pid 107837 (CPUs 56+8)
Request from pid 107837: max_threads=65535, hint_threads=8
[1788510458639] Granted 8 threads to pid 107837 (CPUs 56+8)
Request from pid 107837: max_threads=65535, hint_threads=8
[1788510458893] Granted 8 threads to pid 107837 (CPUs 56+8)
Request from pid 107837: max_threads=65535, hint_threads=8
[1788510459314] Granted 8 threads to pid 107837 (CPUs 56+8)
Request from pid 107837: max_threads=65535, hint_threads=8
[1788510459568] Granted 8 threads to pid 107837 (CPUs 56+8)
Request from pid 107837: max_threads=65535, hint_threads=8
[1788510459988] Granted 8 threads to pid 107837 (CPUs 56+8)
Request from pid 107837: max_threads=65535, hint_threads=8
[1788510460242] Granted 8 threads to pid 107837 (CPUs 56+8)
Request from pid 107837: max_threads=65535, hint_threads=8
[1788510460661] Granted 8 threads to pid 107837 (CPUs 56+8)
Request from pid 107837: max_threads=65535, hint_threads=8
[1788510460915] Granted 8 threads to pid 107837 (CPUs 56+8)
Request from pid 107837: max_threads=65535, hint_threads=8
[1788510461336] Granted 8 threads to pid 107837 (CPUs 56+8)
Request from pid 107837: max_threads=65535, hint_threads=8
[1788510461590] Granted 8 threads to pid 107837 (CPUs 56+8)
Request from pid 107837: max_threads=65535, hint_threads=8
[1788510462011] Granted 8 threads to pid 107837 (CPUs 56+8)
Request from pid 107837: max_threads=65535, hint_threads=8
[1788510462265] Granted 8 threads to pid 107837 (CPUs 56+8)
Request from pid 107837: max_threads=65535, hint_threads=8
[1788510462685] Granted 8 threads to pid 107837 (CPUs 56+8)
Request from pid 107837: max_threads=65535, hint_threads=8
[1788510462881] Granted 8 threads to pid 107837 (CPUs 56+8)
Read error: Connection reset by peer (os error 104)
Accepted connection
Handling client
Request from pid 107897: max_threads=65535, hint_threads=8
[1788510464949] Granted 4 threads to pid 107897 (CPUs 60+4)
Request from pid 107897: max_threads=65535, hint_threads=8
[1788510466604] Granted 4 threads to pid 107897 (CPUs 60+4)
Request from pid 107897: max_threads=65535, hint_threads=8
[1788510466892] Granted 4 threads to pid 107897 (CPUs 60+4)
Request from pid 107897: max_threads=65535, hint_threads=8
[1788510467180] Granted 4 threads to pid 107897 (CPUs 60+4)
Request from pid 107897: max_threads=65535, hint_threads=8
[1788510467467] Granted 4 threads to pid 107897 (CPUs 60+4)
Request from pid 107897: max_threads=65535, hint_threads=8
[1788510467755] Granted 4 threads to pid 107897 (CPUs 60+4)
Request from pid 107897: max_threads=65535, hint_threads=8
[1788510468043] Granted 8 threads to pid 107897 (CPUs 56+8)
Request from pid 107897: max_threads=65535, hint_threads=8
[1788510468203] Granted 8 threads to pid 107897 (CPUs 56+8)
Request from pid 107897: max_threads=65535, hint_threads=8
[1788510468525] Granted 8 threads to pid 107897 (CPUs 56+8)
Request from pid 107897: max_threads=65535, hint_threads=8
[1788510468846] Granted 8 threads to pid 107897 (CPUs 56+8)
Request from pid 107897: max_threads=65535, hint_threads=8
[1788510469007] Granted 8 threads to pid 107897 (CPUs 56+8)
Request from pid 107897: max_threads=65535, hint_threads=8
[1788510469329] Granted 8 threads to pid 107897 (CPUs 56+8)
Request from pid 107897: max_threads=65535, hint_threads=8
[1788510469651] Granted 8 threads to pid 107897 (CPUs 56+8)
Request from pid 107897: max_threads=65535, hint_threads=8
[1788510469973] Granted 8 threads to pid 107897 (CPUs 56+8)
Request from pid 107897: max_threads=65535, hint_threads=8
[1788510470295] Granted 8 threads to pid 107897 (CPUs 56+8)
Request from pid 107897: max_threads=65535, hint_threads=8
[1788510470617] Granted 8 threads to pid 107897 (CPUs 56+8)
Request from pid 107897: max_threads=65535, hint_threads=8
[1788510470940] Granted 8 threads to pid 107897 (CPUs 56+8)
Request from pid 107897: max_threads=65535, hint_threads=8
[1788510471262] Granted 8 threads to pid 107897 (CPUs 56+8)
Request from pid 107897: max_threads=65535, hint_threads=8
[1788510471424] Granted 8 threads to pid 107897 (CPUs 56+8)
Request from pid 107897: max_threads=65535, hint_threads=8
[1788510471746] Granted 8 threads to pid 107897 (CPUs 56+8)
Request from pid 107897: max_threads=65535, hint_threads=8
[1788510472068] Granted 8 threads to pid 107897 (CPUs 56+8)
Request from pid 107897: max_threads=65535, hint_threads=8
[1788510472391] Granted 8 threads to pid 107897 (CPUs 56+8)
Request from pid 107897: max_threads=65535, hint_threads=8
[1788510472713] Granted 8 threads to pid 107897 (CPUs 56+8)
Request from pid 107897: max_threads=65535, hint_threads=8
[1788510473036] Granted 8 threads to pid 107897 (CPUs 56+8)
Request from pid 107897: max_threads=65535, hint_threads=8
[1788510473358] Granted 8 threads to pid 107897 (CPUs 56+8)
Request from pid 107897: max_threads=65535, hint_threads=8
[1788510473680] Granted 8 threads to pid 107897 (CPUs 56+8)
Request from pid 107897: max_threads=65535, hint_threads=8
[1788510474003] Granted 8 threads to pid 107897 (CPUs 56+8)
Request from pid 107897: max_threads=65535, hint_threads=8
[1788510474325] Granted 8 threads to pid 107897 (CPUs 56+8)
Request from pid 107897: max_threads=65535, hint_threads=8
[1788510474646] Granted 8 threads to pid 107897 (CPUs 56+8)
Request from pid 107897: max_threads=65535, hint_threads=8
[1788510474969] Granted 8 threads to pid 107897 (CPUs 56+8)
Request from pid 107897: max_threads=65535, hint_threads=8
[1788510475291] Granted 8 threads to pid 107897 (CPUs 56+8)
Request from pid 107897: max_threads=65535, hint_threads=8
[1788510475452] Granted 8 threads to pid 107897 (CPUs 56+8)
Request from pid 107897: max_threads=65535, hint_threads=8
[1788510475775] Granted 8 threads to pid 107897 (CPUs 56+8)
Request from pid 107897: max_threads=65535, hint_threads=8
[1788510476097] Granted 8 threads to pid 107897 (CPUs 56+8)
Request from pid 107897: max_threads=65535, hint_threads=8
[1788510476420] Granted 8 threads to pid 107897 (CPUs 56+8)
Request from pid 107897: max_threads=65535, hint_threads=8
[1788510476742] Granted 8 threads to pid 107897 (CPUs 56+8)
Request from pid 107897: max_threads=65535, hint_threads=8
[1788510477065] Granted 8 threads to pid 107897 (CPUs 56+8)
Request from pid 107897: max_threads=65535, hint_threads=8
[1788510477387] Granted 8 threads to pid 107897 (CPUs 56+8)
Request from pid 107897: max_threads=65535, hint_threads=8
[1788510477709] Granted 8 threads to pid 107897 (CPUs 56+8)
Request from pid 107897: max_threads=65535, hint_threads=8
[1788510478032] Granted 8 threads to pid 107897 (CPUs 56+8)
Request from pid 107897: max_threads=65535, hint_threads=8
[1788510478354] Granted 8 threads to pid 107897 (CPUs 56+8)
Request from pid 107897: max_threads=65535, hint_threads=8
[1788510478676] Granted 8 threads to pid 107897 (CPUs 56+8)
Request from pid 107897: max_threads=65535, hint_threads=8
[1788510478999] Granted 8 threads to pid 107897 (CPUs 56+8)
Request from pid 107897: max_threads=65535, hint_threads=8
[1788510479321] Granted 8 threads to pid 107897 (CPUs 56+8)
[1788510479325] Client pid 107897 disconnected — removed from state
Accepted connection
Handling client
Request from pid 107949: max_threads=65535, hint_threads=8
[1788510481379] Granted 8 threads to pid 107949 (CPUs 56+8)
Request from pid 107949: max_threads=65535, hint_threads=8
[1788510495828] Granted 8 threads to pid 107949 (CPUs 56+8)
Read error: Connection reset by peer (os error 104)
Starting DRM at Fri Sep  4 10:28:17 CEST 2026, capacity=8, cpu_pool=1,2,3,4,5,6,7,8
CPU pool (8 cores): 1–8
Listening on /tmp/omp-rm.sock (capacity=8, strategy=fair_share)
Accepted connection
Handling client
Request from pid 108019: max_threads=65535, hint_threads=8
[1788510498391] Granted 8 threads to pid 108019 (CPUs 1+8)
Request from pid 108019: max_threads=65535, hint_threads=8
[1788510498631] Granted 8 threads to pid 108019 (CPUs 1+8)
Request from pid 108019: max_threads=65535, hint_threads=8
[1788510498868] Granted 8 threads to pid 108019 (CPUs 1+8)
Request from pid 108019: max_threads=65535, hint_threads=8
[1788510499308] Granted 8 threads to pid 108019 (CPUs 1+8)
Request from pid 108019: max_threads=65535, hint_threads=8
[1788510499437] Granted 8 threads to pid 108019 (CPUs 1+8)
Request from pid 108019: max_threads=65535, hint_threads=8
[1788510499824] Granted 8 threads to pid 108019 (CPUs 1+8)
Request from pid 108019: max_threads=65535, hint_threads=8
[1788510500136] Granted 8 threads to pid 108019 (CPUs 1+8)
Request from pid 108019: max_threads=65535, hint_threads=8
[1788510500666] Granted 8 threads to pid 108019 (CPUs 1+8)
Request from pid 108019: max_threads=65535, hint_threads=8
[1788510500823] Granted 8 threads to pid 108019 (CPUs 1+8)
Request from pid 108019: max_threads=65535, hint_threads=8
[1788510501252] Granted 8 threads to pid 108019 (CPUs 1+8)
Request from pid 108019: max_threads=65535, hint_threads=8
[1788510501511] Granted 8 threads to pid 108019 (CPUs 1+8)
Request from pid 108019: max_threads=65535, hint_threads=8
[1788510501940] Granted 8 threads to pid 108019 (CPUs 1+8)
Request from pid 108019: max_threads=65535, hint_threads=8
[1788510502199] Granted 8 threads to pid 108019 (CPUs 1+8)
Request from pid 108019: max_threads=65535, hint_threads=8
[1788510502627] Granted 8 threads to pid 108019 (CPUs 1+8)
Request from pid 108019: max_threads=65535, hint_threads=8
[1788510502886] Granted 8 threads to pid 108019 (CPUs 1+8)
Request from pid 108019: max_threads=65535, hint_threads=8
[1788510503314] Granted 8 threads to pid 108019 (CPUs 1+8)
Request from pid 108019: max_threads=65535, hint_threads=8
[1788510503573] Granted 8 threads to pid 108019 (CPUs 1+8)
Request from pid 108019: max_threads=65535, hint_threads=8
[1788510504001] Granted 8 threads to pid 108019 (CPUs 1+8)
Request from pid 108019: max_threads=65535, hint_threads=8
[1788510504260] Granted 8 threads to pid 108019 (CPUs 1+8)
Request from pid 108019: max_threads=65535, hint_threads=8
[1788510504689] Granted 8 threads to pid 108019 (CPUs 1+8)
Request from pid 108019: max_threads=65535, hint_threads=8
[1788510504948] Granted 8 threads to pid 108019 (CPUs 1+8)
Request from pid 108019: max_threads=65535, hint_threads=8
[1788510505376] Granted 8 threads to pid 108019 (CPUs 1+8)
Request from pid 108019: max_threads=65535, hint_threads=8
[1788510505635] Granted 8 threads to pid 108019 (CPUs 1+8)
Request from pid 108019: max_threads=65535, hint_threads=8
[1788510506063] Granted 8 threads to pid 108019 (CPUs 1+8)
Request from pid 108019: max_threads=65535, hint_threads=8
[1788510506322] Granted 8 threads to pid 108019 (CPUs 1+8)
Request from pid 108019: max_threads=65535, hint_threads=8
[1788510506750] Granted 8 threads to pid 108019 (CPUs 1+8)
Request from pid 108019: max_threads=65535, hint_threads=8
[1788510507009] Granted 8 threads to pid 108019 (CPUs 1+8)
Request from pid 108019: max_threads=65535, hint_threads=8
[1788510507437] Granted 8 threads to pid 108019 (CPUs 1+8)
Request from pid 108019: max_threads=65535, hint_threads=8
[1788510507696] Granted 8 threads to pid 108019 (CPUs 1+8)
Request from pid 108019: max_threads=65535, hint_threads=8
[1788510508125] Granted 8 threads to pid 108019 (CPUs 1+8)
Request from pid 108019: max_threads=65535, hint_threads=8
[1788510508384] Granted 8 threads to pid 108019 (CPUs 1+8)
Request from pid 108019: max_threads=65535, hint_threads=8
[1788510508812] Granted 8 threads to pid 108019 (CPUs 1+8)
Request from pid 108019: max_threads=65535, hint_threads=8
[1788510509072] Granted 8 threads to pid 108019 (CPUs 1+8)
Request from pid 108019: max_threads=65535, hint_threads=8
[1788510509500] Granted 8 threads to pid 108019 (CPUs 1+8)
Request from pid 108019: max_threads=65535, hint_threads=8
[1788510509759] Granted 8 threads to pid 108019 (CPUs 1+8)
Request from pid 108019: max_threads=65535, hint_threads=8
[1788510510187] Granted 8 threads to pid 108019 (CPUs 1+8)
Request from pid 108019: max_threads=65535, hint_threads=8
[1788510510446] Granted 8 threads to pid 108019 (CPUs 1+8)
Request from pid 108019: max_threads=65535, hint_threads=8
[1788510510874] Granted 8 threads to pid 108019 (CPUs 1+8)
Request from pid 108019: max_threads=65535, hint_threads=8
[1788510511133] Granted 8 threads to pid 108019 (CPUs 1+8)
Request from pid 108019: max_threads=65535, hint_threads=8
[1788510511561] Granted 8 threads to pid 108019 (CPUs 1+8)
Request from pid 108019: max_threads=65535, hint_threads=8
[1788510511820] Granted 8 threads to pid 108019 (CPUs 1+8)
Request from pid 108019: max_threads=65535, hint_threads=8
[1788510512248] Granted 8 threads to pid 108019 (CPUs 1+8)
Request from pid 108019: max_threads=65535, hint_threads=8
[1788510512507] Granted 8 threads to pid 108019 (CPUs 1+8)
Request from pid 108019: max_threads=65535, hint_threads=8
[1788510512935] Granted 8 threads to pid 108019 (CPUs 1+8)
Request from pid 108019: max_threads=65535, hint_threads=8
[1788510513194] Granted 8 threads to pid 108019 (CPUs 1+8)
Request from pid 108019: max_threads=65535, hint_threads=8
[1788510513622] Granted 8 threads to pid 108019 (CPUs 1+8)
Request from pid 108019: max_threads=65535, hint_threads=8
[1788510513823] Granted 8 threads to pid 108019 (CPUs 1+8)
Read error: Connection reset by peer (os error 104)
Accepted connection
Handling client
Request from pid 108071: max_threads=65535, hint_threads=8
[1788510515873] Granted 4 threads to pid 108071 (CPUs 5+4)
Request from pid 108071: max_threads=65535, hint_threads=8
[1788510517413] Granted 4 threads to pid 108071 (CPUs 5+4)
Request from pid 108071: max_threads=65535, hint_threads=8
[1788510517721] Granted 4 threads to pid 108071 (CPUs 5+4)
Request from pid 108071: max_threads=65535, hint_threads=8
[1788510518030] Granted 4 threads to pid 108071 (CPUs 5+4)
Request from pid 108071: max_threads=65535, hint_threads=8
[1788510518338] Granted 4 threads to pid 108071 (CPUs 5+4)
Request from pid 108071: max_threads=65535, hint_threads=8
[1788510518646] Granted 4 threads to pid 108071 (CPUs 5+4)
Request from pid 108071: max_threads=65535, hint_threads=8
[1788510518955] Granted 8 threads to pid 108071 (CPUs 1+8)
Request from pid 108071: max_threads=65535, hint_threads=8
[1788510519121] Granted 8 threads to pid 108071 (CPUs 1+8)
Request from pid 108071: max_threads=65535, hint_threads=8
[1788510519440] Granted 8 threads to pid 108071 (CPUs 1+8)
Request from pid 108071: max_threads=65535, hint_threads=8
[1788510519758] Granted 8 threads to pid 108071 (CPUs 1+8)
Request from pid 108071: max_threads=65535, hint_threads=8
[1788510520077] Granted 8 threads to pid 108071 (CPUs 1+8)
Request from pid 108071: max_threads=65535, hint_threads=8
[1788510520395] Granted 8 threads to pid 108071 (CPUs 1+8)
Request from pid 108071: max_threads=65535, hint_threads=8
[1788510520715] Granted 8 threads to pid 108071 (CPUs 1+8)
Request from pid 108071: max_threads=65535, hint_threads=8
[1788510521033] Granted 8 threads to pid 108071 (CPUs 1+8)
Request from pid 108071: max_threads=65535, hint_threads=8
[1788510521352] Granted 8 threads to pid 108071 (CPUs 1+8)
Request from pid 108071: max_threads=65535, hint_threads=8
[1788510521671] Granted 8 threads to pid 108071 (CPUs 1+8)
Request from pid 108071: max_threads=65535, hint_threads=8
[1788510521989] Granted 8 threads to pid 108071 (CPUs 1+8)
Request from pid 108071: max_threads=65535, hint_threads=8
[1788510522307] Granted 8 threads to pid 108071 (CPUs 1+8)
Request from pid 108071: max_threads=65535, hint_threads=8
[1788510522626] Granted 8 threads to pid 108071 (CPUs 1+8)
Request from pid 108071: max_threads=65535, hint_threads=8
[1788510522944] Granted 8 threads to pid 108071 (CPUs 1+8)
Request from pid 108071: max_threads=65535, hint_threads=8
[1788510523263] Granted 8 threads to pid 108071 (CPUs 1+8)
Request from pid 108071: max_threads=65535, hint_threads=8
[1788510523581] Granted 8 threads to pid 108071 (CPUs 1+8)
Request from pid 108071: max_threads=65535, hint_threads=8
[1788510523899] Granted 8 threads to pid 108071 (CPUs 1+8)
Request from pid 108071: max_threads=65535, hint_threads=8
[1788510524217] Granted 8 threads to pid 108071 (CPUs 1+8)
Request from pid 108071: max_threads=65535, hint_threads=8
[1788510524535] Granted 8 threads to pid 108071 (CPUs 1+8)
Request from pid 108071: max_threads=65535, hint_threads=8
[1788510524695] Granted 8 threads to pid 108071 (CPUs 1+8)
Request from pid 108071: max_threads=65535, hint_threads=8
[1788510525014] Granted 8 threads to pid 108071 (CPUs 1+8)
Request from pid 108071: max_threads=65535, hint_threads=8
[1788510525332] Granted 8 threads to pid 108071 (CPUs 1+8)
Request from pid 108071: max_threads=65535, hint_threads=8
[1788510525491] Granted 8 threads to pid 108071 (CPUs 1+8)
Request from pid 108071: max_threads=65535, hint_threads=8
[1788510525809] Granted 8 threads to pid 108071 (CPUs 1+8)
Request from pid 108071: max_threads=65535, hint_threads=8
[1788510526128] Granted 8 threads to pid 108071 (CPUs 1+8)
Request from pid 108071: max_threads=65535, hint_threads=8
[1788510526446] Granted 8 threads to pid 108071 (CPUs 1+8)
Request from pid 108071: max_threads=65535, hint_threads=8
[1788510526764] Granted 8 threads to pid 108071 (CPUs 1+8)
Request from pid 108071: max_threads=65535, hint_threads=8
[1788510527083] Granted 8 threads to pid 108071 (CPUs 1+8)
Request from pid 108071: max_threads=65535, hint_threads=8
[1788510527401] Granted 8 threads to pid 108071 (CPUs 1+8)
Request from pid 108071: max_threads=65535, hint_threads=8
[1788510527718] Granted 8 threads to pid 108071 (CPUs 1+8)
Request from pid 108071: max_threads=65535, hint_threads=8
[1788510528037] Granted 8 threads to pid 108071 (CPUs 1+8)
Request from pid 108071: max_threads=65535, hint_threads=8
[1788510528356] Granted 8 threads to pid 108071 (CPUs 1+8)
Request from pid 108071: max_threads=65535, hint_threads=8
[1788510528674] Granted 8 threads to pid 108071 (CPUs 1+8)
Request from pid 108071: max_threads=65535, hint_threads=8
[1788510528992] Granted 8 threads to pid 108071 (CPUs 1+8)
Request from pid 108071: max_threads=65535, hint_threads=8
[1788510529310] Granted 8 threads to pid 108071 (CPUs 1+8)
Request from pid 108071: max_threads=65535, hint_threads=8
[1788510529628] Granted 8 threads to pid 108071 (CPUs 1+8)
Request from pid 108071: max_threads=65535, hint_threads=8
[1788510529946] Granted 8 threads to pid 108071 (CPUs 1+8)
[1788510530109] Client pid 108071 disconnected — removed from state
Accepted connection
Handling client
Request from pid 108139: max_threads=65535, hint_threads=8
[1788510533007] Granted 8 threads to pid 108139 (CPUs 1+8)
Request from pid 108139: max_threads=65535, hint_threads=8
[1788510547442] Granted 8 threads to pid 108139 (CPUs 1+8)
Read error: Connection reset by peer (os error 104)
Starting DRM at Fri Sep  4 10:29:09 CEST 2026, capacity=8, cpu_pool=56,57,58,59,60,61,62,63
CPU pool (8 cores): 56–63
Listening on /tmp/omp-rm.sock (capacity=8, strategy=fair_share)
Accepted connection
Handling client
Request from pid 108194: max_threads=65535, hint_threads=8
[1788510550024] Granted 8 threads to pid 108194 (CPUs 56+8)
Request from pid 108194: max_threads=65535, hint_threads=8
[1788510550259] Granted 8 threads to pid 108194 (CPUs 56+8)
Request from pid 108194: max_threads=65535, hint_threads=8
[1788510550488] Granted 8 threads to pid 108194 (CPUs 56+8)
Request from pid 108194: max_threads=65535, hint_threads=8
[1788510550916] Granted 8 threads to pid 108194 (CPUs 56+8)
Request from pid 108194: max_threads=65535, hint_threads=8
[1788510551044] Granted 8 threads to pid 108194 (CPUs 56+8)
Request from pid 108194: max_threads=65535, hint_threads=8
[1788510551417] Granted 8 threads to pid 108194 (CPUs 56+8)
Request from pid 108194: max_threads=65535, hint_threads=8
[1788510551725] Granted 8 threads to pid 108194 (CPUs 56+8)
Request from pid 108194: max_threads=65535, hint_threads=8
[1788510552142] Granted 8 threads to pid 108194 (CPUs 56+8)
Request from pid 108194: max_threads=65535, hint_threads=8
[1788510552394] Granted 8 threads to pid 108194 (CPUs 56+8)
Request from pid 108194: max_threads=65535, hint_threads=8
[1788510552811] Granted 8 threads to pid 108194 (CPUs 56+8)
Request from pid 108194: max_threads=65535, hint_threads=8
[1788510553063] Granted 8 threads to pid 108194 (CPUs 56+8)
Request from pid 108194: max_threads=65535, hint_threads=8
[1788510553480] Granted 8 threads to pid 108194 (CPUs 56+8)
Request from pid 108194: max_threads=65535, hint_threads=8
[1788510553732] Granted 8 threads to pid 108194 (CPUs 56+8)
Request from pid 108194: max_threads=65535, hint_threads=8
[1788510554148] Granted 8 threads to pid 108194 (CPUs 56+8)
Request from pid 108194: max_threads=65535, hint_threads=8
[1788510554400] Granted 8 threads to pid 108194 (CPUs 56+8)
Request from pid 108194: max_threads=65535, hint_threads=8
[1788510554817] Granted 8 threads to pid 108194 (CPUs 56+8)
Request from pid 108194: max_threads=65535, hint_threads=8
[1788510555069] Granted 8 threads to pid 108194 (CPUs 56+8)
Request from pid 108194: max_threads=65535, hint_threads=8
[1788510555485] Granted 8 threads to pid 108194 (CPUs 56+8)
Request from pid 108194: max_threads=65535, hint_threads=8
[1788510555738] Granted 8 threads to pid 108194 (CPUs 56+8)
Request from pid 108194: max_threads=65535, hint_threads=8
[1788510556154] Granted 8 threads to pid 108194 (CPUs 56+8)
Request from pid 108194: max_threads=65535, hint_threads=8
[1788510556406] Granted 8 threads to pid 108194 (CPUs 56+8)
Request from pid 108194: max_threads=65535, hint_threads=8
[1788510556822] Granted 8 threads to pid 108194 (CPUs 56+8)
Request from pid 108194: max_threads=65535, hint_threads=8
[1788510557076] Granted 8 threads to pid 108194 (CPUs 56+8)
Request from pid 108194: max_threads=65535, hint_threads=8
[1788510557491] Granted 8 threads to pid 108194 (CPUs 56+8)
Request from pid 108194: max_threads=65535, hint_threads=8
[1788510557743] Granted 8 threads to pid 108194 (CPUs 56+8)
Request from pid 108194: max_threads=65535, hint_threads=8
[1788510558159] Granted 8 threads to pid 108194 (CPUs 56+8)
Request from pid 108194: max_threads=65535, hint_threads=8
[1788510558411] Granted 8 threads to pid 108194 (CPUs 56+8)
Request from pid 108194: max_threads=65535, hint_threads=8
[1788510558827] Granted 8 threads to pid 108194 (CPUs 56+8)
Request from pid 108194: max_threads=65535, hint_threads=8
[1788510559079] Granted 8 threads to pid 108194 (CPUs 56+8)
Request from pid 108194: max_threads=65535, hint_threads=8
[1788510559495] Granted 8 threads to pid 108194 (CPUs 56+8)
Request from pid 108194: max_threads=65535, hint_threads=8
[1788510559748] Granted 8 threads to pid 108194 (CPUs 56+8)
Request from pid 108194: max_threads=65535, hint_threads=8
[1788510560164] Granted 8 threads to pid 108194 (CPUs 56+8)
Request from pid 108194: max_threads=65535, hint_threads=8
[1788510560416] Granted 8 threads to pid 108194 (CPUs 56+8)
Request from pid 108194: max_threads=65535, hint_threads=8
[1788510560832] Granted 8 threads to pid 108194 (CPUs 56+8)
Request from pid 108194: max_threads=65535, hint_threads=8
[1788510561085] Granted 8 threads to pid 108194 (CPUs 56+8)
Request from pid 108194: max_threads=65535, hint_threads=8
[1788510561501] Granted 8 threads to pid 108194 (CPUs 56+8)
Request from pid 108194: max_threads=65535, hint_threads=8
[1788510561754] Granted 8 threads to pid 108194 (CPUs 56+8)
Request from pid 108194: max_threads=65535, hint_threads=8
[1788510562170] Granted 8 threads to pid 108194 (CPUs 56+8)
Request from pid 108194: max_threads=65535, hint_threads=8
[1788510562422] Granted 8 threads to pid 108194 (CPUs 56+8)
Request from pid 108194: max_threads=65535, hint_threads=8
[1788510562839] Granted 8 threads to pid 108194 (CPUs 56+8)
Request from pid 108194: max_threads=65535, hint_threads=8
[1788510563091] Granted 8 threads to pid 108194 (CPUs 56+8)
Request from pid 108194: max_threads=65535, hint_threads=8
[1788510563507] Granted 8 threads to pid 108194 (CPUs 56+8)
Request from pid 108194: max_threads=65535, hint_threads=8
[1788510563760] Granted 8 threads to pid 108194 (CPUs 56+8)
Request from pid 108194: max_threads=65535, hint_threads=8
[1788510564176] Granted 8 threads to pid 108194 (CPUs 56+8)
Request from pid 108194: max_threads=65535, hint_threads=8
[1788510564428] Granted 8 threads to pid 108194 (CPUs 56+8)
Request from pid 108194: max_threads=65535, hint_threads=8
[1788510564844] Granted 8 threads to pid 108194 (CPUs 56+8)
Request from pid 108194: max_threads=65535, hint_threads=8
[1788510565038] Granted 8 threads to pid 108194 (CPUs 56+8)
Read error: Connection reset by peer (os error 104)
Accepted connection
Handling client
Request from pid 108266: max_threads=65535, hint_threads=8
[1788510567237] Granted 4 threads to pid 108266 (CPUs 60+4)
Request from pid 108266: max_threads=65535, hint_threads=8
[1788510568797] Granted 4 threads to pid 108266 (CPUs 60+4)
Request from pid 108266: max_threads=65535, hint_threads=8
[1788510569086] Granted 4 threads to pid 108266 (CPUs 60+4)
Request from pid 108266: max_threads=65535, hint_threads=8
[1788510569375] Granted 4 threads to pid 108266 (CPUs 60+4)
Request from pid 108266: max_threads=65535, hint_threads=8
[1788510569663] Granted 4 threads to pid 108266 (CPUs 60+4)
Request from pid 108266: max_threads=65535, hint_threads=8
[1788510570240] Granted 8 threads to pid 108266 (CPUs 56+8)
Request from pid 108266: max_threads=65535, hint_threads=8
[1788510570401] Granted 8 threads to pid 108266 (CPUs 56+8)
Request from pid 108266: max_threads=65535, hint_threads=8
[1788510570723] Granted 8 threads to pid 108266 (CPUs 56+8)
Request from pid 108266: max_threads=65535, hint_threads=8
[1788510571046] Granted 8 threads to pid 108266 (CPUs 56+8)
Request from pid 108266: max_threads=65535, hint_threads=8
[1788510571208] Granted 8 threads to pid 108266 (CPUs 56+8)
Request from pid 108266: max_threads=65535, hint_threads=8
[1788510571531] Granted 8 threads to pid 108266 (CPUs 56+8)
Request from pid 108266: max_threads=65535, hint_threads=8
[1788510571854] Granted 8 threads to pid 108266 (CPUs 56+8)
Request from pid 108266: max_threads=65535, hint_threads=8
[1788510572177] Granted 8 threads to pid 108266 (CPUs 56+8)
Request from pid 108266: max_threads=65535, hint_threads=8
[1788510572500] Granted 8 threads to pid 108266 (CPUs 56+8)
Request from pid 108266: max_threads=65535, hint_threads=8
[1788510572823] Granted 8 threads to pid 108266 (CPUs 56+8)
Request from pid 108266: max_threads=65535, hint_threads=8
[1788510573146] Granted 8 threads to pid 108266 (CPUs 56+8)
Request from pid 108266: max_threads=65535, hint_threads=8
[1788510573469] Granted 8 threads to pid 108266 (CPUs 56+8)
Request from pid 108266: max_threads=65535, hint_threads=8
[1788510573792] Granted 8 threads to pid 108266 (CPUs 56+8)
Request from pid 108266: max_threads=65535, hint_threads=8
[1788510574115] Granted 8 threads to pid 108266 (CPUs 56+8)
Request from pid 108266: max_threads=65535, hint_threads=8
[1788510574439] Granted 8 threads to pid 108266 (CPUs 56+8)
Request from pid 108266: max_threads=65535, hint_threads=8
[1788510574762] Granted 8 threads to pid 108266 (CPUs 56+8)
Request from pid 108266: max_threads=65535, hint_threads=8
[1788510575085] Granted 8 threads to pid 108266 (CPUs 56+8)
Request from pid 108266: max_threads=65535, hint_threads=8
[1788510575408] Granted 8 threads to pid 108266 (CPUs 56+8)
Request from pid 108266: max_threads=65535, hint_threads=8
[1788510575731] Granted 8 threads to pid 108266 (CPUs 56+8)
Request from pid 108266: max_threads=65535, hint_threads=8
[1788510576053] Granted 8 threads to pid 108266 (CPUs 56+8)
Request from pid 108266: max_threads=65535, hint_threads=8
[1788510576376] Granted 8 threads to pid 108266 (CPUs 56+8)
Request from pid 108266: max_threads=65535, hint_threads=8
[1788510576699] Granted 8 threads to pid 108266 (CPUs 56+8)
Request from pid 108266: max_threads=65535, hint_threads=8
[1788510577022] Granted 8 threads to pid 108266 (CPUs 56+8)
Request from pid 108266: max_threads=65535, hint_threads=8
[1788510577345] Granted 8 threads to pid 108266 (CPUs 56+8)
Request from pid 108266: max_threads=65535, hint_threads=8
[1788510577668] Granted 8 threads to pid 108266 (CPUs 56+8)
Request from pid 108266: max_threads=65535, hint_threads=8
[1788510577991] Granted 8 threads to pid 108266 (CPUs 56+8)
Request from pid 108266: max_threads=65535, hint_threads=8
[1788510578314] Granted 8 threads to pid 108266 (CPUs 56+8)
Request from pid 108266: max_threads=65535, hint_threads=8
[1788510578476] Granted 8 threads to pid 108266 (CPUs 56+8)
Request from pid 108266: max_threads=65535, hint_threads=8
[1788510578799] Granted 8 threads to pid 108266 (CPUs 56+8)
Request from pid 108266: max_threads=65535, hint_threads=8
[1788510579122] Granted 8 threads to pid 108266 (CPUs 56+8)
Request from pid 108266: max_threads=65535, hint_threads=8
[1788510579445] Granted 8 threads to pid 108266 (CPUs 56+8)
Request from pid 108266: max_threads=65535, hint_threads=8
[1788510579768] Granted 8 threads to pid 108266 (CPUs 56+8)
Request from pid 108266: max_threads=65535, hint_threads=8
[1788510580091] Granted 8 threads to pid 108266 (CPUs 56+8)
Request from pid 108266: max_threads=65535, hint_threads=8
[1788510580413] Granted 8 threads to pid 108266 (CPUs 56+8)
Request from pid 108266: max_threads=65535, hint_threads=8
[1788510580736] Granted 8 threads to pid 108266 (CPUs 56+8)
Request from pid 108266: max_threads=65535, hint_threads=8
[1788510580898] Granted 8 threads to pid 108266 (CPUs 56+8)
Request from pid 108266: max_threads=65535, hint_threads=8
[1788510581221] Granted 8 threads to pid 108266 (CPUs 56+8)
Request from pid 108266: max_threads=65535, hint_threads=8
[1788510581544] Granted 8 threads to pid 108266 (CPUs 56+8)
[1788510581547] Client pid 108266 disconnected — removed from state
Accepted connection
Handling client
Request from pid 108377: max_threads=65535, hint_threads=8
[1788510583597] Granted 8 threads to pid 108377 (CPUs 56+8)
Request from pid 108377: max_threads=65535, hint_threads=8
[1788510598038] Granted 8 threads to pid 108377 (CPUs 56+8)
Read error: Connection reset by peer (os error 104)
Starting DRM at Fri Sep  4 10:30:00 CEST 2026, capacity=8, cpu_pool=1,2,3,4,5,6,7,8
CPU pool (8 cores): 1–8
Listening on /tmp/omp-rm.sock (capacity=8, strategy=fair_share)
Accepted connection
Handling client
Request from pid 108436: max_threads=65535, hint_threads=8
[1788510600600] Granted 8 threads to pid 108436 (CPUs 1+8)
Request from pid 108436: max_threads=65535, hint_threads=8
[1788510600841] Granted 8 threads to pid 108436 (CPUs 1+8)
Request from pid 108436: max_threads=65535, hint_threads=8
[1788510601075] Granted 8 threads to pid 108436 (CPUs 1+8)
Request from pid 108436: max_threads=65535, hint_threads=8
[1788510601512] Granted 8 threads to pid 108436 (CPUs 1+8)
Request from pid 108436: max_threads=65535, hint_threads=8
[1788510601639] Granted 8 threads to pid 108436 (CPUs 1+8)
Request from pid 108436: max_threads=65535, hint_threads=8
[1788510602022] Granted 8 threads to pid 108436 (CPUs 1+8)
Request from pid 108436: max_threads=65535, hint_threads=8
[1788510602332] Granted 8 threads to pid 108436 (CPUs 1+8)
Request from pid 108436: max_threads=65535, hint_threads=8
[1788510602766] Granted 8 threads to pid 108436 (CPUs 1+8)
Request from pid 108436: max_threads=65535, hint_threads=8
[1788510603012] Granted 8 threads to pid 108436 (CPUs 1+8)
Request from pid 108436: max_threads=65535, hint_threads=8
[1788510603434] Granted 8 threads to pid 108436 (CPUs 1+8)
Request from pid 108436: max_threads=65535, hint_threads=8
[1788510603691] Granted 8 threads to pid 108436 (CPUs 1+8)
Request from pid 108436: max_threads=65535, hint_threads=8
[1788510604113] Granted 8 threads to pid 108436 (CPUs 1+8)
Request from pid 108436: max_threads=65535, hint_threads=8
[1788510604370] Granted 8 threads to pid 108436 (CPUs 1+8)
Request from pid 108436: max_threads=65535, hint_threads=8
[1788510604792] Granted 8 threads to pid 108436 (CPUs 1+8)
Request from pid 108436: max_threads=65535, hint_threads=8
[1788510605049] Granted 8 threads to pid 108436 (CPUs 1+8)
Request from pid 108436: max_threads=65535, hint_threads=8
[1788510605471] Granted 8 threads to pid 108436 (CPUs 1+8)
Request from pid 108436: max_threads=65535, hint_threads=8
[1788510605728] Granted 8 threads to pid 108436 (CPUs 1+8)
Request from pid 108436: max_threads=65535, hint_threads=8
[1788510606150] Granted 8 threads to pid 108436 (CPUs 1+8)
Request from pid 108436: max_threads=65535, hint_threads=8
[1788510606407] Granted 8 threads to pid 108436 (CPUs 1+8)
Request from pid 108436: max_threads=65535, hint_threads=8
[1788510606829] Granted 8 threads to pid 108436 (CPUs 1+8)
Request from pid 108436: max_threads=65535, hint_threads=8
[1788510607087] Granted 8 threads to pid 108436 (CPUs 1+8)
Request from pid 108436: max_threads=65535, hint_threads=8
[1788510607510] Granted 8 threads to pid 108436 (CPUs 1+8)
Request from pid 108436: max_threads=65535, hint_threads=8
[1788510607767] Granted 8 threads to pid 108436 (CPUs 1+8)
Request from pid 108436: max_threads=65535, hint_threads=8
[1788510608189] Granted 8 threads to pid 108436 (CPUs 1+8)
Request from pid 108436: max_threads=65535, hint_threads=8
[1788510608446] Granted 8 threads to pid 108436 (CPUs 1+8)
Request from pid 108436: max_threads=65535, hint_threads=8
[1788510608868] Granted 8 threads to pid 108436 (CPUs 1+8)
Request from pid 108436: max_threads=65535, hint_threads=8
[1788510609125] Granted 8 threads to pid 108436 (CPUs 1+8)
Request from pid 108436: max_threads=65535, hint_threads=8
[1788510609547] Granted 8 threads to pid 108436 (CPUs 1+8)
Request from pid 108436: max_threads=65535, hint_threads=8
[1788510609804] Granted 8 threads to pid 108436 (CPUs 1+8)
Request from pid 108436: max_threads=65535, hint_threads=8
[1788510610227] Granted 8 threads to pid 108436 (CPUs 1+8)
Request from pid 108436: max_threads=65535, hint_threads=8
[1788510610484] Granted 8 threads to pid 108436 (CPUs 1+8)
Request from pid 108436: max_threads=65535, hint_threads=8
[1788510610906] Granted 8 threads to pid 108436 (CPUs 1+8)
Request from pid 108436: max_threads=65535, hint_threads=8
[1788510611163] Granted 8 threads to pid 108436 (CPUs 1+8)
Request from pid 108436: max_threads=65535, hint_threads=8
[1788510611585] Granted 8 threads to pid 108436 (CPUs 1+8)
Request from pid 108436: max_threads=65535, hint_threads=8
[1788510611842] Granted 8 threads to pid 108436 (CPUs 1+8)
Request from pid 108436: max_threads=65535, hint_threads=8
[1788510612265] Granted 8 threads to pid 108436 (CPUs 1+8)
Request from pid 108436: max_threads=65535, hint_threads=8
[1788510612522] Granted 8 threads to pid 108436 (CPUs 1+8)
Request from pid 108436: max_threads=65535, hint_threads=8
[1788510612944] Granted 8 threads to pid 108436 (CPUs 1+8)
Request from pid 108436: max_threads=65535, hint_threads=8
[1788510613201] Granted 8 threads to pid 108436 (CPUs 1+8)
Request from pid 108436: max_threads=65535, hint_threads=8
[1788510613623] Granted 8 threads to pid 108436 (CPUs 1+8)
Request from pid 108436: max_threads=65535, hint_threads=8
[1788510613881] Granted 8 threads to pid 108436 (CPUs 1+8)
Request from pid 108436: max_threads=65535, hint_threads=8
[1788510614303] Granted 8 threads to pid 108436 (CPUs 1+8)
Request from pid 108436: max_threads=65535, hint_threads=8
[1788510614560] Granted 8 threads to pid 108436 (CPUs 1+8)
Request from pid 108436: max_threads=65535, hint_threads=8
[1788510614982] Granted 8 threads to pid 108436 (CPUs 1+8)
Request from pid 108436: max_threads=65535, hint_threads=8
[1788510615239] Granted 8 threads to pid 108436 (CPUs 1+8)
Request from pid 108436: max_threads=65535, hint_threads=8
[1788510615661] Granted 8 threads to pid 108436 (CPUs 1+8)
Request from pid 108436: max_threads=65535, hint_threads=8
[1788510615860] Granted 8 threads to pid 108436 (CPUs 1+8)
Read error: Connection reset by peer (os error 104)
Accepted connection
Handling client
Request from pid 108526: max_threads=65535, hint_threads=8
[1788510617913] Granted 4 threads to pid 108526 (CPUs 5+4)
Request from pid 108526: max_threads=65535, hint_threads=8
[1788510619587] Granted 4 threads to pid 108526 (CPUs 5+4)
Request from pid 108526: max_threads=65535, hint_threads=8
[1788510619872] Granted 4 threads to pid 108526 (CPUs 5+4)
Request from pid 108526: max_threads=65535, hint_threads=8
[1788510620157] Granted 4 threads to pid 108526 (CPUs 5+4)
Request from pid 108526: max_threads=65535, hint_threads=8
[1788510620727] Granted 4 threads to pid 108526 (CPUs 5+4)
Request from pid 108526: max_threads=65535, hint_threads=8
[1788510621012] Granted 8 threads to pid 108526 (CPUs 1+8)
Request from pid 108526: max_threads=65535, hint_threads=8
[1788510621169] Granted 8 threads to pid 108526 (CPUs 1+8)
Request from pid 108526: max_threads=65535, hint_threads=8
[1788510621464] Granted 8 threads to pid 108526 (CPUs 1+8)
Request from pid 108526: max_threads=65535, hint_threads=8
[1788510621760] Granted 8 threads to pid 108526 (CPUs 1+8)
Request from pid 108526: max_threads=65535, hint_threads=8
[1788510622055] Granted 8 threads to pid 108526 (CPUs 1+8)
Request from pid 108526: max_threads=65535, hint_threads=8
[1788510622350] Granted 8 threads to pid 108526 (CPUs 1+8)
Request from pid 108526: max_threads=65535, hint_threads=8
[1788510622646] Granted 8 threads to pid 108526 (CPUs 1+8)
Request from pid 108526: max_threads=65535, hint_threads=8
[1788510622941] Granted 8 threads to pid 108526 (CPUs 1+8)
Request from pid 108526: max_threads=65535, hint_threads=8
[1788510623236] Granted 8 threads to pid 108526 (CPUs 1+8)
Request from pid 108526: max_threads=65535, hint_threads=8
[1788510623384] Granted 8 threads to pid 108526 (CPUs 1+8)
Request from pid 108526: max_threads=65535, hint_threads=8
[1788510623679] Granted 8 threads to pid 108526 (CPUs 1+8)
Request from pid 108526: max_threads=65535, hint_threads=8
[1788510623974] Granted 8 threads to pid 108526 (CPUs 1+8)
Request from pid 108526: max_threads=65535, hint_threads=8
[1788510624121] Granted 8 threads to pid 108526 (CPUs 1+8)
Request from pid 108526: max_threads=65535, hint_threads=8
[1788510624416] Granted 8 threads to pid 108526 (CPUs 1+8)
Request from pid 108526: max_threads=65535, hint_threads=8
[1788510624711] Granted 8 threads to pid 108526 (CPUs 1+8)
Request from pid 108526: max_threads=65535, hint_threads=8
[1788510624859] Granted 8 threads to pid 108526 (CPUs 1+8)
Request from pid 108526: max_threads=65535, hint_threads=8
[1788510625154] Granted 8 threads to pid 108526 (CPUs 1+8)
Request from pid 108526: max_threads=65535, hint_threads=8
[1788510625449] Granted 8 threads to pid 108526 (CPUs 1+8)
Request from pid 108526: max_threads=65535, hint_threads=8
[1788510625744] Granted 8 threads to pid 108526 (CPUs 1+8)
Request from pid 108526: max_threads=65535, hint_threads=8
[1788510626039] Granted 8 threads to pid 108526 (CPUs 1+8)
Request from pid 108526: max_threads=65535, hint_threads=8
[1788510626334] Granted 8 threads to pid 108526 (CPUs 1+8)
Request from pid 108526: max_threads=65535, hint_threads=8
[1788510626629] Granted 8 threads to pid 108526 (CPUs 1+8)
Request from pid 108526: max_threads=65535, hint_threads=8
[1788510626924] Granted 8 threads to pid 108526 (CPUs 1+8)
Request from pid 108526: max_threads=65535, hint_threads=8
[1788510627072] Granted 8 threads to pid 108526 (CPUs 1+8)
Request from pid 108526: max_threads=65535, hint_threads=8
[1788510627367] Granted 8 threads to pid 108526 (CPUs 1+8)
Request from pid 108526: max_threads=65535, hint_threads=8
[1788510627661] Granted 8 threads to pid 108526 (CPUs 1+8)
Request from pid 108526: max_threads=65535, hint_threads=8
[1788510627957] Granted 8 threads to pid 108526 (CPUs 1+8)
Request from pid 108526: max_threads=65535, hint_threads=8
[1788510628252] Granted 8 threads to pid 108526 (CPUs 1+8)
Request from pid 108526: max_threads=65535, hint_threads=8
[1788510628547] Granted 8 threads to pid 108526 (CPUs 1+8)
Request from pid 108526: max_threads=65535, hint_threads=8
[1788510628842] Granted 8 threads to pid 108526 (CPUs 1+8)
Request from pid 108526: max_threads=65535, hint_threads=8
[1788510629137] Granted 8 threads to pid 108526 (CPUs 1+8)
Request from pid 108526: max_threads=65535, hint_threads=8
[1788510629432] Granted 8 threads to pid 108526 (CPUs 1+8)
Request from pid 108526: max_threads=65535, hint_threads=8
[1788510629727] Granted 8 threads to pid 108526 (CPUs 1+8)
Request from pid 108526: max_threads=65535, hint_threads=8
[1788510630022] Granted 8 threads to pid 108526 (CPUs 1+8)
Request from pid 108526: max_threads=65535, hint_threads=8
[1788510630317] Granted 8 threads to pid 108526 (CPUs 1+8)
Request from pid 108526: max_threads=65535, hint_threads=8
[1788510630611] Granted 8 threads to pid 108526 (CPUs 1+8)
Request from pid 108526: max_threads=65535, hint_threads=8
[1788510630906] Granted 8 threads to pid 108526 (CPUs 1+8)
Request from pid 108526: max_threads=65535, hint_threads=8
[1788510631202] Granted 8 threads to pid 108526 (CPUs 1+8)
[1788510631353] Client pid 108526 disconnected — removed from state
Accepted connection
Handling client
Request from pid 108577: max_threads=65535, hint_threads=8
[1788510633403] Granted 8 threads to pid 108577 (CPUs 1+8)
Request from pid 108577: max_threads=65535, hint_threads=8
[1788510647843] Granted 8 threads to pid 108577 (CPUs 1+8)
Read error: Connection reset by peer (os error 104)
Starting DRM at Fri Sep  4 10:30:49 CEST 2026, capacity=8, cpu_pool=56,57,58,59,60,61,62,63
CPU pool (8 cores): 56–63
Listening on /tmp/omp-rm.sock (capacity=8, strategy=fair_share)
Accepted connection
Handling client
Request from pid 108645: max_threads=65535, hint_threads=8
[1788510650408] Granted 8 threads to pid 108645 (CPUs 56+8)
Request from pid 108645: max_threads=65535, hint_threads=8
[1788510650654] Granted 8 threads to pid 108645 (CPUs 56+8)
Request from pid 108645: max_threads=65535, hint_threads=8
[1788510650887] Granted 8 threads to pid 108645 (CPUs 56+8)
Request from pid 108645: max_threads=65535, hint_threads=8
[1788510651323] Granted 8 threads to pid 108645 (CPUs 56+8)
Request from pid 108645: max_threads=65535, hint_threads=8
[1788510651451] Granted 8 threads to pid 108645 (CPUs 56+8)
Request from pid 108645: max_threads=65535, hint_threads=8
[1788510651833] Granted 8 threads to pid 108645 (CPUs 56+8)
Request from pid 108645: max_threads=65535, hint_threads=8
[1788510652143] Granted 8 threads to pid 108645 (CPUs 56+8)
Request from pid 108645: max_threads=65535, hint_threads=8
[1788510652565] Granted 8 threads to pid 108645 (CPUs 56+8)
Request from pid 108645: max_threads=65535, hint_threads=8
[1788510652822] Granted 8 threads to pid 108645 (CPUs 56+8)
Request from pid 108645: max_threads=65535, hint_threads=8
[1788510653244] Granted 8 threads to pid 108645 (CPUs 56+8)
Request from pid 108645: max_threads=65535, hint_threads=8
[1788510653501] Granted 8 threads to pid 108645 (CPUs 56+8)
Request from pid 108645: max_threads=65535, hint_threads=8
[1788510653924] Granted 8 threads to pid 108645 (CPUs 56+8)
Request from pid 108645: max_threads=65535, hint_threads=8
[1788510654180] Granted 8 threads to pid 108645 (CPUs 56+8)
Request from pid 108645: max_threads=65535, hint_threads=8
[1788510654602] Granted 8 threads to pid 108645 (CPUs 56+8)
Request from pid 108645: max_threads=65535, hint_threads=8
[1788510654859] Granted 8 threads to pid 108645 (CPUs 56+8)
Request from pid 108645: max_threads=65535, hint_threads=8
[1788510655281] Granted 8 threads to pid 108645 (CPUs 56+8)
Request from pid 108645: max_threads=65535, hint_threads=8
[1788510655538] Granted 8 threads to pid 108645 (CPUs 56+8)
Request from pid 108645: max_threads=65535, hint_threads=8
[1788510655960] Granted 8 threads to pid 108645 (CPUs 56+8)
Request from pid 108645: max_threads=65535, hint_threads=8
[1788510656217] Granted 8 threads to pid 108645 (CPUs 56+8)
Request from pid 108645: max_threads=65535, hint_threads=8
[1788510656640] Granted 8 threads to pid 108645 (CPUs 56+8)
Request from pid 108645: max_threads=65535, hint_threads=8
[1788510656897] Granted 8 threads to pid 108645 (CPUs 56+8)
Request from pid 108645: max_threads=65535, hint_threads=8
[1788510657319] Granted 8 threads to pid 108645 (CPUs 56+8)
Request from pid 108645: max_threads=65535, hint_threads=8
[1788510657576] Granted 8 threads to pid 108645 (CPUs 56+8)
Request from pid 108645: max_threads=65535, hint_threads=8
[1788510657998] Granted 8 threads to pid 108645 (CPUs 56+8)
Request from pid 108645: max_threads=65535, hint_threads=8
[1788510658255] Granted 8 threads to pid 108645 (CPUs 56+8)
Request from pid 108645: max_threads=65535, hint_threads=8
[1788510658677] Granted 8 threads to pid 108645 (CPUs 56+8)
Request from pid 108645: max_threads=65535, hint_threads=8
[1788510658933] Granted 8 threads to pid 108645 (CPUs 56+8)
Request from pid 108645: max_threads=65535, hint_threads=8
[1788510659356] Granted 8 threads to pid 108645 (CPUs 56+8)
Request from pid 108645: max_threads=65535, hint_threads=8
[1788510659613] Granted 8 threads to pid 108645 (CPUs 56+8)
Request from pid 108645: max_threads=65535, hint_threads=8
[1788510660035] Granted 8 threads to pid 108645 (CPUs 56+8)
Request from pid 108645: max_threads=65535, hint_threads=8
[1788510660292] Granted 8 threads to pid 108645 (CPUs 56+8)
Request from pid 108645: max_threads=65535, hint_threads=8
[1788510660714] Granted 8 threads to pid 108645 (CPUs 56+8)
Request from pid 108645: max_threads=65535, hint_threads=8
[1788510660971] Granted 8 threads to pid 108645 (CPUs 56+8)
Request from pid 108645: max_threads=65535, hint_threads=8
[1788510661393] Granted 8 threads to pid 108645 (CPUs 56+8)
Request from pid 108645: max_threads=65535, hint_threads=8
[1788510661650] Granted 8 threads to pid 108645 (CPUs 56+8)
Request from pid 108645: max_threads=65535, hint_threads=8
[1788510662073] Granted 8 threads to pid 108645 (CPUs 56+8)
Request from pid 108645: max_threads=65535, hint_threads=8
[1788510662330] Granted 8 threads to pid 108645 (CPUs 56+8)
Request from pid 108645: max_threads=65535, hint_threads=8
[1788510662752] Granted 8 threads to pid 108645 (CPUs 56+8)
Request from pid 108645: max_threads=65535, hint_threads=8
[1788510663035] Granted 8 threads to pid 108645 (CPUs 56+8)
Request from pid 108645: max_threads=65535, hint_threads=8
[1788510663431] Granted 8 threads to pid 108645 (CPUs 56+8)
Request from pid 108645: max_threads=65535, hint_threads=8
[1788510663688] Granted 8 threads to pid 108645 (CPUs 56+8)
Request from pid 108645: max_threads=65535, hint_threads=8
[1788510664110] Granted 8 threads to pid 108645 (CPUs 56+8)
Request from pid 108645: max_threads=65535, hint_threads=8
[1788510664367] Granted 8 threads to pid 108645 (CPUs 56+8)
Request from pid 108645: max_threads=65535, hint_threads=8
[1788510664789] Granted 8 threads to pid 108645 (CPUs 56+8)
Request from pid 108645: max_threads=65535, hint_threads=8
[1788510665046] Granted 8 threads to pid 108645 (CPUs 56+8)
Request from pid 108645: max_threads=65535, hint_threads=8
[1788510665469] Granted 8 threads to pid 108645 (CPUs 56+8)
Request from pid 108645: max_threads=65535, hint_threads=8
[1788510665668] Granted 8 threads to pid 108645 (CPUs 56+8)
Read error: Connection reset by peer (os error 104)
Accepted connection
Handling client
Request from pid 108699: max_threads=65535, hint_threads=8
[1788510667724] Granted 4 threads to pid 108699 (CPUs 60+4)
Request from pid 108699: max_threads=65535, hint_threads=8
[1788510669386] Granted 4 threads to pid 108699 (CPUs 60+4)
Request from pid 108699: max_threads=65535, hint_threads=8
[1788510669680] Granted 4 threads to pid 108699 (CPUs 60+4)
Request from pid 108699: max_threads=65535, hint_threads=8
[1788510669974] Granted 4 threads to pid 108699 (CPUs 60+4)
Request from pid 108699: max_threads=65535, hint_threads=8
[1788510670267] Granted 4 threads to pid 108699 (CPUs 60+4)
Request from pid 108699: max_threads=65535, hint_threads=8
[1788510670854] Granted 8 threads to pid 108699 (CPUs 56+8)
Request from pid 108699: max_threads=65535, hint_threads=8
[1788510671018] Granted 8 threads to pid 108699 (CPUs 56+8)
Request from pid 108699: max_threads=65535, hint_threads=8
[1788510671345] Granted 8 threads to pid 108699 (CPUs 56+8)
Request from pid 108699: max_threads=65535, hint_threads=8
[1788510671672] Granted 8 threads to pid 108699 (CPUs 56+8)
Request from pid 108699: max_threads=65535, hint_threads=8
[1788510671999] Granted 8 threads to pid 108699 (CPUs 56+8)
Request from pid 108699: max_threads=65535, hint_threads=8
[1788510672326] Granted 8 threads to pid 108699 (CPUs 56+8)
Request from pid 108699: max_threads=65535, hint_threads=8
[1788510672653] Granted 8 threads to pid 108699 (CPUs 56+8)
Request from pid 108699: max_threads=65535, hint_threads=8
[1788510672980] Granted 8 threads to pid 108699 (CPUs 56+8)
Request from pid 108699: max_threads=65535, hint_threads=8
[1788510673307] Granted 8 threads to pid 108699 (CPUs 56+8)
Request from pid 108699: max_threads=65535, hint_threads=8
[1788510673470] Granted 8 threads to pid 108699 (CPUs 56+8)
Request from pid 108699: max_threads=65535, hint_threads=8
[1788510673798] Granted 8 threads to pid 108699 (CPUs 56+8)
Request from pid 108699: max_threads=65535, hint_threads=8
[1788510674125] Granted 8 threads to pid 108699 (CPUs 56+8)
Request from pid 108699: max_threads=65535, hint_threads=8
[1788510674288] Granted 8 threads to pid 108699 (CPUs 56+8)
Request from pid 108699: max_threads=65535, hint_threads=8
[1788510674615] Granted 8 threads to pid 108699 (CPUs 56+8)
Request from pid 108699: max_threads=65535, hint_threads=8
[1788510674943] Granted 8 threads to pid 108699 (CPUs 56+8)
Request from pid 108699: max_threads=65535, hint_threads=8
[1788510675270] Granted 8 threads to pid 108699 (CPUs 56+8)
Request from pid 108699: max_threads=65535, hint_threads=8
[1788510675597] Granted 8 threads to pid 108699 (CPUs 56+8)
Request from pid 108699: max_threads=65535, hint_threads=8
[1788510675925] Granted 8 threads to pid 108699 (CPUs 56+8)
Request from pid 108699: max_threads=65535, hint_threads=8
[1788510676252] Granted 8 threads to pid 108699 (CPUs 56+8)
Request from pid 108699: max_threads=65535, hint_threads=8
[1788510676580] Granted 8 threads to pid 108699 (CPUs 56+8)
Request from pid 108699: max_threads=65535, hint_threads=8
[1788510676907] Granted 8 threads to pid 108699 (CPUs 56+8)
Request from pid 108699: max_threads=65535, hint_threads=8
[1788510677234] Granted 8 threads to pid 108699 (CPUs 56+8)
Request from pid 108699: max_threads=65535, hint_threads=8
[1788510677561] Granted 8 threads to pid 108699 (CPUs 56+8)
Request from pid 108699: max_threads=65535, hint_threads=8
[1788510677888] Granted 8 threads to pid 108699 (CPUs 56+8)
Request from pid 108699: max_threads=65535, hint_threads=8
[1788510678215] Granted 8 threads to pid 108699 (CPUs 56+8)
Request from pid 108699: max_threads=65535, hint_threads=8
[1788510678379] Granted 8 threads to pid 108699 (CPUs 56+8)
Request from pid 108699: max_threads=65535, hint_threads=8
[1788510678706] Granted 8 threads to pid 108699 (CPUs 56+8)
Request from pid 108699: max_threads=65535, hint_threads=8
[1788510679033] Granted 8 threads to pid 108699 (CPUs 56+8)
Request from pid 108699: max_threads=65535, hint_threads=8
[1788510679361] Granted 8 threads to pid 108699 (CPUs 56+8)
Request from pid 108699: max_threads=65535, hint_threads=8
[1788510679688] Granted 8 threads to pid 108699 (CPUs 56+8)
Request from pid 108699: max_threads=65535, hint_threads=8
[1788510680015] Granted 8 threads to pid 108699 (CPUs 56+8)
Request from pid 108699: max_threads=65535, hint_threads=8
[1788510680343] Granted 8 threads to pid 108699 (CPUs 56+8)
Request from pid 108699: max_threads=65535, hint_threads=8
[1788510680670] Granted 8 threads to pid 108699 (CPUs 56+8)
Request from pid 108699: max_threads=65535, hint_threads=8
[1788510680997] Granted 8 threads to pid 108699 (CPUs 56+8)
Request from pid 108699: max_threads=65535, hint_threads=8
[1788510681324] Granted 8 threads to pid 108699 (CPUs 56+8)
Request from pid 108699: max_threads=65535, hint_threads=8
[1788510681651] Granted 8 threads to pid 108699 (CPUs 56+8)
Request from pid 108699: max_threads=65535, hint_threads=8
[1788510681978] Granted 8 threads to pid 108699 (CPUs 56+8)
Request from pid 108699: max_threads=65535, hint_threads=8
[1788510682305] Granted 8 threads to pid 108699 (CPUs 56+8)
[1788510682309] Client pid 108699 disconnected — removed from state
Accepted connection
Handling client
Request from pid 108770: max_threads=65535, hint_threads=8
[1788510684362] Granted 8 threads to pid 108770 (CPUs 56+8)
Request from pid 108770: max_threads=65535, hint_threads=8
[1788510698795] Granted 8 threads to pid 108770 (CPUs 56+8)
Read error: Connection reset by peer (os error 104)
Starting DRM at Fri Sep  4 10:31:40 CEST 2026, capacity=16, cpu_pool=1,2,3,4,5,6,7,8,9,10,11,12,13,14,15,16
CPU pool (16 cores): 1–16
Listening on /tmp/omp-rm.sock (capacity=16, strategy=fair_share)
Accepted connection
Handling client
Request from pid 108837: max_threads=65535, hint_threads=16
[1788510701371] Granted 16 threads to pid 108837 (CPUs 1+16)
Request from pid 108837: max_threads=65535, hint_threads=16
[1788510701520] Granted 16 threads to pid 108837 (CPUs 1+16)
Request from pid 108837: max_threads=65535, hint_threads=16
[1788510701639] Granted 16 threads to pid 108837 (CPUs 1+16)
Request from pid 108837: max_threads=65535, hint_threads=16
[1788510701856] Granted 16 threads to pid 108837 (CPUs 1+16)
Request from pid 108837: max_threads=65535, hint_threads=16
[1788510701926] Granted 16 threads to pid 108837 (CPUs 1+16)
Request from pid 108837: max_threads=65535, hint_threads=16
[1788510702114] Granted 16 threads to pid 108837 (CPUs 1+16)
Request from pid 108837: max_threads=65535, hint_threads=16
[1788510702283] Granted 16 threads to pid 108837 (CPUs 1+16)
Request from pid 108837: max_threads=65535, hint_threads=16
[1788510702495] Granted 16 threads to pid 108837 (CPUs 1+16)
Request from pid 108837: max_threads=65535, hint_threads=16
[1788510702635] Granted 16 threads to pid 108837 (CPUs 1+16)
Request from pid 108837: max_threads=65535, hint_threads=16
[1788510702882] Granted 16 threads to pid 108837 (CPUs 1+16)
Request from pid 108837: max_threads=65535, hint_threads=16
[1788510702989] Granted 16 threads to pid 108837 (CPUs 1+16)
Request from pid 108837: max_threads=65535, hint_threads=16
[1788510703200] Granted 16 threads to pid 108837 (CPUs 1+16)
Request from pid 108837: max_threads=65535, hint_threads=16
[1788510703341] Granted 16 threads to pid 108837 (CPUs 1+16)
Request from pid 108837: max_threads=65535, hint_threads=16
[1788510703552] Granted 16 threads to pid 108837 (CPUs 1+16)
Request from pid 108837: max_threads=65535, hint_threads=16
[1788510703693] Granted 16 threads to pid 108837 (CPUs 1+16)
Request from pid 108837: max_threads=65535, hint_threads=16
[1788510703904] Granted 16 threads to pid 108837 (CPUs 1+16)
Request from pid 108837: max_threads=65535, hint_threads=16
[1788510704045] Granted 16 threads to pid 108837 (CPUs 1+16)
Request from pid 108837: max_threads=65535, hint_threads=16
[1788510704257] Granted 16 threads to pid 108837 (CPUs 1+16)
Request from pid 108837: max_threads=65535, hint_threads=16
[1788510704398] Granted 16 threads to pid 108837 (CPUs 1+16)
Request from pid 108837: max_threads=65535, hint_threads=16
[1788510704609] Granted 16 threads to pid 108837 (CPUs 1+16)
Request from pid 108837: max_threads=65535, hint_threads=16
[1788510704750] Granted 16 threads to pid 108837 (CPUs 1+16)
Request from pid 108837: max_threads=65535, hint_threads=16
[1788510704961] Granted 16 threads to pid 108837 (CPUs 1+16)
Request from pid 108837: max_threads=65535, hint_threads=16
[1788510705102] Granted 16 threads to pid 108837 (CPUs 1+16)
Request from pid 108837: max_threads=65535, hint_threads=16
[1788510705313] Granted 16 threads to pid 108837 (CPUs 1+16)
Request from pid 108837: max_threads=65535, hint_threads=16
[1788510705454] Granted 16 threads to pid 108837 (CPUs 1+16)
Request from pid 108837: max_threads=65535, hint_threads=16
[1788510705666] Granted 16 threads to pid 108837 (CPUs 1+16)
Request from pid 108837: max_threads=65535, hint_threads=16
[1788510705806] Granted 16 threads to pid 108837 (CPUs 1+16)
Request from pid 108837: max_threads=65535, hint_threads=16
[1788510706019] Granted 16 threads to pid 108837 (CPUs 1+16)
Request from pid 108837: max_threads=65535, hint_threads=16
[1788510706160] Granted 16 threads to pid 108837 (CPUs 1+16)
Request from pid 108837: max_threads=65535, hint_threads=16
[1788510706371] Granted 16 threads to pid 108837 (CPUs 1+16)
Request from pid 108837: max_threads=65535, hint_threads=16
[1788510706512] Granted 16 threads to pid 108837 (CPUs 1+16)
Request from pid 108837: max_threads=65535, hint_threads=16
[1788510706724] Granted 16 threads to pid 108837 (CPUs 1+16)
Request from pid 108837: max_threads=65535, hint_threads=16
[1788510706865] Granted 16 threads to pid 108837 (CPUs 1+16)
Request from pid 108837: max_threads=65535, hint_threads=16
[1788510707076] Granted 16 threads to pid 108837 (CPUs 1+16)
Request from pid 108837: max_threads=65535, hint_threads=16
[1788510707217] Granted 16 threads to pid 108837 (CPUs 1+16)
Request from pid 108837: max_threads=65535, hint_threads=16
[1788510707429] Granted 16 threads to pid 108837 (CPUs 1+16)
Request from pid 108837: max_threads=65535, hint_threads=16
[1788510707570] Granted 16 threads to pid 108837 (CPUs 1+16)
Request from pid 108837: max_threads=65535, hint_threads=16
[1788510707781] Granted 16 threads to pid 108837 (CPUs 1+16)
Request from pid 108837: max_threads=65535, hint_threads=16
[1788510707922] Granted 16 threads to pid 108837 (CPUs 1+16)
Request from pid 108837: max_threads=65535, hint_threads=16
[1788510708134] Granted 16 threads to pid 108837 (CPUs 1+16)
Request from pid 108837: max_threads=65535, hint_threads=16
[1788510708274] Granted 16 threads to pid 108837 (CPUs 1+16)
Request from pid 108837: max_threads=65535, hint_threads=16
[1788510708486] Granted 16 threads to pid 108837 (CPUs 1+16)
Request from pid 108837: max_threads=65535, hint_threads=16
[1788510708627] Granted 16 threads to pid 108837 (CPUs 1+16)
Request from pid 108837: max_threads=65535, hint_threads=16
[1788510708838] Granted 16 threads to pid 108837 (CPUs 1+16)
Request from pid 108837: max_threads=65535, hint_threads=16
[1788510708979] Granted 16 threads to pid 108837 (CPUs 1+16)
Request from pid 108837: max_threads=65535, hint_threads=16
[1788510709191] Granted 16 threads to pid 108837 (CPUs 1+16)
Request from pid 108837: max_threads=65535, hint_threads=16
[1788510709295] Granted 16 threads to pid 108837 (CPUs 1+16)
Read error: Connection reset by peer (os error 104)
Accepted connection
Handling client
Request from pid 108916: max_threads=65535, hint_threads=16
[1788510711359] Granted 8 threads to pid 108916 (CPUs 9+8)
Request from pid 108916: max_threads=65535, hint_threads=16
[1788510712362] Granted 8 threads to pid 108916 (CPUs 9+8)
Request from pid 108916: max_threads=65535, hint_threads=16
[1788510712527] Granted 8 threads to pid 108916 (CPUs 9+8)
Request from pid 108916: max_threads=65535, hint_threads=16
[1788510712693] Granted 8 threads to pid 108916 (CPUs 9+8)
Request from pid 108916: max_threads=65535, hint_threads=16
[1788510713024] Granted 8 threads to pid 108916 (CPUs 9+8)
Request from pid 108916: max_threads=65535, hint_threads=16
[1788510713354] Granted 8 threads to pid 108916 (CPUs 9+8)
Request from pid 108916: max_threads=65535, hint_threads=16
[1788510713684] Granted 8 threads to pid 108916 (CPUs 9+8)
Request from pid 108916: max_threads=65535, hint_threads=16
[1788510714015] Granted 8 threads to pid 108916 (CPUs 9+8)
Request from pid 108916: max_threads=65535, hint_threads=16
[1788510714180] Granted 8 threads to pid 108916 (CPUs 9+8)
Request from pid 108916: max_threads=65535, hint_threads=16
[1788510714512] Granted 16 threads to pid 108916 (CPUs 1+16)
Request from pid 108916: max_threads=65535, hint_threads=16
[1788510714770] Granted 16 threads to pid 108916 (CPUs 1+16)
Request from pid 108916: max_threads=65535, hint_threads=16
[1788510714945] Granted 16 threads to pid 108916 (CPUs 1+16)
Request from pid 108916: max_threads=65535, hint_threads=16
[1788510715119] Granted 16 threads to pid 108916 (CPUs 1+16)
Request from pid 108916: max_threads=65535, hint_threads=16
[1788510715293] Granted 16 threads to pid 108916 (CPUs 1+16)
Request from pid 108916: max_threads=65535, hint_threads=16
[1788510715467] Granted 16 threads to pid 108916 (CPUs 1+16)
Request from pid 108916: max_threads=65535, hint_threads=16
[1788510715640] Granted 16 threads to pid 108916 (CPUs 1+16)
Request from pid 108916: max_threads=65535, hint_threads=16
[1788510715814] Granted 16 threads to pid 108916 (CPUs 1+16)
Request from pid 108916: max_threads=65535, hint_threads=16
[1788510715988] Granted 16 threads to pid 108916 (CPUs 1+16)
Request from pid 108916: max_threads=65535, hint_threads=16
[1788510716161] Granted 16 threads to pid 108916 (CPUs 1+16)
Request from pid 108916: max_threads=65535, hint_threads=16
[1788510716335] Granted 16 threads to pid 108916 (CPUs 1+16)
Request from pid 108916: max_threads=65535, hint_threads=16
[1788510716508] Granted 16 threads to pid 108916 (CPUs 1+16)
Request from pid 108916: max_threads=65535, hint_threads=16
[1788510716682] Granted 16 threads to pid 108916 (CPUs 1+16)
Request from pid 108916: max_threads=65535, hint_threads=16
[1788510716855] Granted 16 threads to pid 108916 (CPUs 1+16)
Request from pid 108916: max_threads=65535, hint_threads=16
[1788510717029] Granted 16 threads to pid 108916 (CPUs 1+16)
Request from pid 108916: max_threads=65535, hint_threads=16
[1788510717203] Granted 16 threads to pid 108916 (CPUs 1+16)
Request from pid 108916: max_threads=65535, hint_threads=16
[1788510717376] Granted 16 threads to pid 108916 (CPUs 1+16)
Request from pid 108916: max_threads=65535, hint_threads=16
[1788510717550] Granted 16 threads to pid 108916 (CPUs 1+16)
Request from pid 108916: max_threads=65535, hint_threads=16
[1788510717723] Granted 16 threads to pid 108916 (CPUs 1+16)
Request from pid 108916: max_threads=65535, hint_threads=16
[1788510717897] Granted 16 threads to pid 108916 (CPUs 1+16)
Request from pid 108916: max_threads=65535, hint_threads=16
[1788510718070] Granted 16 threads to pid 108916 (CPUs 1+16)
Request from pid 108916: max_threads=65535, hint_threads=16
[1788510718244] Granted 16 threads to pid 108916 (CPUs 1+16)
Request from pid 108916: max_threads=65535, hint_threads=16
[1788510718417] Granted 16 threads to pid 108916 (CPUs 1+16)
Request from pid 108916: max_threads=65535, hint_threads=16
[1788510718590] Granted 16 threads to pid 108916 (CPUs 1+16)
Request from pid 108916: max_threads=65535, hint_threads=16
[1788510718764] Granted 16 threads to pid 108916 (CPUs 1+16)
Request from pid 108916: max_threads=65535, hint_threads=16
[1788510718937] Granted 16 threads to pid 108916 (CPUs 1+16)
Request from pid 108916: max_threads=65535, hint_threads=16
[1788510719110] Granted 16 threads to pid 108916 (CPUs 1+16)
Request from pid 108916: max_threads=65535, hint_threads=16
[1788510719283] Granted 16 threads to pid 108916 (CPUs 1+16)
Request from pid 108916: max_threads=65535, hint_threads=16
[1788510719457] Granted 16 threads to pid 108916 (CPUs 1+16)
Request from pid 108916: max_threads=65535, hint_threads=16
[1788510719630] Granted 16 threads to pid 108916 (CPUs 1+16)
Request from pid 108916: max_threads=65535, hint_threads=16
[1788510719803] Granted 16 threads to pid 108916 (CPUs 1+16)
Request from pid 108916: max_threads=65535, hint_threads=16
[1788510719977] Granted 16 threads to pid 108916 (CPUs 1+16)
[1788510719980] Client pid 108916 disconnected — removed from state
Accepted connection
Handling client
Request from pid 108986: max_threads=65535, hint_threads=16
[1788510722034] Granted 16 threads to pid 108986 (CPUs 1+16)
Request from pid 108986: max_threads=65535, hint_threads=16
[1788510729267] Granted 16 threads to pid 108986 (CPUs 1+16)
Read error: Connection reset by peer (os error 104)
Starting DRM at Fri Sep  4 10:32:11 CEST 2026, capacity=16, cpu_pool=56,57,58,59,60,61,62,63,80,81,82,83,84,85,86,87
CPU pool (16 cores): 56–87
Listening on /tmp/omp-rm.sock (capacity=16, strategy=fair_share)
Accepted connection
Handling client
Request from pid 109057: max_threads=65535, hint_threads=16
[1788510731920] Granted 16 threads to pid 109057 (CPUs 56+16)
Request from pid 109057: max_threads=65535, hint_threads=16
[1788510732040] Granted 16 threads to pid 109057 (CPUs 56+16)
Request from pid 109057: max_threads=65535, hint_threads=16
[1788510732158] Granted 16 threads to pid 109057 (CPUs 56+16)
Request from pid 109057: max_threads=65535, hint_threads=16
[1788510732374] Granted 16 threads to pid 109057 (CPUs 56+16)
Request from pid 109057: max_threads=65535, hint_threads=16
[1788510732443] Granted 16 threads to pid 109057 (CPUs 56+16)
Request from pid 109057: max_threads=65535, hint_threads=16
[1788510732631] Granted 16 threads to pid 109057 (CPUs 56+16)
Request from pid 109057: max_threads=65535, hint_threads=16
[1788510732800] Granted 16 threads to pid 109057 (CPUs 56+16)
Request from pid 109057: max_threads=65535, hint_threads=16
[1788510733011] Granted 16 threads to pid 109057 (CPUs 56+16)
Request from pid 109057: max_threads=65535, hint_threads=16
[1788510733151] Granted 16 threads to pid 109057 (CPUs 56+16)
Request from pid 109057: max_threads=65535, hint_threads=16
[1788510733362] Granted 16 threads to pid 109057 (CPUs 56+16)
Request from pid 109057: max_threads=65535, hint_threads=16
[1788510733502] Granted 16 threads to pid 109057 (CPUs 56+16)
Request from pid 109057: max_threads=65535, hint_threads=16
[1788510733713] Granted 16 threads to pid 109057 (CPUs 56+16)
Request from pid 109057: max_threads=65535, hint_threads=16
[1788510733853] Granted 16 threads to pid 109057 (CPUs 56+16)
Request from pid 109057: max_threads=65535, hint_threads=16
[1788510734064] Granted 16 threads to pid 109057 (CPUs 56+16)
Request from pid 109057: max_threads=65535, hint_threads=16
[1788510734204] Granted 16 threads to pid 109057 (CPUs 56+16)
Request from pid 109057: max_threads=65535, hint_threads=16
[1788510734415] Granted 16 threads to pid 109057 (CPUs 56+16)
Request from pid 109057: max_threads=65535, hint_threads=16
[1788510734555] Granted 16 threads to pid 109057 (CPUs 56+16)
Request from pid 109057: max_threads=65535, hint_threads=16
[1788510734766] Granted 16 threads to pid 109057 (CPUs 56+16)
Request from pid 109057: max_threads=65535, hint_threads=16
[1788510734906] Granted 16 threads to pid 109057 (CPUs 56+16)
Request from pid 109057: max_threads=65535, hint_threads=16
[1788510735117] Granted 16 threads to pid 109057 (CPUs 56+16)
Request from pid 109057: max_threads=65535, hint_threads=16
[1788510735257] Granted 16 threads to pid 109057 (CPUs 56+16)
Request from pid 109057: max_threads=65535, hint_threads=16
[1788510735468] Granted 16 threads to pid 109057 (CPUs 56+16)
Request from pid 109057: max_threads=65535, hint_threads=16
[1788510735608] Granted 16 threads to pid 109057 (CPUs 56+16)
Request from pid 109057: max_threads=65535, hint_threads=16
[1788510735819] Granted 16 threads to pid 109057 (CPUs 56+16)
Request from pid 109057: max_threads=65535, hint_threads=16
[1788510735959] Granted 16 threads to pid 109057 (CPUs 56+16)
Request from pid 109057: max_threads=65535, hint_threads=16
[1788510736171] Granted 16 threads to pid 109057 (CPUs 56+16)
Request from pid 109057: max_threads=65535, hint_threads=16
[1788510736311] Granted 16 threads to pid 109057 (CPUs 56+16)
Request from pid 109057: max_threads=65535, hint_threads=16
[1788510736522] Granted 16 threads to pid 109057 (CPUs 56+16)
Request from pid 109057: max_threads=65535, hint_threads=16
[1788510736662] Granted 16 threads to pid 109057 (CPUs 56+16)
Request from pid 109057: max_threads=65535, hint_threads=16
[1788510736873] Granted 16 threads to pid 109057 (CPUs 56+16)
Request from pid 109057: max_threads=65535, hint_threads=16
[1788510737013] Granted 16 threads to pid 109057 (CPUs 56+16)
Request from pid 109057: max_threads=65535, hint_threads=16
[1788510737224] Granted 16 threads to pid 109057 (CPUs 56+16)
Request from pid 109057: max_threads=65535, hint_threads=16
[1788510737364] Granted 16 threads to pid 109057 (CPUs 56+16)
Request from pid 109057: max_threads=65535, hint_threads=16
[1788510737575] Granted 16 threads to pid 109057 (CPUs 56+16)
Request from pid 109057: max_threads=65535, hint_threads=16
[1788510737715] Granted 16 threads to pid 109057 (CPUs 56+16)
Request from pid 109057: max_threads=65535, hint_threads=16
[1788510737927] Granted 16 threads to pid 109057 (CPUs 56+16)
Request from pid 109057: max_threads=65535, hint_threads=16
[1788510738067] Granted 16 threads to pid 109057 (CPUs 56+16)
Request from pid 109057: max_threads=65535, hint_threads=16
[1788510738278] Granted 16 threads to pid 109057 (CPUs 56+16)
Request from pid 109057: max_threads=65535, hint_threads=16
[1788510738418] Granted 16 threads to pid 109057 (CPUs 56+16)
Request from pid 109057: max_threads=65535, hint_threads=16
[1788510738629] Granted 16 threads to pid 109057 (CPUs 56+16)
Request from pid 109057: max_threads=65535, hint_threads=16
[1788510738769] Granted 16 threads to pid 109057 (CPUs 56+16)
Request from pid 109057: max_threads=65535, hint_threads=16
[1788510738980] Granted 16 threads to pid 109057 (CPUs 56+16)
Request from pid 109057: max_threads=65535, hint_threads=16
[1788510739120] Granted 16 threads to pid 109057 (CPUs 56+16)
Request from pid 109057: max_threads=65535, hint_threads=16
[1788510739332] Granted 16 threads to pid 109057 (CPUs 56+16)
Request from pid 109057: max_threads=65535, hint_threads=16
[1788510739472] Granted 16 threads to pid 109057 (CPUs 56+16)
Request from pid 109057: max_threads=65535, hint_threads=16
[1788510739683] Granted 16 threads to pid 109057 (CPUs 56+16)
Request from pid 109057: max_threads=65535, hint_threads=16
[1788510739786] Granted 16 threads to pid 109057 (CPUs 56+16)
Read error: Connection reset by peer (os error 104)
Accepted connection
Handling client
Request from pid 109141: max_threads=65535, hint_threads=16
[1788510741940] Granted 8 threads to pid 109141 (CPUs 80+8)
Request from pid 109141: max_threads=65535, hint_threads=16
[1788510742933] Granted 8 threads to pid 109141 (CPUs 80+8)
Request from pid 109141: max_threads=65535, hint_threads=16
[1788510743096] Granted 8 threads to pid 109141 (CPUs 80+8)
Request from pid 109141: max_threads=65535, hint_threads=16
[1788510743252] Granted 8 threads to pid 109141 (CPUs 80+8)
Request from pid 109141: max_threads=65535, hint_threads=16
[1788510743562] Granted 8 threads to pid 109141 (CPUs 80+8)
Request from pid 109141: max_threads=65535, hint_threads=16
[1788510743873] Granted 8 threads to pid 109141 (CPUs 80+8)
Request from pid 109141: max_threads=65535, hint_threads=16
[1788510744183] Granted 8 threads to pid 109141 (CPUs 80+8)
Request from pid 109141: max_threads=65535, hint_threads=16
[1788510744493] Granted 8 threads to pid 109141 (CPUs 80+8)
Request from pid 109141: max_threads=65535, hint_threads=16
[1788510744648] Granted 8 threads to pid 109141 (CPUs 80+8)
Request from pid 109141: max_threads=65535, hint_threads=16
[1788510744959] Granted 16 threads to pid 109141 (CPUs 56+16)
Request from pid 109141: max_threads=65535, hint_threads=16
[1788510745210] Granted 16 threads to pid 109141 (CPUs 56+16)
Request from pid 109141: max_threads=65535, hint_threads=16
[1788510745299] Granted 16 threads to pid 109141 (CPUs 56+16)
Request from pid 109141: max_threads=65535, hint_threads=16
[1788510745476] Granted 16 threads to pid 109141 (CPUs 56+16)
Request from pid 109141: max_threads=65535, hint_threads=16
[1788510745653] Granted 16 threads to pid 109141 (CPUs 56+16)
Request from pid 109141: max_threads=65535, hint_threads=16
[1788510745741] Granted 16 threads to pid 109141 (CPUs 56+16)
Request from pid 109141: max_threads=65535, hint_threads=16
[1788510745918] Granted 16 threads to pid 109141 (CPUs 56+16)
Request from pid 109141: max_threads=65535, hint_threads=16
[1788510746095] Granted 16 threads to pid 109141 (CPUs 56+16)
Request from pid 109141: max_threads=65535, hint_threads=16
[1788510746272] Granted 16 threads to pid 109141 (CPUs 56+16)
Request from pid 109141: max_threads=65535, hint_threads=16
[1788510746449] Granted 16 threads to pid 109141 (CPUs 56+16)
Request from pid 109141: max_threads=65535, hint_threads=16
[1788510746626] Granted 16 threads to pid 109141 (CPUs 56+16)
Request from pid 109141: max_threads=65535, hint_threads=16
[1788510746803] Granted 16 threads to pid 109141 (CPUs 56+16)
Request from pid 109141: max_threads=65535, hint_threads=16
[1788510746980] Granted 16 threads to pid 109141 (CPUs 56+16)
Request from pid 109141: max_threads=65535, hint_threads=16
[1788510747157] Granted 16 threads to pid 109141 (CPUs 56+16)
Request from pid 109141: max_threads=65535, hint_threads=16
[1788510747333] Granted 16 threads to pid 109141 (CPUs 56+16)
Request from pid 109141: max_threads=65535, hint_threads=16
[1788510747510] Granted 16 threads to pid 109141 (CPUs 56+16)
Request from pid 109141: max_threads=65535, hint_threads=16
[1788510747687] Granted 16 threads to pid 109141 (CPUs 56+16)
Request from pid 109141: max_threads=65535, hint_threads=16
[1788510747864] Granted 16 threads to pid 109141 (CPUs 56+16)
Request from pid 109141: max_threads=65535, hint_threads=16
[1788510747952] Granted 16 threads to pid 109141 (CPUs 56+16)
Request from pid 109141: max_threads=65535, hint_threads=16
[1788510748129] Granted 16 threads to pid 109141 (CPUs 56+16)
Request from pid 109141: max_threads=65535, hint_threads=16
[1788510748305] Granted 16 threads to pid 109141 (CPUs 56+16)
Request from pid 109141: max_threads=65535, hint_threads=16
[1788510748482] Granted 16 threads to pid 109141 (CPUs 56+16)
Request from pid 109141: max_threads=65535, hint_threads=16
[1788510748659] Granted 16 threads to pid 109141 (CPUs 56+16)
Request from pid 109141: max_threads=65535, hint_threads=16
[1788510748835] Granted 16 threads to pid 109141 (CPUs 56+16)
Request from pid 109141: max_threads=65535, hint_threads=16
[1788510749012] Granted 16 threads to pid 109141 (CPUs 56+16)
Request from pid 109141: max_threads=65535, hint_threads=16
[1788510749189] Granted 16 threads to pid 109141 (CPUs 56+16)
Request from pid 109141: max_threads=65535, hint_threads=16
[1788510749277] Granted 16 threads to pid 109141 (CPUs 56+16)
Request from pid 109141: max_threads=65535, hint_threads=16
[1788510749454] Granted 16 threads to pid 109141 (CPUs 56+16)
Request from pid 109141: max_threads=65535, hint_threads=16
[1788510749630] Granted 16 threads to pid 109141 (CPUs 56+16)
Request from pid 109141: max_threads=65535, hint_threads=16
[1788510749719] Granted 16 threads to pid 109141 (CPUs 56+16)
Request from pid 109141: max_threads=65535, hint_threads=16
[1788510749895] Granted 16 threads to pid 109141 (CPUs 56+16)
Request from pid 109141: max_threads=65535, hint_threads=16
[1788510750072] Granted 16 threads to pid 109141 (CPUs 56+16)
Request from pid 109141: max_threads=65535, hint_threads=16
[1788510750160] Granted 16 threads to pid 109141 (CPUs 56+16)
Request from pid 109141: max_threads=65535, hint_threads=16
[1788510750337] Granted 16 threads to pid 109141 (CPUs 56+16)
Request from pid 109141: max_threads=65535, hint_threads=16
[1788510750514] Granted 16 threads to pid 109141 (CPUs 56+16)
[1788510750518] Client pid 109141 disconnected — removed from state
Accepted connection
Handling client
Request from pid 109208: max_threads=65535, hint_threads=16
[1788510752571] Granted 16 threads to pid 109208 (CPUs 56+16)
Request from pid 109208: max_threads=65535, hint_threads=16
[1788510759804] Granted 16 threads to pid 109208 (CPUs 56+16)
Read error: Connection reset by peer (os error 104)
Starting DRM at Fri Sep  4 10:32:41 CEST 2026, capacity=16, cpu_pool=1,2,3,4,5,6,7,8,9,10,11,12,13,14,15,16
CPU pool (16 cores): 1–16
Listening on /tmp/omp-rm.sock (capacity=16, strategy=fair_share)
Accepted connection
Handling client
Request from pid 109281: max_threads=65535, hint_threads=16
[1788510762370] Granted 16 threads to pid 109281 (CPUs 1+16)
Request from pid 109281: max_threads=65535, hint_threads=16
[1788510762517] Granted 16 threads to pid 109281 (CPUs 1+16)
Request from pid 109281: max_threads=65535, hint_threads=16
[1788510762636] Granted 16 threads to pid 109281 (CPUs 1+16)
Request from pid 109281: max_threads=65535, hint_threads=16
[1788510762853] Granted 16 threads to pid 109281 (CPUs 1+16)
Request from pid 109281: max_threads=65535, hint_threads=16
[1788510762921] Granted 16 threads to pid 109281 (CPUs 1+16)
Request from pid 109281: max_threads=65535, hint_threads=16
[1788510763109] Granted 16 threads to pid 109281 (CPUs 1+16)
Request from pid 109281: max_threads=65535, hint_threads=16
[1788510763278] Granted 16 threads to pid 109281 (CPUs 1+16)
Request from pid 109281: max_threads=65535, hint_threads=16
[1788510763490] Granted 16 threads to pid 109281 (CPUs 1+16)
Request from pid 109281: max_threads=65535, hint_threads=16
[1788510763630] Granted 16 threads to pid 109281 (CPUs 1+16)
Request from pid 109281: max_threads=65535, hint_threads=16
[1788510763841] Granted 16 threads to pid 109281 (CPUs 1+16)
Request from pid 109281: max_threads=65535, hint_threads=16
[1788510763982] Granted 16 threads to pid 109281 (CPUs 1+16)
Request from pid 109281: max_threads=65535, hint_threads=16
[1788510764193] Granted 16 threads to pid 109281 (CPUs 1+16)
Request from pid 109281: max_threads=65535, hint_threads=16
[1788510764334] Granted 16 threads to pid 109281 (CPUs 1+16)
Request from pid 109281: max_threads=65535, hint_threads=16
[1788510764545] Granted 16 threads to pid 109281 (CPUs 1+16)
Request from pid 109281: max_threads=65535, hint_threads=16
[1788510764686] Granted 16 threads to pid 109281 (CPUs 1+16)
Request from pid 109281: max_threads=65535, hint_threads=16
[1788510764897] Granted 16 threads to pid 109281 (CPUs 1+16)
Request from pid 109281: max_threads=65535, hint_threads=16
[1788510765038] Granted 16 threads to pid 109281 (CPUs 1+16)
Request from pid 109281: max_threads=65535, hint_threads=16
[1788510765249] Granted 16 threads to pid 109281 (CPUs 1+16)
Request from pid 109281: max_threads=65535, hint_threads=16
[1788510765390] Granted 16 threads to pid 109281 (CPUs 1+16)
Request from pid 109281: max_threads=65535, hint_threads=16
[1788510765601] Granted 16 threads to pid 109281 (CPUs 1+16)
Request from pid 109281: max_threads=65535, hint_threads=16
[1788510765741] Granted 16 threads to pid 109281 (CPUs 1+16)
Request from pid 109281: max_threads=65535, hint_threads=16
[1788510765953] Granted 16 threads to pid 109281 (CPUs 1+16)
Request from pid 109281: max_threads=65535, hint_threads=16
[1788510766094] Granted 16 threads to pid 109281 (CPUs 1+16)
Request from pid 109281: max_threads=65535, hint_threads=16
[1788510766305] Granted 16 threads to pid 109281 (CPUs 1+16)
Request from pid 109281: max_threads=65535, hint_threads=16
[1788510766445] Granted 16 threads to pid 109281 (CPUs 1+16)
Request from pid 109281: max_threads=65535, hint_threads=16
[1788510766657] Granted 16 threads to pid 109281 (CPUs 1+16)
Request from pid 109281: max_threads=65535, hint_threads=16
[1788510766797] Granted 16 threads to pid 109281 (CPUs 1+16)
Request from pid 109281: max_threads=65535, hint_threads=16
[1788510767009] Granted 16 threads to pid 109281 (CPUs 1+16)
Request from pid 109281: max_threads=65535, hint_threads=16
[1788510767149] Granted 16 threads to pid 109281 (CPUs 1+16)
Request from pid 109281: max_threads=65535, hint_threads=16
[1788510767360] Granted 16 threads to pid 109281 (CPUs 1+16)
Request from pid 109281: max_threads=65535, hint_threads=16
[1788510767501] Granted 16 threads to pid 109281 (CPUs 1+16)
Request from pid 109281: max_threads=65535, hint_threads=16
[1788510767712] Granted 16 threads to pid 109281 (CPUs 1+16)
Request from pid 109281: max_threads=65535, hint_threads=16
[1788510767853] Granted 16 threads to pid 109281 (CPUs 1+16)
Request from pid 109281: max_threads=65535, hint_threads=16
[1788510768064] Granted 16 threads to pid 109281 (CPUs 1+16)
Request from pid 109281: max_threads=65535, hint_threads=16
[1788510768205] Granted 16 threads to pid 109281 (CPUs 1+16)
Request from pid 109281: max_threads=65535, hint_threads=16
[1788510768416] Granted 16 threads to pid 109281 (CPUs 1+16)
Request from pid 109281: max_threads=65535, hint_threads=16
[1788510768557] Granted 16 threads to pid 109281 (CPUs 1+16)
Request from pid 109281: max_threads=65535, hint_threads=16
[1788510768769] Granted 16 threads to pid 109281 (CPUs 1+16)
Request from pid 109281: max_threads=65535, hint_threads=16
[1788510768909] Granted 16 threads to pid 109281 (CPUs 1+16)
Request from pid 109281: max_threads=65535, hint_threads=16
[1788510769120] Granted 16 threads to pid 109281 (CPUs 1+16)
Request from pid 109281: max_threads=65535, hint_threads=16
[1788510769261] Granted 16 threads to pid 109281 (CPUs 1+16)
Request from pid 109281: max_threads=65535, hint_threads=16
[1788510769472] Granted 16 threads to pid 109281 (CPUs 1+16)
Request from pid 109281: max_threads=65535, hint_threads=16
[1788510769612] Granted 16 threads to pid 109281 (CPUs 1+16)
Request from pid 109281: max_threads=65535, hint_threads=16
[1788510769824] Granted 16 threads to pid 109281 (CPUs 1+16)
Request from pid 109281: max_threads=65535, hint_threads=16
[1788510769965] Granted 16 threads to pid 109281 (CPUs 1+16)
Request from pid 109281: max_threads=65535, hint_threads=16
[1788510770177] Granted 16 threads to pid 109281 (CPUs 1+16)
Request from pid 109281: max_threads=65535, hint_threads=16
[1788510770281] Granted 16 threads to pid 109281 (CPUs 1+16)
Read error: Connection reset by peer (os error 104)
Accepted connection
Handling client
Request from pid 109355: max_threads=65535, hint_threads=16
[1788510772512] Granted 8 threads to pid 109355 (CPUs 9+8)
Request from pid 109355: max_threads=65535, hint_threads=16
[1788510773450] Granted 8 threads to pid 109355 (CPUs 9+8)
Request from pid 109355: max_threads=65535, hint_threads=16
[1788510773608] Granted 8 threads to pid 109355 (CPUs 9+8)
Request from pid 109355: max_threads=65535, hint_threads=16
[1788510773767] Granted 8 threads to pid 109355 (CPUs 9+8)
Request from pid 109355: max_threads=65535, hint_threads=16
[1788510774084] Granted 8 threads to pid 109355 (CPUs 9+8)
Request from pid 109355: max_threads=65535, hint_threads=16
[1788510774401] Granted 8 threads to pid 109355 (CPUs 9+8)
Request from pid 109355: max_threads=65535, hint_threads=16
[1788510774717] Granted 8 threads to pid 109355 (CPUs 9+8)
Request from pid 109355: max_threads=65535, hint_threads=16
[1788510775034] Granted 8 threads to pid 109355 (CPUs 9+8)
Request from pid 109355: max_threads=65535, hint_threads=16
[1788510775351] Granted 16 threads to pid 109355 (CPUs 1+16)
Request from pid 109355: max_threads=65535, hint_threads=16
[1788510775602] Granted 16 threads to pid 109355 (CPUs 1+16)
Request from pid 109355: max_threads=65535, hint_threads=16
[1788510775770] Granted 16 threads to pid 109355 (CPUs 1+16)
Request from pid 109355: max_threads=65535, hint_threads=16
[1788510775938] Granted 16 threads to pid 109355 (CPUs 1+16)
Request from pid 109355: max_threads=65535, hint_threads=16
[1788510776105] Granted 16 threads to pid 109355 (CPUs 1+16)
Request from pid 109355: max_threads=65535, hint_threads=16
[1788510776273] Granted 16 threads to pid 109355 (CPUs 1+16)
Request from pid 109355: max_threads=65535, hint_threads=16
[1788510776441] Granted 16 threads to pid 109355 (CPUs 1+16)
Request from pid 109355: max_threads=65535, hint_threads=16
[1788510776609] Granted 16 threads to pid 109355 (CPUs 1+16)
Request from pid 109355: max_threads=65535, hint_threads=16
[1788510776776] Granted 16 threads to pid 109355 (CPUs 1+16)
Request from pid 109355: max_threads=65535, hint_threads=16
[1788510776944] Granted 16 threads to pid 109355 (CPUs 1+16)
Request from pid 109355: max_threads=65535, hint_threads=16
[1788510777111] Granted 16 threads to pid 109355 (CPUs 1+16)
Request from pid 109355: max_threads=65535, hint_threads=16
[1788510777279] Granted 16 threads to pid 109355 (CPUs 1+16)
Request from pid 109355: max_threads=65535, hint_threads=16
[1788510777446] Granted 16 threads to pid 109355 (CPUs 1+16)
Request from pid 109355: max_threads=65535, hint_threads=16
[1788510777613] Granted 16 threads to pid 109355 (CPUs 1+16)
Request from pid 109355: max_threads=65535, hint_threads=16
[1788510777781] Granted 16 threads to pid 109355 (CPUs 1+16)
Request from pid 109355: max_threads=65535, hint_threads=16
[1788510777948] Granted 16 threads to pid 109355 (CPUs 1+16)
Request from pid 109355: max_threads=65535, hint_threads=16
[1788510778116] Granted 16 threads to pid 109355 (CPUs 1+16)
Request from pid 109355: max_threads=65535, hint_threads=16
[1788510778283] Granted 16 threads to pid 109355 (CPUs 1+16)
Request from pid 109355: max_threads=65535, hint_threads=16
[1788510778450] Granted 16 threads to pid 109355 (CPUs 1+16)
Request from pid 109355: max_threads=65535, hint_threads=16
[1788510778618] Granted 16 threads to pid 109355 (CPUs 1+16)
Request from pid 109355: max_threads=65535, hint_threads=16
[1788510778786] Granted 16 threads to pid 109355 (CPUs 1+16)
Request from pid 109355: max_threads=65535, hint_threads=16
[1788510778953] Granted 16 threads to pid 109355 (CPUs 1+16)
Request from pid 109355: max_threads=65535, hint_threads=16
[1788510779121] Granted 16 threads to pid 109355 (CPUs 1+16)
Request from pid 109355: max_threads=65535, hint_threads=16
[1788510779288] Granted 16 threads to pid 109355 (CPUs 1+16)
Request from pid 109355: max_threads=65535, hint_threads=16
[1788510779455] Granted 16 threads to pid 109355 (CPUs 1+16)
Request from pid 109355: max_threads=65535, hint_threads=16
[1788510779623] Granted 16 threads to pid 109355 (CPUs 1+16)
Request from pid 109355: max_threads=65535, hint_threads=16
[1788510779790] Granted 16 threads to pid 109355 (CPUs 1+16)
Request from pid 109355: max_threads=65535, hint_threads=16
[1788510779958] Granted 16 threads to pid 109355 (CPUs 1+16)
Request from pid 109355: max_threads=65535, hint_threads=16
[1788510780125] Granted 16 threads to pid 109355 (CPUs 1+16)
Request from pid 109355: max_threads=65535, hint_threads=16
[1788510780292] Granted 16 threads to pid 109355 (CPUs 1+16)
Request from pid 109355: max_threads=65535, hint_threads=16
[1788510780459] Granted 16 threads to pid 109355 (CPUs 1+16)
Request from pid 109355: max_threads=65535, hint_threads=16
[1788510780627] Granted 16 threads to pid 109355 (CPUs 1+16)
[1788510780714] Client pid 109355 disconnected — removed from state
Accepted connection
Handling client
Request from pid 109422: max_threads=65535, hint_threads=16
[1788510782771] Granted 16 threads to pid 109422 (CPUs 1+16)
Request from pid 109422: max_threads=65535, hint_threads=16
[1788510790007] Granted 16 threads to pid 109422 (CPUs 1+16)
Read error: Connection reset by peer (os error 104)
Starting DRM at Fri Sep  4 10:33:12 CEST 2026, capacity=16, cpu_pool=56,57,58,59,60,61,62,63,80,81,82,83,84,85,86,87
CPU pool (16 cores): 56–87
Listening on /tmp/omp-rm.sock (capacity=16, strategy=fair_share)
Accepted connection
Handling client
Request from pid 109493: max_threads=65535, hint_threads=16
[1788510792573] Granted 16 threads to pid 109493 (CPUs 56+16)
Request from pid 109493: max_threads=65535, hint_threads=16
[1788510792728] Granted 16 threads to pid 109493 (CPUs 56+16)
Request from pid 109493: max_threads=65535, hint_threads=16
[1788510792848] Granted 16 threads to pid 109493 (CPUs 56+16)
Request from pid 109493: max_threads=65535, hint_threads=16
[1788510793066] Granted 16 threads to pid 109493 (CPUs 56+16)
Request from pid 109493: max_threads=65535, hint_threads=16
[1788510793133] Granted 16 threads to pid 109493 (CPUs 56+16)
Request from pid 109493: max_threads=65535, hint_threads=16
[1788510793323] Granted 16 threads to pid 109493 (CPUs 56+16)
Request from pid 109493: max_threads=65535, hint_threads=16
[1788510793492] Granted 16 threads to pid 109493 (CPUs 56+16)
Request from pid 109493: max_threads=65535, hint_threads=16
[1788510793704] Granted 16 threads to pid 109493 (CPUs 56+16)
Request from pid 109493: max_threads=65535, hint_threads=16
[1788510793845] Granted 16 threads to pid 109493 (CPUs 56+16)
Request from pid 109493: max_threads=65535, hint_threads=16
[1788510794057] Granted 16 threads to pid 109493 (CPUs 56+16)
Request from pid 109493: max_threads=65535, hint_threads=16
[1788510794198] Granted 16 threads to pid 109493 (CPUs 56+16)
Request from pid 109493: max_threads=65535, hint_threads=16
[1788510794410] Granted 16 threads to pid 109493 (CPUs 56+16)
Request from pid 109493: max_threads=65535, hint_threads=16
[1788510794552] Granted 16 threads to pid 109493 (CPUs 56+16)
Request from pid 109493: max_threads=65535, hint_threads=16
[1788510794764] Granted 16 threads to pid 109493 (CPUs 56+16)
Request from pid 109493: max_threads=65535, hint_threads=16
[1788510794905] Granted 16 threads to pid 109493 (CPUs 56+16)
Request from pid 109493: max_threads=65535, hint_threads=16
[1788510795117] Granted 16 threads to pid 109493 (CPUs 56+16)
Request from pid 109493: max_threads=65535, hint_threads=16
[1788510795258] Granted 16 threads to pid 109493 (CPUs 56+16)
Request from pid 109493: max_threads=65535, hint_threads=16
[1788510795470] Granted 16 threads to pid 109493 (CPUs 56+16)
Request from pid 109493: max_threads=65535, hint_threads=16
[1788510795612] Granted 16 threads to pid 109493 (CPUs 56+16)
Request from pid 109493: max_threads=65535, hint_threads=16
[1788510795824] Granted 16 threads to pid 109493 (CPUs 56+16)
Request from pid 109493: max_threads=65535, hint_threads=16
[1788510795965] Granted 16 threads to pid 109493 (CPUs 56+16)
Request from pid 109493: max_threads=65535, hint_threads=16
[1788510796177] Granted 16 threads to pid 109493 (CPUs 56+16)
Request from pid 109493: max_threads=65535, hint_threads=16
[1788510796318] Granted 16 threads to pid 109493 (CPUs 56+16)
Request from pid 109493: max_threads=65535, hint_threads=16
[1788510796530] Granted 16 threads to pid 109493 (CPUs 56+16)
Request from pid 109493: max_threads=65535, hint_threads=16
[1788510796672] Granted 16 threads to pid 109493 (CPUs 56+16)
Request from pid 109493: max_threads=65535, hint_threads=16
[1788510796883] Granted 16 threads to pid 109493 (CPUs 56+16)
Request from pid 109493: max_threads=65535, hint_threads=16
[1788510797042] Granted 16 threads to pid 109493 (CPUs 56+16)
Request from pid 109493: max_threads=65535, hint_threads=16
[1788510797236] Granted 16 threads to pid 109493 (CPUs 56+16)
Request from pid 109493: max_threads=65535, hint_threads=16
[1788510797378] Granted 16 threads to pid 109493 (CPUs 56+16)
Request from pid 109493: max_threads=65535, hint_threads=16
[1788510797589] Granted 16 threads to pid 109493 (CPUs 56+16)
Request from pid 109493: max_threads=65535, hint_threads=16
[1788510797730] Granted 16 threads to pid 109493 (CPUs 56+16)
Request from pid 109493: max_threads=65535, hint_threads=16
[1788510797942] Granted 16 threads to pid 109493 (CPUs 56+16)
Request from pid 109493: max_threads=65535, hint_threads=16
[1788510798084] Granted 16 threads to pid 109493 (CPUs 56+16)
Request from pid 109493: max_threads=65535, hint_threads=16
[1788510798295] Granted 16 threads to pid 109493 (CPUs 56+16)
Request from pid 109493: max_threads=65535, hint_threads=16
[1788510798437] Granted 16 threads to pid 109493 (CPUs 56+16)
Request from pid 109493: max_threads=65535, hint_threads=16
[1788510798649] Granted 16 threads to pid 109493 (CPUs 56+16)
Request from pid 109493: max_threads=65535, hint_threads=16
[1788510798790] Granted 16 threads to pid 109493 (CPUs 56+16)
Request from pid 109493: max_threads=65535, hint_threads=16
[1788510799002] Granted 16 threads to pid 109493 (CPUs 56+16)
Request from pid 109493: max_threads=65535, hint_threads=16
[1788510799143] Granted 16 threads to pid 109493 (CPUs 56+16)
Request from pid 109493: max_threads=65535, hint_threads=16
[1788510799355] Granted 16 threads to pid 109493 (CPUs 56+16)
Request from pid 109493: max_threads=65535, hint_threads=16
[1788510799496] Granted 16 threads to pid 109493 (CPUs 56+16)
Request from pid 109493: max_threads=65535, hint_threads=16
[1788510799708] Granted 16 threads to pid 109493 (CPUs 56+16)
Request from pid 109493: max_threads=65535, hint_threads=16
[1788510799849] Granted 16 threads to pid 109493 (CPUs 56+16)
Request from pid 109493: max_threads=65535, hint_threads=16
[1788510800061] Granted 16 threads to pid 109493 (CPUs 56+16)
Request from pid 109493: max_threads=65535, hint_threads=16
[1788510800202] Granted 16 threads to pid 109493 (CPUs 56+16)
Request from pid 109493: max_threads=65535, hint_threads=16
[1788510800414] Granted 16 threads to pid 109493 (CPUs 56+16)
Request from pid 109493: max_threads=65535, hint_threads=16
[1788510800518] Granted 16 threads to pid 109493 (CPUs 56+16)
Read error: Connection reset by peer (os error 104)
Accepted connection
Handling client
Request from pid 109581: max_threads=65535, hint_threads=16
[1788510802575] Granted 8 threads to pid 109581 (CPUs 80+8)
Request from pid 109581: max_threads=65535, hint_threads=16
[1788510803600] Granted 8 threads to pid 109581 (CPUs 80+8)
Request from pid 109581: max_threads=65535, hint_threads=16
[1788510803751] Granted 8 threads to pid 109581 (CPUs 80+8)
Request from pid 109581: max_threads=65535, hint_threads=16
[1788510803901] Granted 8 threads to pid 109581 (CPUs 80+8)
Request from pid 109581: max_threads=65535, hint_threads=16
[1788510804202] Granted 8 threads to pid 109581 (CPUs 80+8)
Request from pid 109581: max_threads=65535, hint_threads=16
[1788510804503] Granted 8 threads to pid 109581 (CPUs 80+8)
Request from pid 109581: max_threads=65535, hint_threads=16
[1788510804804] Granted 8 threads to pid 109581 (CPUs 80+8)
Request from pid 109581: max_threads=65535, hint_threads=16
[1788510805105] Granted 8 threads to pid 109581 (CPUs 80+8)
Request from pid 109581: max_threads=65535, hint_threads=16
[1788510805406] Granted 8 threads to pid 109581 (CPUs 80+8)
Request from pid 109581: max_threads=65535, hint_threads=16
[1788510805707] Granted 16 threads to pid 109581 (CPUs 56+16)
Request from pid 109581: max_threads=65535, hint_threads=16
[1788510805954] Granted 16 threads to pid 109581 (CPUs 56+16)
Request from pid 109581: max_threads=65535, hint_threads=16
[1788510806125] Granted 16 threads to pid 109581 (CPUs 56+16)
Request from pid 109581: max_threads=65535, hint_threads=16
[1788510806297] Granted 16 threads to pid 109581 (CPUs 56+16)
Request from pid 109581: max_threads=65535, hint_threads=16
[1788510806382] Granted 16 threads to pid 109581 (CPUs 56+16)
Request from pid 109581: max_threads=65535, hint_threads=16
[1788510806553] Granted 16 threads to pid 109581 (CPUs 56+16)
Request from pid 109581: max_threads=65535, hint_threads=16
[1788510806725] Granted 16 threads to pid 109581 (CPUs 56+16)
Request from pid 109581: max_threads=65535, hint_threads=16
[1788510806812] Granted 16 threads to pid 109581 (CPUs 56+16)
Request from pid 109581: max_threads=65535, hint_threads=16
[1788510806992] Granted 16 threads to pid 109581 (CPUs 56+16)
Request from pid 109581: max_threads=65535, hint_threads=16
[1788510807153] Granted 16 threads to pid 109581 (CPUs 56+16)
Request from pid 109581: max_threads=65535, hint_threads=16
[1788510807324] Granted 16 threads to pid 109581 (CPUs 56+16)
Request from pid 109581: max_threads=65535, hint_threads=16
[1788510807495] Granted 16 threads to pid 109581 (CPUs 56+16)
Request from pid 109581: max_threads=65535, hint_threads=16
[1788510807666] Granted 16 threads to pid 109581 (CPUs 56+16)
Request from pid 109581: max_threads=65535, hint_threads=16
[1788510807837] Granted 16 threads to pid 109581 (CPUs 56+16)
Request from pid 109581: max_threads=65535, hint_threads=16
[1788510808008] Granted 16 threads to pid 109581 (CPUs 56+16)
Request from pid 109581: max_threads=65535, hint_threads=16
[1788510808179] Granted 16 threads to pid 109581 (CPUs 56+16)
Request from pid 109581: max_threads=65535, hint_threads=16
[1788510808350] Granted 16 threads to pid 109581 (CPUs 56+16)
Request from pid 109581: max_threads=65535, hint_threads=16
[1788510808521] Granted 16 threads to pid 109581 (CPUs 56+16)
Request from pid 109581: max_threads=65535, hint_threads=16
[1788510808693] Granted 16 threads to pid 109581 (CPUs 56+16)
Request from pid 109581: max_threads=65535, hint_threads=16
[1788510808864] Granted 16 threads to pid 109581 (CPUs 56+16)
Request from pid 109581: max_threads=65535, hint_threads=16
[1788510809035] Granted 16 threads to pid 109581 (CPUs 56+16)
Request from pid 109581: max_threads=65535, hint_threads=16
[1788510809206] Granted 16 threads to pid 109581 (CPUs 56+16)
Request from pid 109581: max_threads=65535, hint_threads=16
[1788510809377] Granted 16 threads to pid 109581 (CPUs 56+16)
Request from pid 109581: max_threads=65535, hint_threads=16
[1788510809548] Granted 16 threads to pid 109581 (CPUs 56+16)
Request from pid 109581: max_threads=65535, hint_threads=16
[1788510809719] Granted 16 threads to pid 109581 (CPUs 56+16)
Request from pid 109581: max_threads=65535, hint_threads=16
[1788510809804] Granted 16 threads to pid 109581 (CPUs 56+16)
Request from pid 109581: max_threads=65535, hint_threads=16
[1788510809975] Granted 16 threads to pid 109581 (CPUs 56+16)
Request from pid 109581: max_threads=65535, hint_threads=16
[1788510810146] Granted 16 threads to pid 109581 (CPUs 56+16)
Request from pid 109581: max_threads=65535, hint_threads=16
[1788510810317] Granted 16 threads to pid 109581 (CPUs 56+16)
Request from pid 109581: max_threads=65535, hint_threads=16
[1788510810488] Granted 16 threads to pid 109581 (CPUs 56+16)
Request from pid 109581: max_threads=65535, hint_threads=16
[1788510810659] Granted 16 threads to pid 109581 (CPUs 56+16)
Request from pid 109581: max_threads=65535, hint_threads=16
[1788510810830] Granted 16 threads to pid 109581 (CPUs 56+16)
Request from pid 109581: max_threads=65535, hint_threads=16
[1788510811001] Granted 16 threads to pid 109581 (CPUs 56+16)
[1788510811005] Client pid 109581 disconnected — removed from state
Accepted connection
Handling client
Request from pid 109648: max_threads=65535, hint_threads=16
[1788510813058] Granted 16 threads to pid 109648 (CPUs 56+16)
Request from pid 109648: max_threads=65535, hint_threads=16
[1788510820292] Granted 16 threads to pid 109648 (CPUs 56+16)
Read error: Connection reset by peer (os error 104)
Starting DRM at Fri Sep  4 10:33:42 CEST 2026, capacity=16, cpu_pool=1,2,3,4,5,6,7,8,9,10,11,12,13,14,15,16
CPU pool (16 cores): 1–16
Listening on /tmp/omp-rm.sock (capacity=16, strategy=fair_share)
Accepted connection
Handling client
Request from pid 109729: max_threads=65535, hint_threads=16
[1788510822874] Granted 16 threads to pid 109729 (CPUs 1+16)
Request from pid 109729: max_threads=65535, hint_threads=16
[1788510823020] Granted 16 threads to pid 109729 (CPUs 1+16)
Request from pid 109729: max_threads=65535, hint_threads=16
[1788510823140] Granted 16 threads to pid 109729 (CPUs 1+16)
Request from pid 109729: max_threads=65535, hint_threads=16
[1788510823360] Granted 16 threads to pid 109729 (CPUs 1+16)
Request from pid 109729: max_threads=65535, hint_threads=16
[1788510823429] Granted 16 threads to pid 109729 (CPUs 1+16)
Request from pid 109729: max_threads=65535, hint_threads=16
[1788510823619] Granted 16 threads to pid 109729 (CPUs 1+16)
Request from pid 109729: max_threads=65535, hint_threads=16
[1788510823790] Granted 16 threads to pid 109729 (CPUs 1+16)
Request from pid 109729: max_threads=65535, hint_threads=16
[1788510824003] Granted 16 threads to pid 109729 (CPUs 1+16)
Request from pid 109729: max_threads=65535, hint_threads=16
[1788510824144] Granted 16 threads to pid 109729 (CPUs 1+16)
Request from pid 109729: max_threads=65535, hint_threads=16
[1788510824357] Granted 16 threads to pid 109729 (CPUs 1+16)
Request from pid 109729: max_threads=65535, hint_threads=16
[1788510824499] Granted 16 threads to pid 109729 (CPUs 1+16)
Request from pid 109729: max_threads=65535, hint_threads=16
[1788510824712] Granted 16 threads to pid 109729 (CPUs 1+16)
Request from pid 109729: max_threads=65535, hint_threads=16
[1788510824854] Granted 16 threads to pid 109729 (CPUs 1+16)
Request from pid 109729: max_threads=65535, hint_threads=16
[1788510825067] Granted 16 threads to pid 109729 (CPUs 1+16)
Request from pid 109729: max_threads=65535, hint_threads=16
[1788510825209] Granted 16 threads to pid 109729 (CPUs 1+16)
Request from pid 109729: max_threads=65535, hint_threads=16
[1788510825421] Granted 16 threads to pid 109729 (CPUs 1+16)
Request from pid 109729: max_threads=65535, hint_threads=16
[1788510825563] Granted 16 threads to pid 109729 (CPUs 1+16)
Request from pid 109729: max_threads=65535, hint_threads=16
[1788510825775] Granted 16 threads to pid 109729 (CPUs 1+16)
Request from pid 109729: max_threads=65535, hint_threads=16
[1788510825917] Granted 16 threads to pid 109729 (CPUs 1+16)
Request from pid 109729: max_threads=65535, hint_threads=16
[1788510826130] Granted 16 threads to pid 109729 (CPUs 1+16)
Request from pid 109729: max_threads=65535, hint_threads=16
[1788510826272] Granted 16 threads to pid 109729 (CPUs 1+16)
Request from pid 109729: max_threads=65535, hint_threads=16
[1788510826485] Granted 16 threads to pid 109729 (CPUs 1+16)
Request from pid 109729: max_threads=65535, hint_threads=16
[1788510826627] Granted 16 threads to pid 109729 (CPUs 1+16)
Request from pid 109729: max_threads=65535, hint_threads=16
[1788510826839] Granted 16 threads to pid 109729 (CPUs 1+16)
Request from pid 109729: max_threads=65535, hint_threads=16
[1788510826981] Granted 16 threads to pid 109729 (CPUs 1+16)
Request from pid 109729: max_threads=65535, hint_threads=16
[1788510827194] Granted 16 threads to pid 109729 (CPUs 1+16)
Request from pid 109729: max_threads=65535, hint_threads=16
[1788510827335] Granted 16 threads to pid 109729 (CPUs 1+16)
Request from pid 109729: max_threads=65535, hint_threads=16
[1788510827548] Granted 16 threads to pid 109729 (CPUs 1+16)
Request from pid 109729: max_threads=65535, hint_threads=16
[1788510827690] Granted 16 threads to pid 109729 (CPUs 1+16)
Request from pid 109729: max_threads=65535, hint_threads=16
[1788510827903] Granted 16 threads to pid 109729 (CPUs 1+16)
Request from pid 109729: max_threads=65535, hint_threads=16
[1788510828045] Granted 16 threads to pid 109729 (CPUs 1+16)
Request from pid 109729: max_threads=65535, hint_threads=16
[1788510828258] Granted 16 threads to pid 109729 (CPUs 1+16)
Request from pid 109729: max_threads=65535, hint_threads=16
[1788510828404] Granted 16 threads to pid 109729 (CPUs 1+16)
Request from pid 109729: max_threads=65535, hint_threads=16
[1788510828612] Granted 16 threads to pid 109729 (CPUs 1+16)
Request from pid 109729: max_threads=65535, hint_threads=16
[1788510828754] Granted 16 threads to pid 109729 (CPUs 1+16)
Request from pid 109729: max_threads=65535, hint_threads=16
[1788510828966] Granted 16 threads to pid 109729 (CPUs 1+16)
Request from pid 109729: max_threads=65535, hint_threads=16
[1788510829109] Granted 16 threads to pid 109729 (CPUs 1+16)
Request from pid 109729: max_threads=65535, hint_threads=16
[1788510829321] Granted 16 threads to pid 109729 (CPUs 1+16)
Request from pid 109729: max_threads=65535, hint_threads=16
[1788510829463] Granted 16 threads to pid 109729 (CPUs 1+16)
Request from pid 109729: max_threads=65535, hint_threads=16
[1788510829675] Granted 16 threads to pid 109729 (CPUs 1+16)
Request from pid 109729: max_threads=65535, hint_threads=16
[1788510829817] Granted 16 threads to pid 109729 (CPUs 1+16)
Request from pid 109729: max_threads=65535, hint_threads=16
[1788510830029] Granted 16 threads to pid 109729 (CPUs 1+16)
Request from pid 109729: max_threads=65535, hint_threads=16
[1788510830171] Granted 16 threads to pid 109729 (CPUs 1+16)
Request from pid 109729: max_threads=65535, hint_threads=16
[1788510830384] Granted 16 threads to pid 109729 (CPUs 1+16)
Request from pid 109729: max_threads=65535, hint_threads=16
[1788510830526] Granted 16 threads to pid 109729 (CPUs 1+16)
Request from pid 109729: max_threads=65535, hint_threads=16
[1788510830738] Granted 16 threads to pid 109729 (CPUs 1+16)
Request from pid 109729: max_threads=65535, hint_threads=16
[1788510830844] Granted 16 threads to pid 109729 (CPUs 1+16)
Read error: Connection reset by peer (os error 104)
Accepted connection
Handling client
Request from pid 109796: max_threads=65535, hint_threads=16
[1788510832910] Granted 8 threads to pid 109796 (CPUs 9+8)
Request from pid 109796: max_threads=65535, hint_threads=16
[1788510833750] Granted 8 threads to pid 109796 (CPUs 9+8)
Request from pid 109796: max_threads=65535, hint_threads=16
[1788510833899] Granted 8 threads to pid 109796 (CPUs 9+8)
Request from pid 109796: max_threads=65535, hint_threads=16
[1788510834048] Granted 8 threads to pid 109796 (CPUs 9+8)
Request from pid 109796: max_threads=65535, hint_threads=16
[1788510834345] Granted 8 threads to pid 109796 (CPUs 9+8)
Request from pid 109796: max_threads=65535, hint_threads=16
[1788510834642] Granted 8 threads to pid 109796 (CPUs 9+8)
Request from pid 109796: max_threads=65535, hint_threads=16
[1788510834939] Granted 8 threads to pid 109796 (CPUs 9+8)
Request from pid 109796: max_threads=65535, hint_threads=16
[1788510835236] Granted 8 threads to pid 109796 (CPUs 9+8)
Request from pid 109796: max_threads=65535, hint_threads=16
[1788510835533] Granted 8 threads to pid 109796 (CPUs 9+8)
Request from pid 109796: max_threads=65535, hint_threads=16
[1788510835830] Granted 8 threads to pid 109796 (CPUs 9+8)
Request from pid 109796: max_threads=65535, hint_threads=16
[1788510836128] Granted 16 threads to pid 109796 (CPUs 1+16)
Request from pid 109796: max_threads=65535, hint_threads=16
[1788510836363] Granted 16 threads to pid 109796 (CPUs 1+16)
Request from pid 109796: max_threads=65535, hint_threads=16
[1788510836520] Granted 16 threads to pid 109796 (CPUs 1+16)
Request from pid 109796: max_threads=65535, hint_threads=16
[1788510836678] Granted 16 threads to pid 109796 (CPUs 1+16)
Request from pid 109796: max_threads=65535, hint_threads=16
[1788510836840] Granted 16 threads to pid 109796 (CPUs 1+16)
Request from pid 109796: max_threads=65535, hint_threads=16
[1788510837002] Granted 16 threads to pid 109796 (CPUs 1+16)
Request from pid 109796: max_threads=65535, hint_threads=16
[1788510837160] Granted 16 threads to pid 109796 (CPUs 1+16)
Request from pid 109796: max_threads=65535, hint_threads=16
[1788510837317] Granted 16 threads to pid 109796 (CPUs 1+16)
Request from pid 109796: max_threads=65535, hint_threads=16
[1788510837475] Granted 16 threads to pid 109796 (CPUs 1+16)
Request from pid 109796: max_threads=65535, hint_threads=16
[1788510837632] Granted 16 threads to pid 109796 (CPUs 1+16)
Request from pid 109796: max_threads=65535, hint_threads=16
[1788510837789] Granted 16 threads to pid 109796 (CPUs 1+16)
Request from pid 109796: max_threads=65535, hint_threads=16
[1788510837946] Granted 16 threads to pid 109796 (CPUs 1+16)
Request from pid 109796: max_threads=65535, hint_threads=16
[1788510838103] Granted 16 threads to pid 109796 (CPUs 1+16)
Request from pid 109796: max_threads=65535, hint_threads=16
[1788510838261] Granted 16 threads to pid 109796 (CPUs 1+16)
Request from pid 109796: max_threads=65535, hint_threads=16
[1788510838419] Granted 16 threads to pid 109796 (CPUs 1+16)
Request from pid 109796: max_threads=65535, hint_threads=16
[1788510838577] Granted 16 threads to pid 109796 (CPUs 1+16)
Request from pid 109796: max_threads=65535, hint_threads=16
[1788510838735] Granted 16 threads to pid 109796 (CPUs 1+16)
Request from pid 109796: max_threads=65535, hint_threads=16
[1788510838893] Granted 16 threads to pid 109796 (CPUs 1+16)
Request from pid 109796: max_threads=65535, hint_threads=16
[1788510839050] Granted 16 threads to pid 109796 (CPUs 1+16)
Request from pid 109796: max_threads=65535, hint_threads=16
[1788510839207] Granted 16 threads to pid 109796 (CPUs 1+16)
Request from pid 109796: max_threads=65535, hint_threads=16
[1788510839364] Granted 16 threads to pid 109796 (CPUs 1+16)
Request from pid 109796: max_threads=65535, hint_threads=16
[1788510839522] Granted 16 threads to pid 109796 (CPUs 1+16)
Request from pid 109796: max_threads=65535, hint_threads=16
[1788510839679] Granted 16 threads to pid 109796 (CPUs 1+16)
Request from pid 109796: max_threads=65535, hint_threads=16
[1788510839837] Granted 16 threads to pid 109796 (CPUs 1+16)
Request from pid 109796: max_threads=65535, hint_threads=16
[1788510839995] Granted 16 threads to pid 109796 (CPUs 1+16)
Request from pid 109796: max_threads=65535, hint_threads=16
[1788510840152] Granted 16 threads to pid 109796 (CPUs 1+16)
Request from pid 109796: max_threads=65535, hint_threads=16
[1788510840309] Granted 16 threads to pid 109796 (CPUs 1+16)
Request from pid 109796: max_threads=65535, hint_threads=16
[1788510840465] Granted 16 threads to pid 109796 (CPUs 1+16)
Request from pid 109796: max_threads=65535, hint_threads=16
[1788510840622] Granted 16 threads to pid 109796 (CPUs 1+16)
Request from pid 109796: max_threads=65535, hint_threads=16
[1788510840779] Granted 16 threads to pid 109796 (CPUs 1+16)
[1788510840861] Client pid 109796 disconnected — removed from state
Accepted connection
Handling client
Request from pid 109864: max_threads=65535, hint_threads=16
[1788510842916] Granted 16 threads to pid 109864 (CPUs 1+16)
Request from pid 109864: max_threads=65535, hint_threads=16
[1788510850147] Granted 16 threads to pid 109864 (CPUs 1+16)
Read error: Connection reset by peer (os error 104)
Starting DRM at Fri Sep  4 10:34:12 CEST 2026, capacity=16, cpu_pool=56,57,58,59,60,61,62,63,80,81,82,83,84,85,86,87
CPU pool (16 cores): 56–87
Listening on /tmp/omp-rm.sock (capacity=16, strategy=fair_share)
Accepted connection
Handling client
Request from pid 109946: max_threads=65535, hint_threads=16
[1788510852758] Granted 16 threads to pid 109946 (CPUs 56+16)
Request from pid 109946: max_threads=65535, hint_threads=16
[1788510852916] Granted 16 threads to pid 109946 (CPUs 56+16)
Request from pid 109946: max_threads=65535, hint_threads=16
[1788510853034] Granted 16 threads to pid 109946 (CPUs 56+16)
Request from pid 109946: max_threads=65535, hint_threads=16
[1788510853252] Granted 16 threads to pid 109946 (CPUs 56+16)
Request from pid 109946: max_threads=65535, hint_threads=16
[1788510853320] Granted 16 threads to pid 109946 (CPUs 56+16)
Request from pid 109946: max_threads=65535, hint_threads=16
[1788510853510] Granted 16 threads to pid 109946 (CPUs 56+16)
Request from pid 109946: max_threads=65535, hint_threads=16
[1788510853678] Granted 16 threads to pid 109946 (CPUs 56+16)
Request from pid 109946: max_threads=65535, hint_threads=16
[1788510853891] Granted 16 threads to pid 109946 (CPUs 56+16)
Request from pid 109946: max_threads=65535, hint_threads=16
[1788510854031] Granted 16 threads to pid 109946 (CPUs 56+16)
Request from pid 109946: max_threads=65535, hint_threads=16
[1788510854244] Granted 16 threads to pid 109946 (CPUs 56+16)
Request from pid 109946: max_threads=65535, hint_threads=16
[1788510854384] Granted 16 threads to pid 109946 (CPUs 56+16)
Request from pid 109946: max_threads=65535, hint_threads=16
[1788510854597] Granted 16 threads to pid 109946 (CPUs 56+16)
Request from pid 109946: max_threads=65535, hint_threads=16
[1788510854737] Granted 16 threads to pid 109946 (CPUs 56+16)
Request from pid 109946: max_threads=65535, hint_threads=16
[1788510854950] Granted 16 threads to pid 109946 (CPUs 56+16)
Request from pid 109946: max_threads=65535, hint_threads=16
[1788510855090] Granted 16 threads to pid 109946 (CPUs 56+16)
Request from pid 109946: max_threads=65535, hint_threads=16
[1788510855304] Granted 16 threads to pid 109946 (CPUs 56+16)
Request from pid 109946: max_threads=65535, hint_threads=16
[1788510855444] Granted 16 threads to pid 109946 (CPUs 56+16)
Request from pid 109946: max_threads=65535, hint_threads=16
[1788510855657] Granted 16 threads to pid 109946 (CPUs 56+16)
Request from pid 109946: max_threads=65535, hint_threads=16
[1788510855797] Granted 16 threads to pid 109946 (CPUs 56+16)
Request from pid 109946: max_threads=65535, hint_threads=16
[1788510856010] Granted 16 threads to pid 109946 (CPUs 56+16)
Request from pid 109946: max_threads=65535, hint_threads=16
[1788510856150] Granted 16 threads to pid 109946 (CPUs 56+16)
Request from pid 109946: max_threads=65535, hint_threads=16
[1788510856363] Granted 16 threads to pid 109946 (CPUs 56+16)
Request from pid 109946: max_threads=65535, hint_threads=16
[1788510856504] Granted 16 threads to pid 109946 (CPUs 56+16)
Request from pid 109946: max_threads=65535, hint_threads=16
[1788510856717] Granted 16 threads to pid 109946 (CPUs 56+16)
Request from pid 109946: max_threads=65535, hint_threads=16
[1788510856857] Granted 16 threads to pid 109946 (CPUs 56+16)
Request from pid 109946: max_threads=65535, hint_threads=16
[1788510857073] Granted 16 threads to pid 109946 (CPUs 56+16)
Request from pid 109946: max_threads=65535, hint_threads=16
[1788510857210] Granted 16 threads to pid 109946 (CPUs 56+16)
Request from pid 109946: max_threads=65535, hint_threads=16
[1788510857423] Granted 16 threads to pid 109946 (CPUs 56+16)
Request from pid 109946: max_threads=65535, hint_threads=16
[1788510857564] Granted 16 threads to pid 109946 (CPUs 56+16)
Request from pid 109946: max_threads=65535, hint_threads=16
[1788510857777] Granted 16 threads to pid 109946 (CPUs 56+16)
Request from pid 109946: max_threads=65535, hint_threads=16
[1788510857917] Granted 16 threads to pid 109946 (CPUs 56+16)
Request from pid 109946: max_threads=65535, hint_threads=16
[1788510858130] Granted 16 threads to pid 109946 (CPUs 56+16)
Request from pid 109946: max_threads=65535, hint_threads=16
[1788510858270] Granted 16 threads to pid 109946 (CPUs 56+16)
Request from pid 109946: max_threads=65535, hint_threads=16
[1788510858484] Granted 16 threads to pid 109946 (CPUs 56+16)
Request from pid 109946: max_threads=65535, hint_threads=16
[1788510858624] Granted 16 threads to pid 109946 (CPUs 56+16)
Request from pid 109946: max_threads=65535, hint_threads=16
[1788510858836] Granted 16 threads to pid 109946 (CPUs 56+16)
Request from pid 109946: max_threads=65535, hint_threads=16
[1788510858976] Granted 16 threads to pid 109946 (CPUs 56+16)
Request from pid 109946: max_threads=65535, hint_threads=16
[1788510859189] Granted 16 threads to pid 109946 (CPUs 56+16)
Request from pid 109946: max_threads=65535, hint_threads=16
[1788510859329] Granted 16 threads to pid 109946 (CPUs 56+16)
Request from pid 109946: max_threads=65535, hint_threads=16
[1788510859542] Granted 16 threads to pid 109946 (CPUs 56+16)
Request from pid 109946: max_threads=65535, hint_threads=16
[1788510859683] Granted 16 threads to pid 109946 (CPUs 56+16)
Request from pid 109946: max_threads=65535, hint_threads=16
[1788510859896] Granted 16 threads to pid 109946 (CPUs 56+16)
Request from pid 109946: max_threads=65535, hint_threads=16
[1788510860036] Granted 16 threads to pid 109946 (CPUs 56+16)
Request from pid 109946: max_threads=65535, hint_threads=16
[1788510860249] Granted 16 threads to pid 109946 (CPUs 56+16)
Request from pid 109946: max_threads=65535, hint_threads=16
[1788510860389] Granted 16 threads to pid 109946 (CPUs 56+16)
Request from pid 109946: max_threads=65535, hint_threads=16
[1788510860603] Granted 16 threads to pid 109946 (CPUs 56+16)
Request from pid 109946: max_threads=65535, hint_threads=16
[1788510860706] Granted 16 threads to pid 109946 (CPUs 56+16)
Read error: Connection reset by peer (os error 104)
Accepted connection
Handling client
Request from pid 110020: max_threads=65535, hint_threads=16
[1788510862763] Granted 8 threads to pid 110020 (CPUs 80+8)
Request from pid 110020: max_threads=65535, hint_threads=16
[1788510863691] Granted 8 threads to pid 110020 (CPUs 80+8)
Request from pid 110020: max_threads=65535, hint_threads=16
[1788510863840] Granted 8 threads to pid 110020 (CPUs 80+8)
Request from pid 110020: max_threads=65535, hint_threads=16
[1788510863988] Granted 8 threads to pid 110020 (CPUs 80+8)
Request from pid 110020: max_threads=65535, hint_threads=16
[1788510864286] Granted 8 threads to pid 110020 (CPUs 80+8)
Request from pid 110020: max_threads=65535, hint_threads=16
[1788510864584] Granted 8 threads to pid 110020 (CPUs 80+8)
Request from pid 110020: max_threads=65535, hint_threads=16
[1788510864881] Granted 8 threads to pid 110020 (CPUs 80+8)
Request from pid 110020: max_threads=65535, hint_threads=16
[1788510865179] Granted 8 threads to pid 110020 (CPUs 80+8)
Request from pid 110020: max_threads=65535, hint_threads=16
[1788510865328] Granted 8 threads to pid 110020 (CPUs 80+8)
Request from pid 110020: max_threads=65535, hint_threads=16
[1788510865625] Granted 8 threads to pid 110020 (CPUs 80+8)
Request from pid 110020: max_threads=65535, hint_threads=16
[1788510865923] Granted 16 threads to pid 110020 (CPUs 56+16)
Request from pid 110020: max_threads=65535, hint_threads=16
[1788510866015] Granted 16 threads to pid 110020 (CPUs 56+16)
Request from pid 110020: max_threads=65535, hint_threads=16
[1788510866184] Granted 16 threads to pid 110020 (CPUs 56+16)
Request from pid 110020: max_threads=65535, hint_threads=16
[1788510866354] Granted 16 threads to pid 110020 (CPUs 56+16)
Request from pid 110020: max_threads=65535, hint_threads=16
[1788510866438] Granted 16 threads to pid 110020 (CPUs 56+16)
Request from pid 110020: max_threads=65535, hint_threads=16
[1788510866608] Granted 16 threads to pid 110020 (CPUs 56+16)
Request from pid 110020: max_threads=65535, hint_threads=16
[1788510866777] Granted 16 threads to pid 110020 (CPUs 56+16)
Request from pid 110020: max_threads=65535, hint_threads=16
[1788510866862] Granted 16 threads to pid 110020 (CPUs 56+16)
Request from pid 110020: max_threads=65535, hint_threads=16
[1788510867031] Granted 16 threads to pid 110020 (CPUs 56+16)
Request from pid 110020: max_threads=65535, hint_threads=16
[1788510867200] Granted 16 threads to pid 110020 (CPUs 56+16)
Request from pid 110020: max_threads=65535, hint_threads=16
[1788510867370] Granted 16 threads to pid 110020 (CPUs 56+16)
Request from pid 110020: max_threads=65535, hint_threads=16
[1788510867539] Granted 16 threads to pid 110020 (CPUs 56+16)
Request from pid 110020: max_threads=65535, hint_threads=16
[1788510867708] Granted 16 threads to pid 110020 (CPUs 56+16)
Request from pid 110020: max_threads=65535, hint_threads=16
[1788510867877] Granted 16 threads to pid 110020 (CPUs 56+16)
Request from pid 110020: max_threads=65535, hint_threads=16
[1788510868047] Granted 16 threads to pid 110020 (CPUs 56+16)
Request from pid 110020: max_threads=65535, hint_threads=16
[1788510868216] Granted 16 threads to pid 110020 (CPUs 56+16)
Request from pid 110020: max_threads=65535, hint_threads=16
[1788510868385] Granted 16 threads to pid 110020 (CPUs 56+16)
Request from pid 110020: max_threads=65535, hint_threads=16
[1788510868554] Granted 16 threads to pid 110020 (CPUs 56+16)
Request from pid 110020: max_threads=65535, hint_threads=16
[1788510868723] Granted 16 threads to pid 110020 (CPUs 56+16)
Request from pid 110020: max_threads=65535, hint_threads=16
[1788510868892] Granted 16 threads to pid 110020 (CPUs 56+16)
Request from pid 110020: max_threads=65535, hint_threads=16
[1788510869061] Granted 16 threads to pid 110020 (CPUs 56+16)
Request from pid 110020: max_threads=65535, hint_threads=16
[1788510869231] Granted 16 threads to pid 110020 (CPUs 56+16)
Request from pid 110020: max_threads=65535, hint_threads=16
[1788510869400] Granted 16 threads to pid 110020 (CPUs 56+16)
Request from pid 110020: max_threads=65535, hint_threads=16
[1788510869569] Granted 16 threads to pid 110020 (CPUs 56+16)
Request from pid 110020: max_threads=65535, hint_threads=16
[1788510869738] Granted 16 threads to pid 110020 (CPUs 56+16)
Request from pid 110020: max_threads=65535, hint_threads=16
[1788510869823] Granted 16 threads to pid 110020 (CPUs 56+16)
Request from pid 110020: max_threads=65535, hint_threads=16
[1788510869992] Granted 16 threads to pid 110020 (CPUs 56+16)
Request from pid 110020: max_threads=65535, hint_threads=16
[1788510870161] Granted 16 threads to pid 110020 (CPUs 56+16)
Request from pid 110020: max_threads=65535, hint_threads=16
[1788510870246] Granted 16 threads to pid 110020 (CPUs 56+16)
Request from pid 110020: max_threads=65535, hint_threads=16
[1788510870415] Granted 16 threads to pid 110020 (CPUs 56+16)
Request from pid 110020: max_threads=65535, hint_threads=16
[1788510870584] Granted 16 threads to pid 110020 (CPUs 56+16)
Request from pid 110020: max_threads=65535, hint_threads=16
[1788510870669] Granted 16 threads to pid 110020 (CPUs 56+16)
Request from pid 110020: max_threads=65535, hint_threads=16
[1788510870838] Granted 16 threads to pid 110020 (CPUs 56+16)
Request from pid 110020: max_threads=65535, hint_threads=16
[1788510871007] Granted 16 threads to pid 110020 (CPUs 56+16)
[1788510871011] Client pid 110020 disconnected — removed from state
Accepted connection
Handling client
Request from pid 110088: max_threads=65535, hint_threads=16
[1788510873060] Granted 16 threads to pid 110088 (CPUs 56+16)
Request from pid 110088: max_threads=65535, hint_threads=16
[1788510880292] Granted 16 threads to pid 110088 (CPUs 56+16)
Read error: Connection reset by peer (os error 104)
Starting DRM at Fri Sep  4 10:34:42 CEST 2026, capacity=16, cpu_pool=1,2,3,4,5,6,7,8,9,10,11,12,13,14,15,16
CPU pool (16 cores): 1–16
Listening on /tmp/omp-rm.sock (capacity=16, strategy=fair_share)
Accepted connection
Handling client
Request from pid 110212: max_threads=65535, hint_threads=16
[1788510882866] Granted 16 threads to pid 110212 (CPUs 1+16)
Request from pid 110212: max_threads=65535, hint_threads=16
[1788510883012] Granted 16 threads to pid 110212 (CPUs 1+16)
Request from pid 110212: max_threads=65535, hint_threads=16
[1788510883132] Granted 16 threads to pid 110212 (CPUs 1+16)
Request from pid 110212: max_threads=65535, hint_threads=16
[1788510883351] Granted 16 threads to pid 110212 (CPUs 1+16)
Request from pid 110212: max_threads=65535, hint_threads=16
[1788510883420] Granted 16 threads to pid 110212 (CPUs 1+16)
Request from pid 110212: max_threads=65535, hint_threads=16
[1788510883610] Granted 16 threads to pid 110212 (CPUs 1+16)
Request from pid 110212: max_threads=65535, hint_threads=16
[1788510883780] Granted 16 threads to pid 110212 (CPUs 1+16)
Request from pid 110212: max_threads=65535, hint_threads=16
[1788510883994] Granted 16 threads to pid 110212 (CPUs 1+16)
Request from pid 110212: max_threads=65535, hint_threads=16
[1788510884136] Granted 16 threads to pid 110212 (CPUs 1+16)
Request from pid 110212: max_threads=65535, hint_threads=16
[1788510884349] Granted 16 threads to pid 110212 (CPUs 1+16)
Request from pid 110212: max_threads=65535, hint_threads=16
[1788510884491] Granted 16 threads to pid 110212 (CPUs 1+16)
Request from pid 110212: max_threads=65535, hint_threads=16
[1788510884704] Granted 16 threads to pid 110212 (CPUs 1+16)
Request from pid 110212: max_threads=65535, hint_threads=16
[1788510884846] Granted 16 threads to pid 110212 (CPUs 1+16)
Request from pid 110212: max_threads=65535, hint_threads=16
[1788510885059] Granted 16 threads to pid 110212 (CPUs 1+16)
Request from pid 110212: max_threads=65535, hint_threads=16
[1788510885201] Granted 16 threads to pid 110212 (CPUs 1+16)
Request from pid 110212: max_threads=65535, hint_threads=16
[1788510885414] Granted 16 threads to pid 110212 (CPUs 1+16)
Request from pid 110212: max_threads=65535, hint_threads=16
[1788510885556] Granted 16 threads to pid 110212 (CPUs 1+16)
Request from pid 110212: max_threads=65535, hint_threads=16
[1788510885769] Granted 16 threads to pid 110212 (CPUs 1+16)
Request from pid 110212: max_threads=65535, hint_threads=16
[1788510885911] Granted 16 threads to pid 110212 (CPUs 1+16)
Request from pid 110212: max_threads=65535, hint_threads=16
[1788510886124] Granted 16 threads to pid 110212 (CPUs 1+16)
Request from pid 110212: max_threads=65535, hint_threads=16
[1788510886266] Granted 16 threads to pid 110212 (CPUs 1+16)
Request from pid 110212: max_threads=65535, hint_threads=16
[1788510886479] Granted 16 threads to pid 110212 (CPUs 1+16)
Request from pid 110212: max_threads=65535, hint_threads=16
[1788510886621] Granted 16 threads to pid 110212 (CPUs 1+16)
Request from pid 110212: max_threads=65535, hint_threads=16
[1788510886835] Granted 16 threads to pid 110212 (CPUs 1+16)
Request from pid 110212: max_threads=65535, hint_threads=16
[1788510886977] Granted 16 threads to pid 110212 (CPUs 1+16)
Request from pid 110212: max_threads=65535, hint_threads=16
[1788510887190] Granted 16 threads to pid 110212 (CPUs 1+16)
Request from pid 110212: max_threads=65535, hint_threads=16
[1788510887332] Granted 16 threads to pid 110212 (CPUs 1+16)
Request from pid 110212: max_threads=65535, hint_threads=16
[1788510887545] Granted 16 threads to pid 110212 (CPUs 1+16)
Request from pid 110212: max_threads=65535, hint_threads=16
[1788510887687] Granted 16 threads to pid 110212 (CPUs 1+16)
Request from pid 110212: max_threads=65535, hint_threads=16
[1788510887900] Granted 16 threads to pid 110212 (CPUs 1+16)
Request from pid 110212: max_threads=65535, hint_threads=16
[1788510888042] Granted 16 threads to pid 110212 (CPUs 1+16)
Request from pid 110212: max_threads=65535, hint_threads=16
[1788510888256] Granted 16 threads to pid 110212 (CPUs 1+16)
Request from pid 110212: max_threads=65535, hint_threads=16
[1788510888403] Granted 16 threads to pid 110212 (CPUs 1+16)
Request from pid 110212: max_threads=65535, hint_threads=16
[1788510888611] Granted 16 threads to pid 110212 (CPUs 1+16)
Request from pid 110212: max_threads=65535, hint_threads=16
[1788510888752] Granted 16 threads to pid 110212 (CPUs 1+16)
Request from pid 110212: max_threads=65535, hint_threads=16
[1788510888966] Granted 16 threads to pid 110212 (CPUs 1+16)
Request from pid 110212: max_threads=65535, hint_threads=16
[1788510889108] Granted 16 threads to pid 110212 (CPUs 1+16)
Request from pid 110212: max_threads=65535, hint_threads=16
[1788510889321] Granted 16 threads to pid 110212 (CPUs 1+16)
Request from pid 110212: max_threads=65535, hint_threads=16
[1788510889463] Granted 16 threads to pid 110212 (CPUs 1+16)
Request from pid 110212: max_threads=65535, hint_threads=16
[1788510889676] Granted 16 threads to pid 110212 (CPUs 1+16)
Request from pid 110212: max_threads=65535, hint_threads=16
[1788510889818] Granted 16 threads to pid 110212 (CPUs 1+16)
Request from pid 110212: max_threads=65535, hint_threads=16
[1788510890032] Granted 16 threads to pid 110212 (CPUs 1+16)
Request from pid 110212: max_threads=65535, hint_threads=16
[1788510890174] Granted 16 threads to pid 110212 (CPUs 1+16)
Request from pid 110212: max_threads=65535, hint_threads=16
[1788510890387] Granted 16 threads to pid 110212 (CPUs 1+16)
Request from pid 110212: max_threads=65535, hint_threads=16
[1788510890529] Granted 16 threads to pid 110212 (CPUs 1+16)
Request from pid 110212: max_threads=65535, hint_threads=16
[1788510890742] Granted 16 threads to pid 110212 (CPUs 1+16)
Request from pid 110212: max_threads=65535, hint_threads=16
[1788510890847] Granted 16 threads to pid 110212 (CPUs 1+16)
Read error: Connection reset by peer (os error 104)
Accepted connection
Handling client
Request from pid 110289: max_threads=65535, hint_threads=16
[1788510892917] Granted 8 threads to pid 110289 (CPUs 9+8)
Request from pid 110289: max_threads=65535, hint_threads=16
[1788510893853] Granted 8 threads to pid 110289 (CPUs 9+8)
Request from pid 110289: max_threads=65535, hint_threads=16
[1788510894163] Granted 8 threads to pid 110289 (CPUs 9+8)
Request from pid 110289: max_threads=65535, hint_threads=16
[1788510894474] Granted 8 threads to pid 110289 (CPUs 9+8)
Request from pid 110289: max_threads=65535, hint_threads=16
[1788510894784] Granted 8 threads to pid 110289 (CPUs 9+8)
Request from pid 110289: max_threads=65535, hint_threads=16
[1788510895094] Granted 8 threads to pid 110289 (CPUs 9+8)
Request from pid 110289: max_threads=65535, hint_threads=16
[1788510895405] Granted 8 threads to pid 110289 (CPUs 9+8)
Request from pid 110289: max_threads=65535, hint_threads=16
[1788510895716] Granted 8 threads to pid 110289 (CPUs 9+8)
Request from pid 110289: max_threads=65535, hint_threads=16
[1788510896027] Granted 16 threads to pid 110289 (CPUs 1+16)
Request from pid 110289: max_threads=65535, hint_threads=16
[1788510896272] Granted 16 threads to pid 110289 (CPUs 1+16)
Request from pid 110289: max_threads=65535, hint_threads=16
[1788510896437] Granted 16 threads to pid 110289 (CPUs 1+16)
Request from pid 110289: max_threads=65535, hint_threads=16
[1788510896601] Granted 16 threads to pid 110289 (CPUs 1+16)
Request from pid 110289: max_threads=65535, hint_threads=16
[1788510896765] Granted 16 threads to pid 110289 (CPUs 1+16)
Request from pid 110289: max_threads=65535, hint_threads=16
[1788510896930] Granted 16 threads to pid 110289 (CPUs 1+16)
Request from pid 110289: max_threads=65535, hint_threads=16
[1788510897118] Granted 16 threads to pid 110289 (CPUs 1+16)
Request from pid 110289: max_threads=65535, hint_threads=16
[1788510897258] Granted 16 threads to pid 110289 (CPUs 1+16)
Request from pid 110289: max_threads=65535, hint_threads=16
[1788510897422] Granted 16 threads to pid 110289 (CPUs 1+16)
Request from pid 110289: max_threads=65535, hint_threads=16
[1788510897586] Granted 16 threads to pid 110289 (CPUs 1+16)
Request from pid 110289: max_threads=65535, hint_threads=16
[1788510897750] Granted 16 threads to pid 110289 (CPUs 1+16)
Request from pid 110289: max_threads=65535, hint_threads=16
[1788510897914] Granted 16 threads to pid 110289 (CPUs 1+16)
Request from pid 110289: max_threads=65535, hint_threads=16
[1788510898078] Granted 16 threads to pid 110289 (CPUs 1+16)
Request from pid 110289: max_threads=65535, hint_threads=16
[1788510898242] Granted 16 threads to pid 110289 (CPUs 1+16)
Request from pid 110289: max_threads=65535, hint_threads=16
[1788510898407] Granted 16 threads to pid 110289 (CPUs 1+16)
Request from pid 110289: max_threads=65535, hint_threads=16
[1788510898570] Granted 16 threads to pid 110289 (CPUs 1+16)
Request from pid 110289: max_threads=65535, hint_threads=16
[1788510898734] Granted 16 threads to pid 110289 (CPUs 1+16)
Request from pid 110289: max_threads=65535, hint_threads=16
[1788510898898] Granted 16 threads to pid 110289 (CPUs 1+16)
Request from pid 110289: max_threads=65535, hint_threads=16
[1788510899062] Granted 16 threads to pid 110289 (CPUs 1+16)
Request from pid 110289: max_threads=65535, hint_threads=16
[1788510899226] Granted 16 threads to pid 110289 (CPUs 1+16)
Request from pid 110289: max_threads=65535, hint_threads=16
[1788510899390] Granted 16 threads to pid 110289 (CPUs 1+16)
Request from pid 110289: max_threads=65535, hint_threads=16
[1788510899554] Granted 16 threads to pid 110289 (CPUs 1+16)
Request from pid 110289: max_threads=65535, hint_threads=16
[1788510899718] Granted 16 threads to pid 110289 (CPUs 1+16)
Request from pid 110289: max_threads=65535, hint_threads=16
[1788510899881] Granted 16 threads to pid 110289 (CPUs 1+16)
Request from pid 110289: max_threads=65535, hint_threads=16
[1788510900045] Granted 16 threads to pid 110289 (CPUs 1+16)
Request from pid 110289: max_threads=65535, hint_threads=16
[1788510900209] Granted 16 threads to pid 110289 (CPUs 1+16)
Request from pid 110289: max_threads=65535, hint_threads=16
[1788510900373] Granted 16 threads to pid 110289 (CPUs 1+16)
Request from pid 110289: max_threads=65535, hint_threads=16
[1788510900537] Granted 16 threads to pid 110289 (CPUs 1+16)
Request from pid 110289: max_threads=65535, hint_threads=16
[1788510900700] Granted 16 threads to pid 110289 (CPUs 1+16)
Request from pid 110289: max_threads=65535, hint_threads=16
[1788510900864] Granted 16 threads to pid 110289 (CPUs 1+16)
Request from pid 110289: max_threads=65535, hint_threads=16
[1788510901028] Granted 16 threads to pid 110289 (CPUs 1+16)
[1788510901113] Client pid 110289 disconnected — removed from state
Accepted connection
Handling client
Request from pid 110362: max_threads=65535, hint_threads=16
[1788510903171] Granted 16 threads to pid 110362 (CPUs 1+16)
Request from pid 110362: max_threads=65535, hint_threads=16
[1788510910406] Granted 16 threads to pid 110362 (CPUs 1+16)
Read error: Connection reset by peer (os error 104)
Starting DRM at Fri Sep  4 10:35:12 CEST 2026, capacity=16, cpu_pool=56,57,58,59,60,61,62,63,80,81,82,83,84,85,86,87
CPU pool (16 cores): 56–87
Listening on /tmp/omp-rm.sock (capacity=16, strategy=fair_share)
Accepted connection
Handling client
Request from pid 110452: max_threads=65535, hint_threads=16
[1788510912970] Granted 16 threads to pid 110452 (CPUs 56+16)
Request from pid 110452: max_threads=65535, hint_threads=16
[1788510913127] Granted 16 threads to pid 110452 (CPUs 56+16)
Request from pid 110452: max_threads=65535, hint_threads=16
[1788510913249] Granted 16 threads to pid 110452 (CPUs 56+16)
Request from pid 110452: max_threads=65535, hint_threads=16
[1788510913472] Granted 16 threads to pid 110452 (CPUs 56+16)
Request from pid 110452: max_threads=65535, hint_threads=16
[1788510913541] Granted 16 threads to pid 110452 (CPUs 56+16)
Request from pid 110452: max_threads=65535, hint_threads=16
[1788510913736] Granted 16 threads to pid 110452 (CPUs 56+16)
Request from pid 110452: max_threads=65535, hint_threads=16
[1788510913908] Granted 16 threads to pid 110452 (CPUs 56+16)
Request from pid 110452: max_threads=65535, hint_threads=16
[1788510914125] Granted 16 threads to pid 110452 (CPUs 56+16)
Request from pid 110452: max_threads=65535, hint_threads=16
[1788510914269] Granted 16 threads to pid 110452 (CPUs 56+16)
Request from pid 110452: max_threads=65535, hint_threads=16
[1788510914486] Granted 16 threads to pid 110452 (CPUs 56+16)
Request from pid 110452: max_threads=65535, hint_threads=16
[1788510914630] Granted 16 threads to pid 110452 (CPUs 56+16)
Request from pid 110452: max_threads=65535, hint_threads=16
[1788510914847] Granted 16 threads to pid 110452 (CPUs 56+16)
Request from pid 110452: max_threads=65535, hint_threads=16
[1788510914991] Granted 16 threads to pid 110452 (CPUs 56+16)
Request from pid 110452: max_threads=65535, hint_threads=16
[1788510915206] Granted 16 threads to pid 110452 (CPUs 56+16)
Request from pid 110452: max_threads=65535, hint_threads=16
[1788510915350] Granted 16 threads to pid 110452 (CPUs 56+16)
Request from pid 110452: max_threads=65535, hint_threads=16
[1788510915566] Granted 16 threads to pid 110452 (CPUs 56+16)
Request from pid 110452: max_threads=65535, hint_threads=16
[1788510915710] Granted 16 threads to pid 110452 (CPUs 56+16)
Request from pid 110452: max_threads=65535, hint_threads=16
[1788510915926] Granted 16 threads to pid 110452 (CPUs 56+16)
Request from pid 110452: max_threads=65535, hint_threads=16
[1788510916070] Granted 16 threads to pid 110452 (CPUs 56+16)
Request from pid 110452: max_threads=65535, hint_threads=16
[1788510916286] Granted 16 threads to pid 110452 (CPUs 56+16)
Request from pid 110452: max_threads=65535, hint_threads=16
[1788510916430] Granted 16 threads to pid 110452 (CPUs 56+16)
Request from pid 110452: max_threads=65535, hint_threads=16
[1788510916647] Granted 16 threads to pid 110452 (CPUs 56+16)
Request from pid 110452: max_threads=65535, hint_threads=16
[1788510916791] Granted 16 threads to pid 110452 (CPUs 56+16)
Request from pid 110452: max_threads=65535, hint_threads=16
[1788510917008] Granted 16 threads to pid 110452 (CPUs 56+16)
Request from pid 110452: max_threads=65535, hint_threads=16
[1788510917223] Granted 16 threads to pid 110452 (CPUs 56+16)
Request from pid 110452: max_threads=65535, hint_threads=16
[1788510917368] Granted 16 threads to pid 110452 (CPUs 56+16)
Request from pid 110452: max_threads=65535, hint_threads=16
[1788510917512] Granted 16 threads to pid 110452 (CPUs 56+16)
Request from pid 110452: max_threads=65535, hint_threads=16
[1788510917729] Granted 16 threads to pid 110452 (CPUs 56+16)
Request from pid 110452: max_threads=65535, hint_threads=16
[1788510917873] Granted 16 threads to pid 110452 (CPUs 56+16)
Request from pid 110452: max_threads=65535, hint_threads=16
[1788510918090] Granted 16 threads to pid 110452 (CPUs 56+16)
Request from pid 110452: max_threads=65535, hint_threads=16
[1788510918234] Granted 16 threads to pid 110452 (CPUs 56+16)
Request from pid 110452: max_threads=65535, hint_threads=16
[1788510918450] Granted 16 threads to pid 110452 (CPUs 56+16)
Request from pid 110452: max_threads=65535, hint_threads=16
[1788510918593] Granted 16 threads to pid 110452 (CPUs 56+16)
Request from pid 110452: max_threads=65535, hint_threads=16
[1788510918809] Granted 16 threads to pid 110452 (CPUs 56+16)
Request from pid 110452: max_threads=65535, hint_threads=16
[1788510918953] Granted 16 threads to pid 110452 (CPUs 56+16)
Request from pid 110452: max_threads=65535, hint_threads=16
[1788510919169] Granted 16 threads to pid 110452 (CPUs 56+16)
Request from pid 110452: max_threads=65535, hint_threads=16
[1788510919313] Granted 16 threads to pid 110452 (CPUs 56+16)
Request from pid 110452: max_threads=65535, hint_threads=16
[1788510919529] Granted 16 threads to pid 110452 (CPUs 56+16)
Request from pid 110452: max_threads=65535, hint_threads=16
[1788510919673] Granted 16 threads to pid 110452 (CPUs 56+16)
Request from pid 110452: max_threads=65535, hint_threads=16
[1788510919890] Granted 16 threads to pid 110452 (CPUs 56+16)
Request from pid 110452: max_threads=65535, hint_threads=16
[1788510920034] Granted 16 threads to pid 110452 (CPUs 56+16)
Request from pid 110452: max_threads=65535, hint_threads=16
[1788510920250] Granted 16 threads to pid 110452 (CPUs 56+16)
Request from pid 110452: max_threads=65535, hint_threads=16
[1788510920394] Granted 16 threads to pid 110452 (CPUs 56+16)
Request from pid 110452: max_threads=65535, hint_threads=16
[1788510920611] Granted 16 threads to pid 110452 (CPUs 56+16)
Request from pid 110452: max_threads=65535, hint_threads=16
[1788510920755] Granted 16 threads to pid 110452 (CPUs 56+16)
Request from pid 110452: max_threads=65535, hint_threads=16
[1788510920972] Granted 16 threads to pid 110452 (CPUs 56+16)
Request from pid 110452: max_threads=65535, hint_threads=16
[1788510921079] Granted 16 threads to pid 110452 (CPUs 56+16)
Read error: Connection reset by peer (os error 104)
Accepted connection
Handling client
Request from pid 110516: max_threads=65535, hint_threads=16
[1788510923130] Granted 8 threads to pid 110516 (CPUs 80+8)
Request from pid 110516: max_threads=65535, hint_threads=16
[1788510924065] Granted 8 threads to pid 110516 (CPUs 80+8)
Request from pid 110516: max_threads=65535, hint_threads=16
[1788510924211] Granted 8 threads to pid 110516 (CPUs 80+8)
Request from pid 110516: max_threads=65535, hint_threads=16
[1788510924357] Granted 8 threads to pid 110516 (CPUs 80+8)
Request from pid 110516: max_threads=65535, hint_threads=16
[1788510924649] Granted 8 threads to pid 110516 (CPUs 80+8)
Request from pid 110516: max_threads=65535, hint_threads=16
[1788510924941] Granted 8 threads to pid 110516 (CPUs 80+8)
Request from pid 110516: max_threads=65535, hint_threads=16
[1788510925233] Granted 8 threads to pid 110516 (CPUs 80+8)
Request from pid 110516: max_threads=65535, hint_threads=16
[1788510925524] Granted 8 threads to pid 110516 (CPUs 80+8)
Request from pid 110516: max_threads=65535, hint_threads=16
[1788510925670] Granted 8 threads to pid 110516 (CPUs 80+8)
Request from pid 110516: max_threads=65535, hint_threads=16
[1788510925962] Granted 8 threads to pid 110516 (CPUs 80+8)
Request from pid 110516: max_threads=65535, hint_threads=16
[1788510926254] Granted 16 threads to pid 110516 (CPUs 56+16)
Request from pid 110516: max_threads=65535, hint_threads=16
[1788510926347] Granted 16 threads to pid 110516 (CPUs 56+16)
Request from pid 110516: max_threads=65535, hint_threads=16
[1788510926512] Granted 16 threads to pid 110516 (CPUs 56+16)
Request from pid 110516: max_threads=65535, hint_threads=16
[1788510926677] Granted 16 threads to pid 110516 (CPUs 56+16)
Request from pid 110516: max_threads=65535, hint_threads=16
[1788510926760] Granted 16 threads to pid 110516 (CPUs 56+16)
Request from pid 110516: max_threads=65535, hint_threads=16
[1788510926925] Granted 16 threads to pid 110516 (CPUs 56+16)
Request from pid 110516: max_threads=65535, hint_threads=16
[1788510927090] Granted 16 threads to pid 110516 (CPUs 56+16)
Request from pid 110516: max_threads=65535, hint_threads=16
[1788510927173] Granted 16 threads to pid 110516 (CPUs 56+16)
Request from pid 110516: max_threads=65535, hint_threads=16
[1788510927338] Granted 16 threads to pid 110516 (CPUs 56+16)
Request from pid 110516: max_threads=65535, hint_threads=16
[1788510927503] Granted 16 threads to pid 110516 (CPUs 56+16)
Request from pid 110516: max_threads=65535, hint_threads=16
[1788510927668] Granted 16 threads to pid 110516 (CPUs 56+16)
Request from pid 110516: max_threads=65535, hint_threads=16
[1788510927833] Granted 16 threads to pid 110516 (CPUs 56+16)
Request from pid 110516: max_threads=65535, hint_threads=16
[1788510927998] Granted 16 threads to pid 110516 (CPUs 56+16)
Request from pid 110516: max_threads=65535, hint_threads=16
[1788510928163] Granted 16 threads to pid 110516 (CPUs 56+16)
Request from pid 110516: max_threads=65535, hint_threads=16
[1788510928328] Granted 16 threads to pid 110516 (CPUs 56+16)
Request from pid 110516: max_threads=65535, hint_threads=16
[1788510928493] Granted 16 threads to pid 110516 (CPUs 56+16)
Request from pid 110516: max_threads=65535, hint_threads=16
[1788510928658] Granted 16 threads to pid 110516 (CPUs 56+16)
Request from pid 110516: max_threads=65535, hint_threads=16
[1788510928823] Granted 16 threads to pid 110516 (CPUs 56+16)
Request from pid 110516: max_threads=65535, hint_threads=16
[1788510928988] Granted 16 threads to pid 110516 (CPUs 56+16)
Request from pid 110516: max_threads=65535, hint_threads=16
[1788510929152] Granted 16 threads to pid 110516 (CPUs 56+16)
Request from pid 110516: max_threads=65535, hint_threads=16
[1788510929317] Granted 16 threads to pid 110516 (CPUs 56+16)
Request from pid 110516: max_threads=65535, hint_threads=16
[1788510929482] Granted 16 threads to pid 110516 (CPUs 56+16)
Request from pid 110516: max_threads=65535, hint_threads=16
[1788510929647] Granted 16 threads to pid 110516 (CPUs 56+16)
Request from pid 110516: max_threads=65535, hint_threads=16
[1788510929812] Granted 16 threads to pid 110516 (CPUs 56+16)
Request from pid 110516: max_threads=65535, hint_threads=16
[1788510929977] Granted 16 threads to pid 110516 (CPUs 56+16)
Request from pid 110516: max_threads=65535, hint_threads=16
[1788510930142] Granted 16 threads to pid 110516 (CPUs 56+16)
Request from pid 110516: max_threads=65535, hint_threads=16
[1788510930306] Granted 16 threads to pid 110516 (CPUs 56+16)
Request from pid 110516: max_threads=65535, hint_threads=16
[1788510930471] Granted 16 threads to pid 110516 (CPUs 56+16)
Request from pid 110516: max_threads=65535, hint_threads=16
[1788510930636] Granted 16 threads to pid 110516 (CPUs 56+16)
Request from pid 110516: max_threads=65535, hint_threads=16
[1788510930801] Granted 16 threads to pid 110516 (CPUs 56+16)
Request from pid 110516: max_threads=65535, hint_threads=16
[1788510930883] Granted 16 threads to pid 110516 (CPUs 56+16)
Request from pid 110516: max_threads=65535, hint_threads=16
[1788510931048] Granted 16 threads to pid 110516 (CPUs 56+16)
Request from pid 110516: max_threads=65535, hint_threads=16
[1788510931213] Granted 16 threads to pid 110516 (CPUs 56+16)
[1788510931217] Client pid 110516 disconnected — removed from state
Accepted connection
Handling client
Request from pid 110582: max_threads=65535, hint_threads=16
[1788510933267] Granted 16 threads to pid 110582 (CPUs 56+16)
Request from pid 110582: max_threads=65535, hint_threads=16
[1788510940501] Granted 16 threads to pid 110582 (CPUs 56+16)
Read error: Connection reset by peer (os error 104)
Starting DRM at Fri Sep  4 10:35:42 CEST 2026, capacity=16, cpu_pool=1,2,3,4,5,6,7,8,9,10,11,12,13,14,15,16
CPU pool (16 cores): 1–16
Listening on /tmp/omp-rm.sock (capacity=16, strategy=fair_share)
Accepted connection
Handling client
Request from pid 110664: max_threads=65535, hint_threads=16
[1788510943082] Granted 16 threads to pid 110664 (CPUs 1+16)
Request from pid 110664: max_threads=65535, hint_threads=16
[1788510943230] Granted 16 threads to pid 110664 (CPUs 1+16)
Request from pid 110664: max_threads=65535, hint_threads=16
[1788510943348] Granted 16 threads to pid 110664 (CPUs 1+16)
Request from pid 110664: max_threads=65535, hint_threads=16
[1788510943564] Granted 16 threads to pid 110664 (CPUs 1+16)
Request from pid 110664: max_threads=65535, hint_threads=16
[1788510943633] Granted 16 threads to pid 110664 (CPUs 1+16)
Request from pid 110664: max_threads=65535, hint_threads=16
[1788510943820] Granted 16 threads to pid 110664 (CPUs 1+16)
Request from pid 110664: max_threads=65535, hint_threads=16
[1788510943989] Granted 16 threads to pid 110664 (CPUs 1+16)
Request from pid 110664: max_threads=65535, hint_threads=16
[1788510944200] Granted 16 threads to pid 110664 (CPUs 1+16)
Request from pid 110664: max_threads=65535, hint_threads=16
[1788510944340] Granted 16 threads to pid 110664 (CPUs 1+16)
Request from pid 110664: max_threads=65535, hint_threads=16
[1788510944551] Granted 16 threads to pid 110664 (CPUs 1+16)
Request from pid 110664: max_threads=65535, hint_threads=16
[1788510944691] Granted 16 threads to pid 110664 (CPUs 1+16)
Request from pid 110664: max_threads=65535, hint_threads=16
[1788510944903] Granted 16 threads to pid 110664 (CPUs 1+16)
Request from pid 110664: max_threads=65535, hint_threads=16
[1788510945043] Granted 16 threads to pid 110664 (CPUs 1+16)
Request from pid 110664: max_threads=65535, hint_threads=16
[1788510945254] Granted 16 threads to pid 110664 (CPUs 1+16)
Request from pid 110664: max_threads=65535, hint_threads=16
[1788510945394] Granted 16 threads to pid 110664 (CPUs 1+16)
Request from pid 110664: max_threads=65535, hint_threads=16
[1788510945605] Granted 16 threads to pid 110664 (CPUs 1+16)
Request from pid 110664: max_threads=65535, hint_threads=16
[1788510945745] Granted 16 threads to pid 110664 (CPUs 1+16)
Request from pid 110664: max_threads=65535, hint_threads=16
[1788510945957] Granted 16 threads to pid 110664 (CPUs 1+16)
Request from pid 110664: max_threads=65535, hint_threads=16
[1788510946097] Granted 16 threads to pid 110664 (CPUs 1+16)
Request from pid 110664: max_threads=65535, hint_threads=16
[1788510946308] Granted 16 threads to pid 110664 (CPUs 1+16)
Request from pid 110664: max_threads=65535, hint_threads=16
[1788510946448] Granted 16 threads to pid 110664 (CPUs 1+16)
Request from pid 110664: max_threads=65535, hint_threads=16
[1788510946660] Granted 16 threads to pid 110664 (CPUs 1+16)
Request from pid 110664: max_threads=65535, hint_threads=16
[1788510946800] Granted 16 threads to pid 110664 (CPUs 1+16)
Request from pid 110664: max_threads=65535, hint_threads=16
[1788510947012] Granted 16 threads to pid 110664 (CPUs 1+16)
Request from pid 110664: max_threads=65535, hint_threads=16
[1788510947267] Granted 16 threads to pid 110664 (CPUs 1+16)
Request from pid 110664: max_threads=65535, hint_threads=16
[1788510947363] Granted 16 threads to pid 110664 (CPUs 1+16)
Request from pid 110664: max_threads=65535, hint_threads=16
[1788510947503] Granted 16 threads to pid 110664 (CPUs 1+16)
Request from pid 110664: max_threads=65535, hint_threads=16
[1788510947714] Granted 16 threads to pid 110664 (CPUs 1+16)
Request from pid 110664: max_threads=65535, hint_threads=16
[1788510947854] Granted 16 threads to pid 110664 (CPUs 1+16)
Request from pid 110664: max_threads=65535, hint_threads=16
[1788510948065] Granted 16 threads to pid 110664 (CPUs 1+16)
Request from pid 110664: max_threads=65535, hint_threads=16
[1788510948206] Granted 16 threads to pid 110664 (CPUs 1+16)
Request from pid 110664: max_threads=65535, hint_threads=16
[1788510948416] Granted 16 threads to pid 110664 (CPUs 1+16)
Request from pid 110664: max_threads=65535, hint_threads=16
[1788510948556] Granted 16 threads to pid 110664 (CPUs 1+16)
Request from pid 110664: max_threads=65535, hint_threads=16
[1788510948767] Granted 16 threads to pid 110664 (CPUs 1+16)
Request from pid 110664: max_threads=65535, hint_threads=16
[1788510948907] Granted 16 threads to pid 110664 (CPUs 1+16)
Request from pid 110664: max_threads=65535, hint_threads=16
[1788510949119] Granted 16 threads to pid 110664 (CPUs 1+16)
Request from pid 110664: max_threads=65535, hint_threads=16
[1788510949258] Granted 16 threads to pid 110664 (CPUs 1+16)
Request from pid 110664: max_threads=65535, hint_threads=16
[1788510949470] Granted 16 threads to pid 110664 (CPUs 1+16)
Request from pid 110664: max_threads=65535, hint_threads=16
[1788510949610] Granted 16 threads to pid 110664 (CPUs 1+16)
Request from pid 110664: max_threads=65535, hint_threads=16
[1788510949821] Granted 16 threads to pid 110664 (CPUs 1+16)
Request from pid 110664: max_threads=65535, hint_threads=16
[1788510949961] Granted 16 threads to pid 110664 (CPUs 1+16)
Request from pid 110664: max_threads=65535, hint_threads=16
[1788510950173] Granted 16 threads to pid 110664 (CPUs 1+16)
Request from pid 110664: max_threads=65535, hint_threads=16
[1788510950313] Granted 16 threads to pid 110664 (CPUs 1+16)
Request from pid 110664: max_threads=65535, hint_threads=16
[1788510950524] Granted 16 threads to pid 110664 (CPUs 1+16)
Request from pid 110664: max_threads=65535, hint_threads=16
[1788510950664] Granted 16 threads to pid 110664 (CPUs 1+16)
Request from pid 110664: max_threads=65535, hint_threads=16
[1788510950876] Granted 16 threads to pid 110664 (CPUs 1+16)
Request from pid 110664: max_threads=65535, hint_threads=16
[1788510950979] Granted 16 threads to pid 110664 (CPUs 1+16)
Read error: Connection reset by peer (os error 104)
Accepted connection
Handling client
Request from pid 110730: max_threads=65535, hint_threads=16
[1788510953069] Granted 8 threads to pid 110730 (CPUs 9+8)
Request from pid 110730: max_threads=65535, hint_threads=16
[1788510954016] Granted 8 threads to pid 110730 (CPUs 9+8)
Request from pid 110730: max_threads=65535, hint_threads=16
[1788510954181] Granted 8 threads to pid 110730 (CPUs 9+8)
Request from pid 110730: max_threads=65535, hint_threads=16
[1788510954346] Granted 8 threads to pid 110730 (CPUs 9+8)
Request from pid 110730: max_threads=65535, hint_threads=16
[1788510954676] Granted 8 threads to pid 110730 (CPUs 9+8)
Request from pid 110730: max_threads=65535, hint_threads=16
[1788510955006] Granted 8 threads to pid 110730 (CPUs 9+8)
Request from pid 110730: max_threads=65535, hint_threads=16
[1788510955335] Granted 8 threads to pid 110730 (CPUs 9+8)
Request from pid 110730: max_threads=65535, hint_threads=16
[1788510955664] Granted 8 threads to pid 110730 (CPUs 9+8)
Request from pid 110730: max_threads=65535, hint_threads=16
[1788510955829] Granted 8 threads to pid 110730 (CPUs 9+8)
Request from pid 110730: max_threads=65535, hint_threads=16
[1788510956158] Granted 16 threads to pid 110730 (CPUs 1+16)
Request from pid 110730: max_threads=65535, hint_threads=16
[1788510956417] Granted 16 threads to pid 110730 (CPUs 1+16)
Request from pid 110730: max_threads=65535, hint_threads=16
[1788510956591] Granted 16 threads to pid 110730 (CPUs 1+16)
Request from pid 110730: max_threads=65535, hint_threads=16
[1788510956764] Granted 16 threads to pid 110730 (CPUs 1+16)
Request from pid 110730: max_threads=65535, hint_threads=16
[1788510956938] Granted 16 threads to pid 110730 (CPUs 1+16)
Request from pid 110730: max_threads=65535, hint_threads=16
[1788510957111] Granted 16 threads to pid 110730 (CPUs 1+16)
Request from pid 110730: max_threads=65535, hint_threads=16
[1788510957284] Granted 16 threads to pid 110730 (CPUs 1+16)
Request from pid 110730: max_threads=65535, hint_threads=16
[1788510957458] Granted 16 threads to pid 110730 (CPUs 1+16)
Request from pid 110730: max_threads=65535, hint_threads=16
[1788510957631] Granted 16 threads to pid 110730 (CPUs 1+16)
Request from pid 110730: max_threads=65535, hint_threads=16
[1788510957804] Granted 16 threads to pid 110730 (CPUs 1+16)
Request from pid 110730: max_threads=65535, hint_threads=16
[1788510957977] Granted 16 threads to pid 110730 (CPUs 1+16)
Request from pid 110730: max_threads=65535, hint_threads=16
[1788510958150] Granted 16 threads to pid 110730 (CPUs 1+16)
Request from pid 110730: max_threads=65535, hint_threads=16
[1788510958323] Granted 16 threads to pid 110730 (CPUs 1+16)
Request from pid 110730: max_threads=65535, hint_threads=16
[1788510958496] Granted 16 threads to pid 110730 (CPUs 1+16)
Request from pid 110730: max_threads=65535, hint_threads=16
[1788510958669] Granted 16 threads to pid 110730 (CPUs 1+16)
Request from pid 110730: max_threads=65535, hint_threads=16
[1788510958842] Granted 16 threads to pid 110730 (CPUs 1+16)
Request from pid 110730: max_threads=65535, hint_threads=16
[1788510959015] Granted 16 threads to pid 110730 (CPUs 1+16)
Request from pid 110730: max_threads=65535, hint_threads=16
[1788510959188] Granted 16 threads to pid 110730 (CPUs 1+16)
Request from pid 110730: max_threads=65535, hint_threads=16
[1788510959361] Granted 16 threads to pid 110730 (CPUs 1+16)
Request from pid 110730: max_threads=65535, hint_threads=16
[1788510959534] Granted 16 threads to pid 110730 (CPUs 1+16)
Request from pid 110730: max_threads=65535, hint_threads=16
[1788510959707] Granted 16 threads to pid 110730 (CPUs 1+16)
Request from pid 110730: max_threads=65535, hint_threads=16
[1788510959880] Granted 16 threads to pid 110730 (CPUs 1+16)
Request from pid 110730: max_threads=65535, hint_threads=16
[1788510960052] Granted 16 threads to pid 110730 (CPUs 1+16)
Request from pid 110730: max_threads=65535, hint_threads=16
[1788510960225] Granted 16 threads to pid 110730 (CPUs 1+16)
Request from pid 110730: max_threads=65535, hint_threads=16
[1788510960398] Granted 16 threads to pid 110730 (CPUs 1+16)
Request from pid 110730: max_threads=65535, hint_threads=16
[1788510960571] Granted 16 threads to pid 110730 (CPUs 1+16)
Request from pid 110730: max_threads=65535, hint_threads=16
[1788510960744] Granted 16 threads to pid 110730 (CPUs 1+16)
Request from pid 110730: max_threads=65535, hint_threads=16
[1788510960916] Granted 16 threads to pid 110730 (CPUs 1+16)
Request from pid 110730: max_threads=65535, hint_threads=16
[1788510961089] Granted 16 threads to pid 110730 (CPUs 1+16)
Request from pid 110730: max_threads=65535, hint_threads=16
[1788510961261] Granted 16 threads to pid 110730 (CPUs 1+16)
Request from pid 110730: max_threads=65535, hint_threads=16
[1788510961434] Granted 16 threads to pid 110730 (CPUs 1+16)
Request from pid 110730: max_threads=65535, hint_threads=16
[1788510961607] Granted 16 threads to pid 110730 (CPUs 1+16)
[1788510961610] Client pid 110730 disconnected — removed from state
Accepted connection
Handling client
Request from pid 110805: max_threads=65535, hint_threads=16
[1788510963660] Granted 16 threads to pid 110805 (CPUs 1+16)
Request from pid 110805: max_threads=65535, hint_threads=16
[1788510970915] Granted 16 threads to pid 110805 (CPUs 1+16)
Read error: Connection reset by peer (os error 104)
Starting DRM at Fri Sep  4 10:36:12 CEST 2026, capacity=16, cpu_pool=56,57,58,59,60,61,62,63,80,81,82,83,84,85,86,87
CPU pool (16 cores): 56–87
Listening on /tmp/omp-rm.sock (capacity=16, strategy=fair_share)
Accepted connection
Handling client
Request from pid 110898: max_threads=65535, hint_threads=16
[1788510973476] Granted 16 threads to pid 110898 (CPUs 56+16)
Request from pid 110898: max_threads=65535, hint_threads=16
[1788510973638] Granted 16 threads to pid 110898 (CPUs 56+16)
Request from pid 110898: max_threads=65535, hint_threads=16
[1788510973757] Granted 16 threads to pid 110898 (CPUs 56+16)
Request from pid 110898: max_threads=65535, hint_threads=16
[1788510973974] Granted 16 threads to pid 110898 (CPUs 56+16)
Request from pid 110898: max_threads=65535, hint_threads=16
[1788510974044] Granted 16 threads to pid 110898 (CPUs 56+16)
Request from pid 110898: max_threads=65535, hint_threads=16
[1788510974233] Granted 16 threads to pid 110898 (CPUs 56+16)
Request from pid 110898: max_threads=65535, hint_threads=16
[1788510974401] Granted 16 threads to pid 110898 (CPUs 56+16)
Request from pid 110898: max_threads=65535, hint_threads=16
[1788510974614] Granted 16 threads to pid 110898 (CPUs 56+16)
Request from pid 110898: max_threads=65535, hint_threads=16
[1788510974754] Granted 16 threads to pid 110898 (CPUs 56+16)
Request from pid 110898: max_threads=65535, hint_threads=16
[1788510974967] Granted 16 threads to pid 110898 (CPUs 56+16)
Request from pid 110898: max_threads=65535, hint_threads=16
[1788510975107] Granted 16 threads to pid 110898 (CPUs 56+16)
Request from pid 110898: max_threads=65535, hint_threads=16
[1788510975319] Granted 16 threads to pid 110898 (CPUs 56+16)
Request from pid 110898: max_threads=65535, hint_threads=16
[1788510975460] Granted 16 threads to pid 110898 (CPUs 56+16)
Request from pid 110898: max_threads=65535, hint_threads=16
[1788510975672] Granted 16 threads to pid 110898 (CPUs 56+16)
Request from pid 110898: max_threads=65535, hint_threads=16
[1788510975812] Granted 16 threads to pid 110898 (CPUs 56+16)
Request from pid 110898: max_threads=65535, hint_threads=16
[1788510976024] Granted 16 threads to pid 110898 (CPUs 56+16)
Request from pid 110898: max_threads=65535, hint_threads=16
[1788510976164] Granted 16 threads to pid 110898 (CPUs 56+16)
Request from pid 110898: max_threads=65535, hint_threads=16
[1788510976376] Granted 16 threads to pid 110898 (CPUs 56+16)
Request from pid 110898: max_threads=65535, hint_threads=16
[1788510976517] Granted 16 threads to pid 110898 (CPUs 56+16)
Request from pid 110898: max_threads=65535, hint_threads=16
[1788510976729] Granted 16 threads to pid 110898 (CPUs 56+16)
Request from pid 110898: max_threads=65535, hint_threads=16
[1788510976869] Granted 16 threads to pid 110898 (CPUs 56+16)
Request from pid 110898: max_threads=65535, hint_threads=16
[1788510977082] Granted 16 threads to pid 110898 (CPUs 56+16)
Request from pid 110898: max_threads=65535, hint_threads=16
[1788510977249] Granted 16 threads to pid 110898 (CPUs 56+16)
Request from pid 110898: max_threads=65535, hint_threads=16
[1788510977434] Granted 16 threads to pid 110898 (CPUs 56+16)
Request from pid 110898: max_threads=65535, hint_threads=16
[1788510977574] Granted 16 threads to pid 110898 (CPUs 56+16)
Request from pid 110898: max_threads=65535, hint_threads=16
[1788510977787] Granted 16 threads to pid 110898 (CPUs 56+16)
Request from pid 110898: max_threads=65535, hint_threads=16
[1788510977928] Granted 16 threads to pid 110898 (CPUs 56+16)
Request from pid 110898: max_threads=65535, hint_threads=16
[1788510978140] Granted 16 threads to pid 110898 (CPUs 56+16)
Request from pid 110898: max_threads=65535, hint_threads=16
[1788510978280] Granted 16 threads to pid 110898 (CPUs 56+16)
Request from pid 110898: max_threads=65535, hint_threads=16
[1788510978492] Granted 16 threads to pid 110898 (CPUs 56+16)
Request from pid 110898: max_threads=65535, hint_threads=16
[1788510978632] Granted 16 threads to pid 110898 (CPUs 56+16)
Request from pid 110898: max_threads=65535, hint_threads=16
[1788510978844] Granted 16 threads to pid 110898 (CPUs 56+16)
Request from pid 110898: max_threads=65535, hint_threads=16
[1788510978984] Granted 16 threads to pid 110898 (CPUs 56+16)
Request from pid 110898: max_threads=65535, hint_threads=16
[1788510979197] Granted 16 threads to pid 110898 (CPUs 56+16)
Request from pid 110898: max_threads=65535, hint_threads=16
[1788510979337] Granted 16 threads to pid 110898 (CPUs 56+16)
Request from pid 110898: max_threads=65535, hint_threads=16
[1788510979550] Granted 16 threads to pid 110898 (CPUs 56+16)
Request from pid 110898: max_threads=65535, hint_threads=16
[1788510979690] Granted 16 threads to pid 110898 (CPUs 56+16)
Request from pid 110898: max_threads=65535, hint_threads=16
[1788510979902] Granted 16 threads to pid 110898 (CPUs 56+16)
Request from pid 110898: max_threads=65535, hint_threads=16
[1788510980043] Granted 16 threads to pid 110898 (CPUs 56+16)
Request from pid 110898: max_threads=65535, hint_threads=16
[1788510980255] Granted 16 threads to pid 110898 (CPUs 56+16)
Request from pid 110898: max_threads=65535, hint_threads=16
[1788510980396] Granted 16 threads to pid 110898 (CPUs 56+16)
Request from pid 110898: max_threads=65535, hint_threads=16
[1788510980607] Granted 16 threads to pid 110898 (CPUs 56+16)
Request from pid 110898: max_threads=65535, hint_threads=16
[1788510980748] Granted 16 threads to pid 110898 (CPUs 56+16)
Request from pid 110898: max_threads=65535, hint_threads=16
[1788510980960] Granted 16 threads to pid 110898 (CPUs 56+16)
Request from pid 110898: max_threads=65535, hint_threads=16
[1788510981100] Granted 16 threads to pid 110898 (CPUs 56+16)
Request from pid 110898: max_threads=65535, hint_threads=16
[1788510981312] Granted 16 threads to pid 110898 (CPUs 56+16)
Request from pid 110898: max_threads=65535, hint_threads=16
[1788510981416] Granted 16 threads to pid 110898 (CPUs 56+16)
Read error: Connection reset by peer (os error 104)
Accepted connection
Handling client
Request from pid 110966: max_threads=65535, hint_threads=16
[1788510983527] Granted 8 threads to pid 110966 (CPUs 80+8)
Request from pid 110966: max_threads=65535, hint_threads=16
[1788510984494] Granted 8 threads to pid 110966 (CPUs 80+8)
Request from pid 110966: max_threads=65535, hint_threads=16
[1788510984643] Granted 8 threads to pid 110966 (CPUs 80+8)
Request from pid 110966: max_threads=65535, hint_threads=16
[1788510984793] Granted 8 threads to pid 110966 (CPUs 80+8)
Request from pid 110966: max_threads=65535, hint_threads=16
[1788510985092] Granted 8 threads to pid 110966 (CPUs 80+8)
Request from pid 110966: max_threads=65535, hint_threads=16
[1788510985390] Granted 8 threads to pid 110966 (CPUs 80+8)
Request from pid 110966: max_threads=65535, hint_threads=16
[1788510985688] Granted 8 threads to pid 110966 (CPUs 80+8)
Request from pid 110966: max_threads=65535, hint_threads=16
[1788510985986] Granted 8 threads to pid 110966 (CPUs 80+8)
Request from pid 110966: max_threads=65535, hint_threads=16
[1788510986135] Granted 8 threads to pid 110966 (CPUs 80+8)
Request from pid 110966: max_threads=65535, hint_threads=16
[1788510986434] Granted 16 threads to pid 110966 (CPUs 56+16)
Request from pid 110966: max_threads=65535, hint_threads=16
[1788510986678] Granted 16 threads to pid 110966 (CPUs 56+16)
Request from pid 110966: max_threads=65535, hint_threads=16
[1788510986763] Granted 16 threads to pid 110966 (CPUs 56+16)
Request from pid 110966: max_threads=65535, hint_threads=16
[1788510986933] Granted 16 threads to pid 110966 (CPUs 56+16)
Request from pid 110966: max_threads=65535, hint_threads=16
[1788510987102] Granted 16 threads to pid 110966 (CPUs 56+16)
Request from pid 110966: max_threads=65535, hint_threads=16
[1788510987187] Granted 16 threads to pid 110966 (CPUs 56+16)
Request from pid 110966: max_threads=65535, hint_threads=16
[1788510987358] Granted 16 threads to pid 110966 (CPUs 56+16)
Request from pid 110966: max_threads=65535, hint_threads=16
[1788510987528] Granted 16 threads to pid 110966 (CPUs 56+16)
Request from pid 110966: max_threads=65535, hint_threads=16
[1788510987697] Granted 16 threads to pid 110966 (CPUs 56+16)
Request from pid 110966: max_threads=65535, hint_threads=16
[1788510987867] Granted 16 threads to pid 110966 (CPUs 56+16)
Request from pid 110966: max_threads=65535, hint_threads=16
[1788510988037] Granted 16 threads to pid 110966 (CPUs 56+16)
Request from pid 110966: max_threads=65535, hint_threads=16
[1788510988207] Granted 16 threads to pid 110966 (CPUs 56+16)
Request from pid 110966: max_threads=65535, hint_threads=16
[1788510988377] Granted 16 threads to pid 110966 (CPUs 56+16)
Request from pid 110966: max_threads=65535, hint_threads=16
[1788510988547] Granted 16 threads to pid 110966 (CPUs 56+16)
Request from pid 110966: max_threads=65535, hint_threads=16
[1788510988717] Granted 16 threads to pid 110966 (CPUs 56+16)
Request from pid 110966: max_threads=65535, hint_threads=16
[1788510988887] Granted 16 threads to pid 110966 (CPUs 56+16)
Request from pid 110966: max_threads=65535, hint_threads=16
[1788510989057] Granted 16 threads to pid 110966 (CPUs 56+16)
Request from pid 110966: max_threads=65535, hint_threads=16
[1788510989226] Granted 16 threads to pid 110966 (CPUs 56+16)
Request from pid 110966: max_threads=65535, hint_threads=16
[1788510989396] Granted 16 threads to pid 110966 (CPUs 56+16)
Request from pid 110966: max_threads=65535, hint_threads=16
[1788510989566] Granted 16 threads to pid 110966 (CPUs 56+16)
Request from pid 110966: max_threads=65535, hint_threads=16
[1788510989736] Granted 16 threads to pid 110966 (CPUs 56+16)
Request from pid 110966: max_threads=65535, hint_threads=16
[1788510989906] Granted 16 threads to pid 110966 (CPUs 56+16)
Request from pid 110966: max_threads=65535, hint_threads=16
[1788510990076] Granted 16 threads to pid 110966 (CPUs 56+16)
Request from pid 110966: max_threads=65535, hint_threads=16
[1788510990246] Granted 16 threads to pid 110966 (CPUs 56+16)
Request from pid 110966: max_threads=65535, hint_threads=16
[1788510990416] Granted 16 threads to pid 110966 (CPUs 56+16)
Request from pid 110966: max_threads=65535, hint_threads=16
[1788510990586] Granted 16 threads to pid 110966 (CPUs 56+16)
Request from pid 110966: max_threads=65535, hint_threads=16
[1788510990756] Granted 16 threads to pid 110966 (CPUs 56+16)
Request from pid 110966: max_threads=65535, hint_threads=16
[1788510990926] Granted 16 threads to pid 110966 (CPUs 56+16)
Request from pid 110966: max_threads=65535, hint_threads=16
[1788510991011] Granted 16 threads to pid 110966 (CPUs 56+16)
Request from pid 110966: max_threads=65535, hint_threads=16
[1788510991181] Granted 16 threads to pid 110966 (CPUs 56+16)
Request from pid 110966: max_threads=65535, hint_threads=16
[1788510991351] Granted 16 threads to pid 110966 (CPUs 56+16)
Request from pid 110966: max_threads=65535, hint_threads=16
[1788510991436] Granted 16 threads to pid 110966 (CPUs 56+16)
Request from pid 110966: max_threads=65535, hint_threads=16
[1788510991606] Granted 16 threads to pid 110966 (CPUs 56+16)
Request from pid 110966: max_threads=65535, hint_threads=16
[1788510991776] Granted 16 threads to pid 110966 (CPUs 56+16)
[1788510991780] Client pid 110966 disconnected — removed from state
Accepted connection
Handling client
Request from pid 111033: max_threads=65535, hint_threads=16
[1788510993832] Granted 16 threads to pid 111033 (CPUs 56+16)
Request from pid 111033: max_threads=65535, hint_threads=16
[1788511001070] Granted 16 threads to pid 111033 (CPUs 56+16)
Read error: Connection reset by peer (os error 104)
Starting DRM at Fri Sep  4 10:36:43 CEST 2026, capacity=32, cpu_pool=1,2,3,4,5,6,7,8,9,10,11,12,13,14,15,16,17,18,19,20,21,22,23,24,25,26,27,28,29,30,31,32
CPU pool (32 cores): 1–32
Listening on /tmp/omp-rm.sock (capacity=32, strategy=fair_share)
Accepted connection
Handling client
Request from pid 111123: max_threads=65535, hint_threads=32
[1788511003651] Granted 32 threads to pid 111123 (CPUs 1+32)
Request from pid 111123: max_threads=65535, hint_threads=32
[1788511003764] Granted 32 threads to pid 111123 (CPUs 1+32)
Request from pid 111123: max_threads=65535, hint_threads=32
[1788511003832] Granted 32 threads to pid 111123 (CPUs 1+32)
Request from pid 111123: max_threads=65535, hint_threads=32
[1788511003951] Granted 32 threads to pid 111123 (CPUs 1+32)
Request from pid 111123: max_threads=65535, hint_threads=32
[1788511003992] Granted 32 threads to pid 111123 (CPUs 1+32)
Request from pid 111123: max_threads=65535, hint_threads=32
[1788511004094] Granted 32 threads to pid 111123 (CPUs 1+32)
Request from pid 111123: max_threads=65535, hint_threads=32
[1788511004198] Granted 32 threads to pid 111123 (CPUs 1+32)
Request from pid 111123: max_threads=65535, hint_threads=32
[1788511004312] Granted 32 threads to pid 111123 (CPUs 1+32)
Request from pid 111123: max_threads=65535, hint_threads=32
[1788511004401] Granted 32 threads to pid 111123 (CPUs 1+32)
Request from pid 111123: max_threads=65535, hint_threads=32
[1788511004515] Granted 32 threads to pid 111123 (CPUs 1+32)
Request from pid 111123: max_threads=65535, hint_threads=32
[1788511004605] Granted 32 threads to pid 111123 (CPUs 1+32)
Request from pid 111123: max_threads=65535, hint_threads=32
[1788511004719] Granted 32 threads to pid 111123 (CPUs 1+32)
Request from pid 111123: max_threads=65535, hint_threads=32
[1788511004808] Granted 32 threads to pid 111123 (CPUs 1+32)
Request from pid 111123: max_threads=65535, hint_threads=32
[1788511004922] Granted 32 threads to pid 111123 (CPUs 1+32)
Request from pid 111123: max_threads=65535, hint_threads=32
[1788511005012] Granted 32 threads to pid 111123 (CPUs 1+32)
Request from pid 111123: max_threads=65535, hint_threads=32
[1788511005125] Granted 32 threads to pid 111123 (CPUs 1+32)
Request from pid 111123: max_threads=65535, hint_threads=32
[1788511005214] Granted 32 threads to pid 111123 (CPUs 1+32)
Request from pid 111123: max_threads=65535, hint_threads=32
[1788511005328] Granted 32 threads to pid 111123 (CPUs 1+32)
Request from pid 111123: max_threads=65535, hint_threads=32
[1788511005418] Granted 32 threads to pid 111123 (CPUs 1+32)
Request from pid 111123: max_threads=65535, hint_threads=32
[1788511005531] Granted 32 threads to pid 111123 (CPUs 1+32)
Request from pid 111123: max_threads=65535, hint_threads=32
[1788511005621] Granted 32 threads to pid 111123 (CPUs 1+32)
Request from pid 111123: max_threads=65535, hint_threads=32
[1788511005734] Granted 32 threads to pid 111123 (CPUs 1+32)
Request from pid 111123: max_threads=65535, hint_threads=32
[1788511005824] Granted 32 threads to pid 111123 (CPUs 1+32)
Request from pid 111123: max_threads=65535, hint_threads=32
[1788511005937] Granted 32 threads to pid 111123 (CPUs 1+32)
Request from pid 111123: max_threads=65535, hint_threads=32
[1788511006026] Granted 32 threads to pid 111123 (CPUs 1+32)
Request from pid 111123: max_threads=65535, hint_threads=32
[1788511006140] Granted 32 threads to pid 111123 (CPUs 1+32)
Request from pid 111123: max_threads=65535, hint_threads=32
[1788511006229] Granted 32 threads to pid 111123 (CPUs 1+32)
Request from pid 111123: max_threads=65535, hint_threads=32
[1788511006343] Granted 32 threads to pid 111123 (CPUs 1+32)
Request from pid 111123: max_threads=65535, hint_threads=32
[1788511006433] Granted 32 threads to pid 111123 (CPUs 1+32)
Request from pid 111123: max_threads=65535, hint_threads=32
[1788511006546] Granted 32 threads to pid 111123 (CPUs 1+32)
Request from pid 111123: max_threads=65535, hint_threads=32
[1788511006636] Granted 32 threads to pid 111123 (CPUs 1+32)
Request from pid 111123: max_threads=65535, hint_threads=32
[1788511006749] Granted 32 threads to pid 111123 (CPUs 1+32)
Request from pid 111123: max_threads=65535, hint_threads=32
[1788511006839] Granted 32 threads to pid 111123 (CPUs 1+32)
Request from pid 111123: max_threads=65535, hint_threads=32
[1788511006953] Granted 32 threads to pid 111123 (CPUs 1+32)
Request from pid 111123: max_threads=65535, hint_threads=32
[1788511007042] Granted 32 threads to pid 111123 (CPUs 1+32)
Request from pid 111123: max_threads=65535, hint_threads=32
[1788511007156] Granted 32 threads to pid 111123 (CPUs 1+32)
Request from pid 111123: max_threads=65535, hint_threads=32
[1788511007274] Granted 32 threads to pid 111123 (CPUs 1+32)
Request from pid 111123: max_threads=65535, hint_threads=32
[1788511007361] Granted 32 threads to pid 111123 (CPUs 1+32)
Request from pid 111123: max_threads=65535, hint_threads=32
[1788511007450] Granted 32 threads to pid 111123 (CPUs 1+32)
Request from pid 111123: max_threads=65535, hint_threads=32
[1788511007564] Granted 32 threads to pid 111123 (CPUs 1+32)
Request from pid 111123: max_threads=65535, hint_threads=32
[1788511007653] Granted 32 threads to pid 111123 (CPUs 1+32)
Request from pid 111123: max_threads=65535, hint_threads=32
[1788511007768] Granted 32 threads to pid 111123 (CPUs 1+32)
Request from pid 111123: max_threads=65535, hint_threads=32
[1788511007857] Granted 32 threads to pid 111123 (CPUs 1+32)
Request from pid 111123: max_threads=65535, hint_threads=32
[1788511007971] Granted 32 threads to pid 111123 (CPUs 1+32)
Request from pid 111123: max_threads=65535, hint_threads=32
[1788511008061] Granted 32 threads to pid 111123 (CPUs 1+32)
Request from pid 111123: max_threads=65535, hint_threads=32
[1788511008175] Granted 32 threads to pid 111123 (CPUs 1+32)
Request from pid 111123: max_threads=65535, hint_threads=32
[1788511008235] Granted 32 threads to pid 111123 (CPUs 1+32)
Read error: Connection reset by peer (os error 104)
Accepted connection
Handling client
Request from pid 111222: max_threads=65535, hint_threads=32
[1788511010293] Granted 16 threads to pid 111222 (CPUs 17+16)
Request from pid 111222: max_threads=65535, hint_threads=32
[1788511010956] Granted 16 threads to pid 111222 (CPUs 17+16)
Request from pid 111222: max_threads=65535, hint_threads=32
[1788511011113] Granted 16 threads to pid 111222 (CPUs 17+16)
Request from pid 111222: max_threads=65535, hint_threads=32
[1788511011196] Granted 16 threads to pid 111222 (CPUs 17+16)
Request from pid 111222: max_threads=65535, hint_threads=32
[1788511011363] Granted 16 threads to pid 111222 (CPUs 17+16)
Request from pid 111222: max_threads=65535, hint_threads=32
[1788511011529] Granted 16 threads to pid 111222 (CPUs 17+16)
Request from pid 111222: max_threads=65535, hint_threads=32
[1788511011695] Granted 16 threads to pid 111222 (CPUs 17+16)
Request from pid 111222: max_threads=65535, hint_threads=32
[1788511011860] Granted 16 threads to pid 111222 (CPUs 17+16)
Request from pid 111222: max_threads=65535, hint_threads=32
[1788511012026] Granted 16 threads to pid 111222 (CPUs 17+16)
Request from pid 111222: max_threads=65535, hint_threads=32
[1788511012192] Granted 16 threads to pid 111222 (CPUs 17+16)
Request from pid 111222: max_threads=65535, hint_threads=32
[1788511012357] Granted 16 threads to pid 111222 (CPUs 17+16)
Request from pid 111222: max_threads=65535, hint_threads=32
[1788511012523] Granted 16 threads to pid 111222 (CPUs 17+16)
Request from pid 111222: max_threads=65535, hint_threads=32
[1788511012689] Granted 16 threads to pid 111222 (CPUs 17+16)
Request from pid 111222: max_threads=65535, hint_threads=32
[1788511012854] Granted 16 threads to pid 111222 (CPUs 17+16)
Request from pid 111222: max_threads=65535, hint_threads=32
[1788511013020] Granted 16 threads to pid 111222 (CPUs 17+16)
Request from pid 111222: max_threads=65535, hint_threads=32
[1788511013185] Granted 16 threads to pid 111222 (CPUs 17+16)
Request from pid 111222: max_threads=65535, hint_threads=32
[1788511013351] Granted 32 threads to pid 111222 (CPUs 1+32)
Request from pid 111222: max_threads=65535, hint_threads=32
[1788511013490] Granted 32 threads to pid 111222 (CPUs 1+32)
Request from pid 111222: max_threads=65535, hint_threads=32
[1788511013589] Granted 32 threads to pid 111222 (CPUs 1+32)
Request from pid 111222: max_threads=65535, hint_threads=32
[1788511013688] Granted 32 threads to pid 111222 (CPUs 1+32)
Request from pid 111222: max_threads=65535, hint_threads=32
[1788511013786] Granted 32 threads to pid 111222 (CPUs 1+32)
Request from pid 111222: max_threads=65535, hint_threads=32
[1788511013885] Granted 32 threads to pid 111222 (CPUs 1+32)
Request from pid 111222: max_threads=65535, hint_threads=32
[1788511013983] Granted 32 threads to pid 111222 (CPUs 1+32)
Request from pid 111222: max_threads=65535, hint_threads=32
[1788511014082] Granted 32 threads to pid 111222 (CPUs 1+32)
Request from pid 111222: max_threads=65535, hint_threads=32
[1788511014180] Granted 32 threads to pid 111222 (CPUs 1+32)
Request from pid 111222: max_threads=65535, hint_threads=32
[1788511014278] Granted 32 threads to pid 111222 (CPUs 1+32)
Request from pid 111222: max_threads=65535, hint_threads=32
[1788511014377] Granted 32 threads to pid 111222 (CPUs 1+32)
Request from pid 111222: max_threads=65535, hint_threads=32
[1788511014480] Granted 32 threads to pid 111222 (CPUs 1+32)
Request from pid 111222: max_threads=65535, hint_threads=32
[1788511014531] Granted 32 threads to pid 111222 (CPUs 1+32)
Request from pid 111222: max_threads=65535, hint_threads=32
[1788511014633] Granted 32 threads to pid 111222 (CPUs 1+32)
Request from pid 111222: max_threads=65535, hint_threads=32
[1788511014734] Granted 32 threads to pid 111222 (CPUs 1+32)
Request from pid 111222: max_threads=65535, hint_threads=32
[1788511014835] Granted 32 threads to pid 111222 (CPUs 1+32)
Request from pid 111222: max_threads=65535, hint_threads=32
[1788511014936] Granted 32 threads to pid 111222 (CPUs 1+32)
Request from pid 111222: max_threads=65535, hint_threads=32
[1788511015037] Granted 32 threads to pid 111222 (CPUs 1+32)
Request from pid 111222: max_threads=65535, hint_threads=32
[1788511015138] Granted 32 threads to pid 111222 (CPUs 1+32)
Request from pid 111222: max_threads=65535, hint_threads=32
[1788511015238] Granted 32 threads to pid 111222 (CPUs 1+32)
Request from pid 111222: max_threads=65535, hint_threads=32
[1788511015289] Granted 32 threads to pid 111222 (CPUs 1+32)
Request from pid 111222: max_threads=65535, hint_threads=32
[1788511015390] Granted 32 threads to pid 111222 (CPUs 1+32)
Request from pid 111222: max_threads=65535, hint_threads=32
[1788511015490] Granted 32 threads to pid 111222 (CPUs 1+32)
Request from pid 111222: max_threads=65535, hint_threads=32
[1788511015591] Granted 32 threads to pid 111222 (CPUs 1+32)
Request from pid 111222: max_threads=65535, hint_threads=32
[1788511015692] Granted 32 threads to pid 111222 (CPUs 1+32)
[1788511015748] Client pid 111222 disconnected — removed from state
Accepted connection
Handling client
Request from pid 111322: max_threads=65535, hint_threads=32
[1788511017806] Granted 32 threads to pid 111322 (CPUs 1+32)
Request from pid 111322: max_threads=65535, hint_threads=32
[1788511021441] Granted 32 threads to pid 111322 (CPUs 1+32)
Read error: Connection reset by peer (os error 104)
Starting DRM at Fri Sep  4 10:37:03 CEST 2026, capacity=32, cpu_pool=56,57,58,59,60,61,62,63,80,81,82,83,84,85,86,87,88,89,90,91,92,93,94,95,96,97,98,99,100,101,102,103
CPU pool (32 cores): 56–103
Listening on /tmp/omp-rm.sock (capacity=32, strategy=fair_share)
Accepted connection
Handling client
Request from pid 111421: max_threads=65535, hint_threads=32
[1788511024031] Granted 32 threads to pid 111421 (CPUs 56+32)
Request from pid 111421: max_threads=65535, hint_threads=32
[1788511024152] Granted 32 threads to pid 111421 (CPUs 56+32)
Request from pid 111421: max_threads=65535, hint_threads=32
[1788511024219] Granted 32 threads to pid 111421 (CPUs 56+32)
Request from pid 111421: max_threads=65535, hint_threads=32
[1788511024336] Granted 32 threads to pid 111421 (CPUs 56+32)
Request from pid 111421: max_threads=65535, hint_threads=32
[1788511024378] Granted 32 threads to pid 111421 (CPUs 56+32)
Request from pid 111421: max_threads=65535, hint_threads=32
[1788511024478] Granted 32 threads to pid 111421 (CPUs 56+32)
Request from pid 111421: max_threads=65535, hint_threads=32
[1788511024583] Granted 32 threads to pid 111421 (CPUs 56+32)
Request from pid 111421: max_threads=65535, hint_threads=32
[1788511024696] Granted 32 threads to pid 111421 (CPUs 56+32)
Request from pid 111421: max_threads=65535, hint_threads=32
[1788511024786] Granted 32 threads to pid 111421 (CPUs 56+32)
Request from pid 111421: max_threads=65535, hint_threads=32
[1788511024899] Granted 32 threads to pid 111421 (CPUs 56+32)
Request from pid 111421: max_threads=65535, hint_threads=32
[1788511024988] Granted 32 threads to pid 111421 (CPUs 56+32)
Request from pid 111421: max_threads=65535, hint_threads=32
[1788511025102] Granted 32 threads to pid 111421 (CPUs 56+32)
Request from pid 111421: max_threads=65535, hint_threads=32
[1788511025190] Granted 32 threads to pid 111421 (CPUs 56+32)
Request from pid 111421: max_threads=65535, hint_threads=32
[1788511025304] Granted 32 threads to pid 111421 (CPUs 56+32)
Request from pid 111421: max_threads=65535, hint_threads=32
[1788511025393] Granted 32 threads to pid 111421 (CPUs 56+32)
Request from pid 111421: max_threads=65535, hint_threads=32
[1788511025506] Granted 32 threads to pid 111421 (CPUs 56+32)
Request from pid 111421: max_threads=65535, hint_threads=32
[1788511025595] Granted 32 threads to pid 111421 (CPUs 56+32)
Request from pid 111421: max_threads=65535, hint_threads=32
[1788511025709] Granted 32 threads to pid 111421 (CPUs 56+32)
Request from pid 111421: max_threads=65535, hint_threads=32
[1788511025797] Granted 32 threads to pid 111421 (CPUs 56+32)
Request from pid 111421: max_threads=65535, hint_threads=32
[1788511025911] Granted 32 threads to pid 111421 (CPUs 56+32)
Request from pid 111421: max_threads=65535, hint_threads=32
[1788511026000] Granted 32 threads to pid 111421 (CPUs 56+32)
Request from pid 111421: max_threads=65535, hint_threads=32
[1788511026113] Granted 32 threads to pid 111421 (CPUs 56+32)
Request from pid 111421: max_threads=65535, hint_threads=32
[1788511026202] Granted 32 threads to pid 111421 (CPUs 56+32)
Request from pid 111421: max_threads=65535, hint_threads=32
[1788511026316] Granted 32 threads to pid 111421 (CPUs 56+32)
Request from pid 111421: max_threads=65535, hint_threads=32
[1788511026405] Granted 32 threads to pid 111421 (CPUs 56+32)
Request from pid 111421: max_threads=65535, hint_threads=32
[1788511026518] Granted 32 threads to pid 111421 (CPUs 56+32)
Request from pid 111421: max_threads=65535, hint_threads=32
[1788511026606] Granted 32 threads to pid 111421 (CPUs 56+32)
Request from pid 111421: max_threads=65535, hint_threads=32
[1788511026736] Granted 32 threads to pid 111421 (CPUs 56+32)
Request from pid 111421: max_threads=65535, hint_threads=32
[1788511026809] Granted 32 threads to pid 111421 (CPUs 56+32)
Request from pid 111421: max_threads=65535, hint_threads=32
[1788511026922] Granted 32 threads to pid 111421 (CPUs 56+32)
Request from pid 111421: max_threads=65535, hint_threads=32
[1788511027011] Granted 32 threads to pid 111421 (CPUs 56+32)
Request from pid 111421: max_threads=65535, hint_threads=32
[1788511027125] Granted 32 threads to pid 111421 (CPUs 56+32)
Request from pid 111421: max_threads=65535, hint_threads=32
[1788511027214] Granted 32 threads to pid 111421 (CPUs 56+32)
Request from pid 111421: max_threads=65535, hint_threads=32
[1788511027327] Granted 32 threads to pid 111421 (CPUs 56+32)
Request from pid 111421: max_threads=65535, hint_threads=32
[1788511027416] Granted 32 threads to pid 111421 (CPUs 56+32)
Request from pid 111421: max_threads=65535, hint_threads=32
[1788511027530] Granted 32 threads to pid 111421 (CPUs 56+32)
Request from pid 111421: max_threads=65535, hint_threads=32
[1788511027619] Granted 32 threads to pid 111421 (CPUs 56+32)
Request from pid 111421: max_threads=65535, hint_threads=32
[1788511027732] Granted 32 threads to pid 111421 (CPUs 56+32)
Request from pid 111421: max_threads=65535, hint_threads=32
[1788511027822] Granted 32 threads to pid 111421 (CPUs 56+32)
Request from pid 111421: max_threads=65535, hint_threads=32
[1788511027935] Granted 32 threads to pid 111421 (CPUs 56+32)
Request from pid 111421: max_threads=65535, hint_threads=32
[1788511028024] Granted 32 threads to pid 111421 (CPUs 56+32)
Request from pid 111421: max_threads=65535, hint_threads=32
[1788511028137] Granted 32 threads to pid 111421 (CPUs 56+32)
Request from pid 111421: max_threads=65535, hint_threads=32
[1788511028226] Granted 32 threads to pid 111421 (CPUs 56+32)
Request from pid 111421: max_threads=65535, hint_threads=32
[1788511028340] Granted 32 threads to pid 111421 (CPUs 56+32)
Request from pid 111421: max_threads=65535, hint_threads=32
[1788511028428] Granted 32 threads to pid 111421 (CPUs 56+32)
Request from pid 111421: max_threads=65535, hint_threads=32
[1788511028542] Granted 32 threads to pid 111421 (CPUs 56+32)
Request from pid 111421: max_threads=65535, hint_threads=32
[1788511028601] Granted 32 threads to pid 111421 (CPUs 56+32)
Read error: Connection reset by peer (os error 104)
Accepted connection
Handling client
Request from pid 111519: max_threads=65535, hint_threads=32
[1788511030697] Granted 16 threads to pid 111519 (CPUs 88+16)
Request from pid 111519: max_threads=65535, hint_threads=32
[1788511031319] Granted 16 threads to pid 111519 (CPUs 88+16)
Request from pid 111519: max_threads=65535, hint_threads=32
[1788511031476] Granted 16 threads to pid 111519 (CPUs 88+16)
Request from pid 111519: max_threads=65535, hint_threads=32
[1788511031586] Granted 16 threads to pid 111519 (CPUs 88+16)
Request from pid 111519: max_threads=65535, hint_threads=32
[1788511031742] Granted 16 threads to pid 111519 (CPUs 88+16)
Request from pid 111519: max_threads=65535, hint_threads=32
[1788511031897] Granted 16 threads to pid 111519 (CPUs 88+16)
Request from pid 111519: max_threads=65535, hint_threads=32
[1788511032053] Granted 16 threads to pid 111519 (CPUs 88+16)
Request from pid 111519: max_threads=65535, hint_threads=32
[1788511032208] Granted 16 threads to pid 111519 (CPUs 88+16)
Request from pid 111519: max_threads=65535, hint_threads=32
[1788511032365] Granted 16 threads to pid 111519 (CPUs 88+16)
Request from pid 111519: max_threads=65535, hint_threads=32
[1788511032520] Granted 16 threads to pid 111519 (CPUs 88+16)
Request from pid 111519: max_threads=65535, hint_threads=32
[1788511032675] Granted 16 threads to pid 111519 (CPUs 88+16)
Request from pid 111519: max_threads=65535, hint_threads=32
[1788511032831] Granted 16 threads to pid 111519 (CPUs 88+16)
Request from pid 111519: max_threads=65535, hint_threads=32
[1788511032986] Granted 16 threads to pid 111519 (CPUs 88+16)
Request from pid 111519: max_threads=65535, hint_threads=32
[1788511033141] Granted 16 threads to pid 111519 (CPUs 88+16)
Request from pid 111519: max_threads=65535, hint_threads=32
[1788511033297] Granted 16 threads to pid 111519 (CPUs 88+16)
Request from pid 111519: max_threads=65535, hint_threads=32
[1788511033452] Granted 16 threads to pid 111519 (CPUs 88+16)
Request from pid 111519: max_threads=65535, hint_threads=32
[1788511033607] Granted 32 threads to pid 111519 (CPUs 56+32)
Request from pid 111519: max_threads=65535, hint_threads=32
[1788511033744] Granted 32 threads to pid 111519 (CPUs 56+32)
Request from pid 111519: max_threads=65535, hint_threads=32
[1788511033795] Granted 32 threads to pid 111519 (CPUs 56+32)
Request from pid 111519: max_threads=65535, hint_threads=32
[1788511033897] Granted 32 threads to pid 111519 (CPUs 56+32)
Request from pid 111519: max_threads=65535, hint_threads=32
[1788511033999] Granted 32 threads to pid 111519 (CPUs 56+32)
Request from pid 111519: max_threads=65535, hint_threads=32
[1788511034050] Granted 32 threads to pid 111519 (CPUs 56+32)
Request from pid 111519: max_threads=65535, hint_threads=32
[1788511034151] Granted 32 threads to pid 111519 (CPUs 56+32)
Request from pid 111519: max_threads=65535, hint_threads=32
[1788511034253] Granted 32 threads to pid 111519 (CPUs 56+32)
Request from pid 111519: max_threads=65535, hint_threads=32
[1788511034304] Granted 32 threads to pid 111519 (CPUs 56+32)
Request from pid 111519: max_threads=65535, hint_threads=32
[1788511034406] Granted 32 threads to pid 111519 (CPUs 56+32)
Request from pid 111519: max_threads=65535, hint_threads=32
[1788511034507] Granted 32 threads to pid 111519 (CPUs 56+32)
Request from pid 111519: max_threads=65535, hint_threads=32
[1788511034609] Granted 32 threads to pid 111519 (CPUs 56+32)
Request from pid 111519: max_threads=65535, hint_threads=32
[1788511034711] Granted 32 threads to pid 111519 (CPUs 56+32)
Request from pid 111519: max_threads=65535, hint_threads=32
[1788511034816] Granted 32 threads to pid 111519 (CPUs 56+32)
Request from pid 111519: max_threads=65535, hint_threads=32
[1788511034920] Granted 32 threads to pid 111519 (CPUs 56+32)
Request from pid 111519: max_threads=65535, hint_threads=32
[1788511034973] Granted 32 threads to pid 111519 (CPUs 56+32)
Request from pid 111519: max_threads=65535, hint_threads=32
[1788511035076] Granted 32 threads to pid 111519 (CPUs 56+32)
Request from pid 111519: max_threads=65535, hint_threads=32
[1788511035128] Granted 32 threads to pid 111519 (CPUs 56+32)
Request from pid 111519: max_threads=65535, hint_threads=32
[1788511035179] Granted 32 threads to pid 111519 (CPUs 56+32)
Request from pid 111519: max_threads=65535, hint_threads=32
[1788511035231] Granted 32 threads to pid 111519 (CPUs 56+32)
Request from pid 111519: max_threads=65535, hint_threads=32
[1788511035283] Granted 32 threads to pid 111519 (CPUs 56+32)
Request from pid 111519: max_threads=65535, hint_threads=32
[1788511035335] Granted 32 threads to pid 111519 (CPUs 56+32)
Request from pid 111519: max_threads=65535, hint_threads=32
[1788511035438] Granted 32 threads to pid 111519 (CPUs 56+32)
Request from pid 111519: max_threads=65535, hint_threads=32
[1788511035490] Granted 32 threads to pid 111519 (CPUs 56+32)
Request from pid 111519: max_threads=65535, hint_threads=32
[1788511035542] Granted 32 threads to pid 111519 (CPUs 56+32)
Request from pid 111519: max_threads=65535, hint_threads=32
[1788511035593] Granted 32 threads to pid 111519 (CPUs 56+32)
Request from pid 111519: max_threads=65535, hint_threads=32
[1788511035696] Granted 32 threads to pid 111519 (CPUs 56+32)
Request from pid 111519: max_threads=65535, hint_threads=32
[1788511035748] Granted 32 threads to pid 111519 (CPUs 56+32)
Request from pid 111519: max_threads=65535, hint_threads=32
[1788511035851] Granted 32 threads to pid 111519 (CPUs 56+32)
Request from pid 111519: max_threads=65535, hint_threads=32
[1788511035903] Granted 32 threads to pid 111519 (CPUs 56+32)
Request from pid 111519: max_threads=65535, hint_threads=32
[1788511035954] Granted 32 threads to pid 111519 (CPUs 56+32)
Request from pid 111519: max_threads=65535, hint_threads=32
[1788511036006] Granted 32 threads to pid 111519 (CPUs 56+32)
Request from pid 111519: max_threads=65535, hint_threads=32
[1788511036058] Granted 32 threads to pid 111519 (CPUs 56+32)
[1788511036063] Client pid 111519 disconnected — removed from state
Accepted connection
Handling client
Request from pid 111634: max_threads=65535, hint_threads=32
[1788511038118] Granted 32 threads to pid 111634 (CPUs 56+32)
Request from pid 111634: max_threads=65535, hint_threads=32
[1788511041856] Granted 32 threads to pid 111634 (CPUs 56+32)
Read error: Connection reset by peer (os error 104)
Starting DRM at Fri Sep  4 10:37:23 CEST 2026, capacity=32, cpu_pool=1,2,3,4,5,6,7,8,9,10,11,12,13,14,15,16,17,18,19,20,21,22,23,24,25,26,27,28,29,30,31,32
CPU pool (32 cores): 1–32
Listening on /tmp/omp-rm.sock (capacity=32, strategy=fair_share)
Accepted connection
Handling client
Request from pid 111737: max_threads=65535, hint_threads=32
[1788511044421] Granted 32 threads to pid 111737 (CPUs 1+32)
Request from pid 111737: max_threads=65535, hint_threads=32
[1788511044533] Granted 32 threads to pid 111737 (CPUs 1+32)
Request from pid 111737: max_threads=65535, hint_threads=32
[1788511044601] Granted 32 threads to pid 111737 (CPUs 1+32)
Request from pid 111737: max_threads=65535, hint_threads=32
[1788511044719] Granted 32 threads to pid 111737 (CPUs 1+32)
Request from pid 111737: max_threads=65535, hint_threads=32
[1788511044761] Granted 32 threads to pid 111737 (CPUs 1+32)
Request from pid 111737: max_threads=65535, hint_threads=32
[1788511044863] Granted 32 threads to pid 111737 (CPUs 1+32)
Request from pid 111737: max_threads=65535, hint_threads=32
[1788511044968] Granted 32 threads to pid 111737 (CPUs 1+32)
Request from pid 111737: max_threads=65535, hint_threads=32
[1788511045082] Granted 32 threads to pid 111737 (CPUs 1+32)
Request from pid 111737: max_threads=65535, hint_threads=32
[1788511045172] Granted 32 threads to pid 111737 (CPUs 1+32)
Request from pid 111737: max_threads=65535, hint_threads=32
[1788511045285] Granted 32 threads to pid 111737 (CPUs 1+32)
Request from pid 111737: max_threads=65535, hint_threads=32
[1788511045375] Granted 32 threads to pid 111737 (CPUs 1+32)
Request from pid 111737: max_threads=65535, hint_threads=32
[1788511045489] Granted 32 threads to pid 111737 (CPUs 1+32)
Request from pid 111737: max_threads=65535, hint_threads=32
[1788511045579] Granted 32 threads to pid 111737 (CPUs 1+32)
Request from pid 111737: max_threads=65535, hint_threads=32
[1788511045694] Granted 32 threads to pid 111737 (CPUs 1+32)
Request from pid 111737: max_threads=65535, hint_threads=32
[1788511045783] Granted 32 threads to pid 111737 (CPUs 1+32)
Request from pid 111737: max_threads=65535, hint_threads=32
[1788511045897] Granted 32 threads to pid 111737 (CPUs 1+32)
Request from pid 111737: max_threads=65535, hint_threads=32
[1788511045986] Granted 32 threads to pid 111737 (CPUs 1+32)
Request from pid 111737: max_threads=65535, hint_threads=32
[1788511046100] Granted 32 threads to pid 111737 (CPUs 1+32)
Request from pid 111737: max_threads=65535, hint_threads=32
[1788511046190] Granted 32 threads to pid 111737 (CPUs 1+32)
Request from pid 111737: max_threads=65535, hint_threads=32
[1788511046304] Granted 32 threads to pid 111737 (CPUs 1+32)
Request from pid 111737: max_threads=65535, hint_threads=32
[1788511046394] Granted 32 threads to pid 111737 (CPUs 1+32)
Request from pid 111737: max_threads=65535, hint_threads=32
[1788511046508] Granted 32 threads to pid 111737 (CPUs 1+32)
Request from pid 111737: max_threads=65535, hint_threads=32
[1788511046597] Granted 32 threads to pid 111737 (CPUs 1+32)
Request from pid 111737: max_threads=65535, hint_threads=32
[1788511046712] Granted 32 threads to pid 111737 (CPUs 1+32)
Request from pid 111737: max_threads=65535, hint_threads=32
[1788511046801] Granted 32 threads to pid 111737 (CPUs 1+32)
Request from pid 111737: max_threads=65535, hint_threads=32
[1788511046916] Granted 32 threads to pid 111737 (CPUs 1+32)
Request from pid 111737: max_threads=65535, hint_threads=32
[1788511047005] Granted 32 threads to pid 111737 (CPUs 1+32)
Request from pid 111737: max_threads=65535, hint_threads=32
[1788511047119] Granted 32 threads to pid 111737 (CPUs 1+32)
Request from pid 111737: max_threads=65535, hint_threads=32
[1788511047209] Granted 32 threads to pid 111737 (CPUs 1+32)
Request from pid 111737: max_threads=65535, hint_threads=32
[1788511047334] Granted 32 threads to pid 111737 (CPUs 1+32)
Request from pid 111737: max_threads=65535, hint_threads=32
[1788511047413] Granted 32 threads to pid 111737 (CPUs 1+32)
Request from pid 111737: max_threads=65535, hint_threads=32
[1788511047527] Granted 32 threads to pid 111737 (CPUs 1+32)
Request from pid 111737: max_threads=65535, hint_threads=32
[1788511047617] Granted 32 threads to pid 111737 (CPUs 1+32)
Request from pid 111737: max_threads=65535, hint_threads=32
[1788511047732] Granted 32 threads to pid 111737 (CPUs 1+32)
Request from pid 111737: max_threads=65535, hint_threads=32
[1788511047821] Granted 32 threads to pid 111737 (CPUs 1+32)
Request from pid 111737: max_threads=65535, hint_threads=32
[1788511047936] Granted 32 threads to pid 111737 (CPUs 1+32)
Request from pid 111737: max_threads=65535, hint_threads=32
[1788511048026] Granted 32 threads to pid 111737 (CPUs 1+32)
Request from pid 111737: max_threads=65535, hint_threads=32
[1788511048140] Granted 32 threads to pid 111737 (CPUs 1+32)
Request from pid 111737: max_threads=65535, hint_threads=32
[1788511048229] Granted 32 threads to pid 111737 (CPUs 1+32)
Request from pid 111737: max_threads=65535, hint_threads=32
[1788511048343] Granted 32 threads to pid 111737 (CPUs 1+32)
Request from pid 111737: max_threads=65535, hint_threads=32
[1788511048433] Granted 32 threads to pid 111737 (CPUs 1+32)
Request from pid 111737: max_threads=65535, hint_threads=32
[1788511048547] Granted 32 threads to pid 111737 (CPUs 1+32)
Request from pid 111737: max_threads=65535, hint_threads=32
[1788511048637] Granted 32 threads to pid 111737 (CPUs 1+32)
Request from pid 111737: max_threads=65535, hint_threads=32
[1788511048751] Granted 32 threads to pid 111737 (CPUs 1+32)
Request from pid 111737: max_threads=65535, hint_threads=32
[1788511048840] Granted 32 threads to pid 111737 (CPUs 1+32)
Request from pid 111737: max_threads=65535, hint_threads=32
[1788511048955] Granted 32 threads to pid 111737 (CPUs 1+32)
Request from pid 111737: max_threads=65535, hint_threads=32
[1788511049014] Granted 32 threads to pid 111737 (CPUs 1+32)
Read error: Connection reset by peer (os error 104)
Accepted connection
Handling client
Request from pid 111835: max_threads=65535, hint_threads=32
[1788511051074] Granted 16 threads to pid 111835 (CPUs 17+16)
Request from pid 111835: max_threads=65535, hint_threads=32
[1788511051697] Granted 16 threads to pid 111835 (CPUs 17+16)
Request from pid 111835: max_threads=65535, hint_threads=32
[1788511051863] Granted 16 threads to pid 111835 (CPUs 17+16)
Request from pid 111835: max_threads=65535, hint_threads=32
[1788511052029] Granted 16 threads to pid 111835 (CPUs 17+16)
Request from pid 111835: max_threads=65535, hint_threads=32
[1788511052200] Granted 16 threads to pid 111835 (CPUs 17+16)
Request from pid 111835: max_threads=65535, hint_threads=32
[1788511052371] Granted 16 threads to pid 111835 (CPUs 17+16)
Request from pid 111835: max_threads=65535, hint_threads=32
[1788511052541] Granted 16 threads to pid 111835 (CPUs 17+16)
Request from pid 111835: max_threads=65535, hint_threads=32
[1788511052711] Granted 16 threads to pid 111835 (CPUs 17+16)
Request from pid 111835: max_threads=65535, hint_threads=32
[1788511052882] Granted 16 threads to pid 111835 (CPUs 17+16)
Request from pid 111835: max_threads=65535, hint_threads=32
[1788511053052] Granted 16 threads to pid 111835 (CPUs 17+16)
Request from pid 111835: max_threads=65535, hint_threads=32
[1788511053223] Granted 16 threads to pid 111835 (CPUs 17+16)
Request from pid 111835: max_threads=65535, hint_threads=32
[1788511053393] Granted 16 threads to pid 111835 (CPUs 17+16)
Request from pid 111835: max_threads=65535, hint_threads=32
[1788511053563] Granted 16 threads to pid 111835 (CPUs 17+16)
Request from pid 111835: max_threads=65535, hint_threads=32
[1788511053734] Granted 16 threads to pid 111835 (CPUs 17+16)
Request from pid 111835: max_threads=65535, hint_threads=32
[1788511053904] Granted 16 threads to pid 111835 (CPUs 17+16)
Request from pid 111835: max_threads=65535, hint_threads=32
[1788511054074] Granted 32 threads to pid 111835 (CPUs 1+32)
Request from pid 111835: max_threads=65535, hint_threads=32
[1788511054219] Granted 32 threads to pid 111835 (CPUs 1+32)
Request from pid 111835: max_threads=65535, hint_threads=32
[1788511054320] Granted 32 threads to pid 111835 (CPUs 1+32)
Request from pid 111835: max_threads=65535, hint_threads=32
[1788511054422] Granted 32 threads to pid 111835 (CPUs 1+32)
Request from pid 111835: max_threads=65535, hint_threads=32
[1788511054523] Granted 32 threads to pid 111835 (CPUs 1+32)
Request from pid 111835: max_threads=65535, hint_threads=32
[1788511054624] Granted 32 threads to pid 111835 (CPUs 1+32)
Request from pid 111835: max_threads=65535, hint_threads=32
[1788511054725] Granted 32 threads to pid 111835 (CPUs 1+32)
Request from pid 111835: max_threads=65535, hint_threads=32
[1788511054826] Granted 32 threads to pid 111835 (CPUs 1+32)
Request from pid 111835: max_threads=65535, hint_threads=32
[1788511054877] Granted 32 threads to pid 111835 (CPUs 1+32)
Request from pid 111835: max_threads=65535, hint_threads=32
[1788511054978] Granted 32 threads to pid 111835 (CPUs 1+32)
Request from pid 111835: max_threads=65535, hint_threads=32
[1788511055079] Granted 32 threads to pid 111835 (CPUs 1+32)
Request from pid 111835: max_threads=65535, hint_threads=32
[1788511055183] Granted 32 threads to pid 111835 (CPUs 1+32)
Request from pid 111835: max_threads=65535, hint_threads=32
[1788511055289] Granted 32 threads to pid 111835 (CPUs 1+32)
Request from pid 111835: max_threads=65535, hint_threads=32
[1788511055393] Granted 32 threads to pid 111835 (CPUs 1+32)
Request from pid 111835: max_threads=65535, hint_threads=32
[1788511055497] Granted 32 threads to pid 111835 (CPUs 1+32)
Request from pid 111835: max_threads=65535, hint_threads=32
[1788511055600] Granted 32 threads to pid 111835 (CPUs 1+32)
Request from pid 111835: max_threads=65535, hint_threads=32
[1788511055704] Granted 32 threads to pid 111835 (CPUs 1+32)
Request from pid 111835: max_threads=65535, hint_threads=32
[1788511055807] Granted 32 threads to pid 111835 (CPUs 1+32)
Request from pid 111835: max_threads=65535, hint_threads=32
[1788511055911] Granted 32 threads to pid 111835 (CPUs 1+32)
Request from pid 111835: max_threads=65535, hint_threads=32
[1788511056014] Granted 32 threads to pid 111835 (CPUs 1+32)
Request from pid 111835: max_threads=65535, hint_threads=32
[1788511056118] Granted 32 threads to pid 111835 (CPUs 1+32)
Request from pid 111835: max_threads=65535, hint_threads=32
[1788511056170] Granted 32 threads to pid 111835 (CPUs 1+32)
Request from pid 111835: max_threads=65535, hint_threads=32
[1788511056273] Granted 32 threads to pid 111835 (CPUs 1+32)
Request from pid 111835: max_threads=65535, hint_threads=32
[1788511056377] Granted 32 threads to pid 111835 (CPUs 1+32)
Request from pid 111835: max_threads=65535, hint_threads=32
[1788511056481] Granted 32 threads to pid 111835 (CPUs 1+32)
Request from pid 111835: max_threads=65535, hint_threads=32
[1788511056584] Granted 32 threads to pid 111835 (CPUs 1+32)
[1788511056641] Client pid 111835 disconnected — removed from state
Accepted connection
Handling client
Request from pid 111933: max_threads=65535, hint_threads=32
[1788511058700] Granted 32 threads to pid 111933 (CPUs 1+32)
Request from pid 111933: max_threads=65535, hint_threads=32
[1788511062444] Granted 32 threads to pid 111933 (CPUs 1+32)
Read error: Connection reset by peer (os error 104)
Starting DRM at Fri Sep  4 10:37:44 CEST 2026, capacity=32, cpu_pool=56,57,58,59,60,61,62,63,80,81,82,83,84,85,86,87,88,89,90,91,92,93,94,95,96,97,98,99,100,101,102,103
CPU pool (32 cores): 56–103
Listening on /tmp/omp-rm.sock (capacity=32, strategy=fair_share)
Accepted connection
Handling client
Request from pid 112048: max_threads=65535, hint_threads=32
[1788511065014] Granted 32 threads to pid 112048 (CPUs 56+32)
Request from pid 112048: max_threads=65535, hint_threads=32
[1788511065138] Granted 32 threads to pid 112048 (CPUs 56+32)
Request from pid 112048: max_threads=65535, hint_threads=32
[1788511065206] Granted 32 threads to pid 112048 (CPUs 56+32)
Request from pid 112048: max_threads=65535, hint_threads=32
[1788511065324] Granted 32 threads to pid 112048 (CPUs 56+32)
Request from pid 112048: max_threads=65535, hint_threads=32
[1788511065365] Granted 32 threads to pid 112048 (CPUs 56+32)
Request from pid 112048: max_threads=65535, hint_threads=32
[1788511065467] Granted 32 threads to pid 112048 (CPUs 56+32)
Request from pid 112048: max_threads=65535, hint_threads=32
[1788511065572] Granted 32 threads to pid 112048 (CPUs 56+32)
Request from pid 112048: max_threads=65535, hint_threads=32
[1788511065685] Granted 32 threads to pid 112048 (CPUs 56+32)
Request from pid 112048: max_threads=65535, hint_threads=32
[1788511065775] Granted 32 threads to pid 112048 (CPUs 56+32)
Request from pid 112048: max_threads=65535, hint_threads=32
[1788511065889] Granted 32 threads to pid 112048 (CPUs 56+32)
Request from pid 112048: max_threads=65535, hint_threads=32
[1788511065978] Granted 32 threads to pid 112048 (CPUs 56+32)
Request from pid 112048: max_threads=65535, hint_threads=32
[1788511066091] Granted 32 threads to pid 112048 (CPUs 56+32)
Request from pid 112048: max_threads=65535, hint_threads=32
[1788511066181] Granted 32 threads to pid 112048 (CPUs 56+32)
Request from pid 112048: max_threads=65535, hint_threads=32
[1788511066294] Granted 32 threads to pid 112048 (CPUs 56+32)
Request from pid 112048: max_threads=65535, hint_threads=32
[1788511066383] Granted 32 threads to pid 112048 (CPUs 56+32)
Request from pid 112048: max_threads=65535, hint_threads=32
[1788511066497] Granted 32 threads to pid 112048 (CPUs 56+32)
Request from pid 112048: max_threads=65535, hint_threads=32
[1788511066586] Granted 32 threads to pid 112048 (CPUs 56+32)
Request from pid 112048: max_threads=65535, hint_threads=32
[1788511066700] Granted 32 threads to pid 112048 (CPUs 56+32)
Request from pid 112048: max_threads=65535, hint_threads=32
[1788511066789] Granted 32 threads to pid 112048 (CPUs 56+32)
Request from pid 112048: max_threads=65535, hint_threads=32
[1788511066903] Granted 32 threads to pid 112048 (CPUs 56+32)
Request from pid 112048: max_threads=65535, hint_threads=32
[1788511066993] Granted 32 threads to pid 112048 (CPUs 56+32)
Request from pid 112048: max_threads=65535, hint_threads=32
[1788511067106] Granted 32 threads to pid 112048 (CPUs 56+32)
Request from pid 112048: max_threads=65535, hint_threads=32
[1788511067195] Granted 32 threads to pid 112048 (CPUs 56+32)
Request from pid 112048: max_threads=65535, hint_threads=32
[1788511067309] Granted 32 threads to pid 112048 (CPUs 56+32)
Request from pid 112048: max_threads=65535, hint_threads=32
[1788511067398] Granted 32 threads to pid 112048 (CPUs 56+32)
Request from pid 112048: max_threads=65535, hint_threads=32
[1788511067512] Granted 32 threads to pid 112048 (CPUs 56+32)
Request from pid 112048: max_threads=65535, hint_threads=32
[1788511067602] Granted 32 threads to pid 112048 (CPUs 56+32)
Request from pid 112048: max_threads=65535, hint_threads=32
[1788511067715] Granted 32 threads to pid 112048 (CPUs 56+32)
Request from pid 112048: max_threads=65535, hint_threads=32
[1788511067805] Granted 32 threads to pid 112048 (CPUs 56+32)
Request from pid 112048: max_threads=65535, hint_threads=32
[1788511067919] Granted 32 threads to pid 112048 (CPUs 56+32)
Request from pid 112048: max_threads=65535, hint_threads=32
[1788511068008] Granted 32 threads to pid 112048 (CPUs 56+32)
Request from pid 112048: max_threads=65535, hint_threads=32
[1788511068122] Granted 32 threads to pid 112048 (CPUs 56+32)
Request from pid 112048: max_threads=65535, hint_threads=32
[1788511068211] Granted 32 threads to pid 112048 (CPUs 56+32)
Request from pid 112048: max_threads=65535, hint_threads=32
[1788511068325] Granted 32 threads to pid 112048 (CPUs 56+32)
Request from pid 112048: max_threads=65535, hint_threads=32
[1788511068414] Granted 32 threads to pid 112048 (CPUs 56+32)
Request from pid 112048: max_threads=65535, hint_threads=32
[1788511068528] Granted 32 threads to pid 112048 (CPUs 56+32)
Request from pid 112048: max_threads=65535, hint_threads=32
[1788511068617] Granted 32 threads to pid 112048 (CPUs 56+32)
Request from pid 112048: max_threads=65535, hint_threads=32
[1788511068731] Granted 32 threads to pid 112048 (CPUs 56+32)
Request from pid 112048: max_threads=65535, hint_threads=32
[1788511068820] Granted 32 threads to pid 112048 (CPUs 56+32)
Request from pid 112048: max_threads=65535, hint_threads=32
[1788511068934] Granted 32 threads to pid 112048 (CPUs 56+32)
Request from pid 112048: max_threads=65535, hint_threads=32
[1788511069023] Granted 32 threads to pid 112048 (CPUs 56+32)
Request from pid 112048: max_threads=65535, hint_threads=32
[1788511069137] Granted 32 threads to pid 112048 (CPUs 56+32)
Request from pid 112048: max_threads=65535, hint_threads=32
[1788511069226] Granted 32 threads to pid 112048 (CPUs 56+32)
Request from pid 112048: max_threads=65535, hint_threads=32
[1788511069340] Granted 32 threads to pid 112048 (CPUs 56+32)
Request from pid 112048: max_threads=65535, hint_threads=32
[1788511069433] Granted 32 threads to pid 112048 (CPUs 56+32)
Request from pid 112048: max_threads=65535, hint_threads=32
[1788511069547] Granted 32 threads to pid 112048 (CPUs 56+32)
Request from pid 112048: max_threads=65535, hint_threads=32
[1788511069606] Granted 32 threads to pid 112048 (CPUs 56+32)
Read error: Connection reset by peer (os error 104)
Accepted connection
Handling client
Request from pid 112143: max_threads=65535, hint_threads=32
[1788511071664] Granted 16 threads to pid 112143 (CPUs 88+16)
Request from pid 112143: max_threads=65535, hint_threads=32
[1788511072239] Granted 16 threads to pid 112143 (CPUs 88+16)
Request from pid 112143: max_threads=65535, hint_threads=32
[1788511072395] Granted 16 threads to pid 112143 (CPUs 88+16)
Request from pid 112143: max_threads=65535, hint_threads=32
[1788511072551] Granted 16 threads to pid 112143 (CPUs 88+16)
Request from pid 112143: max_threads=65535, hint_threads=32
[1788511072707] Granted 16 threads to pid 112143 (CPUs 88+16)
Request from pid 112143: max_threads=65535, hint_threads=32
[1788511072801] Granted 16 threads to pid 112143 (CPUs 88+16)
Request from pid 112143: max_threads=65535, hint_threads=32
[1788511072959] Granted 16 threads to pid 112143 (CPUs 88+16)
Request from pid 112143: max_threads=65535, hint_threads=32
[1788511073116] Granted 16 threads to pid 112143 (CPUs 88+16)
Request from pid 112143: max_threads=65535, hint_threads=32
[1788511073273] Granted 16 threads to pid 112143 (CPUs 88+16)
Request from pid 112143: max_threads=65535, hint_threads=32
[1788511073431] Granted 16 threads to pid 112143 (CPUs 88+16)
Request from pid 112143: max_threads=65535, hint_threads=32
[1788511073589] Granted 16 threads to pid 112143 (CPUs 88+16)
Request from pid 112143: max_threads=65535, hint_threads=32
[1788511073746] Granted 16 threads to pid 112143 (CPUs 88+16)
Request from pid 112143: max_threads=65535, hint_threads=32
[1788511073903] Granted 16 threads to pid 112143 (CPUs 88+16)
Request from pid 112143: max_threads=65535, hint_threads=32
[1788511074060] Granted 16 threads to pid 112143 (CPUs 88+16)
Request from pid 112143: max_threads=65535, hint_threads=32
[1788511074218] Granted 16 threads to pid 112143 (CPUs 88+16)
Request from pid 112143: max_threads=65535, hint_threads=32
[1788511074375] Granted 16 threads to pid 112143 (CPUs 88+16)
Request from pid 112143: max_threads=65535, hint_threads=32
[1788511074532] Granted 16 threads to pid 112143 (CPUs 88+16)
Request from pid 112143: max_threads=65535, hint_threads=32
[1788511074689] Granted 32 threads to pid 112143 (CPUs 56+32)
Request from pid 112143: max_threads=65535, hint_threads=32
[1788511074830] Granted 32 threads to pid 112143 (CPUs 56+32)
Request from pid 112143: max_threads=65535, hint_threads=32
[1788511074881] Granted 32 threads to pid 112143 (CPUs 56+32)
Request from pid 112143: max_threads=65535, hint_threads=32
[1788511074984] Granted 32 threads to pid 112143 (CPUs 56+32)
Request from pid 112143: max_threads=65535, hint_threads=32
[1788511075087] Granted 32 threads to pid 112143 (CPUs 56+32)
Request from pid 112143: max_threads=65535, hint_threads=32
[1788511075138] Granted 32 threads to pid 112143 (CPUs 56+32)
Request from pid 112143: max_threads=65535, hint_threads=32
[1788511075241] Granted 32 threads to pid 112143 (CPUs 56+32)
Request from pid 112143: max_threads=65535, hint_threads=32
[1788511075344] Granted 32 threads to pid 112143 (CPUs 56+32)
Request from pid 112143: max_threads=65535, hint_threads=32
[1788511075395] Granted 32 threads to pid 112143 (CPUs 56+32)
Request from pid 112143: max_threads=65535, hint_threads=32
[1788511075498] Granted 32 threads to pid 112143 (CPUs 56+32)
Request from pid 112143: max_threads=65535, hint_threads=32
[1788511075600] Granted 32 threads to pid 112143 (CPUs 56+32)
Request from pid 112143: max_threads=65535, hint_threads=32
[1788511075651] Granted 32 threads to pid 112143 (CPUs 56+32)
Request from pid 112143: max_threads=65535, hint_threads=32
[1788511075755] Granted 32 threads to pid 112143 (CPUs 56+32)
Request from pid 112143: max_threads=65535, hint_threads=32
[1788511075860] Granted 32 threads to pid 112143 (CPUs 56+32)
Request from pid 112143: max_threads=65535, hint_threads=32
[1788511075913] Granted 32 threads to pid 112143 (CPUs 56+32)
Request from pid 112143: max_threads=65535, hint_threads=32
[1788511075966] Granted 32 threads to pid 112143 (CPUs 56+32)
Request from pid 112143: max_threads=65535, hint_threads=32
[1788511076018] Granted 32 threads to pid 112143 (CPUs 56+32)
Request from pid 112143: max_threads=65535, hint_threads=32
[1788511076071] Granted 32 threads to pid 112143 (CPUs 56+32)
Request from pid 112143: max_threads=65535, hint_threads=32
[1788511076123] Granted 32 threads to pid 112143 (CPUs 56+32)
Request from pid 112143: max_threads=65535, hint_threads=32
[1788511076176] Granted 32 threads to pid 112143 (CPUs 56+32)
Request from pid 112143: max_threads=65535, hint_threads=32
[1788511076228] Granted 32 threads to pid 112143 (CPUs 56+32)
Request from pid 112143: max_threads=65535, hint_threads=32
[1788511076333] Granted 32 threads to pid 112143 (CPUs 56+32)
Request from pid 112143: max_threads=65535, hint_threads=32
[1788511076437] Granted 32 threads to pid 112143 (CPUs 56+32)
Request from pid 112143: max_threads=65535, hint_threads=32
[1788511076542] Granted 32 threads to pid 112143 (CPUs 56+32)
Request from pid 112143: max_threads=65535, hint_threads=32
[1788511076646] Granted 32 threads to pid 112143 (CPUs 56+32)
Request from pid 112143: max_threads=65535, hint_threads=32
[1788511076698] Granted 32 threads to pid 112143 (CPUs 56+32)
Request from pid 112143: max_threads=65535, hint_threads=32
[1788511076750] Granted 32 threads to pid 112143 (CPUs 56+32)
Request from pid 112143: max_threads=65535, hint_threads=32
[1788511076855] Granted 32 threads to pid 112143 (CPUs 56+32)
Request from pid 112143: max_threads=65535, hint_threads=32
[1788511076959] Granted 32 threads to pid 112143 (CPUs 56+32)
Request from pid 112143: max_threads=65535, hint_threads=32
[1788511077064] Granted 32 threads to pid 112143 (CPUs 56+32)
Request from pid 112143: max_threads=65535, hint_threads=32
[1788511077116] Granted 32 threads to pid 112143 (CPUs 56+32)
[1788511077173] Client pid 112143 disconnected — removed from state
Accepted connection
Handling client
Request from pid 112242: max_threads=65535, hint_threads=32
[1788511079231] Granted 32 threads to pid 112242 (CPUs 56+32)
Request from pid 112242: max_threads=65535, hint_threads=32
[1788511082968] Granted 32 threads to pid 112242 (CPUs 56+32)
Read error: Connection reset by peer (os error 104)
Starting DRM at Fri Sep  4 10:38:04 CEST 2026, capacity=32, cpu_pool=1,2,3,4,5,6,7,8,9,10,11,12,13,14,15,16,17,18,19,20,21,22,23,24,25,26,27,28,29,30,31,32
CPU pool (32 cores): 1–32
Listening on /tmp/omp-rm.sock (capacity=32, strategy=fair_share)
Accepted connection
Handling client
Request from pid 112348: max_threads=65535, hint_threads=32
[1788511085531] Granted 32 threads to pid 112348 (CPUs 1+32)
Request from pid 112348: max_threads=65535, hint_threads=32
[1788511085642] Granted 32 threads to pid 112348 (CPUs 1+32)
Request from pid 112348: max_threads=65535, hint_threads=32
[1788511085710] Granted 32 threads to pid 112348 (CPUs 1+32)
Request from pid 112348: max_threads=65535, hint_threads=32
[1788511085826] Granted 32 threads to pid 112348 (CPUs 1+32)
Request from pid 112348: max_threads=65535, hint_threads=32
[1788511085867] Granted 32 threads to pid 112348 (CPUs 1+32)
Request from pid 112348: max_threads=65535, hint_threads=32
[1788511085967] Granted 32 threads to pid 112348 (CPUs 1+32)
Request from pid 112348: max_threads=65535, hint_threads=32
[1788511086072] Granted 32 threads to pid 112348 (CPUs 1+32)
Request from pid 112348: max_threads=65535, hint_threads=32
[1788511086185] Granted 32 threads to pid 112348 (CPUs 1+32)
Request from pid 112348: max_threads=65535, hint_threads=32
[1788511086274] Granted 32 threads to pid 112348 (CPUs 1+32)
Request from pid 112348: max_threads=65535, hint_threads=32
[1788511086385] Granted 32 threads to pid 112348 (CPUs 1+32)
Request from pid 112348: max_threads=65535, hint_threads=32
[1788511086475] Granted 32 threads to pid 112348 (CPUs 1+32)
Request from pid 112348: max_threads=65535, hint_threads=32
[1788511086586] Granted 32 threads to pid 112348 (CPUs 1+32)
Request from pid 112348: max_threads=65535, hint_threads=32
[1788511086676] Granted 32 threads to pid 112348 (CPUs 1+32)
Request from pid 112348: max_threads=65535, hint_threads=32
[1788511086787] Granted 32 threads to pid 112348 (CPUs 1+32)
Request from pid 112348: max_threads=65535, hint_threads=32
[1788511086877] Granted 32 threads to pid 112348 (CPUs 1+32)
Request from pid 112348: max_threads=65535, hint_threads=32
[1788511086989] Granted 32 threads to pid 112348 (CPUs 1+32)
Request from pid 112348: max_threads=65535, hint_threads=32
[1788511087079] Granted 32 threads to pid 112348 (CPUs 1+32)
Request from pid 112348: max_threads=65535, hint_threads=32
[1788511087191] Granted 32 threads to pid 112348 (CPUs 1+32)
Request from pid 112348: max_threads=65535, hint_threads=32
[1788511087280] Granted 32 threads to pid 112348 (CPUs 1+32)
Request from pid 112348: max_threads=65535, hint_threads=32
[1788511087409] Granted 32 threads to pid 112348 (CPUs 1+32)
Request from pid 112348: max_threads=65535, hint_threads=32
[1788511087480] Granted 32 threads to pid 112348 (CPUs 1+32)
Request from pid 112348: max_threads=65535, hint_threads=32
[1788511087592] Granted 32 threads to pid 112348 (CPUs 1+32)
Request from pid 112348: max_threads=65535, hint_threads=32
[1788511087682] Granted 32 threads to pid 112348 (CPUs 1+32)
Request from pid 112348: max_threads=65535, hint_threads=32
[1788511087793] Granted 32 threads to pid 112348 (CPUs 1+32)
Request from pid 112348: max_threads=65535, hint_threads=32
[1788511087882] Granted 32 threads to pid 112348 (CPUs 1+32)
Request from pid 112348: max_threads=65535, hint_threads=32
[1788511087994] Granted 32 threads to pid 112348 (CPUs 1+32)
Request from pid 112348: max_threads=65535, hint_threads=32
[1788511088084] Granted 32 threads to pid 112348 (CPUs 1+32)
Request from pid 112348: max_threads=65535, hint_threads=32
[1788511088196] Granted 32 threads to pid 112348 (CPUs 1+32)
Request from pid 112348: max_threads=65535, hint_threads=32
[1788511088285] Granted 32 threads to pid 112348 (CPUs 1+32)
Request from pid 112348: max_threads=65535, hint_threads=32
[1788511088397] Granted 32 threads to pid 112348 (CPUs 1+32)
Request from pid 112348: max_threads=65535, hint_threads=32
[1788511088487] Granted 32 threads to pid 112348 (CPUs 1+32)
Request from pid 112348: max_threads=65535, hint_threads=32
[1788511088599] Granted 32 threads to pid 112348 (CPUs 1+32)
Request from pid 112348: max_threads=65535, hint_threads=32
[1788511088689] Granted 32 threads to pid 112348 (CPUs 1+32)
Request from pid 112348: max_threads=65535, hint_threads=32
[1788511088802] Granted 32 threads to pid 112348 (CPUs 1+32)
Request from pid 112348: max_threads=65535, hint_threads=32
[1788511088891] Granted 32 threads to pid 112348 (CPUs 1+32)
Request from pid 112348: max_threads=65535, hint_threads=32
[1788511089003] Granted 32 threads to pid 112348 (CPUs 1+32)
Request from pid 112348: max_threads=65535, hint_threads=32
[1788511089093] Granted 32 threads to pid 112348 (CPUs 1+32)
Request from pid 112348: max_threads=65535, hint_threads=32
[1788511089204] Granted 32 threads to pid 112348 (CPUs 1+32)
Request from pid 112348: max_threads=65535, hint_threads=32
[1788511089294] Granted 32 threads to pid 112348 (CPUs 1+32)
Request from pid 112348: max_threads=65535, hint_threads=32
[1788511089406] Granted 32 threads to pid 112348 (CPUs 1+32)
Request from pid 112348: max_threads=65535, hint_threads=32
[1788511089495] Granted 32 threads to pid 112348 (CPUs 1+32)
Request from pid 112348: max_threads=65535, hint_threads=32
[1788511089608] Granted 32 threads to pid 112348 (CPUs 1+32)
Request from pid 112348: max_threads=65535, hint_threads=32
[1788511089698] Granted 32 threads to pid 112348 (CPUs 1+32)
Request from pid 112348: max_threads=65535, hint_threads=32
[1788511089810] Granted 32 threads to pid 112348 (CPUs 1+32)
Request from pid 112348: max_threads=65535, hint_threads=32
[1788511089900] Granted 32 threads to pid 112348 (CPUs 1+32)
Request from pid 112348: max_threads=65535, hint_threads=32
[1788511090011] Granted 32 threads to pid 112348 (CPUs 1+32)
Request from pid 112348: max_threads=65535, hint_threads=32
[1788511090072] Granted 32 threads to pid 112348 (CPUs 1+32)
Read error: Connection reset by peer (os error 104)
Accepted connection
Handling client
Request from pid 112443: max_threads=65535, hint_threads=32
[1788511092129] Granted 16 threads to pid 112443 (CPUs 17+16)
Request from pid 112443: max_threads=65535, hint_threads=32
[1788511092915] Granted 16 threads to pid 112443 (CPUs 17+16)
Request from pid 112443: max_threads=65535, hint_threads=32
[1788511093082] Granted 16 threads to pid 112443 (CPUs 17+16)
Request from pid 112443: max_threads=65535, hint_threads=32
[1788511093161] Granted 16 threads to pid 112443 (CPUs 17+16)
Request from pid 112443: max_threads=65535, hint_threads=32
[1788511093320] Granted 16 threads to pid 112443 (CPUs 17+16)
Request from pid 112443: max_threads=65535, hint_threads=32
[1788511093479] Granted 16 threads to pid 112443 (CPUs 17+16)
Request from pid 112443: max_threads=65535, hint_threads=32
[1788511093637] Granted 16 threads to pid 112443 (CPUs 17+16)
Request from pid 112443: max_threads=65535, hint_threads=32
[1788511093795] Granted 16 threads to pid 112443 (CPUs 17+16)
Request from pid 112443: max_threads=65535, hint_threads=32
[1788511093953] Granted 16 threads to pid 112443 (CPUs 17+16)
Request from pid 112443: max_threads=65535, hint_threads=32
[1788511094111] Granted 16 threads to pid 112443 (CPUs 17+16)
Request from pid 112443: max_threads=65535, hint_threads=32
[1788511094269] Granted 16 threads to pid 112443 (CPUs 17+16)
Request from pid 112443: max_threads=65535, hint_threads=32
[1788511094427] Granted 16 threads to pid 112443 (CPUs 17+16)
Request from pid 112443: max_threads=65535, hint_threads=32
[1788511094585] Granted 16 threads to pid 112443 (CPUs 17+16)
Request from pid 112443: max_threads=65535, hint_threads=32
[1788511094743] Granted 16 threads to pid 112443 (CPUs 17+16)
Request from pid 112443: max_threads=65535, hint_threads=32
[1788511094901] Granted 16 threads to pid 112443 (CPUs 17+16)
Request from pid 112443: max_threads=65535, hint_threads=32
[1788511095059] Granted 16 threads to pid 112443 (CPUs 17+16)
Request from pid 112443: max_threads=65535, hint_threads=32
[1788511095217] Granted 32 threads to pid 112443 (CPUs 1+32)
Request from pid 112443: max_threads=65535, hint_threads=32
[1788511095351] Granted 32 threads to pid 112443 (CPUs 1+32)
Request from pid 112443: max_threads=65535, hint_threads=32
[1788511095447] Granted 32 threads to pid 112443 (CPUs 1+32)
Request from pid 112443: max_threads=65535, hint_threads=32
[1788511095543] Granted 32 threads to pid 112443 (CPUs 1+32)
Request from pid 112443: max_threads=65535, hint_threads=32
[1788511095639] Granted 32 threads to pid 112443 (CPUs 1+32)
Request from pid 112443: max_threads=65535, hint_threads=32
[1788511095735] Granted 32 threads to pid 112443 (CPUs 1+32)
Request from pid 112443: max_threads=65535, hint_threads=32
[1788511095830] Granted 32 threads to pid 112443 (CPUs 1+32)
Request from pid 112443: max_threads=65535, hint_threads=32
[1788511095878] Granted 32 threads to pid 112443 (CPUs 1+32)
Request from pid 112443: max_threads=65535, hint_threads=32
[1788511095974] Granted 32 threads to pid 112443 (CPUs 1+32)
Request from pid 112443: max_threads=65535, hint_threads=32
[1788511096070] Granted 32 threads to pid 112443 (CPUs 1+32)
Request from pid 112443: max_threads=65535, hint_threads=32
[1788511096165] Granted 32 threads to pid 112443 (CPUs 1+32)
Request from pid 112443: max_threads=65535, hint_threads=32
[1788511096263] Granted 32 threads to pid 112443 (CPUs 1+32)
Request from pid 112443: max_threads=65535, hint_threads=32
[1788511096363] Granted 32 threads to pid 112443 (CPUs 1+32)
Request from pid 112443: max_threads=65535, hint_threads=32
[1788511096462] Granted 32 threads to pid 112443 (CPUs 1+32)
Request from pid 112443: max_threads=65535, hint_threads=32
[1788511096560] Granted 32 threads to pid 112443 (CPUs 1+32)
Request from pid 112443: max_threads=65535, hint_threads=32
[1788511096609] Granted 32 threads to pid 112443 (CPUs 1+32)
Request from pid 112443: max_threads=65535, hint_threads=32
[1788511096707] Granted 32 threads to pid 112443 (CPUs 1+32)
Request from pid 112443: max_threads=65535, hint_threads=32
[1788511096805] Granted 32 threads to pid 112443 (CPUs 1+32)
Request from pid 112443: max_threads=65535, hint_threads=32
[1788511096854] Granted 32 threads to pid 112443 (CPUs 1+32)
Request from pid 112443: max_threads=65535, hint_threads=32
[1788511096952] Granted 32 threads to pid 112443 (CPUs 1+32)
Request from pid 112443: max_threads=65535, hint_threads=32
[1788511097050] Granted 32 threads to pid 112443 (CPUs 1+32)
Request from pid 112443: max_threads=65535, hint_threads=32
[1788511097099] Granted 32 threads to pid 112443 (CPUs 1+32)
Request from pid 112443: max_threads=65535, hint_threads=32
[1788511097197] Granted 32 threads to pid 112443 (CPUs 1+32)
Request from pid 112443: max_threads=65535, hint_threads=32
[1788511097295] Granted 32 threads to pid 112443 (CPUs 1+32)
Request from pid 112443: max_threads=65535, hint_threads=32
[1788511097345] Granted 32 threads to pid 112443 (CPUs 1+32)
Request from pid 112443: max_threads=65535, hint_threads=32
[1788511097443] Granted 32 threads to pid 112443 (CPUs 1+32)
Request from pid 112443: max_threads=65535, hint_threads=32
[1788511097541] Granted 32 threads to pid 112443 (CPUs 1+32)
[1788511097546] Client pid 112443 disconnected — removed from state
Accepted connection
Handling client
Request from pid 112562: max_threads=65535, hint_threads=32
[1788511099601] Granted 32 threads to pid 112562 (CPUs 1+32)
Request from pid 112562: max_threads=65535, hint_threads=32
[1788511103233] Granted 32 threads to pid 112562 (CPUs 1+32)
Read error: Connection reset by peer (os error 104)
Starting DRM at Fri Sep  4 10:38:25 CEST 2026, capacity=32, cpu_pool=56,57,58,59,60,61,62,63,80,81,82,83,84,85,86,87,88,89,90,91,92,93,94,95,96,97,98,99,100,101,102,103
CPU pool (32 cores): 56–103
Listening on /tmp/omp-rm.sock (capacity=32, strategy=fair_share)
Accepted connection
Handling client
Request from pid 112664: max_threads=65535, hint_threads=32
[1788511105804] Granted 32 threads to pid 112664 (CPUs 56+32)
Request from pid 112664: max_threads=65535, hint_threads=32
[1788511105930] Granted 32 threads to pid 112664 (CPUs 56+32)
Request from pid 112664: max_threads=65535, hint_threads=32
[1788511105996] Granted 32 threads to pid 112664 (CPUs 56+32)
Request from pid 112664: max_threads=65535, hint_threads=32
[1788511106115] Granted 32 threads to pid 112664 (CPUs 56+32)
Request from pid 112664: max_threads=65535, hint_threads=32
[1788511106157] Granted 32 threads to pid 112664 (CPUs 56+32)
Request from pid 112664: max_threads=65535, hint_threads=32
[1788511106258] Granted 32 threads to pid 112664 (CPUs 56+32)
Request from pid 112664: max_threads=65535, hint_threads=32
[1788511106364] Granted 32 threads to pid 112664 (CPUs 56+32)
Request from pid 112664: max_threads=65535, hint_threads=32
[1788511106477] Granted 32 threads to pid 112664 (CPUs 56+32)
Request from pid 112664: max_threads=65535, hint_threads=32
[1788511106567] Granted 32 threads to pid 112664 (CPUs 56+32)
Request from pid 112664: max_threads=65535, hint_threads=32
[1788511106680] Granted 32 threads to pid 112664 (CPUs 56+32)
Request from pid 112664: max_threads=65535, hint_threads=32
[1788511106769] Granted 32 threads to pid 112664 (CPUs 56+32)
Request from pid 112664: max_threads=65535, hint_threads=32
[1788511106883] Granted 32 threads to pid 112664 (CPUs 56+32)
Request from pid 112664: max_threads=65535, hint_threads=32
[1788511106972] Granted 32 threads to pid 112664 (CPUs 56+32)
Request from pid 112664: max_threads=65535, hint_threads=32
[1788511107085] Granted 32 threads to pid 112664 (CPUs 56+32)
Request from pid 112664: max_threads=65535, hint_threads=32
[1788511107175] Granted 32 threads to pid 112664 (CPUs 56+32)
Request from pid 112664: max_threads=65535, hint_threads=32
[1788511107289] Granted 32 threads to pid 112664 (CPUs 56+32)
Request from pid 112664: max_threads=65535, hint_threads=32
[1788511107448] Granted 32 threads to pid 112664 (CPUs 56+32)
Request from pid 112664: max_threads=65535, hint_threads=32
[1788511107539] Granted 32 threads to pid 112664 (CPUs 56+32)
Request from pid 112664: max_threads=65535, hint_threads=32
[1788511107640] Granted 32 threads to pid 112664 (CPUs 56+32)
Request from pid 112664: max_threads=65535, hint_threads=32
[1788511107741] Granted 32 threads to pid 112664 (CPUs 56+32)
Request from pid 112664: max_threads=65535, hint_threads=32
[1788511107783] Granted 32 threads to pid 112664 (CPUs 56+32)
Request from pid 112664: max_threads=65535, hint_threads=32
[1788511107896] Granted 32 threads to pid 112664 (CPUs 56+32)
Request from pid 112664: max_threads=65535, hint_threads=32
[1788511107985] Granted 32 threads to pid 112664 (CPUs 56+32)
Request from pid 112664: max_threads=65535, hint_threads=32
[1788511108099] Granted 32 threads to pid 112664 (CPUs 56+32)
Request from pid 112664: max_threads=65535, hint_threads=32
[1788511108188] Granted 32 threads to pid 112664 (CPUs 56+32)
Request from pid 112664: max_threads=65535, hint_threads=32
[1788511108302] Granted 32 threads to pid 112664 (CPUs 56+32)
Request from pid 112664: max_threads=65535, hint_threads=32
[1788511108391] Granted 32 threads to pid 112664 (CPUs 56+32)
Request from pid 112664: max_threads=65535, hint_threads=32
[1788511108504] Granted 32 threads to pid 112664 (CPUs 56+32)
Request from pid 112664: max_threads=65535, hint_threads=32
[1788511108593] Granted 32 threads to pid 112664 (CPUs 56+32)
Request from pid 112664: max_threads=65535, hint_threads=32
[1788511108707] Granted 32 threads to pid 112664 (CPUs 56+32)
Request from pid 112664: max_threads=65535, hint_threads=32
[1788511108796] Granted 32 threads to pid 112664 (CPUs 56+32)
Request from pid 112664: max_threads=65535, hint_threads=32
[1788511108910] Granted 32 threads to pid 112664 (CPUs 56+32)
Request from pid 112664: max_threads=65535, hint_threads=32
[1788511108999] Granted 32 threads to pid 112664 (CPUs 56+32)
Request from pid 112664: max_threads=65535, hint_threads=32
[1788511109113] Granted 32 threads to pid 112664 (CPUs 56+32)
Request from pid 112664: max_threads=65535, hint_threads=32
[1788511109202] Granted 32 threads to pid 112664 (CPUs 56+32)
Request from pid 112664: max_threads=65535, hint_threads=32
[1788511109316] Granted 32 threads to pid 112664 (CPUs 56+32)
Request from pid 112664: max_threads=65535, hint_threads=32
[1788511109407] Granted 32 threads to pid 112664 (CPUs 56+32)
Request from pid 112664: max_threads=65535, hint_threads=32
[1788511109521] Granted 32 threads to pid 112664 (CPUs 56+32)
Request from pid 112664: max_threads=65535, hint_threads=32
[1788511109610] Granted 32 threads to pid 112664 (CPUs 56+32)
Request from pid 112664: max_threads=65535, hint_threads=32
[1788511109724] Granted 32 threads to pid 112664 (CPUs 56+32)
Request from pid 112664: max_threads=65535, hint_threads=32
[1788511109813] Granted 32 threads to pid 112664 (CPUs 56+32)
Request from pid 112664: max_threads=65535, hint_threads=32
[1788511109927] Granted 32 threads to pid 112664 (CPUs 56+32)
Request from pid 112664: max_threads=65535, hint_threads=32
[1788511110017] Granted 32 threads to pid 112664 (CPUs 56+32)
Request from pid 112664: max_threads=65535, hint_threads=32
[1788511110130] Granted 32 threads to pid 112664 (CPUs 56+32)
Request from pid 112664: max_threads=65535, hint_threads=32
[1788511110219] Granted 32 threads to pid 112664 (CPUs 56+32)
Request from pid 112664: max_threads=65535, hint_threads=32
[1788511110333] Granted 32 threads to pid 112664 (CPUs 56+32)
Request from pid 112664: max_threads=65535, hint_threads=32
[1788511110393] Granted 32 threads to pid 112664 (CPUs 56+32)
Read error: Connection reset by peer (os error 104)
Accepted connection
Handling client
Request from pid 112762: max_threads=65535, hint_threads=32
[1788511112450] Granted 16 threads to pid 112762 (CPUs 88+16)
Request from pid 112762: max_threads=65535, hint_threads=32
[1788511113114] Granted 16 threads to pid 112762 (CPUs 88+16)
Request from pid 112762: max_threads=65535, hint_threads=32
[1788511113200] Granted 16 threads to pid 112762 (CPUs 88+16)
Request from pid 112762: max_threads=65535, hint_threads=32
[1788511113277] Granted 16 threads to pid 112762 (CPUs 88+16)
Request from pid 112762: max_threads=65535, hint_threads=32
[1788511113433] Granted 16 threads to pid 112762 (CPUs 88+16)
Request from pid 112762: max_threads=65535, hint_threads=32
[1788511113588] Granted 16 threads to pid 112762 (CPUs 88+16)
Request from pid 112762: max_threads=65535, hint_threads=32
[1788511113743] Granted 16 threads to pid 112762 (CPUs 88+16)
Request from pid 112762: max_threads=65535, hint_threads=32
[1788511113898] Granted 16 threads to pid 112762 (CPUs 88+16)
Request from pid 112762: max_threads=65535, hint_threads=32
[1788511113976] Granted 16 threads to pid 112762 (CPUs 88+16)
Request from pid 112762: max_threads=65535, hint_threads=32
[1788511114131] Granted 16 threads to pid 112762 (CPUs 88+16)
Request from pid 112762: max_threads=65535, hint_threads=32
[1788511114286] Granted 16 threads to pid 112762 (CPUs 88+16)
Request from pid 112762: max_threads=65535, hint_threads=32
[1788511114440] Granted 16 threads to pid 112762 (CPUs 88+16)
Request from pid 112762: max_threads=65535, hint_threads=32
[1788511114595] Granted 16 threads to pid 112762 (CPUs 88+16)
Request from pid 112762: max_threads=65535, hint_threads=32
[1788511114750] Granted 16 threads to pid 112762 (CPUs 88+16)
Request from pid 112762: max_threads=65535, hint_threads=32
[1788511114905] Granted 16 threads to pid 112762 (CPUs 88+16)
Request from pid 112762: max_threads=65535, hint_threads=32
[1788511115060] Granted 16 threads to pid 112762 (CPUs 88+16)
Request from pid 112762: max_threads=65535, hint_threads=32
[1788511115214] Granted 16 threads to pid 112762 (CPUs 88+16)
Request from pid 112762: max_threads=65535, hint_threads=32
[1788511115369] Granted 16 threads to pid 112762 (CPUs 88+16)
Request from pid 112762: max_threads=65535, hint_threads=32
[1788511115524] Granted 32 threads to pid 112762 (CPUs 56+32)
Request from pid 112762: max_threads=65535, hint_threads=32
[1788511115660] Granted 32 threads to pid 112762 (CPUs 56+32)
Request from pid 112762: max_threads=65535, hint_threads=32
[1788511115762] Granted 32 threads to pid 112762 (CPUs 56+32)
Request from pid 112762: max_threads=65535, hint_threads=32
[1788511115812] Granted 32 threads to pid 112762 (CPUs 56+32)
Request from pid 112762: max_threads=65535, hint_threads=32
[1788511115914] Granted 32 threads to pid 112762 (CPUs 56+32)
Request from pid 112762: max_threads=65535, hint_threads=32
[1788511116015] Granted 32 threads to pid 112762 (CPUs 56+32)
Request from pid 112762: max_threads=65535, hint_threads=32
[1788511116066] Granted 32 threads to pid 112762 (CPUs 56+32)
Request from pid 112762: max_threads=65535, hint_threads=32
[1788511116167] Granted 32 threads to pid 112762 (CPUs 56+32)
Request from pid 112762: max_threads=65535, hint_threads=32
[1788511116269] Granted 32 threads to pid 112762 (CPUs 56+32)
Request from pid 112762: max_threads=65535, hint_threads=32
[1788511116320] Granted 32 threads to pid 112762 (CPUs 56+32)
Request from pid 112762: max_threads=65535, hint_threads=32
[1788511116421] Granted 32 threads to pid 112762 (CPUs 56+32)
Request from pid 112762: max_threads=65535, hint_threads=32
[1788511116523] Granted 32 threads to pid 112762 (CPUs 56+32)
Request from pid 112762: max_threads=65535, hint_threads=32
[1788511116574] Granted 32 threads to pid 112762 (CPUs 56+32)
Request from pid 112762: max_threads=65535, hint_threads=32
[1788511116679] Granted 32 threads to pid 112762 (CPUs 56+32)
Request from pid 112762: max_threads=65535, hint_threads=32
[1788511116731] Granted 32 threads to pid 112762 (CPUs 56+32)
Request from pid 112762: max_threads=65535, hint_threads=32
[1788511116783] Granted 32 threads to pid 112762 (CPUs 56+32)
Request from pid 112762: max_threads=65535, hint_threads=32
[1788511116835] Granted 32 threads to pid 112762 (CPUs 56+32)
Request from pid 112762: max_threads=65535, hint_threads=32
[1788511116887] Granted 32 threads to pid 112762 (CPUs 56+32)
Request from pid 112762: max_threads=65535, hint_threads=32
[1788511116939] Granted 32 threads to pid 112762 (CPUs 56+32)
Request from pid 112762: max_threads=65535, hint_threads=32
[1788511116991] Granted 32 threads to pid 112762 (CPUs 56+32)
Request from pid 112762: max_threads=65535, hint_threads=32
[1788511117043] Granted 32 threads to pid 112762 (CPUs 56+32)
Request from pid 112762: max_threads=65535, hint_threads=32
[1788511117094] Granted 32 threads to pid 112762 (CPUs 56+32)
Request from pid 112762: max_threads=65535, hint_threads=32
[1788511117146] Granted 32 threads to pid 112762 (CPUs 56+32)
Request from pid 112762: max_threads=65535, hint_threads=32
[1788511117198] Granted 32 threads to pid 112762 (CPUs 56+32)
Request from pid 112762: max_threads=65535, hint_threads=32
[1788511117302] Granted 32 threads to pid 112762 (CPUs 56+32)
Request from pid 112762: max_threads=65535, hint_threads=32
[1788511117353] Granted 32 threads to pid 112762 (CPUs 56+32)
Request from pid 112762: max_threads=65535, hint_threads=32
[1788511117495] Granted 32 threads to pid 112762 (CPUs 56+32)
Request from pid 112762: max_threads=65535, hint_threads=32
[1788511117562] Granted 32 threads to pid 112762 (CPUs 56+32)
Request from pid 112762: max_threads=65535, hint_threads=32
[1788511117614] Granted 32 threads to pid 112762 (CPUs 56+32)
Request from pid 112762: max_threads=65535, hint_threads=32
[1788511117666] Granted 32 threads to pid 112762 (CPUs 56+32)
Request from pid 112762: max_threads=65535, hint_threads=32
[1788511117717] Granted 32 threads to pid 112762 (CPUs 56+32)
Request from pid 112762: max_threads=65535, hint_threads=32
[1788511117768] Granted 32 threads to pid 112762 (CPUs 56+32)
Request from pid 112762: max_threads=65535, hint_threads=32
[1788511117820] Granted 32 threads to pid 112762 (CPUs 56+32)
[1788511117825] Client pid 112762 disconnected — removed from state
Accepted connection
Handling client
Request from pid 112861: max_threads=65535, hint_threads=32
[1788511119881] Granted 32 threads to pid 112861 (CPUs 56+32)
Request from pid 112861: max_threads=65535, hint_threads=32
[1788511123521] Granted 32 threads to pid 112861 (CPUs 56+32)
Read error: Connection reset by peer (os error 104)
Starting DRM at Fri Sep  4 10:38:45 CEST 2026, capacity=32, cpu_pool=1,2,3,4,5,6,7,8,9,10,11,12,13,14,15,16,17,18,19,20,21,22,23,24,25,26,27,28,29,30,31,32
CPU pool (32 cores): 1–32
Listening on /tmp/omp-rm.sock (capacity=32, strategy=fair_share)
Accepted connection
Handling client
Request from pid 112971: max_threads=65535, hint_threads=32
[1788511126085] Granted 32 threads to pid 112971 (CPUs 1+32)
Request from pid 112971: max_threads=65535, hint_threads=32
[1788511126194] Granted 32 threads to pid 112971 (CPUs 1+32)
Request from pid 112971: max_threads=65535, hint_threads=32
[1788511126262] Granted 32 threads to pid 112971 (CPUs 1+32)
Request from pid 112971: max_threads=65535, hint_threads=32
[1788511126380] Granted 32 threads to pid 112971 (CPUs 1+32)
Request from pid 112971: max_threads=65535, hint_threads=32
[1788511126422] Granted 32 threads to pid 112971 (CPUs 1+32)
Request from pid 112971: max_threads=65535, hint_threads=32
[1788511126523] Granted 32 threads to pid 112971 (CPUs 1+32)
Request from pid 112971: max_threads=65535, hint_threads=32
[1788511126628] Granted 32 threads to pid 112971 (CPUs 1+32)
Request from pid 112971: max_threads=65535, hint_threads=32
[1788511126740] Granted 32 threads to pid 112971 (CPUs 1+32)
Request from pid 112971: max_threads=65535, hint_threads=32
[1788511126830] Granted 32 threads to pid 112971 (CPUs 1+32)
Request from pid 112971: max_threads=65535, hint_threads=32
[1788511126942] Granted 32 threads to pid 112971 (CPUs 1+32)
Request from pid 112971: max_threads=65535, hint_threads=32
[1788511127031] Granted 32 threads to pid 112971 (CPUs 1+32)
Request from pid 112971: max_threads=65535, hint_threads=32
[1788511127144] Granted 32 threads to pid 112971 (CPUs 1+32)
Request from pid 112971: max_threads=65535, hint_threads=32
[1788511127234] Granted 32 threads to pid 112971 (CPUs 1+32)
Request from pid 112971: max_threads=65535, hint_threads=32
[1788511127346] Granted 32 threads to pid 112971 (CPUs 1+32)
Request from pid 112971: max_threads=65535, hint_threads=32
[1788511127498] Granted 32 threads to pid 112971 (CPUs 1+32)
Request from pid 112971: max_threads=65535, hint_threads=32
[1788511127595] Granted 32 threads to pid 112971 (CPUs 1+32)
Request from pid 112971: max_threads=65535, hint_threads=32
[1788511127697] Granted 32 threads to pid 112971 (CPUs 1+32)
Request from pid 112971: max_threads=65535, hint_threads=32
[1788511127798] Granted 32 threads to pid 112971 (CPUs 1+32)
Request from pid 112971: max_threads=65535, hint_threads=32
[1788511127900] Granted 32 threads to pid 112971 (CPUs 1+32)
Request from pid 112971: max_threads=65535, hint_threads=32
[1788511128000] Granted 32 threads to pid 112971 (CPUs 1+32)
Request from pid 112971: max_threads=65535, hint_threads=32
[1788511128102] Granted 32 threads to pid 112971 (CPUs 1+32)
Request from pid 112971: max_threads=65535, hint_threads=32
[1788511128202] Granted 32 threads to pid 112971 (CPUs 1+32)
Request from pid 112971: max_threads=65535, hint_threads=32
[1788511128304] Granted 32 threads to pid 112971 (CPUs 1+32)
Request from pid 112971: max_threads=65535, hint_threads=32
[1788511128405] Granted 32 threads to pid 112971 (CPUs 1+32)
Request from pid 112971: max_threads=65535, hint_threads=32
[1788511128508] Granted 32 threads to pid 112971 (CPUs 1+32)
Request from pid 112971: max_threads=65535, hint_threads=32
[1788511128608] Granted 32 threads to pid 112971 (CPUs 1+32)
Request from pid 112971: max_threads=65535, hint_threads=32
[1788511128649] Granted 32 threads to pid 112971 (CPUs 1+32)
Request from pid 112971: max_threads=65535, hint_threads=32
[1788511128762] Granted 32 threads to pid 112971 (CPUs 1+32)
Request from pid 112971: max_threads=65535, hint_threads=32
[1788511128852] Granted 32 threads to pid 112971 (CPUs 1+32)
Request from pid 112971: max_threads=65535, hint_threads=32
[1788511128965] Granted 32 threads to pid 112971 (CPUs 1+32)
Request from pid 112971: max_threads=65535, hint_threads=32
[1788511129055] Granted 32 threads to pid 112971 (CPUs 1+32)
Request from pid 112971: max_threads=65535, hint_threads=32
[1788511129168] Granted 32 threads to pid 112971 (CPUs 1+32)
Request from pid 112971: max_threads=65535, hint_threads=32
[1788511129258] Granted 32 threads to pid 112971 (CPUs 1+32)
Request from pid 112971: max_threads=65535, hint_threads=32
[1788511129371] Granted 32 threads to pid 112971 (CPUs 1+32)
Request from pid 112971: max_threads=65535, hint_threads=32
[1788511129462] Granted 32 threads to pid 112971 (CPUs 1+32)
Request from pid 112971: max_threads=65535, hint_threads=32
[1788511129575] Granted 32 threads to pid 112971 (CPUs 1+32)
Request from pid 112971: max_threads=65535, hint_threads=32
[1788511129665] Granted 32 threads to pid 112971 (CPUs 1+32)
Request from pid 112971: max_threads=65535, hint_threads=32
[1788511129777] Granted 32 threads to pid 112971 (CPUs 1+32)
Request from pid 112971: max_threads=65535, hint_threads=32
[1788511129867] Granted 32 threads to pid 112971 (CPUs 1+32)
Request from pid 112971: max_threads=65535, hint_threads=32
[1788511129980] Granted 32 threads to pid 112971 (CPUs 1+32)
Request from pid 112971: max_threads=65535, hint_threads=32
[1788511130070] Granted 32 threads to pid 112971 (CPUs 1+32)
Request from pid 112971: max_threads=65535, hint_threads=32
[1788511130184] Granted 32 threads to pid 112971 (CPUs 1+32)
Request from pid 112971: max_threads=65535, hint_threads=32
[1788511130274] Granted 32 threads to pid 112971 (CPUs 1+32)
Request from pid 112971: max_threads=65535, hint_threads=32
[1788511130387] Granted 32 threads to pid 112971 (CPUs 1+32)
Request from pid 112971: max_threads=65535, hint_threads=32
[1788511130477] Granted 32 threads to pid 112971 (CPUs 1+32)
Request from pid 112971: max_threads=65535, hint_threads=32
[1788511130590] Granted 32 threads to pid 112971 (CPUs 1+32)
Request from pid 112971: max_threads=65535, hint_threads=32
[1788511130650] Granted 32 threads to pid 112971 (CPUs 1+32)
Read error: Connection reset by peer (os error 104)
Accepted connection
Handling client
Request from pid 113069: max_threads=65535, hint_threads=32
[1788511132716] Granted 16 threads to pid 113069 (CPUs 17+16)
Request from pid 113069: max_threads=65535, hint_threads=32
[1788511133356] Granted 16 threads to pid 113069 (CPUs 17+16)
Request from pid 113069: max_threads=65535, hint_threads=32
[1788511133510] Granted 16 threads to pid 113069 (CPUs 17+16)
Request from pid 113069: max_threads=65535, hint_threads=32
[1788511133664] Granted 16 threads to pid 113069 (CPUs 17+16)
Request from pid 113069: max_threads=65535, hint_threads=32
[1788511133818] Granted 16 threads to pid 113069 (CPUs 17+16)
Request from pid 113069: max_threads=65535, hint_threads=32
[1788511133935] Granted 16 threads to pid 113069 (CPUs 17+16)
Request from pid 113069: max_threads=65535, hint_threads=32
[1788511134095] Granted 16 threads to pid 113069 (CPUs 17+16)
Request from pid 113069: max_threads=65535, hint_threads=32
[1788511134254] Granted 16 threads to pid 113069 (CPUs 17+16)
Request from pid 113069: max_threads=65535, hint_threads=32
[1788511134414] Granted 16 threads to pid 113069 (CPUs 17+16)
Request from pid 113069: max_threads=65535, hint_threads=32
[1788511134573] Granted 16 threads to pid 113069 (CPUs 17+16)
Request from pid 113069: max_threads=65535, hint_threads=32
[1788511134732] Granted 16 threads to pid 113069 (CPUs 17+16)
Request from pid 113069: max_threads=65535, hint_threads=32
[1788511134892] Granted 16 threads to pid 113069 (CPUs 17+16)
Request from pid 113069: max_threads=65535, hint_threads=32
[1788511135051] Granted 16 threads to pid 113069 (CPUs 17+16)
Request from pid 113069: max_threads=65535, hint_threads=32
[1788511135210] Granted 16 threads to pid 113069 (CPUs 17+16)
Request from pid 113069: max_threads=65535, hint_threads=32
[1788511135370] Granted 16 threads to pid 113069 (CPUs 17+16)
Request from pid 113069: max_threads=65535, hint_threads=32
[1788511135529] Granted 16 threads to pid 113069 (CPUs 17+16)
Request from pid 113069: max_threads=65535, hint_threads=32
[1788511135689] Granted 32 threads to pid 113069 (CPUs 1+32)
Request from pid 113069: max_threads=65535, hint_threads=32
[1788511135823] Granted 32 threads to pid 113069 (CPUs 1+32)
Request from pid 113069: max_threads=65535, hint_threads=32
[1788511135919] Granted 32 threads to pid 113069 (CPUs 1+32)
Request from pid 113069: max_threads=65535, hint_threads=32
[1788511135968] Granted 32 threads to pid 113069 (CPUs 1+32)
Request from pid 113069: max_threads=65535, hint_threads=32
[1788511136064] Granted 32 threads to pid 113069 (CPUs 1+32)
Request from pid 113069: max_threads=65535, hint_threads=32
[1788511136161] Granted 32 threads to pid 113069 (CPUs 1+32)
Request from pid 113069: max_threads=65535, hint_threads=32
[1788511136257] Granted 32 threads to pid 113069 (CPUs 1+32)
Request from pid 113069: max_threads=65535, hint_threads=32
[1788511136354] Granted 32 threads to pid 113069 (CPUs 1+32)
Request from pid 113069: max_threads=65535, hint_threads=32
[1788511136450] Granted 32 threads to pid 113069 (CPUs 1+32)
Request from pid 113069: max_threads=65535, hint_threads=32
[1788511136547] Granted 32 threads to pid 113069 (CPUs 1+32)
Request from pid 113069: max_threads=65535, hint_threads=32
[1788511136643] Granted 32 threads to pid 113069 (CPUs 1+32)
Request from pid 113069: max_threads=65535, hint_threads=32
[1788511136743] Granted 32 threads to pid 113069 (CPUs 1+32)
Request from pid 113069: max_threads=65535, hint_threads=32
[1788511136844] Granted 32 threads to pid 113069 (CPUs 1+32)
Request from pid 113069: max_threads=65535, hint_threads=32
[1788511136943] Granted 32 threads to pid 113069 (CPUs 1+32)
Request from pid 113069: max_threads=65535, hint_threads=32
[1788511136993] Granted 32 threads to pid 113069 (CPUs 1+32)
Request from pid 113069: max_threads=65535, hint_threads=32
[1788511137092] Granted 32 threads to pid 113069 (CPUs 1+32)
Request from pid 113069: max_threads=65535, hint_threads=32
[1788511137191] Granted 32 threads to pid 113069 (CPUs 1+32)
Request from pid 113069: max_threads=65535, hint_threads=32
[1788511137290] Granted 32 threads to pid 113069 (CPUs 1+32)
Request from pid 113069: max_threads=65535, hint_threads=32
[1788511137389] Granted 32 threads to pid 113069 (CPUs 1+32)
Request from pid 113069: max_threads=65535, hint_threads=32
[1788511137439] Granted 32 threads to pid 113069 (CPUs 1+32)
Request from pid 113069: max_threads=65535, hint_threads=32
[1788511137538] Granted 32 threads to pid 113069 (CPUs 1+32)
Request from pid 113069: max_threads=65535, hint_threads=32
[1788511137637] Granted 32 threads to pid 113069 (CPUs 1+32)
Request from pid 113069: max_threads=65535, hint_threads=32
[1788511137687] Granted 32 threads to pid 113069 (CPUs 1+32)
Request from pid 113069: max_threads=65535, hint_threads=32
[1788511137786] Granted 32 threads to pid 113069 (CPUs 1+32)
Request from pid 113069: max_threads=65535, hint_threads=32
[1788511137885] Granted 32 threads to pid 113069 (CPUs 1+32)
Request from pid 113069: max_threads=65535, hint_threads=32
[1788511137984] Granted 32 threads to pid 113069 (CPUs 1+32)
Request from pid 113069: max_threads=65535, hint_threads=32
[1788511138083] Granted 32 threads to pid 113069 (CPUs 1+32)
[1788511138138] Client pid 113069 disconnected — removed from state
Accepted connection
Handling client
Request from pid 113168: max_threads=65535, hint_threads=32
[1788511140196] Granted 32 threads to pid 113168 (CPUs 1+32)
Request from pid 113168: max_threads=65535, hint_threads=32
[1788511143829] Granted 32 threads to pid 113168 (CPUs 1+32)
Read error: Connection reset by peer (os error 104)
Starting DRM at Fri Sep  4 10:39:05 CEST 2026, capacity=32, cpu_pool=56,57,58,59,60,61,62,63,80,81,82,83,84,85,86,87,88,89,90,91,92,93,94,95,96,97,98,99,100,101,102,103
CPU pool (32 cores): 56–103
Listening on /tmp/omp-rm.sock (capacity=32, strategy=fair_share)
Accepted connection
Handling client
Request from pid 113269: max_threads=65535, hint_threads=32
[1788511146393] Granted 32 threads to pid 113269 (CPUs 56+32)
Request from pid 113269: max_threads=65535, hint_threads=32
[1788511146515] Granted 32 threads to pid 113269 (CPUs 56+32)
Request from pid 113269: max_threads=65535, hint_threads=32
[1788511146583] Granted 32 threads to pid 113269 (CPUs 56+32)
Request from pid 113269: max_threads=65535, hint_threads=32
[1788511146701] Granted 32 threads to pid 113269 (CPUs 56+32)
Request from pid 113269: max_threads=65535, hint_threads=32
[1788511146742] Granted 32 threads to pid 113269 (CPUs 56+32)
Request from pid 113269: max_threads=65535, hint_threads=32
[1788511146844] Granted 32 threads to pid 113269 (CPUs 56+32)
Request from pid 113269: max_threads=65535, hint_threads=32
[1788511146950] Granted 32 threads to pid 113269 (CPUs 56+32)
Request from pid 113269: max_threads=65535, hint_threads=32
[1788511147063] Granted 32 threads to pid 113269 (CPUs 56+32)
Request from pid 113269: max_threads=65535, hint_threads=32
[1788511147153] Granted 32 threads to pid 113269 (CPUs 56+32)
Request from pid 113269: max_threads=65535, hint_threads=32
[1788511147266] Granted 32 threads to pid 113269 (CPUs 56+32)
Request from pid 113269: max_threads=65535, hint_threads=32
[1788511147356] Granted 32 threads to pid 113269 (CPUs 56+32)
Request from pid 113269: max_threads=65535, hint_threads=32
[1788511147487] Granted 32 threads to pid 113269 (CPUs 56+32)
Request from pid 113269: max_threads=65535, hint_threads=32
[1788511147559] Granted 32 threads to pid 113269 (CPUs 56+32)
Request from pid 113269: max_threads=65535, hint_threads=32
[1788511147672] Granted 32 threads to pid 113269 (CPUs 56+32)
Request from pid 113269: max_threads=65535, hint_threads=32
[1788511147762] Granted 32 threads to pid 113269 (CPUs 56+32)
Request from pid 113269: max_threads=65535, hint_threads=32
[1788511147875] Granted 32 threads to pid 113269 (CPUs 56+32)
Request from pid 113269: max_threads=65535, hint_threads=32
[1788511147965] Granted 32 threads to pid 113269 (CPUs 56+32)
Request from pid 113269: max_threads=65535, hint_threads=32
[1788511148079] Granted 32 threads to pid 113269 (CPUs 56+32)
Request from pid 113269: max_threads=65535, hint_threads=32
[1788511148168] Granted 32 threads to pid 113269 (CPUs 56+32)
Request from pid 113269: max_threads=65535, hint_threads=32
[1788511148281] Granted 32 threads to pid 113269 (CPUs 56+32)
Request from pid 113269: max_threads=65535, hint_threads=32
[1788511148371] Granted 32 threads to pid 113269 (CPUs 56+32)
Request from pid 113269: max_threads=65535, hint_threads=32
[1788511148484] Granted 32 threads to pid 113269 (CPUs 56+32)
Request from pid 113269: max_threads=65535, hint_threads=32
[1788511148574] Granted 32 threads to pid 113269 (CPUs 56+32)
Request from pid 113269: max_threads=65535, hint_threads=32
[1788511148688] Granted 32 threads to pid 113269 (CPUs 56+32)
Request from pid 113269: max_threads=65535, hint_threads=32
[1788511148778] Granted 32 threads to pid 113269 (CPUs 56+32)
Request from pid 113269: max_threads=65535, hint_threads=32
[1788511148891] Granted 32 threads to pid 113269 (CPUs 56+32)
Request from pid 113269: max_threads=65535, hint_threads=32
[1788511148981] Granted 32 threads to pid 113269 (CPUs 56+32)
Request from pid 113269: max_threads=65535, hint_threads=32
[1788511149095] Granted 32 threads to pid 113269 (CPUs 56+32)
Request from pid 113269: max_threads=65535, hint_threads=32
[1788511149185] Granted 32 threads to pid 113269 (CPUs 56+32)
Request from pid 113269: max_threads=65535, hint_threads=32
[1788511149298] Granted 32 threads to pid 113269 (CPUs 56+32)
Request from pid 113269: max_threads=65535, hint_threads=32
[1788511149389] Granted 32 threads to pid 113269 (CPUs 56+32)
Request from pid 113269: max_threads=65535, hint_threads=32
[1788511149503] Granted 32 threads to pid 113269 (CPUs 56+32)
Request from pid 113269: max_threads=65535, hint_threads=32
[1788511149593] Granted 32 threads to pid 113269 (CPUs 56+32)
Request from pid 113269: max_threads=65535, hint_threads=32
[1788511149706] Granted 32 threads to pid 113269 (CPUs 56+32)
Request from pid 113269: max_threads=65535, hint_threads=32
[1788511149796] Granted 32 threads to pid 113269 (CPUs 56+32)
Request from pid 113269: max_threads=65535, hint_threads=32
[1788511149910] Granted 32 threads to pid 113269 (CPUs 56+32)
Request from pid 113269: max_threads=65535, hint_threads=32
[1788511150000] Granted 32 threads to pid 113269 (CPUs 56+32)
Request from pid 113269: max_threads=65535, hint_threads=32
[1788511150112] Granted 32 threads to pid 113269 (CPUs 56+32)
Request from pid 113269: max_threads=65535, hint_threads=32
[1788511150202] Granted 32 threads to pid 113269 (CPUs 56+32)
Request from pid 113269: max_threads=65535, hint_threads=32
[1788511150316] Granted 32 threads to pid 113269 (CPUs 56+32)
Request from pid 113269: max_threads=65535, hint_threads=32
[1788511150406] Granted 32 threads to pid 113269 (CPUs 56+32)
Request from pid 113269: max_threads=65535, hint_threads=32
[1788511150519] Granted 32 threads to pid 113269 (CPUs 56+32)
Request from pid 113269: max_threads=65535, hint_threads=32
[1788511150609] Granted 32 threads to pid 113269 (CPUs 56+32)
Request from pid 113269: max_threads=65535, hint_threads=32
[1788511150723] Granted 32 threads to pid 113269 (CPUs 56+32)
Request from pid 113269: max_threads=65535, hint_threads=32
[1788511150813] Granted 32 threads to pid 113269 (CPUs 56+32)
Request from pid 113269: max_threads=65535, hint_threads=32
[1788511150927] Granted 32 threads to pid 113269 (CPUs 56+32)
Request from pid 113269: max_threads=65535, hint_threads=32
[1788511150987] Granted 32 threads to pid 113269 (CPUs 56+32)
Read error: Connection reset by peer (os error 104)
Accepted connection
Handling client
Request from pid 113383: max_threads=65535, hint_threads=32
[1788511153044] Granted 16 threads to pid 113383 (CPUs 88+16)
Request from pid 113383: max_threads=65535, hint_threads=32
[1788511153608] Granted 16 threads to pid 113383 (CPUs 88+16)
Request from pid 113383: max_threads=65535, hint_threads=32
[1788511153710] Granted 16 threads to pid 113383 (CPUs 88+16)
Request from pid 113383: max_threads=65535, hint_threads=32
[1788511153788] Granted 16 threads to pid 113383 (CPUs 88+16)
Request from pid 113383: max_threads=65535, hint_threads=32
[1788511153943] Granted 16 threads to pid 113383 (CPUs 88+16)
Request from pid 113383: max_threads=65535, hint_threads=32
[1788511154098] Granted 16 threads to pid 113383 (CPUs 88+16)
Request from pid 113383: max_threads=65535, hint_threads=32
[1788511154253] Granted 16 threads to pid 113383 (CPUs 88+16)
Request from pid 113383: max_threads=65535, hint_threads=32
[1788511154408] Granted 16 threads to pid 113383 (CPUs 88+16)
Request from pid 113383: max_threads=65535, hint_threads=32
[1788511154486] Granted 16 threads to pid 113383 (CPUs 88+16)
Request from pid 113383: max_threads=65535, hint_threads=32
[1788511154640] Granted 16 threads to pid 113383 (CPUs 88+16)
Request from pid 113383: max_threads=65535, hint_threads=32
[1788511154795] Granted 16 threads to pid 113383 (CPUs 88+16)
Request from pid 113383: max_threads=65535, hint_threads=32
[1788511154873] Granted 16 threads to pid 113383 (CPUs 88+16)
Request from pid 113383: max_threads=65535, hint_threads=32
[1788511155027] Granted 16 threads to pid 113383 (CPUs 88+16)
Request from pid 113383: max_threads=65535, hint_threads=32
[1788511155182] Granted 16 threads to pid 113383 (CPUs 88+16)
Request from pid 113383: max_threads=65535, hint_threads=32
[1788511155259] Granted 16 threads to pid 113383 (CPUs 88+16)
Request from pid 113383: max_threads=65535, hint_threads=32
[1788511155413] Granted 16 threads to pid 113383 (CPUs 88+16)
Request from pid 113383: max_threads=65535, hint_threads=32
[1788511155568] Granted 16 threads to pid 113383 (CPUs 88+16)
Request from pid 113383: max_threads=65535, hint_threads=32
[1788511155723] Granted 16 threads to pid 113383 (CPUs 88+16)
Request from pid 113383: max_threads=65535, hint_threads=32
[1788511155877] Granted 16 threads to pid 113383 (CPUs 88+16)
Request from pid 113383: max_threads=65535, hint_threads=32
[1788511156032] Granted 32 threads to pid 113383 (CPUs 56+32)
Request from pid 113383: max_threads=65535, hint_threads=32
[1788511156170] Granted 32 threads to pid 113383 (CPUs 56+32)
Request from pid 113383: max_threads=65535, hint_threads=32
[1788511156271] Granted 32 threads to pid 113383 (CPUs 56+32)
Request from pid 113383: max_threads=65535, hint_threads=32
[1788511156321] Granted 32 threads to pid 113383 (CPUs 56+32)
Request from pid 113383: max_threads=65535, hint_threads=32
[1788511156422] Granted 32 threads to pid 113383 (CPUs 56+32)
Request from pid 113383: max_threads=65535, hint_threads=32
[1788511156523] Granted 32 threads to pid 113383 (CPUs 56+32)
Request from pid 113383: max_threads=65535, hint_threads=32
[1788511156574] Granted 32 threads to pid 113383 (CPUs 56+32)
Request from pid 113383: max_threads=65535, hint_threads=32
[1788511156674] Granted 32 threads to pid 113383 (CPUs 56+32)
Request from pid 113383: max_threads=65535, hint_threads=32
[1788511156775] Granted 32 threads to pid 113383 (CPUs 56+32)
Request from pid 113383: max_threads=65535, hint_threads=32
[1788511156826] Granted 32 threads to pid 113383 (CPUs 56+32)
Request from pid 113383: max_threads=65535, hint_threads=32
[1788511156927] Granted 32 threads to pid 113383 (CPUs 56+32)
Request from pid 113383: max_threads=65535, hint_threads=32
[1788511157027] Granted 32 threads to pid 113383 (CPUs 56+32)
Request from pid 113383: max_threads=65535, hint_threads=32
[1788511157079] Granted 32 threads to pid 113383 (CPUs 56+32)
Request from pid 113383: max_threads=65535, hint_threads=32
[1788511157183] Granted 32 threads to pid 113383 (CPUs 56+32)
Request from pid 113383: max_threads=65535, hint_threads=32
[1788511157286] Granted 32 threads to pid 113383 (CPUs 56+32)
Request from pid 113383: max_threads=65535, hint_threads=32
[1788511157389] Granted 32 threads to pid 113383 (CPUs 56+32)
Request from pid 113383: max_threads=65535, hint_threads=32
[1788511157494] Granted 32 threads to pid 113383 (CPUs 56+32)
Request from pid 113383: max_threads=65535, hint_threads=32
[1788511157596] Granted 32 threads to pid 113383 (CPUs 56+32)
Request from pid 113383: max_threads=65535, hint_threads=32
[1788511157699] Granted 32 threads to pid 113383 (CPUs 56+32)
Request from pid 113383: max_threads=65535, hint_threads=32
[1788511157802] Granted 32 threads to pid 113383 (CPUs 56+32)
Request from pid 113383: max_threads=65535, hint_threads=32
[1788511157853] Granted 32 threads to pid 113383 (CPUs 56+32)
Request from pid 113383: max_threads=65535, hint_threads=32
[1788511157905] Granted 32 threads to pid 113383 (CPUs 56+32)
Request from pid 113383: max_threads=65535, hint_threads=32
[1788511157956] Granted 32 threads to pid 113383 (CPUs 56+32)
Request from pid 113383: max_threads=65535, hint_threads=32
[1788511158008] Granted 32 threads to pid 113383 (CPUs 56+32)
Request from pid 113383: max_threads=65535, hint_threads=32
[1788511158110] Granted 32 threads to pid 113383 (CPUs 56+32)
Request from pid 113383: max_threads=65535, hint_threads=32
[1788511158162] Granted 32 threads to pid 113383 (CPUs 56+32)
Request from pid 113383: max_threads=65535, hint_threads=32
[1788511158264] Granted 32 threads to pid 113383 (CPUs 56+32)
[1788511158321] Client pid 113383 disconnected — removed from state
Accepted connection
Handling client
Request from pid 113488: max_threads=65535, hint_threads=32
[1788511160373] Granted 32 threads to pid 113488 (CPUs 56+32)
Request from pid 113488: max_threads=65535, hint_threads=32
[1788511164009] Granted 32 threads to pid 113488 (CPUs 56+32)
Read error: Connection reset by peer (os error 104)
Starting DRM at Fri Sep  4 10:39:26 CEST 2026, capacity=32, cpu_pool=1,2,3,4,5,6,7,8,9,10,11,12,13,14,15,16,17,18,19,20,21,22,23,24,25,26,27,28,29,30,31,32
CPU pool (32 cores): 1–32
Listening on /tmp/omp-rm.sock (capacity=32, strategy=fair_share)
Accepted connection
Handling client
Request from pid 113593: max_threads=65535, hint_threads=32
[1788511166643] Granted 32 threads to pid 113593 (CPUs 1+32)
Request from pid 113593: max_threads=65535, hint_threads=32
[1788511166755] Granted 32 threads to pid 113593 (CPUs 1+32)
Request from pid 113593: max_threads=65535, hint_threads=32
[1788511166823] Granted 32 threads to pid 113593 (CPUs 1+32)
Request from pid 113593: max_threads=65535, hint_threads=32
[1788511166939] Granted 32 threads to pid 113593 (CPUs 1+32)
Request from pid 113593: max_threads=65535, hint_threads=32
[1788511166982] Granted 32 threads to pid 113593 (CPUs 1+32)
Request from pid 113593: max_threads=65535, hint_threads=32
[1788511167082] Granted 32 threads to pid 113593 (CPUs 1+32)
Request from pid 113593: max_threads=65535, hint_threads=32
[1788511167188] Granted 32 threads to pid 113593 (CPUs 1+32)
Request from pid 113593: max_threads=65535, hint_threads=32
[1788511167301] Granted 32 threads to pid 113593 (CPUs 1+32)
Request from pid 113593: max_threads=65535, hint_threads=32
[1788511167391] Granted 32 threads to pid 113593 (CPUs 1+32)
Request from pid 113593: max_threads=65535, hint_threads=32
[1788511167521] Granted 32 threads to pid 113593 (CPUs 1+32)
Request from pid 113593: max_threads=65535, hint_threads=32
[1788511167593] Granted 32 threads to pid 113593 (CPUs 1+32)
Request from pid 113593: max_threads=65535, hint_threads=32
[1788511167706] Granted 32 threads to pid 113593 (CPUs 1+32)
Request from pid 113593: max_threads=65535, hint_threads=32
[1788511167796] Granted 32 threads to pid 113593 (CPUs 1+32)
Request from pid 113593: max_threads=65535, hint_threads=32
[1788511167909] Granted 32 threads to pid 113593 (CPUs 1+32)
Request from pid 113593: max_threads=65535, hint_threads=32
[1788511167998] Granted 32 threads to pid 113593 (CPUs 1+32)
Request from pid 113593: max_threads=65535, hint_threads=32
[1788511168111] Granted 32 threads to pid 113593 (CPUs 1+32)
Request from pid 113593: max_threads=65535, hint_threads=32
[1788511168201] Granted 32 threads to pid 113593 (CPUs 1+32)
Request from pid 113593: max_threads=65535, hint_threads=32
[1788511168313] Granted 32 threads to pid 113593 (CPUs 1+32)
Request from pid 113593: max_threads=65535, hint_threads=32
[1788511168403] Granted 32 threads to pid 113593 (CPUs 1+32)
Request from pid 113593: max_threads=65535, hint_threads=32
[1788511168515] Granted 32 threads to pid 113593 (CPUs 1+32)
Request from pid 113593: max_threads=65535, hint_threads=32
[1788511168605] Granted 32 threads to pid 113593 (CPUs 1+32)
Request from pid 113593: max_threads=65535, hint_threads=32
[1788511168717] Granted 32 threads to pid 113593 (CPUs 1+32)
Request from pid 113593: max_threads=65535, hint_threads=32
[1788511168806] Granted 32 threads to pid 113593 (CPUs 1+32)
Request from pid 113593: max_threads=65535, hint_threads=32
[1788511168919] Granted 32 threads to pid 113593 (CPUs 1+32)
Request from pid 113593: max_threads=65535, hint_threads=32
[1788511169009] Granted 32 threads to pid 113593 (CPUs 1+32)
Request from pid 113593: max_threads=65535, hint_threads=32
[1788511169121] Granted 32 threads to pid 113593 (CPUs 1+32)
Request from pid 113593: max_threads=65535, hint_threads=32
[1788511169211] Granted 32 threads to pid 113593 (CPUs 1+32)
Request from pid 113593: max_threads=65535, hint_threads=32
[1788511169325] Granted 32 threads to pid 113593 (CPUs 1+32)
Request from pid 113593: max_threads=65535, hint_threads=32
[1788511169413] Granted 32 threads to pid 113593 (CPUs 1+32)
Request from pid 113593: max_threads=65535, hint_threads=32
[1788511169526] Granted 32 threads to pid 113593 (CPUs 1+32)
Request from pid 113593: max_threads=65535, hint_threads=32
[1788511169615] Granted 32 threads to pid 113593 (CPUs 1+32)
Request from pid 113593: max_threads=65535, hint_threads=32
[1788511169728] Granted 32 threads to pid 113593 (CPUs 1+32)
Request from pid 113593: max_threads=65535, hint_threads=32
[1788511169818] Granted 32 threads to pid 113593 (CPUs 1+32)
Request from pid 113593: max_threads=65535, hint_threads=32
[1788511169931] Granted 32 threads to pid 113593 (CPUs 1+32)
Request from pid 113593: max_threads=65535, hint_threads=32
[1788511170020] Granted 32 threads to pid 113593 (CPUs 1+32)
Request from pid 113593: max_threads=65535, hint_threads=32
[1788511170134] Granted 32 threads to pid 113593 (CPUs 1+32)
Request from pid 113593: max_threads=65535, hint_threads=32
[1788511170223] Granted 32 threads to pid 113593 (CPUs 1+32)
Request from pid 113593: max_threads=65535, hint_threads=32
[1788511170336] Granted 32 threads to pid 113593 (CPUs 1+32)
Request from pid 113593: max_threads=65535, hint_threads=32
[1788511170425] Granted 32 threads to pid 113593 (CPUs 1+32)
Request from pid 113593: max_threads=65535, hint_threads=32
[1788511170538] Granted 32 threads to pid 113593 (CPUs 1+32)
Request from pid 113593: max_threads=65535, hint_threads=32
[1788511170628] Granted 32 threads to pid 113593 (CPUs 1+32)
Request from pid 113593: max_threads=65535, hint_threads=32
[1788511170741] Granted 32 threads to pid 113593 (CPUs 1+32)
Request from pid 113593: max_threads=65535, hint_threads=32
[1788511170830] Granted 32 threads to pid 113593 (CPUs 1+32)
Request from pid 113593: max_threads=65535, hint_threads=32
[1788511170944] Granted 32 threads to pid 113593 (CPUs 1+32)
Request from pid 113593: max_threads=65535, hint_threads=32
[1788511171033] Granted 32 threads to pid 113593 (CPUs 1+32)
Request from pid 113593: max_threads=65535, hint_threads=32
[1788511171146] Granted 32 threads to pid 113593 (CPUs 1+32)
Request from pid 113593: max_threads=65535, hint_threads=32
[1788511171206] Granted 32 threads to pid 113593 (CPUs 1+32)
Read error: Connection reset by peer (os error 104)
Accepted connection
Handling client
Request from pid 113692: max_threads=65535, hint_threads=32
[1788511173264] Granted 16 threads to pid 113692 (CPUs 17+16)
Request from pid 113692: max_threads=65535, hint_threads=32
[1788511173899] Granted 16 threads to pid 113692 (CPUs 17+16)
Request from pid 113692: max_threads=65535, hint_threads=32
[1788511173986] Granted 16 threads to pid 113692 (CPUs 17+16)
Request from pid 113692: max_threads=65535, hint_threads=32
[1788511174072] Granted 16 threads to pid 113692 (CPUs 17+16)
Request from pid 113692: max_threads=65535, hint_threads=32
[1788511174246] Granted 16 threads to pid 113692 (CPUs 17+16)
Request from pid 113692: max_threads=65535, hint_threads=32
[1788511174419] Granted 16 threads to pid 113692 (CPUs 17+16)
Request from pid 113692: max_threads=65535, hint_threads=32
[1788511174592] Granted 16 threads to pid 113692 (CPUs 17+16)
Request from pid 113692: max_threads=65535, hint_threads=32
[1788511174765] Granted 16 threads to pid 113692 (CPUs 17+16)
Request from pid 113692: max_threads=65535, hint_threads=32
[1788511174938] Granted 16 threads to pid 113692 (CPUs 17+16)
Request from pid 113692: max_threads=65535, hint_threads=32
[1788511175110] Granted 16 threads to pid 113692 (CPUs 17+16)
Request from pid 113692: max_threads=65535, hint_threads=32
[1788511175283] Granted 16 threads to pid 113692 (CPUs 17+16)
Request from pid 113692: max_threads=65535, hint_threads=32
[1788511175456] Granted 16 threads to pid 113692 (CPUs 17+16)
Request from pid 113692: max_threads=65535, hint_threads=32
[1788511175629] Granted 16 threads to pid 113692 (CPUs 17+16)
Request from pid 113692: max_threads=65535, hint_threads=32
[1788511175801] Granted 16 threads to pid 113692 (CPUs 17+16)
Request from pid 113692: max_threads=65535, hint_threads=32
[1788511175974] Granted 16 threads to pid 113692 (CPUs 17+16)
Request from pid 113692: max_threads=65535, hint_threads=32
[1788511176147] Granted 16 threads to pid 113692 (CPUs 17+16)
Request from pid 113692: max_threads=65535, hint_threads=32
[1788511176320] Granted 32 threads to pid 113692 (CPUs 1+32)
Request from pid 113692: max_threads=65535, hint_threads=32
[1788511176466] Granted 32 threads to pid 113692 (CPUs 1+32)
Request from pid 113692: max_threads=65535, hint_threads=32
[1788511176568] Granted 32 threads to pid 113692 (CPUs 1+32)
Request from pid 113692: max_threads=65535, hint_threads=32
[1788511176670] Granted 32 threads to pid 113692 (CPUs 1+32)
Request from pid 113692: max_threads=65535, hint_threads=32
[1788511176772] Granted 32 threads to pid 113692 (CPUs 1+32)
Request from pid 113692: max_threads=65535, hint_threads=32
[1788511176874] Granted 32 threads to pid 113692 (CPUs 1+32)
Request from pid 113692: max_threads=65535, hint_threads=32
[1788511176976] Granted 32 threads to pid 113692 (CPUs 1+32)
Request from pid 113692: max_threads=65535, hint_threads=32
[1788511177027] Granted 32 threads to pid 113692 (CPUs 1+32)
Request from pid 113692: max_threads=65535, hint_threads=32
[1788511177128] Granted 32 threads to pid 113692 (CPUs 1+32)
Request from pid 113692: max_threads=65535, hint_threads=32
[1788511177230] Granted 32 threads to pid 113692 (CPUs 1+32)
Request from pid 113692: max_threads=65535, hint_threads=32
[1788511177281] Granted 32 threads to pid 113692 (CPUs 1+32)
Request from pid 113692: max_threads=65535, hint_threads=32
[1788511177384] Granted 32 threads to pid 113692 (CPUs 1+32)
Request from pid 113692: max_threads=65535, hint_threads=32
[1788511177490] Granted 32 threads to pid 113692 (CPUs 1+32)
Request from pid 113692: max_threads=65535, hint_threads=32
[1788511177596] Granted 32 threads to pid 113692 (CPUs 1+32)
Request from pid 113692: max_threads=65535, hint_threads=32
[1788511177700] Granted 32 threads to pid 113692 (CPUs 1+32)
Request from pid 113692: max_threads=65535, hint_threads=32
[1788511177805] Granted 32 threads to pid 113692 (CPUs 1+32)
Request from pid 113692: max_threads=65535, hint_threads=32
[1788511177910] Granted 32 threads to pid 113692 (CPUs 1+32)
Request from pid 113692: max_threads=65535, hint_threads=32
[1788511178014] Granted 32 threads to pid 113692 (CPUs 1+32)
Request from pid 113692: max_threads=65535, hint_threads=32
[1788511178067] Granted 32 threads to pid 113692 (CPUs 1+32)
Request from pid 113692: max_threads=65535, hint_threads=32
[1788511178171] Granted 32 threads to pid 113692 (CPUs 1+32)
Request from pid 113692: max_threads=65535, hint_threads=32
[1788511178276] Granted 32 threads to pid 113692 (CPUs 1+32)
Request from pid 113692: max_threads=65535, hint_threads=32
[1788511178328] Granted 32 threads to pid 113692 (CPUs 1+32)
Request from pid 113692: max_threads=65535, hint_threads=32
[1788511178433] Granted 32 threads to pid 113692 (CPUs 1+32)
Request from pid 113692: max_threads=65535, hint_threads=32
[1788511178537] Granted 32 threads to pid 113692 (CPUs 1+32)
Request from pid 113692: max_threads=65535, hint_threads=32
[1788511178589] Granted 32 threads to pid 113692 (CPUs 1+32)
Request from pid 113692: max_threads=65535, hint_threads=32
[1788511178694] Granted 32 threads to pid 113692 (CPUs 1+32)
Request from pid 113692: max_threads=65535, hint_threads=32
[1788511178798] Granted 32 threads to pid 113692 (CPUs 1+32)
[1788511178803] Client pid 113692 disconnected — removed from state
Accepted connection
Handling client
Request from pid 113787: max_threads=65535, hint_threads=32
[1788511180858] Granted 32 threads to pid 113787 (CPUs 1+32)
Request from pid 113787: max_threads=65535, hint_threads=32
[1788511184495] Granted 32 threads to pid 113787 (CPUs 1+32)
Read error: Connection reset by peer (os error 104)
Starting DRM at Fri Sep  4 10:39:46 CEST 2026, capacity=32, cpu_pool=56,57,58,59,60,61,62,63,80,81,82,83,84,85,86,87,88,89,90,91,92,93,94,95,96,97,98,99,100,101,102,103
CPU pool (32 cores): 56–103
Listening on /tmp/omp-rm.sock (capacity=32, strategy=fair_share)
Accepted connection
Handling client
Request from pid 113949: max_threads=65535, hint_threads=32
[1788511187096] Granted 32 threads to pid 113949 (CPUs 56+32)
Request from pid 113949: max_threads=65535, hint_threads=32
[1788511187218] Granted 32 threads to pid 113949 (CPUs 56+32)
Request from pid 113949: max_threads=65535, hint_threads=32
[1788511187285] Granted 32 threads to pid 113949 (CPUs 56+32)
Request from pid 113949: max_threads=65535, hint_threads=32
[1788511187403] Granted 32 threads to pid 113949 (CPUs 56+32)
Request from pid 113949: max_threads=65535, hint_threads=32
[1788511187444] Granted 32 threads to pid 113949 (CPUs 56+32)
Request from pid 113949: max_threads=65535, hint_threads=32
[1788511187550] Granted 32 threads to pid 113949 (CPUs 56+32)
Request from pid 113949: max_threads=65535, hint_threads=32
[1788511187651] Granted 32 threads to pid 113949 (CPUs 56+32)
Request from pid 113949: max_threads=65535, hint_threads=32
[1788511187765] Granted 32 threads to pid 113949 (CPUs 56+32)
Request from pid 113949: max_threads=65535, hint_threads=32
[1788511187854] Granted 32 threads to pid 113949 (CPUs 56+32)
Request from pid 113949: max_threads=65535, hint_threads=32
[1788511187968] Granted 32 threads to pid 113949 (CPUs 56+32)
Request from pid 113949: max_threads=65535, hint_threads=32
[1788511188057] Granted 32 threads to pid 113949 (CPUs 56+32)
Request from pid 113949: max_threads=65535, hint_threads=32
[1788511188170] Granted 32 threads to pid 113949 (CPUs 56+32)
Request from pid 113949: max_threads=65535, hint_threads=32
[1788511188260] Granted 32 threads to pid 113949 (CPUs 56+32)
Request from pid 113949: max_threads=65535, hint_threads=32
[1788511188374] Granted 32 threads to pid 113949 (CPUs 56+32)
Request from pid 113949: max_threads=65535, hint_threads=32
[1788511188463] Granted 32 threads to pid 113949 (CPUs 56+32)
Request from pid 113949: max_threads=65535, hint_threads=32
[1788511188577] Granted 32 threads to pid 113949 (CPUs 56+32)
Request from pid 113949: max_threads=65535, hint_threads=32
[1788511188666] Granted 32 threads to pid 113949 (CPUs 56+32)
Request from pid 113949: max_threads=65535, hint_threads=32
[1788511188780] Granted 32 threads to pid 113949 (CPUs 56+32)
Request from pid 113949: max_threads=65535, hint_threads=32
[1788511188868] Granted 32 threads to pid 113949 (CPUs 56+32)
Request from pid 113949: max_threads=65535, hint_threads=32
[1788511188982] Granted 32 threads to pid 113949 (CPUs 56+32)
Request from pid 113949: max_threads=65535, hint_threads=32
[1788511189071] Granted 32 threads to pid 113949 (CPUs 56+32)
Request from pid 113949: max_threads=65535, hint_threads=32
[1788511189185] Granted 32 threads to pid 113949 (CPUs 56+32)
Request from pid 113949: max_threads=65535, hint_threads=32
[1788511189274] Granted 32 threads to pid 113949 (CPUs 56+32)
Request from pid 113949: max_threads=65535, hint_threads=32
[1788511189391] Granted 32 threads to pid 113949 (CPUs 56+32)
Request from pid 113949: max_threads=65535, hint_threads=32
[1788511189481] Granted 32 threads to pid 113949 (CPUs 56+32)
Request from pid 113949: max_threads=65535, hint_threads=32
[1788511189595] Granted 32 threads to pid 113949 (CPUs 56+32)
Request from pid 113949: max_threads=65535, hint_threads=32
[1788511189685] Granted 32 threads to pid 113949 (CPUs 56+32)
Request from pid 113949: max_threads=65535, hint_threads=32
[1788511189798] Granted 32 threads to pid 113949 (CPUs 56+32)
Request from pid 113949: max_threads=65535, hint_threads=32
[1788511189887] Granted 32 threads to pid 113949 (CPUs 56+32)
Request from pid 113949: max_threads=65535, hint_threads=32
[1788511190001] Granted 32 threads to pid 113949 (CPUs 56+32)
Request from pid 113949: max_threads=65535, hint_threads=32
[1788511190090] Granted 32 threads to pid 113949 (CPUs 56+32)
Request from pid 113949: max_threads=65535, hint_threads=32
[1788511190204] Granted 32 threads to pid 113949 (CPUs 56+32)
Request from pid 113949: max_threads=65535, hint_threads=32
[1788511190293] Granted 32 threads to pid 113949 (CPUs 56+32)
Request from pid 113949: max_threads=65535, hint_threads=32
[1788511190407] Granted 32 threads to pid 113949 (CPUs 56+32)
Request from pid 113949: max_threads=65535, hint_threads=32
[1788511190496] Granted 32 threads to pid 113949 (CPUs 56+32)
Request from pid 113949: max_threads=65535, hint_threads=32
[1788511190611] Granted 32 threads to pid 113949 (CPUs 56+32)
Request from pid 113949: max_threads=65535, hint_threads=32
[1788511190700] Granted 32 threads to pid 113949 (CPUs 56+32)
Request from pid 113949: max_threads=65535, hint_threads=32
[1788511190814] Granted 32 threads to pid 113949 (CPUs 56+32)
Request from pid 113949: max_threads=65535, hint_threads=32
[1788511190903] Granted 32 threads to pid 113949 (CPUs 56+32)
Request from pid 113949: max_threads=65535, hint_threads=32
[1788511191017] Granted 32 threads to pid 113949 (CPUs 56+32)
Request from pid 113949: max_threads=65535, hint_threads=32
[1788511191106] Granted 32 threads to pid 113949 (CPUs 56+32)
Request from pid 113949: max_threads=65535, hint_threads=32
[1788511191220] Granted 32 threads to pid 113949 (CPUs 56+32)
Request from pid 113949: max_threads=65535, hint_threads=32
[1788511191309] Granted 32 threads to pid 113949 (CPUs 56+32)
Request from pid 113949: max_threads=65535, hint_threads=32
[1788511191423] Granted 32 threads to pid 113949 (CPUs 56+32)
Request from pid 113949: max_threads=65535, hint_threads=32
[1788511191512] Granted 32 threads to pid 113949 (CPUs 56+32)
Request from pid 113949: max_threads=65535, hint_threads=32
[1788511191626] Granted 32 threads to pid 113949 (CPUs 56+32)
Request from pid 113949: max_threads=65535, hint_threads=32
[1788511191685] Granted 32 threads to pid 113949 (CPUs 56+32)
Read error: Connection reset by peer (os error 104)
Accepted connection
Handling client
Request from pid 114045: max_threads=65535, hint_threads=32
[1788511193739] Granted 16 threads to pid 114045 (CPUs 88+16)
Request from pid 114045: max_threads=65535, hint_threads=32
[1788511194388] Granted 16 threads to pid 114045 (CPUs 88+16)
Request from pid 114045: max_threads=65535, hint_threads=32
[1788511194554] Granted 16 threads to pid 114045 (CPUs 88+16)
Request from pid 114045: max_threads=65535, hint_threads=32
[1788511194708] Granted 16 threads to pid 114045 (CPUs 88+16)
Request from pid 114045: max_threads=65535, hint_threads=32
[1788511194878] Granted 16 threads to pid 114045 (CPUs 88+16)
Request from pid 114045: max_threads=65535, hint_threads=32
[1788511195048] Granted 16 threads to pid 114045 (CPUs 88+16)
Request from pid 114045: max_threads=65535, hint_threads=32
[1788511195218] Granted 16 threads to pid 114045 (CPUs 88+16)
Request from pid 114045: max_threads=65535, hint_threads=32
[1788511195387] Granted 16 threads to pid 114045 (CPUs 88+16)
Request from pid 114045: max_threads=65535, hint_threads=32
[1788511195557] Granted 16 threads to pid 114045 (CPUs 88+16)
Request from pid 114045: max_threads=65535, hint_threads=32
[1788511195726] Granted 16 threads to pid 114045 (CPUs 88+16)
Request from pid 114045: max_threads=65535, hint_threads=32
[1788511195896] Granted 16 threads to pid 114045 (CPUs 88+16)
Request from pid 114045: max_threads=65535, hint_threads=32
[1788511196065] Granted 16 threads to pid 114045 (CPUs 88+16)
Request from pid 114045: max_threads=65535, hint_threads=32
[1788511196235] Granted 16 threads to pid 114045 (CPUs 88+16)
Request from pid 114045: max_threads=65535, hint_threads=32
[1788511196404] Granted 16 threads to pid 114045 (CPUs 88+16)
Request from pid 114045: max_threads=65535, hint_threads=32
[1788511196574] Granted 16 threads to pid 114045 (CPUs 88+16)
Request from pid 114045: max_threads=65535, hint_threads=32
[1788511196743] Granted 32 threads to pid 114045 (CPUs 56+32)
Request from pid 114045: max_threads=65535, hint_threads=32
[1788511196891] Granted 32 threads to pid 114045 (CPUs 56+32)
Request from pid 114045: max_threads=65535, hint_threads=32
[1788511197000] Granted 32 threads to pid 114045 (CPUs 56+32)
Request from pid 114045: max_threads=65535, hint_threads=32
[1788511197055] Granted 32 threads to pid 114045 (CPUs 56+32)
Request from pid 114045: max_threads=65535, hint_threads=32
[1788511197164] Granted 32 threads to pid 114045 (CPUs 56+32)
Request from pid 114045: max_threads=65535, hint_threads=32
[1788511197273] Granted 32 threads to pid 114045 (CPUs 56+32)
Request from pid 114045: max_threads=65535, hint_threads=32
[1788511197327] Granted 32 threads to pid 114045 (CPUs 56+32)
Request from pid 114045: max_threads=65535, hint_threads=32
[1788511197436] Granted 32 threads to pid 114045 (CPUs 56+32)
Request from pid 114045: max_threads=65535, hint_threads=32
[1788511197547] Granted 32 threads to pid 114045 (CPUs 56+32)
Request from pid 114045: max_threads=65535, hint_threads=32
[1788511197656] Granted 32 threads to pid 114045 (CPUs 56+32)
Request from pid 114045: max_threads=65535, hint_threads=32
[1788511197765] Granted 32 threads to pid 114045 (CPUs 56+32)
Request from pid 114045: max_threads=65535, hint_threads=32
[1788511197874] Granted 32 threads to pid 114045 (CPUs 56+32)
Request from pid 114045: max_threads=65535, hint_threads=32
[1788511197986] Granted 32 threads to pid 114045 (CPUs 56+32)
Request from pid 114045: max_threads=65535, hint_threads=32
[1788511198043] Granted 32 threads to pid 114045 (CPUs 56+32)
Request from pid 114045: max_threads=65535, hint_threads=32
[1788511198099] Granted 32 threads to pid 114045 (CPUs 56+32)
Request from pid 114045: max_threads=65535, hint_threads=32
[1788511198155] Granted 32 threads to pid 114045 (CPUs 56+32)
Request from pid 114045: max_threads=65535, hint_threads=32
[1788511198211] Granted 32 threads to pid 114045 (CPUs 56+32)
Request from pid 114045: max_threads=65535, hint_threads=32
[1788511198266] Granted 32 threads to pid 114045 (CPUs 56+32)
Request from pid 114045: max_threads=65535, hint_threads=32
[1788511198322] Granted 32 threads to pid 114045 (CPUs 56+32)
Request from pid 114045: max_threads=65535, hint_threads=32
[1788511198377] Granted 32 threads to pid 114045 (CPUs 56+32)
Request from pid 114045: max_threads=65535, hint_threads=32
[1788511198433] Granted 32 threads to pid 114045 (CPUs 56+32)
Request from pid 114045: max_threads=65535, hint_threads=32
[1788511198489] Granted 32 threads to pid 114045 (CPUs 56+32)
Request from pid 114045: max_threads=65535, hint_threads=32
[1788511198600] Granted 32 threads to pid 114045 (CPUs 56+32)
Request from pid 114045: max_threads=65535, hint_threads=32
[1788511198711] Granted 32 threads to pid 114045 (CPUs 56+32)
Request from pid 114045: max_threads=65535, hint_threads=32
[1788511198766] Granted 32 threads to pid 114045 (CPUs 56+32)
Request from pid 114045: max_threads=65535, hint_threads=32
[1788511198878] Granted 32 threads to pid 114045 (CPUs 56+32)
Request from pid 114045: max_threads=65535, hint_threads=32
[1788511198933] Granted 32 threads to pid 114045 (CPUs 56+32)
Request from pid 114045: max_threads=65535, hint_threads=32
[1788511198989] Granted 32 threads to pid 114045 (CPUs 56+32)
Request from pid 114045: max_threads=65535, hint_threads=32
[1788511199044] Granted 32 threads to pid 114045 (CPUs 56+32)
Request from pid 114045: max_threads=65535, hint_threads=32
[1788511199155] Granted 32 threads to pid 114045 (CPUs 56+32)
Request from pid 114045: max_threads=65535, hint_threads=32
[1788511199267] Granted 32 threads to pid 114045 (CPUs 56+32)
Request from pid 114045: max_threads=65535, hint_threads=32
[1788511199322] Granted 32 threads to pid 114045 (CPUs 56+32)
Request from pid 114045: max_threads=65535, hint_threads=32
[1788511199379] Granted 32 threads to pid 114045 (CPUs 56+32)
Request from pid 114045: max_threads=65535, hint_threads=32
[1788511199439] Granted 32 threads to pid 114045 (CPUs 56+32)
Request from pid 114045: max_threads=65535, hint_threads=32
[1788511199495] Granted 32 threads to pid 114045 (CPUs 56+32)
[1788511199500] Client pid 114045 disconnected — removed from state
Accepted connection
Handling client
Request from pid 114150: max_threads=65535, hint_threads=32
[1788511201554] Granted 32 threads to pid 114150 (CPUs 56+32)
Request from pid 114150: max_threads=65535, hint_threads=32
[1788511205192] Granted 32 threads to pid 114150 (CPUs 56+32)
Read error: Connection reset by peer (os error 104)
