CPU pool (32 cores): 1–32
Listening on /tmp/omp-rm.sock (capacity=32, strategy=fair_share)
Accepted connection
Handling client
Request from pid 5613: max_threads=65535, hint_threads=32
Granted 32 threads to pid 5613 (CPUs 1+32)
Request from pid 5613: max_threads=65535, hint_threads=32
Granted 32 threads to pid 5613 (CPUs 1+32)
Request from pid 5613: max_threads=65535, hint_threads=32
Granted 32 threads to pid 5613 (CPUs 1+32)
Request from pid 5613: max_threads=65535, hint_threads=32
Granted 32 threads to pid 5613 (CPUs 1+32)
Request from pid 5613: max_threads=65535, hint_threads=32
Granted 32 threads to pid 5613 (CPUs 1+32)
Request from pid 5613: max_threads=65535, hint_threads=32
Granted 32 threads to pid 5613 (CPUs 1+32)
Request from pid 5613: max_threads=65535, hint_threads=32
Granted 32 threads to pid 5613 (CPUs 1+32)
Request from pid 5613: max_threads=65535, hint_threads=32
Granted 32 threads to pid 5613 (CPUs 1+32)
Request from pid 5613: max_threads=65535, hint_threads=32
Granted 32 threads to pid 5613 (CPUs 1+32)
Request from pid 5613: max_threads=65535, hint_threads=32
Granted 32 threads to pid 5613 (CPUs 1+32)
Request from pid 5613: max_threads=65535, hint_threads=32
Granted 32 threads to pid 5613 (CPUs 1+32)
Request from pid 5613: max_threads=65535, hint_threads=32
Granted 32 threads to pid 5613 (CPUs 1+32)
Request from pid 5613: max_threads=65535, hint_threads=32
Granted 32 threads to pid 5613 (CPUs 1+32)
Request from pid 5613: max_threads=65535, hint_threads=32
Granted 32 threads to pid 5613 (CPUs 1+32)
Request from pid 5613: max_threads=65535, hint_threads=32
Granted 32 threads to pid 5613 (CPUs 1+32)
Request from pid 5613: max_threads=65535, hint_threads=32
Granted 32 threads to pid 5613 (CPUs 1+32)
Request from pid 5613: max_threads=65535, hint_threads=32
Granted 32 threads to pid 5613 (CPUs 1+32)
Request from pid 5613: max_threads=65535, hint_threads=32
Granted 32 threads to pid 5613 (CPUs 1+32)
Request from pid 5613: max_threads=65535, hint_threads=32
Granted 32 threads to pid 5613 (CPUs 1+32)
Request from pid 5613: max_threads=65535, hint_threads=32
Granted 32 threads to pid 5613 (CPUs 1+32)
Request from pid 5613: max_threads=65535, hint_threads=32
Granted 32 threads to pid 5613 (CPUs 1+32)
Request from pid 5613: max_threads=65535, hint_threads=32
Granted 32 threads to pid 5613 (CPUs 1+32)
Request from pid 5613: max_threads=65535, hint_threads=32
Granted 32 threads to pid 5613 (CPUs 1+32)
Request from pid 5613: max_threads=65535, hint_threads=32
Granted 32 threads to pid 5613 (CPUs 1+32)
Request from pid 5613: max_threads=65535, hint_threads=32
Granted 32 threads to pid 5613 (CPUs 1+32)
Request from pid 5613: max_threads=65535, hint_threads=32
Granted 32 threads to pid 5613 (CPUs 1+32)
Request from pid 5613: max_threads=65535, hint_threads=32
Granted 32 threads to pid 5613 (CPUs 1+32)
Request from pid 5613: max_threads=65535, hint_threads=32
Granted 32 threads to pid 5613 (CPUs 1+32)
Request from pid 5613: max_threads=65535, hint_threads=32
Granted 32 threads to pid 5613 (CPUs 1+32)
Request from pid 5613: max_threads=65535, hint_threads=32
Granted 32 threads to pid 5613 (CPUs 1+32)
Request from pid 5613: max_threads=65535, hint_threads=32
Granted 32 threads to pid 5613 (CPUs 1+32)
Request from pid 5613: max_threads=65535, hint_threads=32
Granted 32 threads to pid 5613 (CPUs 1+32)
Request from pid 5613: max_threads=65535, hint_threads=32
Granted 32 threads to pid 5613 (CPUs 1+32)
Request from pid 5613: max_threads=65535, hint_threads=32
Granted 32 threads to pid 5613 (CPUs 1+32)
Request from pid 5613: max_threads=65535, hint_threads=32
Granted 32 threads to pid 5613 (CPUs 1+32)
Request from pid 5613: max_threads=65535, hint_threads=32
Granted 32 threads to pid 5613 (CPUs 1+32)
Request from pid 5613: max_threads=65535, hint_threads=32
Granted 32 threads to pid 5613 (CPUs 1+32)
Request from pid 5613: max_threads=65535, hint_threads=32
Granted 32 threads to pid 5613 (CPUs 1+32)
Request from pid 5613: max_threads=65535, hint_threads=32
Granted 32 threads to pid 5613 (CPUs 1+32)
Request from pid 5613: max_threads=65535, hint_threads=32
Granted 32 threads to pid 5613 (CPUs 1+32)
Request from pid 5613: max_threads=65535, hint_threads=32
Granted 32 threads to pid 5613 (CPUs 1+32)
Request from pid 5613: max_threads=65535, hint_threads=32
Granted 32 threads to pid 5613 (CPUs 1+32)
Request from pid 5613: max_threads=65535, hint_threads=32
Granted 32 threads to pid 5613 (CPUs 1+32)
Request from pid 5613: max_threads=65535, hint_threads=32
Granted 32 threads to pid 5613 (CPUs 1+32)
Client closed connection
Accepted connection
Handling client
Request from pid 5686: max_threads=65535, hint_threads=32
Granted 16 threads to pid 5686 (CPUs 0+0)
Request from pid 5686: max_threads=65535, hint_threads=32
Granted 16 threads to pid 5686 (CPUs 0+0)
Request from pid 5686: max_threads=65535, hint_threads=32
Granted 16 threads to pid 5686 (CPUs 0+0)
Request from pid 5686: max_threads=65535, hint_threads=32
Granted 16 threads to pid 5686 (CPUs 0+0)
Request from pid 5686: max_threads=65535, hint_threads=32
Granted 16 threads to pid 5686 (CPUs 0+0)
Request from pid 5686: max_threads=65535, hint_threads=32
Granted 16 threads to pid 5686 (CPUs 0+0)
Request from pid 5686: max_threads=65535, hint_threads=32
Granted 16 threads to pid 5686 (CPUs 0+0)
Request from pid 5686: max_threads=65535, hint_threads=32
Granted 16 threads to pid 5686 (CPUs 0+0)
Request from pid 5686: max_threads=65535, hint_threads=32
Granted 16 threads to pid 5686 (CPUs 0+0)
Request from pid 5686: max_threads=65535, hint_threads=32
Granted 16 threads to pid 5686 (CPUs 0+0)
Request from pid 5686: max_threads=65535, hint_threads=32
Granted 16 threads to pid 5686 (CPUs 0+0)
Request from pid 5686: max_threads=65535, hint_threads=32
Granted 16 threads to pid 5686 (CPUs 0+0)
Request from pid 5686: max_threads=65535, hint_threads=32
Granted 16 threads to pid 5686 (CPUs 0+0)
Request from pid 5686: max_threads=65535, hint_threads=32
Granted 16 threads to pid 5686 (CPUs 0+0)
Request from pid 5686: max_threads=65535, hint_threads=32
Granted 16 threads to pid 5686 (CPUs 0+0)
Request from pid 5686: max_threads=65535, hint_threads=32
Granted 16 threads to pid 5686 (CPUs 0+0)
Request from pid 5686: max_threads=65535, hint_threads=32
Granted 16 threads to pid 5686 (CPUs 0+0)
Request from pid 5686: max_threads=65535, hint_threads=32
Granted 16 threads to pid 5686 (CPUs 0+0)
Request from pid 5686: max_threads=65535, hint_threads=32
Granted 16 threads to pid 5686 (CPUs 0+0)
Request from pid 5686: max_threads=65535, hint_threads=32
Granted 16 threads to pid 5686 (CPUs 0+0)
Request from pid 5686: max_threads=65535, hint_threads=32
Granted 16 threads to pid 5686 (CPUs 0+0)
Request from pid 5686: max_threads=65535, hint_threads=32
Granted 16 threads to pid 5686 (CPUs 0+0)
Request from pid 5686: max_threads=65535, hint_threads=32
Granted 16 threads to pid 5686 (CPUs 0+0)
Request from pid 5686: max_threads=65535, hint_threads=32
Granted 16 threads to pid 5686 (CPUs 0+0)
Request from pid 5686: max_threads=65535, hint_threads=32
Granted 16 threads to pid 5686 (CPUs 0+0)
Request from pid 5686: max_threads=65535, hint_threads=32
Granted 16 threads to pid 5686 (CPUs 0+0)
Request from pid 5686: max_threads=65535, hint_threads=32
Granted 16 threads to pid 5686 (CPUs 0+0)
Request from pid 5686: max_threads=65535, hint_threads=32
Granted 16 threads to pid 5686 (CPUs 0+0)
Request from pid 5686: max_threads=65535, hint_threads=32
Granted 16 threads to pid 5686 (CPUs 0+0)
Request from pid 5686: max_threads=65535, hint_threads=32
Granted 16 threads to pid 5686 (CPUs 0+0)
Request from pid 5686: max_threads=65535, hint_threads=32
Granted 16 threads to pid 5686 (CPUs 0+0)
Request from pid 5686: max_threads=65535, hint_threads=32
Granted 16 threads to pid 5686 (CPUs 0+0)
Request from pid 5686: max_threads=65535, hint_threads=32
Granted 32 threads to pid 5686 (CPUs 1+32)
Request from pid 5686: max_threads=65535, hint_threads=32
Granted 32 threads to pid 5686 (CPUs 1+32)
Request from pid 5686: max_threads=65535, hint_threads=32
Granted 32 threads to pid 5686 (CPUs 1+32)
Request from pid 5686: max_threads=65535, hint_threads=32
Granted 32 threads to pid 5686 (CPUs 1+32)
Request from pid 5686: max_threads=65535, hint_threads=32
Granted 32 threads to pid 5686 (CPUs 1+32)
Request from pid 5686: max_threads=65535, hint_threads=32
Granted 32 threads to pid 5686 (CPUs 1+32)
Request from pid 5686: max_threads=65535, hint_threads=32
Granted 32 threads to pid 5686 (CPUs 1+32)
Request from pid 5686: max_threads=65535, hint_threads=32
Granted 32 threads to pid 5686 (CPUs 1+32)
Accepted connection
Handling client
Request from pid 5769: max_threads=65535, hint_threads=32
Granted 16 threads to pid 5769 (CPUs 0+0)
Request from pid 5686: max_threads=65535, hint_threads=32
Granted 16 threads to pid 5686 (CPUs 1+16)
Request from pid 5686: max_threads=65535, hint_threads=32
Granted 16 threads to pid 5686 (CPUs 1+16)
Request from pid 5769: max_threads=65535, hint_threads=32
Granted 16 threads to pid 5769 (CPUs 17+16)
Client closed connection
Accepted connection
Handling client
Request from pid 5882: max_threads=65535, hint_threads=32
Granted 10 threads to pid 5882 (CPUs 0+0)
Request from pid 5769: max_threads=65535, hint_threads=32
Granted 10 threads to pid 5769 (CPUs 17+10)
Request from pid 5769: max_threads=65535, hint_threads=32
Granted 10 threads to pid 5769 (CPUs 17+10)
Request from pid 5769: max_threads=65535, hint_threads=32
Granted 10 threads to pid 5769 (CPUs 17+10)
Request from pid 5882: max_threads=65535, hint_threads=32
Granted 10 threads to pid 5882 (CPUs 0+0)
Request from pid 5769: max_threads=65535, hint_threads=32
Granted 10 threads to pid 5769 (CPUs 17+10)
Request from pid 5882: max_threads=65535, hint_threads=32
Granted 10 threads to pid 5882 (CPUs 0+0)
Request from pid 5882: max_threads=65535, hint_threads=32
Granted 10 threads to pid 5882 (CPUs 0+0)
Request from pid 5769: max_threads=65535, hint_threads=32
Granted 10 threads to pid 5769 (CPUs 17+10)
Request from pid 5882: max_threads=65535, hint_threads=32
Granted 10 threads to pid 5882 (CPUs 0+0)
Request from pid 5769: max_threads=65535, hint_threads=32
Granted 10 threads to pid 5769 (CPUs 17+10)
Request from pid 5769: max_threads=65535, hint_threads=32
Granted 10 threads to pid 5769 (CPUs 17+10)
Request from pid 5882: max_threads=65535, hint_threads=32
Granted 10 threads to pid 5882 (CPUs 0+0)
Request from pid 5769: max_threads=65535, hint_threads=32
Granted 10 threads to pid 5769 (CPUs 17+10)
Request from pid 5882: max_threads=65535, hint_threads=32
Granted 10 threads to pid 5882 (CPUs 0+0)
Request from pid 5769: max_threads=65535, hint_threads=32
Granted 10 threads to pid 5769 (CPUs 17+10)
Request from pid 5769: max_threads=65535, hint_threads=32
Granted 10 threads to pid 5769 (CPUs 17+10)
Request from pid 5882: max_threads=65535, hint_threads=32
Granted 10 threads to pid 5882 (CPUs 0+0)
Request from pid 5882: max_threads=65535, hint_threads=32
Granted 10 threads to pid 5882 (CPUs 0+0)
Request from pid 5769: max_threads=65535, hint_threads=32
Granted 10 threads to pid 5769 (CPUs 17+10)
Request from pid 5882: max_threads=65535, hint_threads=32
Granted 10 threads to pid 5882 (CPUs 0+0)
Request from pid 5769: max_threads=65535, hint_threads=32
Granted 10 threads to pid 5769 (CPUs 17+10)
Request from pid 5882: max_threads=65535, hint_threads=32
Granted 10 threads to pid 5882 (CPUs 0+0)
Request from pid 5769: max_threads=65535, hint_threads=32
Granted 10 threads to pid 5769 (CPUs 17+10)
Request from pid 5882: max_threads=65535, hint_threads=32
Granted 10 threads to pid 5882 (CPUs 0+0)
Request from pid 5769: max_threads=65535, hint_threads=32
Granted 10 threads to pid 5769 (CPUs 17+10)
Request from pid 5882: max_threads=65535, hint_threads=32
Granted 10 threads to pid 5882 (CPUs 0+0)
Request from pid 5769: max_threads=65535, hint_threads=32
Granted 10 threads to pid 5769 (CPUs 17+10)
Request from pid 5882: max_threads=65535, hint_threads=32
Granted 10 threads to pid 5882 (CPUs 0+0)
Request from pid 5769: max_threads=65535, hint_threads=32
Granted 10 threads to pid 5769 (CPUs 17+10)
Request from pid 5769: max_threads=65535, hint_threads=32
Granted 10 threads to pid 5769 (CPUs 17+10)
Request from pid 5882: max_threads=65535, hint_threads=32
Granted 10 threads to pid 5882 (CPUs 0+0)
Request from pid 5769: max_threads=65535, hint_threads=32
Granted 10 threads to pid 5769 (CPUs 17+10)
Request from pid 5882: max_threads=65535, hint_threads=32
Granted 10 threads to pid 5882 (CPUs 0+0)
Request from pid 5882: max_threads=65535, hint_threads=32
Granted 16 threads to pid 5882 (CPUs 1+16)
Request from pid 5769: max_threads=65535, hint_threads=32
Granted 16 threads to pid 5769 (CPUs 17+16)
Request from pid 5882: max_threads=65535, hint_threads=32
Granted 16 threads to pid 5882 (CPUs 1+16)
Request from pid 5769: max_threads=65535, hint_threads=32
Granted 16 threads to pid 5769 (CPUs 17+16)
Request from pid 5882: max_threads=65535, hint_threads=32
Granted 16 threads to pid 5882 (CPUs 1+16)
Request from pid 5769: max_threads=65535, hint_threads=32
Granted 16 threads to pid 5769 (CPUs 17+16)
Request from pid 5882: max_threads=65535, hint_threads=32
Granted 16 threads to pid 5882 (CPUs 1+16)
Request from pid 5769: max_threads=65535, hint_threads=32
Granted 16 threads to pid 5769 (CPUs 17+16)
Request from pid 5882: max_threads=65535, hint_threads=32
Granted 16 threads to pid 5882 (CPUs 1+16)
Request from pid 5769: max_threads=65535, hint_threads=32
Granted 16 threads to pid 5769 (CPUs 17+16)
Request from pid 5882: max_threads=65535, hint_threads=32
Granted 16 threads to pid 5882 (CPUs 1+16)
Request from pid 5882: max_threads=65535, hint_threads=32
Granted 16 threads to pid 5882 (CPUs 1+16)
Request from pid 5769: max_threads=65535, hint_threads=32
Granted 16 threads to pid 5769 (CPUs 17+16)
Request from pid 5769: max_threads=65535, hint_threads=32
Granted 16 threads to pid 5769 (CPUs 17+16)
Request from pid 5882: max_threads=65535, hint_threads=32
Granted 16 threads to pid 5882 (CPUs 1+16)
Request from pid 5769: max_threads=65535, hint_threads=32
Granted 16 threads to pid 5769 (CPUs 17+16)
Request from pid 5882: max_threads=65535, hint_threads=32
Granted 16 threads to pid 5882 (CPUs 1+16)
Request from pid 5882: max_threads=65535, hint_threads=32
Granted 16 threads to pid 5882 (CPUs 1+16)
Request from pid 5769: max_threads=65535, hint_threads=32
Granted 16 threads to pid 5769 (CPUs 17+16)
Request from pid 5882: max_threads=65535, hint_threads=32
Granted 16 threads to pid 5882 (CPUs 1+16)
Request from pid 5769: max_threads=65535, hint_threads=32
Granted 16 threads to pid 5769 (CPUs 17+16)
Request from pid 5882: max_threads=65535, hint_threads=32
Granted 16 threads to pid 5882 (CPUs 1+16)
Request from pid 5769: max_threads=65535, hint_threads=32
Granted 16 threads to pid 5769 (CPUs 17+16)
Request from pid 5882: max_threads=65535, hint_threads=32
Granted 16 threads to pid 5882 (CPUs 1+16)
Request from pid 5769: max_threads=65535, hint_threads=32
Granted 16 threads to pid 5769 (CPUs 17+16)
Request from pid 5769: max_threads=65535, hint_threads=32
Granted 16 threads to pid 5769 (CPUs 17+16)
Request from pid 5882: max_threads=65535, hint_threads=32
Granted 16 threads to pid 5882 (CPUs 1+16)
Request from pid 5769: max_threads=65535, hint_threads=32
Granted 16 threads to pid 5769 (CPUs 17+16)
Request from pid 5882: max_threads=65535, hint_threads=32
Granted 16 threads to pid 5882 (CPUs 1+16)
Request from pid 5769: max_threads=65535, hint_threads=32
Granted 16 threads to pid 5769 (CPUs 17+16)
Request from pid 5882: max_threads=65535, hint_threads=32
Granted 16 threads to pid 5882 (CPUs 1+16)
Request from pid 5769: max_threads=65535, hint_threads=32
Granted 16 threads to pid 5769 (CPUs 17+16)
Request from pid 5882: max_threads=65535, hint_threads=32
Granted 16 threads to pid 5882 (CPUs 1+16)
Request from pid 5882: max_threads=65535, hint_threads=32
Granted 16 threads to pid 5882 (CPUs 1+16)
Request from pid 5769: max_threads=65535, hint_threads=32
Granted 16 threads to pid 5769 (CPUs 17+16)
Request from pid 5769: max_threads=65535, hint_threads=32
Granted 16 threads to pid 5769 (CPUs 17+16)
Request from pid 5882: max_threads=65535, hint_threads=32
Granted 16 threads to pid 5882 (CPUs 1+16)
Request from pid 5769: max_threads=65535, hint_threads=32
Granted 16 threads to pid 5769 (CPUs 17+16)
Request from pid 5882: max_threads=65535, hint_threads=32
Granted 16 threads to pid 5882 (CPUs 1+16)
Request from pid 5882: max_threads=65535, hint_threads=32
Granted 16 threads to pid 5882 (CPUs 1+16)
Request from pid 5769: max_threads=65535, hint_threads=32
Granted 16 threads to pid 5769 (CPUs 17+16)
Request from pid 5882: max_threads=65535, hint_threads=32
Granted 16 threads to pid 5882 (CPUs 1+16)
Request from pid 5769: max_threads=65535, hint_threads=32
Granted 16 threads to pid 5769 (CPUs 17+16)
Client closed connection
Accepted connection
Handling client
Request from pid 5924: max_threads=65535, hint_threads=32
Granted 10 threads to pid 5924 (CPUs 0+0)
Request from pid 5882: max_threads=65535, hint_threads=32
Granted 10 threads to pid 5882 (CPUs 1+10)
Request from pid 5882: max_threads=65535, hint_threads=32
Granted 10 threads to pid 5882 (CPUs 1+10)
Request from pid 5924: max_threads=65535, hint_threads=32
Granted 10 threads to pid 5924 (CPUs 0+0)
Request from pid 5924: max_threads=65535, hint_threads=32
Granted 10 threads to pid 5924 (CPUs 0+0)
Request from pid 5882: max_threads=65535, hint_threads=32
Granted 10 threads to pid 5882 (CPUs 1+10)
Request from pid 5924: max_threads=65535, hint_threads=32
Granted 10 threads to pid 5924 (CPUs 0+0)
Request from pid 5882: max_threads=65535, hint_threads=32
Granted 10 threads to pid 5882 (CPUs 1+10)
Request from pid 5924: max_threads=65535, hint_threads=32
Granted 10 threads to pid 5924 (CPUs 0+0)
Request from pid 5882: max_threads=65535, hint_threads=32
Granted 10 threads to pid 5882 (CPUs 1+10)
Request from pid 5924: max_threads=65535, hint_threads=32
Granted 10 threads to pid 5924 (CPUs 0+0)
Request from pid 5882: max_threads=65535, hint_threads=32
Granted 10 threads to pid 5882 (CPUs 1+10)
Client closed connection
Accepted connection
Handling client
Request from pid 5964: max_threads=65535, hint_threads=32
Granted 8 threads to pid 5964 (CPUs 0+0)
Request from pid 5924: max_threads=65535, hint_threads=32
Granted 8 threads to pid 5924 (CPUs 0+0)
Request from pid 5924: max_threads=65535, hint_threads=32
Granted 8 threads to pid 5924 (CPUs 0+0)
Request from pid 5924: max_threads=65535, hint_threads=32
Granted 8 threads to pid 5924 (CPUs 0+0)
Request from pid 5964: max_threads=65535, hint_threads=32
Granted 8 threads to pid 5964 (CPUs 0+0)
Request from pid 5964: max_threads=65535, hint_threads=32
Granted 8 threads to pid 5964 (CPUs 0+0)
Request from pid 5924: max_threads=65535, hint_threads=32
Granted 8 threads to pid 5924 (CPUs 0+0)
Request from pid 5964: max_threads=65535, hint_threads=32
Granted 8 threads to pid 5964 (CPUs 0+0)
Request from pid 5924: max_threads=65535, hint_threads=32
Granted 8 threads to pid 5924 (CPUs 0+0)
Request from pid 5964: max_threads=65535, hint_threads=32
Granted 8 threads to pid 5964 (CPUs 0+0)
Request from pid 5924: max_threads=65535, hint_threads=32
Granted 8 threads to pid 5924 (CPUs 0+0)
Request from pid 5924: max_threads=65535, hint_threads=32
Granted 8 threads to pid 5924 (CPUs 0+0)
Request from pid 5924: max_threads=65535, hint_threads=32
Granted 8 threads to pid 5924 (CPUs 0+0)
Request from pid 5964: max_threads=65535, hint_threads=32
Granted 8 threads to pid 5964 (CPUs 0+0)
Request from pid 5924: max_threads=65535, hint_threads=32
Granted 8 threads to pid 5924 (CPUs 0+0)
Request from pid 5964: max_threads=65535, hint_threads=32
Granted 8 threads to pid 5964 (CPUs 0+0)
Request from pid 5924: max_threads=65535, hint_threads=32
Granted 10 threads to pid 5924 (CPUs 11+10)
Request from pid 5964: max_threads=65535, hint_threads=32
Granted 10 threads to pid 5964 (CPUs 21+10)
Request from pid 5924: max_threads=65535, hint_threads=32
Granted 10 threads to pid 5924 (CPUs 11+10)
Request from pid 5964: max_threads=65535, hint_threads=32
Granted 10 threads to pid 5964 (CPUs 21+10)
Request from pid 5924: max_threads=65535, hint_threads=32
Granted 10 threads to pid 5924 (CPUs 11+10)
Request from pid 5964: max_threads=65535, hint_threads=32
Granted 10 threads to pid 5964 (CPUs 21+10)
Request from pid 5924: max_threads=65535, hint_threads=32
Granted 10 threads to pid 5924 (CPUs 11+10)
Request from pid 5964: max_threads=65535, hint_threads=32
Granted 10 threads to pid 5964 (CPUs 21+10)
Request from pid 5924: max_threads=65535, hint_threads=32
Granted 10 threads to pid 5924 (CPUs 11+10)
Request from pid 5964: max_threads=65535, hint_threads=32
Granted 10 threads to pid 5964 (CPUs 21+10)
Request from pid 5924: max_threads=65535, hint_threads=32
Granted 10 threads to pid 5924 (CPUs 11+10)
Request from pid 5924: max_threads=65535, hint_threads=32
Granted 10 threads to pid 5924 (CPUs 11+10)
Request from pid 5964: max_threads=65535, hint_threads=32
Granted 10 threads to pid 5964 (CPUs 21+10)
Request from pid 5924: max_threads=65535, hint_threads=32
Granted 10 threads to pid 5924 (CPUs 11+10)
Request from pid 5924: max_threads=65535, hint_threads=32
Granted 10 threads to pid 5924 (CPUs 11+10)
Request from pid 5964: max_threads=65535, hint_threads=32
Granted 10 threads to pid 5964 (CPUs 21+10)
Request from pid 5964: max_threads=65535, hint_threads=32
Granted 10 threads to pid 5964 (CPUs 21+10)
Request from pid 5924: max_threads=65535, hint_threads=32
Granted 10 threads to pid 5924 (CPUs 11+10)
Request from pid 5964: max_threads=65535, hint_threads=32
Granted 16 threads to pid 5964 (CPUs 0+0)
Request from pid 5924: max_threads=65535, hint_threads=32
Granted 16 threads to pid 5924 (CPUs 1+16)
Request from pid 5964: max_threads=65535, hint_threads=32
Granted 16 threads to pid 5964 (CPUs 17+16)
Request from pid 5924: max_threads=65535, hint_threads=32
Granted 16 threads to pid 5924 (CPUs 1+16)
Request from pid 5964: max_threads=65535, hint_threads=32
Granted 16 threads to pid 5964 (CPUs 17+16)
Request from pid 5924: max_threads=65535, hint_threads=32
Granted 16 threads to pid 5924 (CPUs 1+16)
Request from pid 5964: max_threads=65535, hint_threads=32
Granted 16 threads to pid 5964 (CPUs 17+16)
Request from pid 5924: max_threads=65535, hint_threads=32
Granted 16 threads to pid 5924 (CPUs 1+16)
Request from pid 5964: max_threads=65535, hint_threads=32
Granted 16 threads to pid 5964 (CPUs 17+16)
Request from pid 5924: max_threads=65535, hint_threads=32
Granted 16 threads to pid 5924 (CPUs 1+16)
Request from pid 5964: max_threads=65535, hint_threads=32
Granted 16 threads to pid 5964 (CPUs 17+16)
Request from pid 5924: max_threads=65535, hint_threads=32
Granted 16 threads to pid 5924 (CPUs 1+16)
Request from pid 5964: max_threads=65535, hint_threads=32
Granted 16 threads to pid 5964 (CPUs 17+16)
Request from pid 5924: max_threads=65535, hint_threads=32
Granted 16 threads to pid 5924 (CPUs 1+16)
Request from pid 5924: max_threads=65535, hint_threads=32
Granted 16 threads to pid 5924 (CPUs 1+16)
Request from pid 5964: max_threads=65535, hint_threads=32
Granted 16 threads to pid 5964 (CPUs 17+16)
Request from pid 5964: max_threads=65535, hint_threads=32
Granted 16 threads to pid 5964 (CPUs 17+16)
Request from pid 5924: max_threads=65535, hint_threads=32
Granted 16 threads to pid 5924 (CPUs 1+16)
Request from pid 5964: max_threads=65535, hint_threads=32
Granted 16 threads to pid 5964 (CPUs 17+16)
Request from pid 5924: max_threads=65535, hint_threads=32
Granted 16 threads to pid 5924 (CPUs 1+16)
Request from pid 5924: max_threads=65535, hint_threads=32
Granted 16 threads to pid 5924 (CPUs 1+16)
Request from pid 5964: max_threads=65535, hint_threads=32
Granted 16 threads to pid 5964 (CPUs 17+16)
Request from pid 5964: max_threads=65535, hint_threads=32
Granted 16 threads to pid 5964 (CPUs 17+16)
Request from pid 5924: max_threads=65535, hint_threads=32
Granted 16 threads to pid 5924 (CPUs 1+16)
Request from pid 5964: max_threads=65535, hint_threads=32
Granted 16 threads to pid 5964 (CPUs 17+16)
Request from pid 5924: max_threads=65535, hint_threads=32
Granted 16 threads to pid 5924 (CPUs 1+16)
Request from pid 5924: max_threads=65535, hint_threads=32
Granted 16 threads to pid 5924 (CPUs 1+16)
Request from pid 5964: max_threads=65535, hint_threads=32
Granted 16 threads to pid 5964 (CPUs 17+16)
Request from pid 5924: max_threads=65535, hint_threads=32
Granted 16 threads to pid 5924 (CPUs 1+16)
Request from pid 5964: max_threads=65535, hint_threads=32
Granted 16 threads to pid 5964 (CPUs 17+16)
Request from pid 5924: max_threads=65535, hint_threads=32
Granted 16 threads to pid 5924 (CPUs 1+16)
Request from pid 5964: max_threads=65535, hint_threads=32
Granted 16 threads to pid 5964 (CPUs 17+16)
Request from pid 5924: max_threads=65535, hint_threads=32
Granted 16 threads to pid 5924 (CPUs 1+16)
Request from pid 5964: max_threads=65535, hint_threads=32
Granted 16 threads to pid 5964 (CPUs 17+16)
Request from pid 5924: max_threads=65535, hint_threads=32
Granted 16 threads to pid 5924 (CPUs 1+16)
Request from pid 5964: max_threads=65535, hint_threads=32
Granted 16 threads to pid 5964 (CPUs 17+16)
Request from pid 5924: max_threads=65535, hint_threads=32
Granted 16 threads to pid 5924 (CPUs 1+16)
Request from pid 5964: max_threads=65535, hint_threads=32
Granted 16 threads to pid 5964 (CPUs 17+16)
Request from pid 5924: max_threads=65535, hint_threads=32
Granted 16 threads to pid 5924 (CPUs 1+16)
Request from pid 5964: max_threads=65535, hint_threads=32
Granted 16 threads to pid 5964 (CPUs 17+16)
Request from pid 5964: max_threads=65535, hint_threads=32
Granted 16 threads to pid 5964 (CPUs 17+16)
Request from pid 5924: max_threads=65535, hint_threads=32
Granted 16 threads to pid 5924 (CPUs 1+16)
Client closed connection
Accepted connection
Handling client
Request from pid 6101: max_threads=65535, hint_threads=32
Granted 10 threads to pid 6101 (CPUs 0+0)
Request from pid 5964: max_threads=65535, hint_threads=32
Granted 10 threads to pid 5964 (CPUs 17+10)
Request from pid 5964: max_threads=65535, hint_threads=32
Granted 10 threads to pid 5964 (CPUs 17+10)
Request from pid 6101: max_threads=65535, hint_threads=32
Granted 10 threads to pid 6101 (CPUs 0+0)
Request from pid 5964: max_threads=65535, hint_threads=32
Granted 10 threads to pid 5964 (CPUs 17+10)
Request from pid 6101: max_threads=65535, hint_threads=32
Granted 10 threads to pid 6101 (CPUs 0+0)
Request from pid 6101: max_threads=65535, hint_threads=32
Granted 10 threads to pid 6101 (CPUs 0+0)
Request from pid 5964: max_threads=65535, hint_threads=32
Granted 10 threads to pid 5964 (CPUs 17+10)
Request from pid 6101: max_threads=65535, hint_threads=32
Granted 10 threads to pid 6101 (CPUs 0+0)
Request from pid 5964: max_threads=65535, hint_threads=32
Granted 10 threads to pid 5964 (CPUs 17+10)
Request from pid 6101: max_threads=65535, hint_threads=32
Granted 10 threads to pid 6101 (CPUs 0+0)
Request from pid 5964: max_threads=65535, hint_threads=32
Granted 10 threads to pid 5964 (CPUs 17+10)
Request from pid 6101: max_threads=65535, hint_threads=32
Granted 10 threads to pid 6101 (CPUs 0+0)
Request from pid 5964: max_threads=65535, hint_threads=32
Granted 10 threads to pid 5964 (CPUs 17+10)
Request from pid 6101: max_threads=65535, hint_threads=32
Granted 10 threads to pid 6101 (CPUs 0+0)
Request from pid 6101: max_threads=65535, hint_threads=32
Granted 10 threads to pid 6101 (CPUs 0+0)
Request from pid 5964: max_threads=65535, hint_threads=32
Granted 10 threads to pid 5964 (CPUs 17+10)
Request from pid 5964: max_threads=65535, hint_threads=32
Granted 10 threads to pid 5964 (CPUs 17+10)
Request from pid 6101: max_threads=65535, hint_threads=32
Granted 10 threads to pid 6101 (CPUs 0+0)
Request from pid 5964: max_threads=65535, hint_threads=32
Granted 10 threads to pid 5964 (CPUs 17+10)
Request from pid 6101: max_threads=65535, hint_threads=32
Granted 10 threads to pid 6101 (CPUs 0+0)
Request from pid 6101: max_threads=65535, hint_threads=32
Granted 10 threads to pid 6101 (CPUs 0+0)
Request from pid 5964: max_threads=65535, hint_threads=32
Granted 10 threads to pid 5964 (CPUs 17+10)
Client closed connection
Accepted connection
Handling client
Request from pid 6143: max_threads=65535, hint_threads=32
Granted 8 threads to pid 6143 (CPUs 0+0)
Request from pid 6101: max_threads=65535, hint_threads=32
Granted 8 threads to pid 6101 (CPUs 0+0)
Request from pid 6101: max_threads=65535, hint_threads=32
Granted 8 threads to pid 6101 (CPUs 0+0)
Request from pid 6101: max_threads=65535, hint_threads=32
Granted 8 threads to pid 6101 (CPUs 0+0)
Request from pid 6143: max_threads=65535, hint_threads=32
Granted 8 threads to pid 6143 (CPUs 0+0)
Request from pid 6143: max_threads=65535, hint_threads=32
Granted 8 threads to pid 6143 (CPUs 0+0)
Request from pid 6101: max_threads=65535, hint_threads=32
Granted 8 threads to pid 6101 (CPUs 0+0)
Request from pid 6143: max_threads=65535, hint_threads=32
Granted 10 threads to pid 6143 (CPUs 1+10)
Request from pid 6101: max_threads=65535, hint_threads=32
Granted 10 threads to pid 6101 (CPUs 0+0)
Request from pid 6101: max_threads=65535, hint_threads=32
Granted 10 threads to pid 6101 (CPUs 0+0)
Request from pid 6143: max_threads=65535, hint_threads=32
Granted 10 threads to pid 6143 (CPUs 1+10)
Request from pid 6101: max_threads=65535, hint_threads=32
Granted 10 threads to pid 6101 (CPUs 0+0)
Request from pid 6143: max_threads=65535, hint_threads=32
Granted 10 threads to pid 6143 (CPUs 1+10)
Request from pid 6101: max_threads=65535, hint_threads=32
Granted 10 threads to pid 6101 (CPUs 0+0)
Request from pid 6143: max_threads=65535, hint_threads=32
Granted 10 threads to pid 6143 (CPUs 1+10)
Request from pid 6101: max_threads=65535, hint_threads=32
Granted 10 threads to pid 6101 (CPUs 0+0)
Request from pid 6143: max_threads=65535, hint_threads=32
Granted 10 threads to pid 6143 (CPUs 1+10)
Request from pid 6143: max_threads=65535, hint_threads=32
Granted 10 threads to pid 6143 (CPUs 1+10)
Request from pid 6101: max_threads=65535, hint_threads=32
Granted 10 threads to pid 6101 (CPUs 0+0)
Request from pid 6143: max_threads=65535, hint_threads=32
Granted 10 threads to pid 6143 (CPUs 1+10)
Request from pid 6101: max_threads=65535, hint_threads=32
Granted 10 threads to pid 6101 (CPUs 0+0)
Request from pid 6101: max_threads=65535, hint_threads=32
Granted 10 threads to pid 6101 (CPUs 0+0)
Request from pid 6143: max_threads=65535, hint_threads=32
Granted 10 threads to pid 6143 (CPUs 1+10)
Request from pid 6101: max_threads=65535, hint_threads=32
Granted 10 threads to pid 6101 (CPUs 0+0)
Request from pid 6143: max_threads=65535, hint_threads=32
Granted 10 threads to pid 6143 (CPUs 1+10)
Request from pid 6101: max_threads=65535, hint_threads=32
Granted 10 threads to pid 6101 (CPUs 0+0)
Request from pid 6143: max_threads=65535, hint_threads=32
Granted 10 threads to pid 6143 (CPUs 1+10)
Request from pid 6143: max_threads=65535, hint_threads=32
Granted 10 threads to pid 6143 (CPUs 1+10)
Request from pid 6101: max_threads=65535, hint_threads=32
Granted 10 threads to pid 6101 (CPUs 0+0)
Request from pid 6143: max_threads=65535, hint_threads=32
Granted 10 threads to pid 6143 (CPUs 1+10)
Request from pid 6101: max_threads=65535, hint_threads=32
Granted 10 threads to pid 6101 (CPUs 0+0)
Request from pid 6143: max_threads=65535, hint_threads=32
Granted 10 threads to pid 6143 (CPUs 1+10)
Request from pid 6101: max_threads=65535, hint_threads=32
Granted 10 threads to pid 6101 (CPUs 0+0)
Request from pid 6143: max_threads=65535, hint_threads=32
Granted 10 threads to pid 6143 (CPUs 1+10)
Request from pid 6101: max_threads=65535, hint_threads=32
Granted 10 threads to pid 6101 (CPUs 0+0)
Request from pid 6143: max_threads=65535, hint_threads=32
Granted 10 threads to pid 6143 (CPUs 1+10)
Request from pid 6143: max_threads=65535, hint_threads=32
Granted 16 threads to pid 6143 (CPUs 1+16)
Request from pid 6101: max_threads=65535, hint_threads=32
Granted 16 threads to pid 6101 (CPUs 17+16)
Request from pid 6101: max_threads=65535, hint_threads=32
Granted 16 threads to pid 6101 (CPUs 17+16)
Request from pid 6143: max_threads=65535, hint_threads=32
Granted 16 threads to pid 6143 (CPUs 1+16)
Request from pid 6101: max_threads=65535, hint_threads=32
Granted 16 threads to pid 6101 (CPUs 17+16)
Request from pid 6143: max_threads=65535, hint_threads=32
Granted 16 threads to pid 6143 (CPUs 1+16)
Request from pid 6101: max_threads=65535, hint_threads=32
Granted 16 threads to pid 6101 (CPUs 17+16)
Request from pid 6143: max_threads=65535, hint_threads=32
Granted 16 threads to pid 6143 (CPUs 1+16)
Request from pid 6101: max_threads=65535, hint_threads=32
Granted 16 threads to pid 6101 (CPUs 17+16)
Request from pid 6143: max_threads=65535, hint_threads=32
Granted 16 threads to pid 6143 (CPUs 1+16)
Request from pid 6101: max_threads=65535, hint_threads=32
Granted 16 threads to pid 6101 (CPUs 17+16)
Request from pid 6143: max_threads=65535, hint_threads=32
Granted 16 threads to pid 6143 (CPUs 1+16)
Request from pid 6143: max_threads=65535, hint_threads=32
Granted 16 threads to pid 6143 (CPUs 1+16)
Request from pid 6101: max_threads=65535, hint_threads=32
Granted 16 threads to pid 6101 (CPUs 17+16)
Request from pid 6143: max_threads=65535, hint_threads=32
Granted 16 threads to pid 6143 (CPUs 1+16)
Request from pid 6101: max_threads=65535, hint_threads=32
Granted 16 threads to pid 6101 (CPUs 17+16)
Request from pid 6143: max_threads=65535, hint_threads=32
Granted 16 threads to pid 6143 (CPUs 1+16)
Request from pid 6143: max_threads=65535, hint_threads=32
Granted 16 threads to pid 6143 (CPUs 1+16)
Request from pid 6101: max_threads=65535, hint_threads=32
Granted 16 threads to pid 6101 (CPUs 17+16)
Request from pid 6101: max_threads=65535, hint_threads=32
Granted 16 threads to pid 6101 (CPUs 17+16)
Request from pid 6143: max_threads=65535, hint_threads=32
Granted 16 threads to pid 6143 (CPUs 1+16)
Request from pid 6143: max_threads=65535, hint_threads=32
Granted 16 threads to pid 6143 (CPUs 1+16)
Request from pid 6101: max_threads=65535, hint_threads=32
Granted 16 threads to pid 6101 (CPUs 17+16)
Request from pid 6143: max_threads=65535, hint_threads=32
Granted 16 threads to pid 6143 (CPUs 1+16)
Request from pid 6101: max_threads=65535, hint_threads=32
Granted 16 threads to pid 6101 (CPUs 17+16)
Request from pid 6143: max_threads=65535, hint_threads=32
Granted 16 threads to pid 6143 (CPUs 1+16)
Request from pid 6101: max_threads=65535, hint_threads=32
Granted 16 threads to pid 6101 (CPUs 17+16)
Request from pid 6143: max_threads=65535, hint_threads=32
Granted 16 threads to pid 6143 (CPUs 1+16)
Request from pid 6143: max_threads=65535, hint_threads=32
Granted 16 threads to pid 6143 (CPUs 1+16)
Request from pid 6101: max_threads=65535, hint_threads=32
Granted 16 threads to pid 6101 (CPUs 17+16)
Client closed connection
Accepted connection
Handling client
Request from pid 6271: max_threads=65535, hint_threads=32
Granted 10 threads to pid 6271 (CPUs 0+0)
Request from pid 6143: max_threads=65535, hint_threads=32
Granted 10 threads to pid 6143 (CPUs 1+10)
Request from pid 6143: max_threads=65535, hint_threads=32
Granted 10 threads to pid 6143 (CPUs 1+10)
Request from pid 6143: max_threads=65535, hint_threads=32
Granted 10 threads to pid 6143 (CPUs 1+10)
Request from pid 6143: max_threads=65535, hint_threads=32
Granted 10 threads to pid 6143 (CPUs 1+10)
Request from pid 6271: max_threads=65535, hint_threads=32
Granted 10 threads to pid 6271 (CPUs 0+0)
Request from pid 6271: max_threads=65535, hint_threads=32
Granted 10 threads to pid 6271 (CPUs 0+0)
Request from pid 6143: max_threads=65535, hint_threads=32
Granted 10 threads to pid 6143 (CPUs 1+10)
Request from pid 6271: max_threads=65535, hint_threads=32
Granted 10 threads to pid 6271 (CPUs 0+0)
Request from pid 6143: max_threads=65535, hint_threads=32
Granted 10 threads to pid 6143 (CPUs 1+10)
Request from pid 6271: max_threads=65535, hint_threads=32
Granted 10 threads to pid 6271 (CPUs 0+0)
Request from pid 6143: max_threads=65535, hint_threads=32
Granted 10 threads to pid 6143 (CPUs 1+10)
Request from pid 6271: max_threads=65535, hint_threads=32
Granted 10 threads to pid 6271 (CPUs 0+0)
Request from pid 6143: max_threads=65535, hint_threads=32
Granted 10 threads to pid 6143 (CPUs 1+10)
Request from pid 6143: max_threads=65535, hint_threads=32
Granted 10 threads to pid 6143 (CPUs 1+10)
Request from pid 6271: max_threads=65535, hint_threads=32
Granted 10 threads to pid 6271 (CPUs 0+0)
Request from pid 6143: max_threads=65535, hint_threads=32
Granted 10 threads to pid 6143 (CPUs 1+10)
Request from pid 6271: max_threads=65535, hint_threads=32
Granted 10 threads to pid 6271 (CPUs 0+0)
Request from pid 6271: max_threads=65535, hint_threads=32
Granted 10 threads to pid 6271 (CPUs 0+0)
Request from pid 6143: max_threads=65535, hint_threads=32
Granted 10 threads to pid 6143 (CPUs 1+10)
Client closed connection
Accepted connection
Handling client
Request from pid 6434: max_threads=65535, hint_threads=32
Granted 8 threads to pid 6434 (CPUs 0+0)
Request from pid 6271: max_threads=65535, hint_threads=32
Granted 8 threads to pid 6271 (CPUs 0+0)
Request from pid 6271: max_threads=65535, hint_threads=32
Granted 8 threads to pid 6271 (CPUs 0+0)
Request from pid 6434: max_threads=65535, hint_threads=32
Granted 8 threads to pid 6434 (CPUs 0+0)
Request from pid 6271: max_threads=65535, hint_threads=32
Granted 8 threads to pid 6271 (CPUs 0+0)
Request from pid 6434: max_threads=65535, hint_threads=32
Granted 8 threads to pid 6434 (CPUs 0+0)
Request from pid 6271: max_threads=65535, hint_threads=32
Granted 8 threads to pid 6271 (CPUs 0+0)
Request from pid 6434: max_threads=65535, hint_threads=32
Granted 8 threads to pid 6434 (CPUs 0+0)
Request from pid 6271: max_threads=65535, hint_threads=32
Granted 8 threads to pid 6271 (CPUs 0+0)
Request from pid 6434: max_threads=65535, hint_threads=32
Granted 8 threads to pid 6434 (CPUs 0+0)
Request from pid 6271: max_threads=65535, hint_threads=32
Granted 8 threads to pid 6271 (CPUs 0+0)
Request from pid 6434: max_threads=65535, hint_threads=32
Granted 8 threads to pid 6434 (CPUs 0+0)
Request from pid 6271: max_threads=65535, hint_threads=32
Granted 10 threads to pid 6271 (CPUs 11+10)
Request from pid 6434: max_threads=65535, hint_threads=32
Granted 10 threads to pid 6434 (CPUs 21+10)
Request from pid 6271: max_threads=65535, hint_threads=32
Granted 10 threads to pid 6271 (CPUs 11+10)
Request from pid 6271: max_threads=65535, hint_threads=32
Granted 10 threads to pid 6271 (CPUs 11+10)
Request from pid 6434: max_threads=65535, hint_threads=32
Granted 10 threads to pid 6434 (CPUs 21+10)
Request from pid 6434: max_threads=65535, hint_threads=32
Granted 10 threads to pid 6434 (CPUs 21+10)
Request from pid 6271: max_threads=65535, hint_threads=32
Granted 10 threads to pid 6271 (CPUs 11+10)
Request from pid 6434: max_threads=65535, hint_threads=32
Granted 10 threads to pid 6434 (CPUs 21+10)
Request from pid 6271: max_threads=65535, hint_threads=32
Granted 10 threads to pid 6271 (CPUs 11+10)
Request from pid 6271: max_threads=65535, hint_threads=32
Granted 10 threads to pid 6271 (CPUs 11+10)
Request from pid 6434: max_threads=65535, hint_threads=32
Granted 10 threads to pid 6434 (CPUs 21+10)
Request from pid 6434: max_threads=65535, hint_threads=32
Granted 10 threads to pid 6434 (CPUs 21+10)
Request from pid 6271: max_threads=65535, hint_threads=32
Granted 10 threads to pid 6271 (CPUs 11+10)
Request from pid 6434: max_threads=65535, hint_threads=32
Granted 10 threads to pid 6434 (CPUs 21+10)
Request from pid 6271: max_threads=65535, hint_threads=32
Granted 10 threads to pid 6271 (CPUs 11+10)
Request from pid 6434: max_threads=65535, hint_threads=32
Granted 10 threads to pid 6434 (CPUs 21+10)
Request from pid 6271: max_threads=65535, hint_threads=32
Granted 10 threads to pid 6271 (CPUs 11+10)
Request from pid 6434: max_threads=65535, hint_threads=32
Granted 10 threads to pid 6434 (CPUs 21+10)
Request from pid 6271: max_threads=65535, hint_threads=32
Granted 10 threads to pid 6271 (CPUs 11+10)
Request from pid 6434: max_threads=65535, hint_threads=32
Granted 10 threads to pid 6434 (CPUs 21+10)
Request from pid 6271: max_threads=65535, hint_threads=32
Granted 10 threads to pid 6271 (CPUs 11+10)
Request from pid 6434: max_threads=65535, hint_threads=32
Granted 10 threads to pid 6434 (CPUs 21+10)
Request from pid 6271: max_threads=65535, hint_threads=32
Granted 16 threads to pid 6271 (CPUs 1+16)
Request from pid 6434: max_threads=65535, hint_threads=32
Granted 16 threads to pid 6434 (CPUs 17+16)
Request from pid 6271: max_threads=65535, hint_threads=32
Granted 16 threads to pid 6271 (CPUs 1+16)
Request from pid 6434: max_threads=65535, hint_threads=32
Granted 16 threads to pid 6434 (CPUs 17+16)
Request from pid 6271: max_threads=65535, hint_threads=32
Granted 16 threads to pid 6271 (CPUs 1+16)
Request from pid 6271: max_threads=65535, hint_threads=32
Granted 16 threads to pid 6271 (CPUs 1+16)
Request from pid 6434: max_threads=65535, hint_threads=32
Granted 16 threads to pid 6434 (CPUs 17+16)
Request from pid 6434: max_threads=65535, hint_threads=32
Granted 16 threads to pid 6434 (CPUs 17+16)
Request from pid 6271: max_threads=65535, hint_threads=32
Granted 16 threads to pid 6271 (CPUs 1+16)
Request from pid 6434: max_threads=65535, hint_threads=32
Granted 16 threads to pid 6434 (CPUs 17+16)
Request from pid 6271: max_threads=65535, hint_threads=32
Granted 16 threads to pid 6271 (CPUs 1+16)
Request from pid 6271: max_threads=65535, hint_threads=32
Granted 16 threads to pid 6271 (CPUs 1+16)
Request from pid 6434: max_threads=65535, hint_threads=32
Granted 16 threads to pid 6434 (CPUs 17+16)
Request from pid 6434: max_threads=65535, hint_threads=32
Granted 16 threads to pid 6434 (CPUs 17+16)
Request from pid 6271: max_threads=65535, hint_threads=32
Granted 16 threads to pid 6271 (CPUs 1+16)
Request from pid 6271: max_threads=65535, hint_threads=32
Granted 16 threads to pid 6271 (CPUs 1+16)
Request from pid 6434: max_threads=65535, hint_threads=32
Granted 16 threads to pid 6434 (CPUs 17+16)
Request from pid 6271: max_threads=65535, hint_threads=32
Granted 16 threads to pid 6271 (CPUs 1+16)
Request from pid 6434: max_threads=65535, hint_threads=32
Granted 16 threads to pid 6434 (CPUs 17+16)
Request from pid 6434: max_threads=65535, hint_threads=32
Granted 16 threads to pid 6434 (CPUs 17+16)
Request from pid 6271: max_threads=65535, hint_threads=32
Granted 16 threads to pid 6271 (CPUs 1+16)
Request from pid 6434: max_threads=65535, hint_threads=32
Granted 16 threads to pid 6434 (CPUs 17+16)
Request from pid 6271: max_threads=65535, hint_threads=32
Granted 16 threads to pid 6271 (CPUs 1+16)
Request from pid 6271: max_threads=65535, hint_threads=32
Granted 16 threads to pid 6271 (CPUs 1+16)
Request from pid 6434: max_threads=65535, hint_threads=32
Granted 16 threads to pid 6434 (CPUs 17+16)
Request from pid 6434: max_threads=65535, hint_threads=32
Granted 16 threads to pid 6434 (CPUs 17+16)
Request from pid 6271: max_threads=65535, hint_threads=32
Granted 16 threads to pid 6271 (CPUs 1+16)
Request from pid 6271: max_threads=65535, hint_threads=32
Granted 16 threads to pid 6271 (CPUs 1+16)
Request from pid 6434: max_threads=65535, hint_threads=32
Granted 16 threads to pid 6434 (CPUs 17+16)
Request from pid 6271: max_threads=65535, hint_threads=32
Granted 16 threads to pid 6271 (CPUs 1+16)
Request from pid 6434: max_threads=65535, hint_threads=32
Granted 16 threads to pid 6434 (CPUs 17+16)
Request from pid 6271: max_threads=65535, hint_threads=32
Granted 16 threads to pid 6271 (CPUs 1+16)
Client closed connection
Request from pid 6434: max_threads=65535, hint_threads=32
Granted 16 threads to pid 6434 (CPUs 17+16)
Accepted connection
Handling client
Request from pid 6476: max_threads=65535, hint_threads=32
Granted 10 threads to pid 6476 (CPUs 0+0)
Request from pid 6434: max_threads=65535, hint_threads=32
Granted 10 threads to pid 6434 (CPUs 17+10)
Request from pid 6434: max_threads=65535, hint_threads=32
Granted 10 threads to pid 6434 (CPUs 17+10)
Request from pid 6476: max_threads=65535, hint_threads=32
Granted 10 threads to pid 6476 (CPUs 0+0)
Request from pid 6434: max_threads=65535, hint_threads=32
Granted 10 threads to pid 6434 (CPUs 17+10)
Request from pid 6476: max_threads=65535, hint_threads=32
Granted 10 threads to pid 6476 (CPUs 0+0)
Request from pid 6476: max_threads=65535, hint_threads=32
Granted 10 threads to pid 6476 (CPUs 0+0)
Request from pid 6434: max_threads=65535, hint_threads=32
Granted 10 threads to pid 6434 (CPUs 17+10)
Request from pid 6476: max_threads=65535, hint_threads=32
Granted 10 threads to pid 6476 (CPUs 0+0)
Request from pid 6434: max_threads=65535, hint_threads=32
Granted 10 threads to pid 6434 (CPUs 17+10)
Request from pid 6434: max_threads=65535, hint_threads=32
Granted 10 threads to pid 6434 (CPUs 17+10)
Request from pid 6476: max_threads=65535, hint_threads=32
Granted 10 threads to pid 6476 (CPUs 0+0)
Request from pid 6434: max_threads=65535, hint_threads=32
Granted 10 threads to pid 6434 (CPUs 17+10)
Request from pid 6476: max_threads=65535, hint_threads=32
Granted 10 threads to pid 6476 (CPUs 0+0)
Request from pid 6434: max_threads=65535, hint_threads=32
Granted 10 threads to pid 6434 (CPUs 17+10)
Request from pid 6476: max_threads=65535, hint_threads=32
Granted 10 threads to pid 6476 (CPUs 0+0)
Request from pid 6434: max_threads=65535, hint_threads=32
Granted 10 threads to pid 6434 (CPUs 17+10)
Request from pid 6476: max_threads=65535, hint_threads=32
Granted 10 threads to pid 6476 (CPUs 0+0)
Request from pid 6434: max_threads=65535, hint_threads=32
Granted 10 threads to pid 6434 (CPUs 17+10)
Request from pid 6476: max_threads=65535, hint_threads=32
Granted 10 threads to pid 6476 (CPUs 0+0)
Request from pid 6434: max_threads=65535, hint_threads=32
Granted 10 threads to pid 6434 (CPUs 17+10)
Request from pid 6434: max_threads=65535, hint_threads=32
Granted 10 threads to pid 6434 (CPUs 17+10)
Request from pid 6476: max_threads=65535, hint_threads=32
Granted 10 threads to pid 6476 (CPUs 0+0)
Request from pid 6434: max_threads=65535, hint_threads=32
Granted 10 threads to pid 6434 (CPUs 17+10)
Request from pid 6476: max_threads=65535, hint_threads=32
Granted 10 threads to pid 6476 (CPUs 0+0)
Request from pid 6434: max_threads=65535, hint_threads=32
Granted 10 threads to pid 6434 (CPUs 17+10)
Client closed connection
Accepted connection
Handling client
Request from pid 6596: max_threads=65535, hint_threads=32
Granted 8 threads to pid 6596 (CPUs 0+0)
Request from pid 6476: max_threads=65535, hint_threads=32
Granted 8 threads to pid 6476 (CPUs 0+0)
Request from pid 6476: max_threads=65535, hint_threads=32
Granted 8 threads to pid 6476 (CPUs 0+0)
Request from pid 6476: max_threads=65535, hint_threads=32
Granted 8 threads to pid 6476 (CPUs 0+0)
Request from pid 6596: max_threads=65535, hint_threads=32
Granted 10 threads to pid 6596 (CPUs 1+10)
Request from pid 6596: max_threads=65535, hint_threads=32
Granted 10 threads to pid 6596 (CPUs 1+10)
Request from pid 6476: max_threads=65535, hint_threads=32
Granted 10 threads to pid 6476 (CPUs 0+0)
Request from pid 6596: max_threads=65535, hint_threads=32
Granted 10 threads to pid 6596 (CPUs 1+10)
Request from pid 6476: max_threads=65535, hint_threads=32
Granted 10 threads to pid 6476 (CPUs 0+0)
Request from pid 6596: max_threads=65535, hint_threads=32
Granted 10 threads to pid 6596 (CPUs 1+10)
Request from pid 6476: max_threads=65535, hint_threads=32
Granted 10 threads to pid 6476 (CPUs 0+0)
Request from pid 6596: max_threads=65535, hint_threads=32
Granted 10 threads to pid 6596 (CPUs 1+10)
Request from pid 6476: max_threads=65535, hint_threads=32
Granted 10 threads to pid 6476 (CPUs 0+0)
Request from pid 6596: max_threads=65535, hint_threads=32
Granted 10 threads to pid 6596 (CPUs 1+10)
Request from pid 6476: max_threads=65535, hint_threads=32
Granted 10 threads to pid 6476 (CPUs 0+0)
Request from pid 6596: max_threads=65535, hint_threads=32
Granted 10 threads to pid 6596 (CPUs 1+10)
Request from pid 6476: max_threads=65535, hint_threads=32
Granted 10 threads to pid 6476 (CPUs 0+0)
Request from pid 6596: max_threads=65535, hint_threads=32
Granted 10 threads to pid 6596 (CPUs 1+10)
Request from pid 6476: max_threads=65535, hint_threads=32
Granted 10 threads to pid 6476 (CPUs 0+0)
Request from pid 6596: max_threads=65535, hint_threads=32
Granted 10 threads to pid 6596 (CPUs 1+10)
Request from pid 6596: max_threads=65535, hint_threads=32
Granted 10 threads to pid 6596 (CPUs 1+10)
Request from pid 6476: max_threads=65535, hint_threads=32
Granted 10 threads to pid 6476 (CPUs 0+0)
Request from pid 6596: max_threads=65535, hint_threads=32
Granted 10 threads to pid 6596 (CPUs 1+10)
Request from pid 6476: max_threads=65535, hint_threads=32
Granted 10 threads to pid 6476 (CPUs 0+0)
Request from pid 6596: max_threads=65535, hint_threads=32
Granted 10 threads to pid 6596 (CPUs 1+10)
Request from pid 6476: max_threads=65535, hint_threads=32
Granted 10 threads to pid 6476 (CPUs 0+0)
Request from pid 6596: max_threads=65535, hint_threads=32
Granted 10 threads to pid 6596 (CPUs 1+10)
Request from pid 6476: max_threads=65535, hint_threads=32
Granted 10 threads to pid 6476 (CPUs 0+0)
Request from pid 6596: max_threads=65535, hint_threads=32
Granted 10 threads to pid 6596 (CPUs 1+10)
Request from pid 6476: max_threads=65535, hint_threads=32
Granted 10 threads to pid 6476 (CPUs 0+0)
Request from pid 6596: max_threads=65535, hint_threads=32
Granted 10 threads to pid 6596 (CPUs 1+10)
Request from pid 6476: max_threads=65535, hint_threads=32
Granted 10 threads to pid 6476 (CPUs 0+0)
Request from pid 6596: max_threads=65535, hint_threads=32
Granted 10 threads to pid 6596 (CPUs 1+10)
Request from pid 6476: max_threads=65535, hint_threads=32
Granted 10 threads to pid 6476 (CPUs 0+0)
Request from pid 6596: max_threads=65535, hint_threads=32
Granted 10 threads to pid 6596 (CPUs 1+10)
Request from pid 6476: max_threads=65535, hint_threads=32
Granted 10 threads to pid 6476 (CPUs 0+0)
Request from pid 6476: max_threads=65535, hint_threads=32
Granted 16 threads to pid 6476 (CPUs 11+16)
Request from pid 6596: max_threads=65535, hint_threads=32
Granted 16 threads to pid 6596 (CPUs 0+0)
Request from pid 6476: max_threads=65535, hint_threads=32
Granted 16 threads to pid 6476 (CPUs 11+16)
Request from pid 6596: max_threads=65535, hint_threads=32
Granted 16 threads to pid 6596 (CPUs 0+0)
Request from pid 6476: max_threads=65535, hint_threads=32
Granted 16 threads to pid 6476 (CPUs 11+16)
Request from pid 6596: max_threads=65535, hint_threads=32
Granted 16 threads to pid 6596 (CPUs 0+0)
Request from pid 6476: max_threads=65535, hint_threads=32
Granted 16 threads to pid 6476 (CPUs 11+16)
Request from pid 6596: max_threads=65535, hint_threads=32
Granted 16 threads to pid 6596 (CPUs 0+0)
Request from pid 6476: max_threads=65535, hint_threads=32
Granted 16 threads to pid 6476 (CPUs 11+16)
Request from pid 6596: max_threads=65535, hint_threads=32
Granted 16 threads to pid 6596 (CPUs 0+0)
Request from pid 6476: max_threads=65535, hint_threads=32
Granted 16 threads to pid 6476 (CPUs 11+16)
Request from pid 6596: max_threads=65535, hint_threads=32
Granted 16 threads to pid 6596 (CPUs 0+0)
Request from pid 6476: max_threads=65535, hint_threads=32
Granted 16 threads to pid 6476 (CPUs 11+16)
Request from pid 6596: max_threads=65535, hint_threads=32
Granted 16 threads to pid 6596 (CPUs 0+0)
Request from pid 6476: max_threads=65535, hint_threads=32
Granted 16 threads to pid 6476 (CPUs 11+16)
Request from pid 6596: max_threads=65535, hint_threads=32
Granted 16 threads to pid 6596 (CPUs 0+0)
Request from pid 6476: max_threads=65535, hint_threads=32
Granted 16 threads to pid 6476 (CPUs 11+16)
Request from pid 6596: max_threads=65535, hint_threads=32
Granted 16 threads to pid 6596 (CPUs 0+0)
Request from pid 6596: max_threads=65535, hint_threads=32
Granted 16 threads to pid 6596 (CPUs 0+0)
Request from pid 6476: max_threads=65535, hint_threads=32
Granted 16 threads to pid 6476 (CPUs 11+16)
Request from pid 6596: max_threads=65535, hint_threads=32
Granted 16 threads to pid 6596 (CPUs 0+0)
Request from pid 6476: max_threads=65535, hint_threads=32
Granted 16 threads to pid 6476 (CPUs 11+16)
Request from pid 6596: max_threads=65535, hint_threads=32
Granted 16 threads to pid 6596 (CPUs 0+0)
Request from pid 6476: max_threads=65535, hint_threads=32
Granted 16 threads to pid 6476 (CPUs 11+16)
Request from pid 6596: max_threads=65535, hint_threads=32
Granted 16 threads to pid 6596 (CPUs 0+0)
Request from pid 6476: max_threads=65535, hint_threads=32
Granted 16 threads to pid 6476 (CPUs 11+16)
Client closed connection
Accepted connection
Handling client
Request from pid 6646: max_threads=65535, hint_threads=32
Granted 10 threads to pid 6646 (CPUs 1+10)
Request from pid 6596: max_threads=65535, hint_threads=32
Granted 10 threads to pid 6596 (CPUs 0+0)
Request from pid 6596: max_threads=65535, hint_threads=32
Granted 10 threads to pid 6596 (CPUs 0+0)
Request from pid 6646: max_threads=65535, hint_threads=32
Granted 10 threads to pid 6646 (CPUs 1+10)
Request from pid 6646: max_threads=65535, hint_threads=32
Granted 10 threads to pid 6646 (CPUs 1+10)
Request from pid 6596: max_threads=65535, hint_threads=32
Granted 10 threads to pid 6596 (CPUs 0+0)
Request from pid 6646: max_threads=65535, hint_threads=32
Granted 10 threads to pid 6646 (CPUs 1+10)
Request from pid 6596: max_threads=65535, hint_threads=32
Granted 10 threads to pid 6596 (CPUs 0+0)
Request from pid 6646: max_threads=65535, hint_threads=32
Granted 10 threads to pid 6646 (CPUs 1+10)
Request from pid 6596: max_threads=65535, hint_threads=32
Granted 10 threads to pid 6596 (CPUs 0+0)
Request from pid 6646: max_threads=65535, hint_threads=32
Granted 10 threads to pid 6646 (CPUs 1+10)
Request from pid 6596: max_threads=65535, hint_threads=32
Granted 10 threads to pid 6596 (CPUs 0+0)
Request from pid 6596: max_threads=65535, hint_threads=32
Granted 10 threads to pid 6596 (CPUs 0+0)
Request from pid 6646: max_threads=65535, hint_threads=32
Granted 10 threads to pid 6646 (CPUs 1+10)
Request from pid 6596: max_threads=65535, hint_threads=32
Granted 10 threads to pid 6596 (CPUs 0+0)
Request from pid 6646: max_threads=65535, hint_threads=32
Granted 10 threads to pid 6646 (CPUs 1+10)
Request from pid 6646: max_threads=65535, hint_threads=32
Granted 10 threads to pid 6646 (CPUs 1+10)
Request from pid 6596: max_threads=65535, hint_threads=32
Granted 10 threads to pid 6596 (CPUs 0+0)
Request from pid 6596: max_threads=65535, hint_threads=32
Granted 10 threads to pid 6596 (CPUs 0+0)
Request from pid 6646: max_threads=65535, hint_threads=32
Granted 10 threads to pid 6646 (CPUs 1+10)
Request from pid 6596: max_threads=65535, hint_threads=32
Granted 10 threads to pid 6596 (CPUs 0+0)
Request from pid 6646: max_threads=65535, hint_threads=32
Granted 10 threads to pid 6646 (CPUs 1+10)
Request from pid 6646: max_threads=65535, hint_threads=32
Granted 10 threads to pid 6646 (CPUs 1+10)
Request from pid 6596: max_threads=65535, hint_threads=32
Granted 10 threads to pid 6596 (CPUs 0+0)
Client closed connection
Accepted connection
Handling client
Request from pid 6686: max_threads=65535, hint_threads=32
Granted 8 threads to pid 6686 (CPUs 0+0)
Request from pid 6646: max_threads=65535, hint_threads=32
Granted 8 threads to pid 6646 (CPUs 1+8)
Request from pid 6686: max_threads=65535, hint_threads=32
Granted 10 threads to pid 6686 (CPUs 9+10)
Request from pid 6646: max_threads=65535, hint_threads=32
Granted 10 threads to pid 6646 (CPUs 19+10)
Request from pid 6686: max_threads=65535, hint_threads=32
Granted 10 threads to pid 6686 (CPUs 9+10)
Request from pid 6646: max_threads=65535, hint_threads=32
Granted 10 threads to pid 6646 (CPUs 19+10)
Request from pid 6686: max_threads=65535, hint_threads=32
Granted 10 threads to pid 6686 (CPUs 9+10)
Request from pid 6646: max_threads=65535, hint_threads=32
Granted 10 threads to pid 6646 (CPUs 19+10)
Request from pid 6686: max_threads=65535, hint_threads=32
Granted 10 threads to pid 6686 (CPUs 9+10)
Request from pid 6686: max_threads=65535, hint_threads=32
Granted 10 threads to pid 6686 (CPUs 9+10)
Request from pid 6646: max_threads=65535, hint_threads=32
Granted 10 threads to pid 6646 (CPUs 19+10)
Request from pid 6646: max_threads=65535, hint_threads=32
Granted 10 threads to pid 6646 (CPUs 19+10)
Request from pid 6686: max_threads=65535, hint_threads=32
Granted 10 threads to pid 6686 (CPUs 9+10)
Request from pid 6646: max_threads=65535, hint_threads=32
Granted 10 threads to pid 6646 (CPUs 19+10)
Request from pid 6686: max_threads=65535, hint_threads=32
Granted 10 threads to pid 6686 (CPUs 9+10)
Request from pid 6686: max_threads=65535, hint_threads=32
Granted 10 threads to pid 6686 (CPUs 9+10)
Request from pid 6646: max_threads=65535, hint_threads=32
Granted 10 threads to pid 6646 (CPUs 19+10)
Request from pid 6686: max_threads=65535, hint_threads=32
Granted 10 threads to pid 6686 (CPUs 9+10)
Request from pid 6646: max_threads=65535, hint_threads=32
Granted 10 threads to pid 6646 (CPUs 19+10)
Request from pid 6686: max_threads=65535, hint_threads=32
Granted 10 threads to pid 6686 (CPUs 9+10)
Request from pid 6646: max_threads=65535, hint_threads=32
Granted 10 threads to pid 6646 (CPUs 19+10)
Request from pid 6686: max_threads=65535, hint_threads=32
Granted 10 threads to pid 6686 (CPUs 9+10)
Request from pid 6646: max_threads=65535, hint_threads=32
Granted 10 threads to pid 6646 (CPUs 19+10)
Request from pid 6686: max_threads=65535, hint_threads=32
Granted 10 threads to pid 6686 (CPUs 9+10)
Request from pid 6646: max_threads=65535, hint_threads=32
Granted 10 threads to pid 6646 (CPUs 19+10)
Request from pid 6686: max_threads=65535, hint_threads=32
Granted 10 threads to pid 6686 (CPUs 9+10)
Request from pid 6646: max_threads=65535, hint_threads=32
Granted 10 threads to pid 6646 (CPUs 19+10)
Request from pid 6686: max_threads=65535, hint_threads=32
Granted 10 threads to pid 6686 (CPUs 9+10)
Request from pid 6646: max_threads=65535, hint_threads=32
Granted 10 threads to pid 6646 (CPUs 19+10)
Request from pid 6686: max_threads=65535, hint_threads=32
Granted 10 threads to pid 6686 (CPUs 9+10)
Request from pid 6646: max_threads=65535, hint_threads=32
Granted 10 threads to pid 6646 (CPUs 19+10)
Request from pid 6686: max_threads=65535, hint_threads=32
Granted 10 threads to pid 6686 (CPUs 9+10)
Request from pid 6646: max_threads=65535, hint_threads=32
Granted 10 threads to pid 6646 (CPUs 19+10)
Request from pid 6686: max_threads=65535, hint_threads=32
Granted 16 threads to pid 6686 (CPUs 1+16)
Request from pid 6646: max_threads=65535, hint_threads=32
Granted 16 threads to pid 6646 (CPUs 17+16)
Request from pid 6686: max_threads=65535, hint_threads=32
Granted 16 threads to pid 6686 (CPUs 1+16)
Request from pid 6686: max_threads=65535, hint_threads=32
Granted 16 threads to pid 6686 (CPUs 1+16)
Request from pid 6646: max_threads=65535, hint_threads=32
Granted 16 threads to pid 6646 (CPUs 17+16)
Request from pid 6686: max_threads=65535, hint_threads=32
Granted 16 threads to pid 6686 (CPUs 1+16)
Request from pid 6646: max_threads=65535, hint_threads=32
Granted 16 threads to pid 6646 (CPUs 17+16)
Request from pid 6686: max_threads=65535, hint_threads=32
Granted 16 threads to pid 6686 (CPUs 1+16)
Request from pid 6646: max_threads=65535, hint_threads=32
Granted 16 threads to pid 6646 (CPUs 17+16)
Request from pid 6686: max_threads=65535, hint_threads=32
Granted 16 threads to pid 6686 (CPUs 1+16)
Request from pid 6646: max_threads=65535, hint_threads=32
Granted 16 threads to pid 6646 (CPUs 17+16)
Request from pid 6686: max_threads=65535, hint_threads=32
Granted 16 threads to pid 6686 (CPUs 1+16)
Request from pid 6646: max_threads=65535, hint_threads=32
Granted 16 threads to pid 6646 (CPUs 17+16)
Request from pid 6686: max_threads=65535, hint_threads=32
Granted 16 threads to pid 6686 (CPUs 1+16)
Request from pid 6686: max_threads=65535, hint_threads=32
Granted 16 threads to pid 6686 (CPUs 1+16)
Request from pid 6646: max_threads=65535, hint_threads=32
Granted 16 threads to pid 6646 (CPUs 17+16)
Request from pid 6686: max_threads=65535, hint_threads=32
Granted 16 threads to pid 6686 (CPUs 1+16)
Request from pid 6646: max_threads=65535, hint_threads=32
Granted 16 threads to pid 6646 (CPUs 17+16)
Request from pid 6686: max_threads=65535, hint_threads=32
Granted 16 threads to pid 6686 (CPUs 1+16)
Request from pid 6646: max_threads=65535, hint_threads=32
Granted 16 threads to pid 6646 (CPUs 17+16)
Request from pid 6686: max_threads=65535, hint_threads=32
Granted 16 threads to pid 6686 (CPUs 1+16)
Request from pid 6646: max_threads=65535, hint_threads=32
Granted 16 threads to pid 6646 (CPUs 17+16)
Request from pid 6686: max_threads=65535, hint_threads=32
Granted 16 threads to pid 6686 (CPUs 1+16)
Request from pid 6646: max_threads=65535, hint_threads=32
Granted 16 threads to pid 6646 (CPUs 17+16)
Request from pid 6686: max_threads=65535, hint_threads=32
Granted 16 threads to pid 6686 (CPUs 1+16)
Request from pid 6646: max_threads=65535, hint_threads=32
Granted 16 threads to pid 6646 (CPUs 17+16)
Request from pid 6686: max_threads=65535, hint_threads=32
Granted 16 threads to pid 6686 (CPUs 1+16)
Request from pid 6646: max_threads=65535, hint_threads=32
Granted 16 threads to pid 6646 (CPUs 17+16)
Request from pid 6686: max_threads=65535, hint_threads=32
Granted 16 threads to pid 6686 (CPUs 1+16)
Request from pid 6646: max_threads=65535, hint_threads=32
Granted 16 threads to pid 6646 (CPUs 17+16)
Request from pid 6686: max_threads=65535, hint_threads=32
Granted 16 threads to pid 6686 (CPUs 1+16)
Request from pid 6646: max_threads=65535, hint_threads=32
Granted 16 threads to pid 6646 (CPUs 17+16)
Request from pid 6686: max_threads=65535, hint_threads=32
Granted 16 threads to pid 6686 (CPUs 1+16)
Request from pid 6646: max_threads=65535, hint_threads=32
Granted 16 threads to pid 6646 (CPUs 17+16)
Request from pid 6686: max_threads=65535, hint_threads=32
Granted 16 threads to pid 6686 (CPUs 1+16)
Request from pid 6646: max_threads=65535, hint_threads=32
Granted 16 threads to pid 6646 (CPUs 17+16)
Request from pid 6686: max_threads=65535, hint_threads=32
Granted 16 threads to pid 6686 (CPUs 1+16)
Client closed connection
Accepted connection
Handling client
Request from pid 6811: max_threads=65535, hint_threads=32
Granted 10 threads to pid 6811 (CPUs 0+0)
Request from pid 6686: max_threads=65535, hint_threads=32
Granted 10 threads to pid 6686 (CPUs 1+10)
Request from pid 6686: max_threads=65535, hint_threads=32
Granted 10 threads to pid 6686 (CPUs 1+10)
Request from pid 6686: max_threads=65535, hint_threads=32
Granted 10 threads to pid 6686 (CPUs 1+10)
Request from pid 6811: max_threads=65535, hint_threads=32
Granted 10 threads to pid 6811 (CPUs 0+0)
Request from pid 6811: max_threads=65535, hint_threads=32
Granted 10 threads to pid 6811 (CPUs 0+0)
Request from pid 6686: max_threads=65535, hint_threads=32
Granted 10 threads to pid 6686 (CPUs 1+10)
Request from pid 6811: max_threads=65535, hint_threads=32
Granted 10 threads to pid 6811 (CPUs 0+0)
Request from pid 6686: max_threads=65535, hint_threads=32
Granted 10 threads to pid 6686 (CPUs 1+10)
Request from pid 6811: max_threads=65535, hint_threads=32
Granted 10 threads to pid 6811 (CPUs 0+0)
Request from pid 6686: max_threads=65535, hint_threads=32
Granted 10 threads to pid 6686 (CPUs 1+10)
Client closed connection
Accepted connection
Handling client
Request from pid 6851: max_threads=65535, hint_threads=32
Granted 8 threads to pid 6851 (CPUs 0+0)
Request from pid 6811: max_threads=65535, hint_threads=32
Granted 8 threads to pid 6811 (CPUs 0+0)
Request from pid 6811: max_threads=65535, hint_threads=32
Granted 8 threads to pid 6811 (CPUs 0+0)
Request from pid 6811: max_threads=65535, hint_threads=32
Granted 8 threads to pid 6811 (CPUs 0+0)
Request from pid 6811: max_threads=65535, hint_threads=32
Granted 8 threads to pid 6811 (CPUs 0+0)
Request from pid 6851: max_threads=65535, hint_threads=32
Granted 8 threads to pid 6851 (CPUs 0+0)
Request from pid 6851: max_threads=65535, hint_threads=32
Granted 8 threads to pid 6851 (CPUs 0+0)
Request from pid 6811: max_threads=65535, hint_threads=32
Granted 8 threads to pid 6811 (CPUs 0+0)
Request from pid 6851: max_threads=65535, hint_threads=32
Granted 8 threads to pid 6851 (CPUs 0+0)
Request from pid 6851: max_threads=65535, hint_threads=32
Granted 8 threads to pid 6851 (CPUs 0+0)
Request from pid 6811: max_threads=65535, hint_threads=32
Granted 8 threads to pid 6811 (CPUs 0+0)
Request from pid 6851: max_threads=65535, hint_threads=32
Granted 8 threads to pid 6851 (CPUs 0+0)
Request from pid 6811: max_threads=65535, hint_threads=32
Granted 8 threads to pid 6811 (CPUs 0+0)
Request from pid 6851: max_threads=65535, hint_threads=32
Granted 8 threads to pid 6851 (CPUs 0+0)
Request from pid 6811: max_threads=65535, hint_threads=32
Granted 8 threads to pid 6811 (CPUs 0+0)
Request from pid 6851: max_threads=65535, hint_threads=32
Granted 8 threads to pid 6851 (CPUs 0+0)
Request from pid 6811: max_threads=65535, hint_threads=32
Granted 8 threads to pid 6811 (CPUs 0+0)
Request from pid 6811: max_threads=65535, hint_threads=32
Granted 8 threads to pid 6811 (CPUs 0+0)
Request from pid 6851: max_threads=65535, hint_threads=32
Granted 8 threads to pid 6851 (CPUs 0+0)
Request from pid 6851: max_threads=65535, hint_threads=32
Granted 8 threads to pid 6851 (CPUs 0+0)
Request from pid 6811: max_threads=65535, hint_threads=32
Granted 8 threads to pid 6811 (CPUs 0+0)
Request from pid 6811: max_threads=65535, hint_threads=32
Granted 10 threads to pid 6811 (CPUs 11+10)
Request from pid 6811: max_threads=65535, hint_threads=32
Granted 10 threads to pid 6811 (CPUs 11+10)
Request from pid 6851: max_threads=65535, hint_threads=32
Granted 10 threads to pid 6851 (CPUs 21+10)
Request from pid 6811: max_threads=65535, hint_threads=32
Granted 10 threads to pid 6811 (CPUs 11+10)
Request from pid 6851: max_threads=65535, hint_threads=32
Granted 10 threads to pid 6851 (CPUs 21+10)
Request from pid 6811: max_threads=65535, hint_threads=32
Granted 10 threads to pid 6811 (CPUs 11+10)
Request from pid 6851: max_threads=65535, hint_threads=32
Granted 10 threads to pid 6851 (CPUs 21+10)
Request from pid 6811: max_threads=65535, hint_threads=32
Granted 10 threads to pid 6811 (CPUs 11+10)
Request from pid 6851: max_threads=65535, hint_threads=32
Granted 10 threads to pid 6851 (CPUs 21+10)
Request from pid 6811: max_threads=65535, hint_threads=32
Granted 10 threads to pid 6811 (CPUs 11+10)
Request from pid 6851: max_threads=65535, hint_threads=32
Granted 10 threads to pid 6851 (CPUs 21+10)
Request from pid 6811: max_threads=65535, hint_threads=32
Granted 10 threads to pid 6811 (CPUs 11+10)
Request from pid 6851: max_threads=65535, hint_threads=32
Granted 10 threads to pid 6851 (CPUs 21+10)
Request from pid 6811: max_threads=65535, hint_threads=32
Granted 10 threads to pid 6811 (CPUs 11+10)
Request from pid 6851: max_threads=65535, hint_threads=32
Granted 10 threads to pid 6851 (CPUs 21+10)
Request from pid 6811: max_threads=65535, hint_threads=32
Granted 16 threads to pid 6811 (CPUs 1+16)
Request from pid 6851: max_threads=65535, hint_threads=32
Granted 16 threads to pid 6851 (CPUs 17+16)
Request from pid 6851: max_threads=65535, hint_threads=32
Granted 16 threads to pid 6851 (CPUs 17+16)
Request from pid 6811: max_threads=65535, hint_threads=32
Granted 16 threads to pid 6811 (CPUs 1+16)
Request from pid 6851: max_threads=65535, hint_threads=32
Granted 16 threads to pid 6851 (CPUs 17+16)
Request from pid 6811: max_threads=65535, hint_threads=32
Granted 16 threads to pid 6811 (CPUs 1+16)
Request from pid 6851: max_threads=65535, hint_threads=32
Granted 16 threads to pid 6851 (CPUs 17+16)
Request from pid 6811: max_threads=65535, hint_threads=32
Granted 16 threads to pid 6811 (CPUs 1+16)
Request from pid 6851: max_threads=65535, hint_threads=32
Granted 16 threads to pid 6851 (CPUs 17+16)
Request from pid 6811: max_threads=65535, hint_threads=32
Granted 16 threads to pid 6811 (CPUs 1+16)
Request from pid 6851: max_threads=65535, hint_threads=32
Granted 16 threads to pid 6851 (CPUs 17+16)
Request from pid 6811: max_threads=65535, hint_threads=32
Granted 16 threads to pid 6811 (CPUs 1+16)
Request from pid 6851: max_threads=65535, hint_threads=32
Granted 16 threads to pid 6851 (CPUs 17+16)
Request from pid 6851: max_threads=65535, hint_threads=32
Granted 16 threads to pid 6851 (CPUs 17+16)
Request from pid 6811: max_threads=65535, hint_threads=32
Granted 16 threads to pid 6811 (CPUs 1+16)
Request from pid 6851: max_threads=65535, hint_threads=32
Granted 16 threads to pid 6851 (CPUs 17+16)
Request from pid 6811: max_threads=65535, hint_threads=32
Granted 16 threads to pid 6811 (CPUs 1+16)
Request from pid 6851: max_threads=65535, hint_threads=32
Granted 16 threads to pid 6851 (CPUs 17+16)
Request from pid 6811: max_threads=65535, hint_threads=32
Granted 16 threads to pid 6811 (CPUs 1+16)
Request from pid 6851: max_threads=65535, hint_threads=32
Granted 16 threads to pid 6851 (CPUs 17+16)
Request from pid 6811: max_threads=65535, hint_threads=32
Granted 16 threads to pid 6811 (CPUs 1+16)
Request from pid 6851: max_threads=65535, hint_threads=32
Granted 16 threads to pid 6851 (CPUs 17+16)
Request from pid 6811: max_threads=65535, hint_threads=32
Granted 16 threads to pid 6811 (CPUs 1+16)
Request from pid 6851: max_threads=65535, hint_threads=32
Granted 16 threads to pid 6851 (CPUs 17+16)
Request from pid 6851: max_threads=65535, hint_threads=32
Granted 16 threads to pid 6851 (CPUs 17+16)
Request from pid 6811: max_threads=65535, hint_threads=32
Granted 16 threads to pid 6811 (CPUs 1+16)
Request from pid 6851: max_threads=65535, hint_threads=32
Granted 16 threads to pid 6851 (CPUs 17+16)
Request from pid 6811: max_threads=65535, hint_threads=32
Granted 16 threads to pid 6811 (CPUs 1+16)
Request from pid 6851: max_threads=65535, hint_threads=32
Granted 16 threads to pid 6851 (CPUs 17+16)
Request from pid 6811: max_threads=65535, hint_threads=32
Granted 16 threads to pid 6811 (CPUs 1+16)
Request from pid 6851: max_threads=65535, hint_threads=32
Granted 16 threads to pid 6851 (CPUs 17+16)
Request from pid 6811: max_threads=65535, hint_threads=32
Granted 16 threads to pid 6811 (CPUs 1+16)
Request from pid 6851: max_threads=65535, hint_threads=32
Granted 16 threads to pid 6851 (CPUs 17+16)
Request from pid 6811: max_threads=65535, hint_threads=32
Granted 16 threads to pid 6811 (CPUs 1+16)
Request from pid 6851: max_threads=65535, hint_threads=32
Granted 16 threads to pid 6851 (CPUs 17+16)
Request from pid 6811: max_threads=65535, hint_threads=32
Granted 16 threads to pid 6811 (CPUs 1+16)
Request from pid 6851: max_threads=65535, hint_threads=32
Granted 16 threads to pid 6851 (CPUs 17+16)
Request from pid 6811: max_threads=65535, hint_threads=32
Granted 16 threads to pid 6811 (CPUs 1+16)
Request from pid 6851: max_threads=65535, hint_threads=32
Granted 16 threads to pid 6851 (CPUs 17+16)
Request from pid 6811: max_threads=65535, hint_threads=32
Granted 16 threads to pid 6811 (CPUs 1+16)
Request from pid 6851: max_threads=65535, hint_threads=32
Granted 16 threads to pid 6851 (CPUs 17+16)
Request from pid 6811: max_threads=65535, hint_threads=32
Granted 16 threads to pid 6811 (CPUs 1+16)
Client closed connection
Accepted connection
Handling client
Request from pid 6972: max_threads=65535, hint_threads=32
Granted 10 threads to pid 6972 (CPUs 0+0)
Request from pid 6851: max_threads=65535, hint_threads=32
Granted 10 threads to pid 6851 (CPUs 17+10)
Request from pid 6851: max_threads=65535, hint_threads=32
Granted 10 threads to pid 6851 (CPUs 17+10)
Request from pid 6972: max_threads=65535, hint_threads=32
Granted 10 threads to pid 6972 (CPUs 0+0)
Request from pid 6851: max_threads=65535, hint_threads=32
Granted 10 threads to pid 6851 (CPUs 17+10)
Request from pid 6972: max_threads=65535, hint_threads=32
Granted 10 threads to pid 6972 (CPUs 0+0)
Request from pid 6851: max_threads=65535, hint_threads=32
Granted 10 threads to pid 6851 (CPUs 17+10)
Request from pid 6972: max_threads=65535, hint_threads=32
Granted 10 threads to pid 6972 (CPUs 0+0)
Request from pid 6851: max_threads=65535, hint_threads=32
Granted 10 threads to pid 6851 (CPUs 17+10)
Request from pid 6972: max_threads=65535, hint_threads=32
Granted 10 threads to pid 6972 (CPUs 0+0)
Request from pid 6972: max_threads=65535, hint_threads=32
Granted 10 threads to pid 6972 (CPUs 0+0)
Request from pid 6851: max_threads=65535, hint_threads=32
Granted 10 threads to pid 6851 (CPUs 17+10)
Request from pid 6972: max_threads=65535, hint_threads=32
Granted 10 threads to pid 6972 (CPUs 0+0)
Request from pid 6851: max_threads=65535, hint_threads=32
Granted 10 threads to pid 6851 (CPUs 17+10)
Client closed connection
Accepted connection
Handling client
Request from pid 7087: max_threads=65535, hint_threads=32
Granted 8 threads to pid 7087 (CPUs 0+0)
Request from pid 6972: max_threads=65535, hint_threads=32
Granted 8 threads to pid 6972 (CPUs 0+0)
Request from pid 6972: max_threads=65535, hint_threads=32
Granted 8 threads to pid 6972 (CPUs 0+0)
Request from pid 7087: max_threads=65535, hint_threads=32
Granted 8 threads to pid 7087 (CPUs 0+0)
Request from pid 6972: max_threads=65535, hint_threads=32
Granted 8 threads to pid 6972 (CPUs 0+0)
Request from pid 7087: max_threads=65535, hint_threads=32
Granted 8 threads to pid 7087 (CPUs 0+0)
Request from pid 6972: max_threads=65535, hint_threads=32
Granted 8 threads to pid 6972 (CPUs 0+0)
Request from pid 7087: max_threads=65535, hint_threads=32
Granted 8 threads to pid 7087 (CPUs 0+0)
Request from pid 6972: max_threads=65535, hint_threads=32
Granted 8 threads to pid 6972 (CPUs 0+0)
Request from pid 7087: max_threads=65535, hint_threads=32
Granted 8 threads to pid 7087 (CPUs 0+0)
Request from pid 6972: max_threads=65535, hint_threads=32
Granted 8 threads to pid 6972 (CPUs 0+0)
Request from pid 7087: max_threads=65535, hint_threads=32
Granted 8 threads to pid 7087 (CPUs 0+0)
Request from pid 6972: max_threads=65535, hint_threads=32
Granted 8 threads to pid 6972 (CPUs 0+0)
Request from pid 7087: max_threads=65535, hint_threads=32
Granted 8 threads to pid 7087 (CPUs 0+0)
Request from pid 6972: max_threads=65535, hint_threads=32
Granted 10 threads to pid 6972 (CPUs 1+10)
Request from pid 7087: max_threads=65535, hint_threads=32
Granted 10 threads to pid 7087 (CPUs 0+0)
Request from pid 7087: max_threads=65535, hint_threads=32
Granted 10 threads to pid 7087 (CPUs 0+0)
Request from pid 6972: max_threads=65535, hint_threads=32
Granted 10 threads to pid 6972 (CPUs 1+10)
Request from pid 7087: max_threads=65535, hint_threads=32
Granted 10 threads to pid 7087 (CPUs 0+0)
Request from pid 6972: max_threads=65535, hint_threads=32
Granted 10 threads to pid 6972 (CPUs 1+10)
Request from pid 7087: max_threads=65535, hint_threads=32
Granted 10 threads to pid 7087 (CPUs 0+0)
Request from pid 6972: max_threads=65535, hint_threads=32
Granted 10 threads to pid 6972 (CPUs 1+10)
Request from pid 7087: max_threads=65535, hint_threads=32
Granted 10 threads to pid 7087 (CPUs 0+0)
Request from pid 6972: max_threads=65535, hint_threads=32
Granted 10 threads to pid 6972 (CPUs 1+10)
Request from pid 7087: max_threads=65535, hint_threads=32
Granted 10 threads to pid 7087 (CPUs 0+0)
Request from pid 6972: max_threads=65535, hint_threads=32
Granted 10 threads to pid 6972 (CPUs 1+10)
Request from pid 7087: max_threads=65535, hint_threads=32
Granted 10 threads to pid 7087 (CPUs 0+0)
Request from pid 6972: max_threads=65535, hint_threads=32
Granted 10 threads to pid 6972 (CPUs 1+10)
Request from pid 6972: max_threads=65535, hint_threads=32
Granted 10 threads to pid 6972 (CPUs 1+10)
Request from pid 7087: max_threads=65535, hint_threads=32
Granted 10 threads to pid 7087 (CPUs 0+0)
Request from pid 6972: max_threads=65535, hint_threads=32
Granted 10 threads to pid 6972 (CPUs 1+10)
Request from pid 7087: max_threads=65535, hint_threads=32
Granted 10 threads to pid 7087 (CPUs 0+0)
Request from pid 6972: max_threads=65535, hint_threads=32
Granted 16 threads to pid 6972 (CPUs 1+16)
Request from pid 7087: max_threads=65535, hint_threads=32
Granted 16 threads to pid 7087 (CPUs 17+16)
Request from pid 6972: max_threads=65535, hint_threads=32
Granted 16 threads to pid 6972 (CPUs 1+16)
Request from pid 7087: max_threads=65535, hint_threads=32
Granted 16 threads to pid 7087 (CPUs 17+16)
Request from pid 6972: max_threads=65535, hint_threads=32
Granted 16 threads to pid 6972 (CPUs 1+16)
Request from pid 6972: max_threads=65535, hint_threads=32
Granted 16 threads to pid 6972 (CPUs 1+16)
Request from pid 7087: max_threads=65535, hint_threads=32
Granted 16 threads to pid 7087 (CPUs 17+16)
Request from pid 7087: max_threads=65535, hint_threads=32
Granted 16 threads to pid 7087 (CPUs 17+16)
Request from pid 6972: max_threads=65535, hint_threads=32
Granted 16 threads to pid 6972 (CPUs 1+16)
Request from pid 7087: max_threads=65535, hint_threads=32
Granted 16 threads to pid 7087 (CPUs 17+16)
Request from pid 6972: max_threads=65535, hint_threads=32
Granted 16 threads to pid 6972 (CPUs 1+16)
Request from pid 7087: max_threads=65535, hint_threads=32
Granted 16 threads to pid 7087 (CPUs 17+16)
Request from pid 6972: max_threads=65535, hint_threads=32
Granted 16 threads to pid 6972 (CPUs 1+16)
Request from pid 7087: max_threads=65535, hint_threads=32
Granted 16 threads to pid 7087 (CPUs 17+16)
Request from pid 6972: max_threads=65535, hint_threads=32
Granted 16 threads to pid 6972 (CPUs 1+16)
Request from pid 7087: max_threads=65535, hint_threads=32
Granted 16 threads to pid 7087 (CPUs 17+16)
Request from pid 6972: max_threads=65535, hint_threads=32
Granted 16 threads to pid 6972 (CPUs 1+16)
Request from pid 7087: max_threads=65535, hint_threads=32
Granted 16 threads to pid 7087 (CPUs 17+16)
Request from pid 7087: max_threads=65535, hint_threads=32
Granted 16 threads to pid 7087 (CPUs 17+16)
Request from pid 6972: max_threads=65535, hint_threads=32
Granted 16 threads to pid 6972 (CPUs 1+16)
Request from pid 7087: max_threads=65535, hint_threads=32
Granted 16 threads to pid 7087 (CPUs 17+16)
Request from pid 6972: max_threads=65535, hint_threads=32
Granted 16 threads to pid 6972 (CPUs 1+16)
Request from pid 7087: max_threads=65535, hint_threads=32
Granted 16 threads to pid 7087 (CPUs 17+16)
Request from pid 6972: max_threads=65535, hint_threads=32
Granted 16 threads to pid 6972 (CPUs 1+16)
Request from pid 7087: max_threads=65535, hint_threads=32
Granted 16 threads to pid 7087 (CPUs 17+16)
Request from pid 7087: max_threads=65535, hint_threads=32
Granted 16 threads to pid 7087 (CPUs 17+16)
Request from pid 6972: max_threads=65535, hint_threads=32
Granted 16 threads to pid 6972 (CPUs 1+16)
Request from pid 7087: max_threads=65535, hint_threads=32
Granted 16 threads to pid 7087 (CPUs 17+16)
Request from pid 6972: max_threads=65535, hint_threads=32
Granted 16 threads to pid 6972 (CPUs 1+16)
Request from pid 6972: max_threads=65535, hint_threads=32
Granted 16 threads to pid 6972 (CPUs 1+16)
Request from pid 7087: max_threads=65535, hint_threads=32
Granted 16 threads to pid 7087 (CPUs 17+16)
Request from pid 6972: max_threads=65535, hint_threads=32
Granted 16 threads to pid 6972 (CPUs 1+16)
Request from pid 7087: max_threads=65535, hint_threads=32
Granted 16 threads to pid 7087 (CPUs 17+16)
Request from pid 6972: max_threads=65535, hint_threads=32
Granted 16 threads to pid 6972 (CPUs 1+16)
Request from pid 7087: max_threads=65535, hint_threads=32
Granted 16 threads to pid 7087 (CPUs 17+16)
Request from pid 6972: max_threads=65535, hint_threads=32
Granted 16 threads to pid 6972 (CPUs 1+16)
Request from pid 7087: max_threads=65535, hint_threads=32
Granted 16 threads to pid 7087 (CPUs 17+16)
Request from pid 6972: max_threads=65535, hint_threads=32
Granted 16 threads to pid 6972 (CPUs 1+16)
Client closed connection
Request from pid 7087: max_threads=65535, hint_threads=32
Granted 16 threads to pid 7087 (CPUs 17+16)
Accepted connection
Handling client
Request from pid 7129: max_threads=65535, hint_threads=32
Granted 10 threads to pid 7129 (CPUs 0+0)
Request from pid 7087: max_threads=65535, hint_threads=32
Granted 10 threads to pid 7087 (CPUs 17+10)
Request from pid 7087: max_threads=65535, hint_threads=32
Granted 10 threads to pid 7087 (CPUs 17+10)
Request from pid 7129: max_threads=65535, hint_threads=32
Granted 10 threads to pid 7129 (CPUs 0+0)
Request from pid 7087: max_threads=65535, hint_threads=32
Granted 10 threads to pid 7087 (CPUs 17+10)
Request from pid 7129: max_threads=65535, hint_threads=32
Granted 10 threads to pid 7129 (CPUs 0+0)
Request from pid 7129: max_threads=65535, hint_threads=32
Granted 10 threads to pid 7129 (CPUs 0+0)
Request from pid 7087: max_threads=65535, hint_threads=32
Granted 10 threads to pid 7087 (CPUs 17+10)
Request from pid 7087: max_threads=65535, hint_threads=32
Granted 10 threads to pid 7087 (CPUs 17+10)
Request from pid 7129: max_threads=65535, hint_threads=32
Granted 10 threads to pid 7129 (CPUs 0+0)
Request from pid 7087: max_threads=65535, hint_threads=32
Granted 10 threads to pid 7087 (CPUs 17+10)
Request from pid 7129: max_threads=65535, hint_threads=32
Granted 10 threads to pid 7129 (CPUs 0+0)
Request from pid 7087: max_threads=65535, hint_threads=32
Granted 10 threads to pid 7087 (CPUs 17+10)
Request from pid 7129: max_threads=65535, hint_threads=32
Granted 10 threads to pid 7129 (CPUs 0+0)
Request from pid 7087: max_threads=65535, hint_threads=32
Granted 10 threads to pid 7087 (CPUs 17+10)
Request from pid 7087: max_threads=65535, hint_threads=32
Granted 10 threads to pid 7087 (CPUs 17+10)
Request from pid 7129: max_threads=65535, hint_threads=32
Granted 10 threads to pid 7129 (CPUs 0+0)
Request from pid 7087: max_threads=65535, hint_threads=32
Granted 10 threads to pid 7087 (CPUs 17+10)
Request from pid 7129: max_threads=65535, hint_threads=32
Granted 10 threads to pid 7129 (CPUs 0+0)
Client closed connection
Accepted connection
Handling client
Request from pid 7249: max_threads=65535, hint_threads=32
Granted 8 threads to pid 7249 (CPUs 0+0)
Request from pid 7129: max_threads=65535, hint_threads=32
Granted 8 threads to pid 7129 (CPUs 0+0)
Request from pid 7129: max_threads=65535, hint_threads=32
Granted 8 threads to pid 7129 (CPUs 0+0)
Request from pid 7129: max_threads=65535, hint_threads=32
Granted 8 threads to pid 7129 (CPUs 0+0)
Request from pid 7129: max_threads=65535, hint_threads=32
Granted 8 threads to pid 7129 (CPUs 0+0)
Request from pid 7249: max_threads=65535, hint_threads=32
Granted 8 threads to pid 7249 (CPUs 0+0)
Request from pid 7249: max_threads=65535, hint_threads=32
Granted 8 threads to pid 7249 (CPUs 0+0)
Request from pid 7129: max_threads=65535, hint_threads=32
Granted 8 threads to pid 7129 (CPUs 0+0)
Request from pid 7249: max_threads=65535, hint_threads=32
Granted 8 threads to pid 7249 (CPUs 0+0)
Request from pid 7129: max_threads=65535, hint_threads=32
Granted 8 threads to pid 7129 (CPUs 0+0)
Request from pid 7249: max_threads=65535, hint_threads=32
Granted 8 threads to pid 7249 (CPUs 0+0)
Request from pid 7129: max_threads=65535, hint_threads=32
Granted 10 threads to pid 7129 (CPUs 1+10)
Request from pid 7129: max_threads=65535, hint_threads=32
Granted 10 threads to pid 7129 (CPUs 1+10)
Request from pid 7249: max_threads=65535, hint_threads=32
Granted 10 threads to pid 7249 (CPUs 0+0)
Request from pid 7129: max_threads=65535, hint_threads=32
Granted 10 threads to pid 7129 (CPUs 1+10)
Request from pid 7249: max_threads=65535, hint_threads=32
Granted 10 threads to pid 7249 (CPUs 0+0)
Request from pid 7129: max_threads=65535, hint_threads=32
Granted 10 threads to pid 7129 (CPUs 1+10)
Request from pid 7249: max_threads=65535, hint_threads=32
Granted 10 threads to pid 7249 (CPUs 0+0)
Request from pid 7129: max_threads=65535, hint_threads=32
Granted 10 threads to pid 7129 (CPUs 1+10)
Request from pid 7249: max_threads=65535, hint_threads=32
Granted 10 threads to pid 7249 (CPUs 0+0)
Request from pid 7129: max_threads=65535, hint_threads=32
Granted 10 threads to pid 7129 (CPUs 1+10)
Request from pid 7249: max_threads=65535, hint_threads=32
Granted 10 threads to pid 7249 (CPUs 0+0)
Request from pid 7129: max_threads=65535, hint_threads=32
Granted 10 threads to pid 7129 (CPUs 1+10)
Request from pid 7249: max_threads=65535, hint_threads=32
Granted 10 threads to pid 7249 (CPUs 0+0)
Request from pid 7129: max_threads=65535, hint_threads=32
Granted 10 threads to pid 7129 (CPUs 1+10)
Request from pid 7129: max_threads=65535, hint_threads=32
Granted 10 threads to pid 7129 (CPUs 1+10)
Request from pid 7249: max_threads=65535, hint_threads=32
Granted 10 threads to pid 7249 (CPUs 0+0)
Request from pid 7129: max_threads=65535, hint_threads=32
Granted 10 threads to pid 7129 (CPUs 1+10)
Request from pid 7249: max_threads=65535, hint_threads=32
Granted 10 threads to pid 7249 (CPUs 0+0)
Request from pid 7249: max_threads=65535, hint_threads=32
Granted 10 threads to pid 7249 (CPUs 0+0)
Request from pid 7129: max_threads=65535, hint_threads=32
Granted 10 threads to pid 7129 (CPUs 1+10)
Request from pid 7129: max_threads=65535, hint_threads=32
Granted 10 threads to pid 7129 (CPUs 1+10)
Request from pid 7249: max_threads=65535, hint_threads=32
Granted 10 threads to pid 7249 (CPUs 0+0)
Request from pid 7129: max_threads=65535, hint_threads=32
Granted 10 threads to pid 7129 (CPUs 1+10)
Request from pid 7249: max_threads=65535, hint_threads=32
Granted 16 threads to pid 7249 (CPUs 11+16)
Request from pid 7249: max_threads=65535, hint_threads=32
Granted 16 threads to pid 7249 (CPUs 11+16)
Request from pid 7129: max_threads=65535, hint_threads=32
Granted 16 threads to pid 7129 (CPUs 0+0)
Request from pid 7249: max_threads=65535, hint_threads=32
Granted 16 threads to pid 7249 (CPUs 11+16)
Request from pid 7129: max_threads=65535, hint_threads=32
Granted 16 threads to pid 7129 (CPUs 0+0)
Request from pid 7249: max_threads=65535, hint_threads=32
Granted 16 threads to pid 7249 (CPUs 11+16)
Request from pid 7129: max_threads=65535, hint_threads=32
Granted 16 threads to pid 7129 (CPUs 0+0)
Request from pid 7249: max_threads=65535, hint_threads=32
Granted 16 threads to pid 7249 (CPUs 11+16)
Request from pid 7129: max_threads=65535, hint_threads=32
Granted 16 threads to pid 7129 (CPUs 0+0)
Request from pid 7249: max_threads=65535, hint_threads=32
Granted 16 threads to pid 7249 (CPUs 11+16)
Request from pid 7129: max_threads=65535, hint_threads=32
Granted 16 threads to pid 7129 (CPUs 0+0)
Request from pid 7129: max_threads=65535, hint_threads=32
Granted 16 threads to pid 7129 (CPUs 0+0)
Request from pid 7249: max_threads=65535, hint_threads=32
Granted 16 threads to pid 7249 (CPUs 11+16)
Request from pid 7249: max_threads=65535, hint_threads=32
Granted 16 threads to pid 7249 (CPUs 11+16)
Request from pid 7129: max_threads=65535, hint_threads=32
Granted 16 threads to pid 7129 (CPUs 0+0)
Request from pid 7249: max_threads=65535, hint_threads=32
Granted 16 threads to pid 7249 (CPUs 11+16)
Request from pid 7129: max_threads=65535, hint_threads=32
Granted 16 threads to pid 7129 (CPUs 0+0)
Request from pid 7249: max_threads=65535, hint_threads=32
Granted 16 threads to pid 7249 (CPUs 11+16)
Request from pid 7129: max_threads=65535, hint_threads=32
Granted 16 threads to pid 7129 (CPUs 0+0)
Request from pid 7249: max_threads=65535, hint_threads=32
Granted 16 threads to pid 7249 (CPUs 11+16)
Request from pid 7129: max_threads=65535, hint_threads=32
Granted 16 threads to pid 7129 (CPUs 0+0)
Request from pid 7249: max_threads=65535, hint_threads=32
Granted 16 threads to pid 7249 (CPUs 11+16)
Request from pid 7129: max_threads=65535, hint_threads=32
Granted 16 threads to pid 7129 (CPUs 0+0)
Request from pid 7249: max_threads=65535, hint_threads=32
Granted 16 threads to pid 7249 (CPUs 11+16)
Request from pid 7129: max_threads=65535, hint_threads=32
Granted 16 threads to pid 7129 (CPUs 0+0)
Request from pid 7249: max_threads=65535, hint_threads=32
Granted 16 threads to pid 7249 (CPUs 11+16)
Request from pid 7129: max_threads=65535, hint_threads=32
Granted 16 threads to pid 7129 (CPUs 0+0)
Request from pid 7249: max_threads=65535, hint_threads=32
Granted 16 threads to pid 7249 (CPUs 11+16)
Request from pid 7129: max_threads=65535, hint_threads=32
Granted 16 threads to pid 7129 (CPUs 0+0)
Request from pid 7249: max_threads=65535, hint_threads=32
Granted 16 threads to pid 7249 (CPUs 11+16)
Request from pid 7129: max_threads=65535, hint_threads=32
Granted 16 threads to pid 7129 (CPUs 0+0)
Request from pid 7249: max_threads=65535, hint_threads=32
Granted 16 threads to pid 7249 (CPUs 11+16)
Request from pid 7129: max_threads=65535, hint_threads=32
Granted 16 threads to pid 7129 (CPUs 0+0)
Request from pid 7249: max_threads=65535, hint_threads=32
Granted 16 threads to pid 7249 (CPUs 11+16)
Request from pid 7129: max_threads=65535, hint_threads=32
Granted 16 threads to pid 7129 (CPUs 0+0)
Request from pid 7249: max_threads=65535, hint_threads=32
Granted 16 threads to pid 7249 (CPUs 11+16)
Request from pid 7129: max_threads=65535, hint_threads=32
Granted 16 threads to pid 7129 (CPUs 0+0)
Client closed connection
Accepted connection
Handling client
Request from pid 7291: max_threads=65535, hint_threads=32
Granted 10 threads to pid 7291 (CPUs 1+10)
Request from pid 7249: max_threads=65535, hint_threads=32
Granted 10 threads to pid 7249 (CPUs 11+10)
Request from pid 7249: max_threads=65535, hint_threads=32
Granted 10 threads to pid 7249 (CPUs 11+10)
Request from pid 7249: max_threads=65535, hint_threads=32
Granted 10 threads to pid 7249 (CPUs 11+10)
Request from pid 7291: max_threads=65535, hint_threads=32
Granted 10 threads to pid 7291 (CPUs 1+10)
Request from pid 7249: max_threads=65535, hint_threads=32
Granted 10 threads to pid 7249 (CPUs 11+10)
Request from pid 7291: max_threads=65535, hint_threads=32
Granted 10 threads to pid 7291 (CPUs 1+10)
Request from pid 7291: max_threads=65535, hint_threads=32
Granted 10 threads to pid 7291 (CPUs 1+10)
Request from pid 7249: max_threads=65535, hint_threads=32
Granted 10 threads to pid 7249 (CPUs 11+10)
Request from pid 7291: max_threads=65535, hint_threads=32
Granted 10 threads to pid 7291 (CPUs 1+10)
Request from pid 7249: max_threads=65535, hint_threads=32
Granted 10 threads to pid 7249 (CPUs 11+10)
Request from pid 7291: max_threads=65535, hint_threads=32
Granted 10 threads to pid 7291 (CPUs 1+10)
Request from pid 7249: max_threads=65535, hint_threads=32
Granted 10 threads to pid 7249 (CPUs 11+10)
Request from pid 7249: max_threads=65535, hint_threads=32
Granted 10 threads to pid 7249 (CPUs 11+10)
Request from pid 7291: max_threads=65535, hint_threads=32
Granted 10 threads to pid 7291 (CPUs 1+10)
Request from pid 7249: max_threads=65535, hint_threads=32
Granted 10 threads to pid 7249 (CPUs 11+10)
Request from pid 7291: max_threads=65535, hint_threads=32
Granted 10 threads to pid 7291 (CPUs 1+10)
Request from pid 7249: max_threads=65535, hint_threads=32
Granted 10 threads to pid 7249 (CPUs 11+10)
Request from pid 7291: max_threads=65535, hint_threads=32
Granted 10 threads to pid 7291 (CPUs 1+10)
Client closed connection
Accepted connection
Handling client
Request from pid 7332: max_threads=65535, hint_threads=32
Granted 8 threads to pid 7332 (CPUs 21+8)
Request from pid 7291: max_threads=65535, hint_threads=32
Granted 8 threads to pid 7291 (CPUs 1+8)
Request from pid 7291: max_threads=65535, hint_threads=32
Granted 8 threads to pid 7291 (CPUs 1+8)
Request from pid 7332: max_threads=65535, hint_threads=32
Granted 8 threads to pid 7332 (CPUs 21+8)
Request from pid 7291: max_threads=65535, hint_threads=32
Granted 8 threads to pid 7291 (CPUs 1+8)
Request from pid 7332: max_threads=65535, hint_threads=32
Granted 8 threads to pid 7332 (CPUs 21+8)
Request from pid 7332: max_threads=65535, hint_threads=32
Granted 8 threads to pid 7332 (CPUs 21+8)
Request from pid 7291: max_threads=65535, hint_threads=32
Granted 8 threads to pid 7291 (CPUs 1+8)
Request from pid 7332: max_threads=65535, hint_threads=32
Granted 8 threads to pid 7332 (CPUs 21+8)
Request from pid 7291: max_threads=65535, hint_threads=32
Granted 8 threads to pid 7291 (CPUs 1+8)
Request from pid 7332: max_threads=65535, hint_threads=32
Granted 10 threads to pid 7332 (CPUs 21+10)
Request from pid 7291: max_threads=65535, hint_threads=32
Granted 10 threads to pid 7291 (CPUs 1+10)
Request from pid 7332: max_threads=65535, hint_threads=32
Granted 10 threads to pid 7332 (CPUs 21+10)
Request from pid 7291: max_threads=65535, hint_threads=32
Granted 10 threads to pid 7291 (CPUs 1+10)
Request from pid 7332: max_threads=65535, hint_threads=32
Granted 10 threads to pid 7332 (CPUs 21+10)
Request from pid 7332: max_threads=65535, hint_threads=32
Granted 10 threads to pid 7332 (CPUs 21+10)
Request from pid 7291: max_threads=65535, hint_threads=32
Granted 10 threads to pid 7291 (CPUs 1+10)
Request from pid 7332: max_threads=65535, hint_threads=32
Granted 10 threads to pid 7332 (CPUs 21+10)
Request from pid 7291: max_threads=65535, hint_threads=32
Granted 10 threads to pid 7291 (CPUs 1+10)
Request from pid 7332: max_threads=65535, hint_threads=32
Granted 10 threads to pid 7332 (CPUs 21+10)
Request from pid 7291: max_threads=65535, hint_threads=32
Granted 10 threads to pid 7291 (CPUs 1+10)
Request from pid 7332: max_threads=65535, hint_threads=32
Granted 10 threads to pid 7332 (CPUs 21+10)
Request from pid 7332: max_threads=65535, hint_threads=32
Granted 10 threads to pid 7332 (CPUs 21+10)
Request from pid 7291: max_threads=65535, hint_threads=32
Granted 10 threads to pid 7291 (CPUs 1+10)
Request from pid 7291: max_threads=65535, hint_threads=32
Granted 10 threads to pid 7291 (CPUs 1+10)
Request from pid 7332: max_threads=65535, hint_threads=32
Granted 10 threads to pid 7332 (CPUs 21+10)
Request from pid 7291: max_threads=65535, hint_threads=32
Granted 10 threads to pid 7291 (CPUs 1+10)
Request from pid 7332: max_threads=65535, hint_threads=32
Granted 10 threads to pid 7332 (CPUs 21+10)
Request from pid 7332: max_threads=65535, hint_threads=32
Granted 10 threads to pid 7332 (CPUs 21+10)
Request from pid 7291: max_threads=65535, hint_threads=32
Granted 10 threads to pid 7291 (CPUs 1+10)
Request from pid 7332: max_threads=65535, hint_threads=32
Granted 10 threads to pid 7332 (CPUs 21+10)
Request from pid 7291: max_threads=65535, hint_threads=32
Granted 10 threads to pid 7291 (CPUs 1+10)
Request from pid 7332: max_threads=65535, hint_threads=32
Granted 10 threads to pid 7332 (CPUs 21+10)
Request from pid 7291: max_threads=65535, hint_threads=32
Granted 10 threads to pid 7291 (CPUs 1+10)
Request from pid 7332: max_threads=65535, hint_threads=32
Granted 10 threads to pid 7332 (CPUs 21+10)
Request from pid 7291: max_threads=65535, hint_threads=32
Granted 10 threads to pid 7291 (CPUs 1+10)
Request from pid 7332: max_threads=65535, hint_threads=32
Granted 16 threads to pid 7332 (CPUs 11+16)
Request from pid 7291: max_threads=65535, hint_threads=32
Granted 16 threads to pid 7291 (CPUs 0+0)
Request from pid 7332: max_threads=65535, hint_threads=32
Granted 16 threads to pid 7332 (CPUs 11+16)
Request from pid 7291: max_threads=65535, hint_threads=32
Granted 16 threads to pid 7291 (CPUs 0+0)
Request from pid 7332: max_threads=65535, hint_threads=32
Granted 16 threads to pid 7332 (CPUs 11+16)
Request from pid 7291: max_threads=65535, hint_threads=32
Granted 16 threads to pid 7291 (CPUs 0+0)
Request from pid 7291: max_threads=65535, hint_threads=32
Granted 16 threads to pid 7291 (CPUs 0+0)
Request from pid 7332: max_threads=65535, hint_threads=32
Granted 16 threads to pid 7332 (CPUs 11+16)
Request from pid 7332: max_threads=65535, hint_threads=32
Granted 16 threads to pid 7332 (CPUs 11+16)
Request from pid 7291: max_threads=65535, hint_threads=32
Granted 16 threads to pid 7291 (CPUs 0+0)
Request from pid 7332: max_threads=65535, hint_threads=32
Granted 16 threads to pid 7332 (CPUs 11+16)
Request from pid 7291: max_threads=65535, hint_threads=32
Granted 16 threads to pid 7291 (CPUs 0+0)
Request from pid 7291: max_threads=65535, hint_threads=32
Granted 16 threads to pid 7291 (CPUs 0+0)
Request from pid 7332: max_threads=65535, hint_threads=32
Granted 16 threads to pid 7332 (CPUs 11+16)
Request from pid 7291: max_threads=65535, hint_threads=32
Granted 16 threads to pid 7291 (CPUs 0+0)
Request from pid 7332: max_threads=65535, hint_threads=32
Granted 16 threads to pid 7332 (CPUs 11+16)
Request from pid 7332: max_threads=65535, hint_threads=32
Granted 16 threads to pid 7332 (CPUs 11+16)
Request from pid 7291: max_threads=65535, hint_threads=32
Granted 16 threads to pid 7291 (CPUs 0+0)
Request from pid 7291: max_threads=65535, hint_threads=32
Granted 16 threads to pid 7291 (CPUs 0+0)
Request from pid 7332: max_threads=65535, hint_threads=32
Granted 16 threads to pid 7332 (CPUs 11+16)
Request from pid 7291: max_threads=65535, hint_threads=32
Granted 16 threads to pid 7291 (CPUs 0+0)
Request from pid 7332: max_threads=65535, hint_threads=32
Granted 16 threads to pid 7332 (CPUs 11+16)
Request from pid 7332: max_threads=65535, hint_threads=32
Granted 16 threads to pid 7332 (CPUs 11+16)
Request from pid 7291: max_threads=65535, hint_threads=32
Granted 16 threads to pid 7291 (CPUs 0+0)
Request from pid 7332: max_threads=65535, hint_threads=32
Granted 16 threads to pid 7332 (CPUs 11+16)
Request from pid 7291: max_threads=65535, hint_threads=32
Granted 16 threads to pid 7291 (CPUs 0+0)
Request from pid 7332: max_threads=65535, hint_threads=32
Granted 16 threads to pid 7332 (CPUs 11+16)
Request from pid 7291: max_threads=65535, hint_threads=32
Granted 16 threads to pid 7291 (CPUs 0+0)
Request from pid 7332: max_threads=65535, hint_threads=32
Granted 16 threads to pid 7332 (CPUs 11+16)
Request from pid 7332: max_threads=65535, hint_threads=32
Granted 16 threads to pid 7332 (CPUs 11+16)
Request from pid 7291: max_threads=65535, hint_threads=32
Granted 16 threads to pid 7291 (CPUs 0+0)
Request from pid 7332: max_threads=65535, hint_threads=32
Granted 16 threads to pid 7332 (CPUs 11+16)
Request from pid 7291: max_threads=65535, hint_threads=32
Granted 16 threads to pid 7291 (CPUs 0+0)
Request from pid 7332: max_threads=65535, hint_threads=32
Granted 16 threads to pid 7332 (CPUs 11+16)
Request from pid 7291: max_threads=65535, hint_threads=32
Granted 16 threads to pid 7291 (CPUs 0+0)
Request from pid 7332: max_threads=65535, hint_threads=32
Granted 16 threads to pid 7332 (CPUs 11+16)
Request from pid 7291: max_threads=65535, hint_threads=32
Granted 16 threads to pid 7291 (CPUs 0+0)
Request from pid 7332: max_threads=65535, hint_threads=32
Granted 16 threads to pid 7332 (CPUs 11+16)
Request from pid 7291: max_threads=65535, hint_threads=32
Granted 16 threads to pid 7291 (CPUs 0+0)
Request from pid 7332: max_threads=65535, hint_threads=32
Granted 16 threads to pid 7332 (CPUs 11+16)
Request from pid 7291: max_threads=65535, hint_threads=32
Granted 16 threads to pid 7291 (CPUs 0+0)
Request from pid 7332: max_threads=65535, hint_threads=32
Granted 16 threads to pid 7332 (CPUs 11+16)
Client closed connection
Accepted connection
Handling client
Request from pid 7462: max_threads=65535, hint_threads=32
Granted 10 threads to pid 7462 (CPUs 1+10)
Request from pid 7332: max_threads=65535, hint_threads=32
Granted 10 threads to pid 7332 (CPUs 11+10)
Request from pid 7332: max_threads=65535, hint_threads=32
Granted 10 threads to pid 7332 (CPUs 11+10)
Request from pid 7462: max_threads=65535, hint_threads=32
Granted 10 threads to pid 7462 (CPUs 1+10)
Request from pid 7332: max_threads=65535, hint_threads=32
Granted 10 threads to pid 7332 (CPUs 11+10)
Request from pid 7462: max_threads=65535, hint_threads=32
Granted 10 threads to pid 7462 (CPUs 1+10)
Request from pid 7462: max_threads=65535, hint_threads=32
Granted 10 threads to pid 7462 (CPUs 1+10)
Request from pid 7332: max_threads=65535, hint_threads=32
Granted 10 threads to pid 7332 (CPUs 11+10)
Client closed connection
Accepted connection
Handling client
Request from pid 7502: max_threads=65535, hint_threads=32
Granted 8 threads to pid 7502 (CPUs 21+8)
Request from pid 7462: max_threads=65535, hint_threads=32
Granted 8 threads to pid 7462 (CPUs 1+8)
Request from pid 7462: max_threads=65535, hint_threads=32
Granted 8 threads to pid 7462 (CPUs 1+8)
Request from pid 7502: max_threads=65535, hint_threads=32
Granted 8 threads to pid 7502 (CPUs 21+8)
Request from pid 7462: max_threads=65535, hint_threads=32
Granted 8 threads to pid 7462 (CPUs 1+8)
Request from pid 7502: max_threads=65535, hint_threads=32
Granted 8 threads to pid 7502 (CPUs 21+8)
Request from pid 7502: max_threads=65535, hint_threads=32
Granted 8 threads to pid 7502 (CPUs 21+8)
Request from pid 7462: max_threads=65535, hint_threads=32
Granted 8 threads to pid 7462 (CPUs 1+8)
Request from pid 7462: max_threads=65535, hint_threads=32
Granted 8 threads to pid 7462 (CPUs 1+8)
Request from pid 7502: max_threads=65535, hint_threads=32
Granted 8 threads to pid 7502 (CPUs 21+8)
Request from pid 7462: max_threads=65535, hint_threads=32
Granted 8 threads to pid 7462 (CPUs 1+8)
Request from pid 7502: max_threads=65535, hint_threads=32
Granted 8 threads to pid 7502 (CPUs 21+8)
Request from pid 7462: max_threads=65535, hint_threads=32
Granted 8 threads to pid 7462 (CPUs 1+8)
Request from pid 7502: max_threads=65535, hint_threads=32
Granted 8 threads to pid 7502 (CPUs 21+8)
Request from pid 7462: max_threads=65535, hint_threads=32
Granted 8 threads to pid 7462 (CPUs 1+8)
Request from pid 7502: max_threads=65535, hint_threads=32
Granted 8 threads to pid 7502 (CPUs 21+8)
Request from pid 7462: max_threads=65535, hint_threads=32
Granted 8 threads to pid 7462 (CPUs 1+8)
Request from pid 7502: max_threads=65535, hint_threads=32
Granted 8 threads to pid 7502 (CPUs 21+8)
Request from pid 7462: max_threads=65535, hint_threads=32
Granted 8 threads to pid 7462 (CPUs 1+8)
Request from pid 7502: max_threads=65535, hint_threads=32
Granted 8 threads to pid 7502 (CPUs 21+8)
Request from pid 7462: max_threads=65535, hint_threads=32
Granted 8 threads to pid 7462 (CPUs 1+8)
Request from pid 7462: max_threads=65535, hint_threads=32
Granted 10 threads to pid 7462 (CPUs 1+10)
Request from pid 7502: max_threads=65535, hint_threads=32
Granted 10 threads to pid 7502 (CPUs 21+10)
Request from pid 7462: max_threads=65535, hint_threads=32
Granted 10 threads to pid 7462 (CPUs 1+10)
Request from pid 7502: max_threads=65535, hint_threads=32
Granted 10 threads to pid 7502 (CPUs 21+10)
Request from pid 7462: max_threads=65535, hint_threads=32
Granted 10 threads to pid 7462 (CPUs 1+10)
Request from pid 7502: max_threads=65535, hint_threads=32
Granted 10 threads to pid 7502 (CPUs 21+10)
Request from pid 7462: max_threads=65535, hint_threads=32
Granted 10 threads to pid 7462 (CPUs 1+10)
Request from pid 7462: max_threads=65535, hint_threads=32
Granted 10 threads to pid 7462 (CPUs 1+10)
Request from pid 7502: max_threads=65535, hint_threads=32
Granted 10 threads to pid 7502 (CPUs 21+10)
Request from pid 7462: max_threads=65535, hint_threads=32
Granted 10 threads to pid 7462 (CPUs 1+10)
Request from pid 7502: max_threads=65535, hint_threads=32
Granted 10 threads to pid 7502 (CPUs 21+10)
Request from pid 7462: max_threads=65535, hint_threads=32
Granted 10 threads to pid 7462 (CPUs 1+10)
Request from pid 7502: max_threads=65535, hint_threads=32
Granted 10 threads to pid 7502 (CPUs 21+10)
Request from pid 7462: max_threads=65535, hint_threads=32
Granted 16 threads to pid 7462 (CPUs 1+16)
Request from pid 7502: max_threads=65535, hint_threads=32
Granted 16 threads to pid 7502 (CPUs 17+16)
Request from pid 7462: max_threads=65535, hint_threads=32
Granted 16 threads to pid 7462 (CPUs 1+16)
Request from pid 7502: max_threads=65535, hint_threads=32
Granted 16 threads to pid 7502 (CPUs 17+16)
Request from pid 7462: max_threads=65535, hint_threads=32
Granted 16 threads to pid 7462 (CPUs 1+16)
Request from pid 7502: max_threads=65535, hint_threads=32
Granted 16 threads to pid 7502 (CPUs 17+16)
Request from pid 7462: max_threads=65535, hint_threads=32
Granted 16 threads to pid 7462 (CPUs 1+16)
Request from pid 7462: max_threads=65535, hint_threads=32
Granted 16 threads to pid 7462 (CPUs 1+16)
Request from pid 7502: max_threads=65535, hint_threads=32
Granted 16 threads to pid 7502 (CPUs 17+16)
Request from pid 7462: max_threads=65535, hint_threads=32
Granted 16 threads to pid 7462 (CPUs 1+16)
Request from pid 7502: max_threads=65535, hint_threads=32
Granted 16 threads to pid 7502 (CPUs 17+16)
Request from pid 7462: max_threads=65535, hint_threads=32
Granted 16 threads to pid 7462 (CPUs 1+16)
Request from pid 7502: max_threads=65535, hint_threads=32
Granted 16 threads to pid 7502 (CPUs 17+16)
Request from pid 7462: max_threads=65535, hint_threads=32
Granted 16 threads to pid 7462 (CPUs 1+16)
Request from pid 7502: max_threads=65535, hint_threads=32
Granted 16 threads to pid 7502 (CPUs 17+16)
Request from pid 7462: max_threads=65535, hint_threads=32
Granted 16 threads to pid 7462 (CPUs 1+16)
Request from pid 7502: max_threads=65535, hint_threads=32
Granted 16 threads to pid 7502 (CPUs 17+16)
Request from pid 7462: max_threads=65535, hint_threads=32
Granted 16 threads to pid 7462 (CPUs 1+16)
Request from pid 7502: max_threads=65535, hint_threads=32
Granted 16 threads to pid 7502 (CPUs 17+16)
Request from pid 7462: max_threads=65535, hint_threads=32
Granted 16 threads to pid 7462 (CPUs 1+16)
Request from pid 7502: max_threads=65535, hint_threads=32
Granted 16 threads to pid 7502 (CPUs 17+16)
Request from pid 7462: max_threads=65535, hint_threads=32
Granted 16 threads to pid 7462 (CPUs 1+16)
Request from pid 7502: max_threads=65535, hint_threads=32
Granted 16 threads to pid 7502 (CPUs 17+16)
Request from pid 7462: max_threads=65535, hint_threads=32
Granted 16 threads to pid 7462 (CPUs 1+16)
Request from pid 7462: max_threads=65535, hint_threads=32
Granted 16 threads to pid 7462 (CPUs 1+16)
Request from pid 7502: max_threads=65535, hint_threads=32
Granted 16 threads to pid 7502 (CPUs 17+16)
Request from pid 7462: max_threads=65535, hint_threads=32
Granted 16 threads to pid 7462 (CPUs 1+16)
Request from pid 7502: max_threads=65535, hint_threads=32
Granted 16 threads to pid 7502 (CPUs 17+16)
Request from pid 7462: max_threads=65535, hint_threads=32
Granted 16 threads to pid 7462 (CPUs 1+16)
Request from pid 7502: max_threads=65535, hint_threads=32
Granted 16 threads to pid 7502 (CPUs 17+16)
Request from pid 7462: max_threads=65535, hint_threads=32
Granted 16 threads to pid 7462 (CPUs 1+16)
Request from pid 7462: max_threads=65535, hint_threads=32
Granted 16 threads to pid 7462 (CPUs 1+16)
Request from pid 7502: max_threads=65535, hint_threads=32
Granted 16 threads to pid 7502 (CPUs 17+16)
Request from pid 7462: max_threads=65535, hint_threads=32
Granted 16 threads to pid 7462 (CPUs 1+16)
Request from pid 7502: max_threads=65535, hint_threads=32
Granted 16 threads to pid 7502 (CPUs 17+16)
Request from pid 7462: max_threads=65535, hint_threads=32
Granted 16 threads to pid 7462 (CPUs 1+16)
Request from pid 7502: max_threads=65535, hint_threads=32
Granted 16 threads to pid 7502 (CPUs 17+16)
Request from pid 7462: max_threads=65535, hint_threads=32
Granted 16 threads to pid 7462 (CPUs 1+16)
Request from pid 7502: max_threads=65535, hint_threads=32
Granted 16 threads to pid 7502 (CPUs 17+16)
Request from pid 7502: max_threads=65535, hint_threads=32
Granted 16 threads to pid 7502 (CPUs 17+16)
Request from pid 7462: max_threads=65535, hint_threads=32
Granted 16 threads to pid 7462 (CPUs 1+16)
Client closed connection
Accepted connection
Handling client
Request from pid 7622: max_threads=65535, hint_threads=32
Granted 10 threads to pid 7622 (CPUs 0+0)
Request from pid 7502: max_threads=65535, hint_threads=32
Granted 10 threads to pid 7502 (CPUs 17+10)
Request from pid 7502: max_threads=65535, hint_threads=32
Granted 10 threads to pid 7502 (CPUs 17+10)
Request from pid 7502: max_threads=65535, hint_threads=32
Granted 10 threads to pid 7502 (CPUs 17+10)
Request from pid 7622: max_threads=65535, hint_threads=32
Granted 10 threads to pid 7622 (CPUs 0+0)
Request from pid 7622: max_threads=65535, hint_threads=32
Granted 10 threads to pid 7622 (CPUs 0+0)
Request from pid 7502: max_threads=65535, hint_threads=32
Granted 10 threads to pid 7502 (CPUs 17+10)
Request from pid 7622: max_threads=65535, hint_threads=32
Granted 10 threads to pid 7622 (CPUs 0+0)
Request from pid 7502: max_threads=65535, hint_threads=32
Granted 10 threads to pid 7502 (CPUs 17+10)
Request from pid 7622: max_threads=65535, hint_threads=32
Granted 10 threads to pid 7622 (CPUs 0+0)
Request from pid 7502: max_threads=65535, hint_threads=32
Granted 10 threads to pid 7502 (CPUs 17+10)
Request from pid 7622: max_threads=65535, hint_threads=32
Granted 10 threads to pid 7622 (CPUs 0+0)
Request from pid 7502: max_threads=65535, hint_threads=32
Granted 10 threads to pid 7502 (CPUs 17+10)
Request from pid 7622: max_threads=65535, hint_threads=32
Granted 10 threads to pid 7622 (CPUs 0+0)
Request from pid 7502: max_threads=65535, hint_threads=32
Granted 10 threads to pid 7502 (CPUs 17+10)
Request from pid 7622: max_threads=65535, hint_threads=32
Granted 10 threads to pid 7622 (CPUs 0+0)
Request from pid 7622: max_threads=65535, hint_threads=32
Granted 10 threads to pid 7622 (CPUs 0+0)
Request from pid 7502: max_threads=65535, hint_threads=32
Granted 10 threads to pid 7502 (CPUs 17+10)
Request from pid 7622: max_threads=65535, hint_threads=32
Granted 10 threads to pid 7622 (CPUs 0+0)
Request from pid 7502: max_threads=65535, hint_threads=32
Granted 10 threads to pid 7502 (CPUs 17+10)
Client closed connection
Accepted connection
Handling client
Request from pid 7662: max_threads=65535, hint_threads=32
Granted 8 threads to pid 7662 (CPUs 0+0)
Request from pid 7622: max_threads=65535, hint_threads=32
Granted 8 threads to pid 7622 (CPUs 0+0)
Request from pid 7622: max_threads=65535, hint_threads=32
Granted 8 threads to pid 7622 (CPUs 0+0)
Request from pid 7622: max_threads=65535, hint_threads=32
Granted 8 threads to pid 7622 (CPUs 0+0)
Request from pid 7662: max_threads=65535, hint_threads=32
Granted 8 threads to pid 7662 (CPUs 0+0)
Request from pid 7662: max_threads=65535, hint_threads=32
Granted 8 threads to pid 7662 (CPUs 0+0)
Request from pid 7622: max_threads=65535, hint_threads=32
Granted 8 threads to pid 7622 (CPUs 0+0)
Request from pid 7662: max_threads=65535, hint_threads=32
Granted 8 threads to pid 7662 (CPUs 0+0)
Request from pid 7622: max_threads=65535, hint_threads=32
Granted 8 threads to pid 7622 (CPUs 0+0)
Request from pid 7662: max_threads=65535, hint_threads=32
Granted 10 threads to pid 7662 (CPUs 1+10)
Request from pid 7622: max_threads=65535, hint_threads=32
Granted 10 threads to pid 7622 (CPUs 0+0)
Request from pid 7622: max_threads=65535, hint_threads=32
Granted 10 threads to pid 7622 (CPUs 0+0)
Request from pid 7662: max_threads=65535, hint_threads=32
Granted 10 threads to pid 7662 (CPUs 1+10)
Request from pid 7622: max_threads=65535, hint_threads=32
Granted 10 threads to pid 7622 (CPUs 0+0)
Request from pid 7662: max_threads=65535, hint_threads=32
Granted 10 threads to pid 7662 (CPUs 1+10)
Request from pid 7622: max_threads=65535, hint_threads=32
Granted 10 threads to pid 7622 (CPUs 0+0)
Request from pid 7662: max_threads=65535, hint_threads=32
Granted 10 threads to pid 7662 (CPUs 1+10)
Request from pid 7662: max_threads=65535, hint_threads=32
Granted 10 threads to pid 7662 (CPUs 1+10)
Request from pid 7622: max_threads=65535, hint_threads=32
Granted 10 threads to pid 7622 (CPUs 0+0)
Request from pid 7622: max_threads=65535, hint_threads=32
Granted 10 threads to pid 7622 (CPUs 0+0)
Request from pid 7662: max_threads=65535, hint_threads=32
Granted 10 threads to pid 7662 (CPUs 1+10)
Request from pid 7622: max_threads=65535, hint_threads=32
Granted 10 threads to pid 7622 (CPUs 0+0)
Request from pid 7662: max_threads=65535, hint_threads=32
Granted 10 threads to pid 7662 (CPUs 1+10)
Request from pid 7662: max_threads=65535, hint_threads=32
Granted 10 threads to pid 7662 (CPUs 1+10)
Request from pid 7622: max_threads=65535, hint_threads=32
Granted 10 threads to pid 7622 (CPUs 0+0)
Request from pid 7662: max_threads=65535, hint_threads=32
Granted 10 threads to pid 7662 (CPUs 1+10)
Request from pid 7622: max_threads=65535, hint_threads=32
Granted 10 threads to pid 7622 (CPUs 0+0)
Request from pid 7622: max_threads=65535, hint_threads=32
Granted 10 threads to pid 7622 (CPUs 0+0)
Request from pid 7662: max_threads=65535, hint_threads=32
Granted 10 threads to pid 7662 (CPUs 1+10)
Request from pid 7622: max_threads=65535, hint_threads=32
Granted 10 threads to pid 7622 (CPUs 0+0)
Request from pid 7662: max_threads=65535, hint_threads=32
Granted 10 threads to pid 7662 (CPUs 1+10)
Request from pid 7622: max_threads=65535, hint_threads=32
Granted 10 threads to pid 7622 (CPUs 0+0)
Request from pid 7662: max_threads=65535, hint_threads=32
Granted 10 threads to pid 7662 (CPUs 1+10)
Request from pid 7622: max_threads=65535, hint_threads=32
Granted 16 threads to pid 7622 (CPUs 11+16)
Request from pid 7662: max_threads=65535, hint_threads=32
Granted 16 threads to pid 7662 (CPUs 0+0)
Request from pid 7662: max_threads=65535, hint_threads=32
Granted 16 threads to pid 7662 (CPUs 0+0)
Request from pid 7622: max_threads=65535, hint_threads=32
Granted 16 threads to pid 7622 (CPUs 11+16)
Request from pid 7662: max_threads=65535, hint_threads=32
Granted 16 threads to pid 7662 (CPUs 0+0)
Request from pid 7622: max_threads=65535, hint_threads=32
Granted 16 threads to pid 7622 (CPUs 11+16)
Request from pid 7622: max_threads=65535, hint_threads=32
Granted 16 threads to pid 7622 (CPUs 11+16)
Request from pid 7662: max_threads=65535, hint_threads=32
Granted 16 threads to pid 7662 (CPUs 0+0)
Request from pid 7662: max_threads=65535, hint_threads=32
Granted 16 threads to pid 7662 (CPUs 0+0)
Request from pid 7622: max_threads=65535, hint_threads=32
Granted 16 threads to pid 7622 (CPUs 11+16)
Request from pid 7662: max_threads=65535, hint_threads=32
Granted 16 threads to pid 7662 (CPUs 0+0)
Request from pid 7622: max_threads=65535, hint_threads=32
Granted 16 threads to pid 7622 (CPUs 11+16)
Request from pid 7622: max_threads=65535, hint_threads=32
Granted 16 threads to pid 7622 (CPUs 11+16)
Request from pid 7662: max_threads=65535, hint_threads=32
Granted 16 threads to pid 7662 (CPUs 0+0)
Request from pid 7662: max_threads=65535, hint_threads=32
Granted 16 threads to pid 7662 (CPUs 0+0)
Request from pid 7622: max_threads=65535, hint_threads=32
Granted 16 threads to pid 7622 (CPUs 11+16)
Request from pid 7622: max_threads=65535, hint_threads=32
Granted 16 threads to pid 7622 (CPUs 11+16)
Request from pid 7662: max_threads=65535, hint_threads=32
Granted 16 threads to pid 7662 (CPUs 0+0)
Request from pid 7622: max_threads=65535, hint_threads=32
Granted 16 threads to pid 7622 (CPUs 11+16)
Request from pid 7662: max_threads=65535, hint_threads=32
Granted 16 threads to pid 7662 (CPUs 0+0)
Request from pid 7622: max_threads=65535, hint_threads=32
Granted 16 threads to pid 7622 (CPUs 11+16)
Request from pid 7662: max_threads=65535, hint_threads=32
Granted 16 threads to pid 7662 (CPUs 0+0)
Request from pid 7622: max_threads=65535, hint_threads=32
Granted 16 threads to pid 7622 (CPUs 11+16)
Request from pid 7662: max_threads=65535, hint_threads=32
Granted 16 threads to pid 7662 (CPUs 0+0)
Request from pid 7622: max_threads=65535, hint_threads=32
Granted 16 threads to pid 7622 (CPUs 11+16)
Request from pid 7662: max_threads=65535, hint_threads=32
Granted 16 threads to pid 7662 (CPUs 0+0)
Request from pid 7622: max_threads=65535, hint_threads=32
Granted 16 threads to pid 7622 (CPUs 11+16)
Request from pid 7622: max_threads=65535, hint_threads=32
Granted 16 threads to pid 7622 (CPUs 11+16)
Request from pid 7662: max_threads=65535, hint_threads=32
Granted 16 threads to pid 7662 (CPUs 0+0)
Request from pid 7622: max_threads=65535, hint_threads=32
Granted 16 threads to pid 7622 (CPUs 11+16)
Request from pid 7662: max_threads=65535, hint_threads=32
Granted 16 threads to pid 7662 (CPUs 0+0)
Request from pid 7662: max_threads=65535, hint_threads=32
Granted 16 threads to pid 7662 (CPUs 0+0)
Request from pid 7622: max_threads=65535, hint_threads=32
Granted 16 threads to pid 7622 (CPUs 11+16)
Client closed connection
Accepted connection
Handling client
Request from pid 7704: max_threads=65535, hint_threads=32
Granted 10 threads to pid 7704 (CPUs 1+10)
Request from pid 7662: max_threads=65535, hint_threads=32
Granted 10 threads to pid 7662 (CPUs 0+0)
Request from pid 7662: max_threads=65535, hint_threads=32
Granted 10 threads to pid 7662 (CPUs 0+0)
Request from pid 7704: max_threads=65535, hint_threads=32
Granted 10 threads to pid 7704 (CPUs 1+10)
Request from pid 7662: max_threads=65535, hint_threads=32
Granted 10 threads to pid 7662 (CPUs 0+0)
Request from pid 7704: max_threads=65535, hint_threads=32
Granted 10 threads to pid 7704 (CPUs 1+10)
Request from pid 7704: max_threads=65535, hint_threads=32
Granted 10 threads to pid 7704 (CPUs 1+10)
Request from pid 7662: max_threads=65535, hint_threads=32
Granted 10 threads to pid 7662 (CPUs 0+0)
Request from pid 7704: max_threads=65535, hint_threads=32
Granted 10 threads to pid 7704 (CPUs 1+10)
Request from pid 7662: max_threads=65535, hint_threads=32
Granted 10 threads to pid 7662 (CPUs 0+0)
Request from pid 7662: max_threads=65535, hint_threads=32
Granted 10 threads to pid 7662 (CPUs 0+0)
Request from pid 7704: max_threads=65535, hint_threads=32
Granted 10 threads to pid 7704 (CPUs 1+10)
Request from pid 7662: max_threads=65535, hint_threads=32
Granted 10 threads to pid 7662 (CPUs 0+0)
Request from pid 7704: max_threads=65535, hint_threads=32
Granted 10 threads to pid 7704 (CPUs 1+10)
Request from pid 7662: max_threads=65535, hint_threads=32
Granted 10 threads to pid 7662 (CPUs 0+0)
Request from pid 7704: max_threads=65535, hint_threads=32
Granted 10 threads to pid 7704 (CPUs 1+10)
Request from pid 7662: max_threads=65535, hint_threads=32
Granted 10 threads to pid 7662 (CPUs 0+0)
Request from pid 7704: max_threads=65535, hint_threads=32
Granted 10 threads to pid 7704 (CPUs 1+10)
Request from pid 7662: max_threads=65535, hint_threads=32
Granted 10 threads to pid 7662 (CPUs 0+0)
Request from pid 7704: max_threads=65535, hint_threads=32
Granted 10 threads to pid 7704 (CPUs 1+10)
Request from pid 7662: max_threads=65535, hint_threads=32
Granted 10 threads to pid 7662 (CPUs 0+0)
Request from pid 7704: max_threads=65535, hint_threads=32
Granted 10 threads to pid 7704 (CPUs 1+10)
Request from pid 7704: max_threads=65535, hint_threads=32
Granted 10 threads to pid 7704 (CPUs 1+10)
Request from pid 7662: max_threads=65535, hint_threads=32
Granted 10 threads to pid 7662 (CPUs 0+0)
Request from pid 7704: max_threads=65535, hint_threads=32
Granted 10 threads to pid 7704 (CPUs 1+10)
Request from pid 7662: max_threads=65535, hint_threads=32
Granted 10 threads to pid 7662 (CPUs 0+0)
Request from pid 7704: max_threads=65535, hint_threads=32
Granted 10 threads to pid 7704 (CPUs 1+10)
Client closed connection
Accepted connection
Handling client
Request from pid 7824: max_threads=65535, hint_threads=32
Granted 8 threads to pid 7824 (CPUs 0+0)
Request from pid 7704: max_threads=65535, hint_threads=32
Granted 8 threads to pid 7704 (CPUs 1+8)
Request from pid 7704: max_threads=65535, hint_threads=32
Granted 8 threads to pid 7704 (CPUs 1+8)
Request from pid 7824: max_threads=65535, hint_threads=32
Granted 10 threads to pid 7824 (CPUs 9+10)
Request from pid 7704: max_threads=65535, hint_threads=32
Granted 10 threads to pid 7704 (CPUs 19+10)
Request from pid 7824: max_threads=65535, hint_threads=32
Granted 10 threads to pid 7824 (CPUs 9+10)
Request from pid 7704: max_threads=65535, hint_threads=32
Granted 10 threads to pid 7704 (CPUs 19+10)
Request from pid 7824: max_threads=65535, hint_threads=32
Granted 10 threads to pid 7824 (CPUs 9+10)
Request from pid 7704: max_threads=65535, hint_threads=32
Granted 10 threads to pid 7704 (CPUs 19+10)
Request from pid 7824: max_threads=65535, hint_threads=32
Granted 10 threads to pid 7824 (CPUs 9+10)
Request from pid 7704: max_threads=65535, hint_threads=32
Granted 10 threads to pid 7704 (CPUs 19+10)
Request from pid 7824: max_threads=65535, hint_threads=32
Granted 10 threads to pid 7824 (CPUs 9+10)
Request from pid 7704: max_threads=65535, hint_threads=32
Granted 10 threads to pid 7704 (CPUs 19+10)
Request from pid 7704: max_threads=65535, hint_threads=32
Granted 10 threads to pid 7704 (CPUs 19+10)
Request from pid 7824: max_threads=65535, hint_threads=32
Granted 10 threads to pid 7824 (CPUs 9+10)
Request from pid 7704: max_threads=65535, hint_threads=32
Granted 10 threads to pid 7704 (CPUs 19+10)
Request from pid 7824: max_threads=65535, hint_threads=32
Granted 10 threads to pid 7824 (CPUs 9+10)
Request from pid 7824: max_threads=65535, hint_threads=32
Granted 10 threads to pid 7824 (CPUs 9+10)
Request from pid 7704: max_threads=65535, hint_threads=32
Granted 10 threads to pid 7704 (CPUs 19+10)
Request from pid 7824: max_threads=65535, hint_threads=32
Granted 10 threads to pid 7824 (CPUs 9+10)
Request from pid 7704: max_threads=65535, hint_threads=32
Granted 10 threads to pid 7704 (CPUs 19+10)
Request from pid 7824: max_threads=65535, hint_threads=32
Granted 10 threads to pid 7824 (CPUs 9+10)
Request from pid 7704: max_threads=65535, hint_threads=32
Granted 10 threads to pid 7704 (CPUs 19+10)
Request from pid 7824: max_threads=65535, hint_threads=32
Granted 10 threads to pid 7824 (CPUs 9+10)
Request from pid 7704: max_threads=65535, hint_threads=32
Granted 10 threads to pid 7704 (CPUs 19+10)
Request from pid 7824: max_threads=65535, hint_threads=32
Granted 10 threads to pid 7824 (CPUs 9+10)
Request from pid 7704: max_threads=65535, hint_threads=32
Granted 10 threads to pid 7704 (CPUs 19+10)
Request from pid 7824: max_threads=65535, hint_threads=32
Granted 10 threads to pid 7824 (CPUs 9+10)
Request from pid 7824: max_threads=65535, hint_threads=32
Granted 10 threads to pid 7824 (CPUs 9+10)
Request from pid 7704: max_threads=65535, hint_threads=32
Granted 10 threads to pid 7704 (CPUs 19+10)
Request from pid 7824: max_threads=65535, hint_threads=32
Granted 10 threads to pid 7824 (CPUs 9+10)
Request from pid 7704: max_threads=65535, hint_threads=32
Granted 10 threads to pid 7704 (CPUs 19+10)
Request from pid 7824: max_threads=65535, hint_threads=32
Granted 10 threads to pid 7824 (CPUs 9+10)
Request from pid 7704: max_threads=65535, hint_threads=32
Granted 16 threads to pid 7704 (CPUs 0+0)
Request from pid 7704: max_threads=65535, hint_threads=32
Granted 16 threads to pid 7704 (CPUs 0+0)
Request from pid 7824: max_threads=65535, hint_threads=32
Granted 16 threads to pid 7824 (CPUs 1+16)
Request from pid 7704: max_threads=65535, hint_threads=32
Granted 16 threads to pid 7704 (CPUs 17+16)
Request from pid 7824: max_threads=65535, hint_threads=32
Granted 16 threads to pid 7824 (CPUs 1+16)
Request from pid 7704: max_threads=65535, hint_threads=32
Granted 16 threads to pid 7704 (CPUs 17+16)
Request from pid 7704: max_threads=65535, hint_threads=32
Granted 16 threads to pid 7704 (CPUs 17+16)
Request from pid 7824: max_threads=65535, hint_threads=32
Granted 16 threads to pid 7824 (CPUs 1+16)
Request from pid 7704: max_threads=65535, hint_threads=32
Granted 16 threads to pid 7704 (CPUs 17+16)
Request from pid 7824: max_threads=65535, hint_threads=32
Granted 16 threads to pid 7824 (CPUs 1+16)
Request from pid 7704: max_threads=65535, hint_threads=32
Granted 16 threads to pid 7704 (CPUs 17+16)
Request from pid 7824: max_threads=65535, hint_threads=32
Granted 16 threads to pid 7824 (CPUs 1+16)
Request from pid 7704: max_threads=65535, hint_threads=32
Granted 16 threads to pid 7704 (CPUs 17+16)
Request from pid 7824: max_threads=65535, hint_threads=32
Granted 16 threads to pid 7824 (CPUs 1+16)
Request from pid 7704: max_threads=65535, hint_threads=32
Granted 16 threads to pid 7704 (CPUs 17+16)
Request from pid 7824: max_threads=65535, hint_threads=32
Granted 16 threads to pid 7824 (CPUs 1+16)
Request from pid 7704: max_threads=65535, hint_threads=32
Granted 16 threads to pid 7704 (CPUs 17+16)
Request from pid 7824: max_threads=65535, hint_threads=32
Granted 16 threads to pid 7824 (CPUs 1+16)
Request from pid 7704: max_threads=65535, hint_threads=32
Granted 16 threads to pid 7704 (CPUs 17+16)
Request from pid 7824: max_threads=65535, hint_threads=32
Granted 16 threads to pid 7824 (CPUs 1+16)
Request from pid 7704: max_threads=65535, hint_threads=32
Granted 16 threads to pid 7704 (CPUs 17+16)
Request from pid 7824: max_threads=65535, hint_threads=32
Granted 16 threads to pid 7824 (CPUs 1+16)
Request from pid 7704: max_threads=65535, hint_threads=32
Granted 16 threads to pid 7704 (CPUs 17+16)
Request from pid 7824: max_threads=65535, hint_threads=32
Granted 16 threads to pid 7824 (CPUs 1+16)
Request from pid 7704: max_threads=65535, hint_threads=32
Granted 16 threads to pid 7704 (CPUs 17+16)
Request from pid 7824: max_threads=65535, hint_threads=32
Granted 16 threads to pid 7824 (CPUs 1+16)
Request from pid 7704: max_threads=65535, hint_threads=32
Granted 16 threads to pid 7704 (CPUs 17+16)
Client closed connection
Accepted connection
Handling client
Request from pid 7880: max_threads=65535, hint_threads=32
Granted 10 threads to pid 7880 (CPUs 0+0)
Request from pid 7824: max_threads=65535, hint_threads=32
Granted 10 threads to pid 7824 (CPUs 1+10)
Request from pid 7824: max_threads=65535, hint_threads=32
Granted 10 threads to pid 7824 (CPUs 1+10)
Request from pid 7880: max_threads=65535, hint_threads=32
Granted 10 threads to pid 7880 (CPUs 0+0)
Request from pid 7824: max_threads=65535, hint_threads=32
Granted 10 threads to pid 7824 (CPUs 1+10)
Request from pid 7880: max_threads=65535, hint_threads=32
Granted 10 threads to pid 7880 (CPUs 0+0)
Request from pid 7880: max_threads=65535, hint_threads=32
Granted 10 threads to pid 7880 (CPUs 0+0)
Request from pid 7824: max_threads=65535, hint_threads=32
Granted 10 threads to pid 7824 (CPUs 1+10)
Request from pid 7880: max_threads=65535, hint_threads=32
Granted 10 threads to pid 7880 (CPUs 0+0)
Request from pid 7824: max_threads=65535, hint_threads=32
Granted 10 threads to pid 7824 (CPUs 1+10)
Request from pid 7880: max_threads=65535, hint_threads=32
Granted 10 threads to pid 7880 (CPUs 0+0)
Request from pid 7824: max_threads=65535, hint_threads=32
Granted 10 threads to pid 7824 (CPUs 1+10)
Request from pid 7824: max_threads=65535, hint_threads=32
Granted 10 threads to pid 7824 (CPUs 1+10)
Request from pid 7880: max_threads=65535, hint_threads=32
Granted 10 threads to pid 7880 (CPUs 0+0)
Request from pid 7824: max_threads=65535, hint_threads=32
Granted 10 threads to pid 7824 (CPUs 1+10)
Request from pid 7880: max_threads=65535, hint_threads=32
Granted 10 threads to pid 7880 (CPUs 0+0)
Request from pid 7880: max_threads=65535, hint_threads=32
Granted 10 threads to pid 7880 (CPUs 0+0)
Request from pid 7824: max_threads=65535, hint_threads=32
Granted 10 threads to pid 7824 (CPUs 1+10)
Request from pid 7824: max_threads=65535, hint_threads=32
Granted 10 threads to pid 7824 (CPUs 1+10)
Request from pid 7880: max_threads=65535, hint_threads=32
Granted 10 threads to pid 7880 (CPUs 0+0)
Request from pid 7824: max_threads=65535, hint_threads=32
Granted 10 threads to pid 7824 (CPUs 1+10)
Request from pid 7880: max_threads=65535, hint_threads=32
Granted 10 threads to pid 7880 (CPUs 0+0)
Request from pid 7880: max_threads=65535, hint_threads=32
Granted 10 threads to pid 7880 (CPUs 0+0)
Request from pid 7824: max_threads=65535, hint_threads=32
Granted 10 threads to pid 7824 (CPUs 1+10)
Request from pid 7824: max_threads=65535, hint_threads=32
Granted 10 threads to pid 7824 (CPUs 1+10)
Request from pid 7880: max_threads=65535, hint_threads=32
Granted 10 threads to pid 7880 (CPUs 0+0)
Request from pid 7880: max_threads=65535, hint_threads=32
Granted 10 threads to pid 7880 (CPUs 0+0)
Request from pid 7824: max_threads=65535, hint_threads=32
Granted 10 threads to pid 7824 (CPUs 1+10)
Request from pid 7824: max_threads=65535, hint_threads=32
Granted 10 threads to pid 7824 (CPUs 1+10)
Request from pid 7880: max_threads=65535, hint_threads=32
Granted 10 threads to pid 7880 (CPUs 0+0)
Client closed connection
Request from pid 7880: max_threads=65535, hint_threads=32
Granted 10 threads to pid 7880 (CPUs 0+0)
Request from pid 7880: max_threads=65535, hint_threads=32
Granted 10 threads to pid 7880 (CPUs 0+0)
Request from pid 7880: max_threads=65535, hint_threads=32
Granted 10 threads to pid 7880 (CPUs 0+0)
Request from pid 7880: max_threads=65535, hint_threads=32
Granted 16 threads to pid 7880 (CPUs 11+16)
Request from pid 7880: max_threads=65535, hint_threads=32
Granted 16 threads to pid 7880 (CPUs 11+16)
Request from pid 7880: max_threads=65535, hint_threads=32
Granted 16 threads to pid 7880 (CPUs 11+16)
Request from pid 7880: max_threads=65535, hint_threads=32
Granted 16 threads to pid 7880 (CPUs 11+16)
Request from pid 7880: max_threads=65535, hint_threads=32
Granted 16 threads to pid 7880 (CPUs 11+16)
Request from pid 7880: max_threads=65535, hint_threads=32
Granted 16 threads to pid 7880 (CPUs 11+16)
Request from pid 7880: max_threads=65535, hint_threads=32
Granted 16 threads to pid 7880 (CPUs 11+16)
Request from pid 7880: max_threads=65535, hint_threads=32
Granted 16 threads to pid 7880 (CPUs 11+16)
Request from pid 7880: max_threads=65535, hint_threads=32
Granted 16 threads to pid 7880 (CPUs 11+16)
Request from pid 7880: max_threads=65535, hint_threads=32
Granted 16 threads to pid 7880 (CPUs 11+16)
Request from pid 7880: max_threads=65535, hint_threads=32
Granted 16 threads to pid 7880 (CPUs 11+16)
Request from pid 7880: max_threads=65535, hint_threads=32
Granted 16 threads to pid 7880 (CPUs 11+16)
Request from pid 7880: max_threads=65535, hint_threads=32
Granted 16 threads to pid 7880 (CPUs 11+16)
Request from pid 7880: max_threads=65535, hint_threads=32
Granted 16 threads to pid 7880 (CPUs 11+16)
Request from pid 7880: max_threads=65535, hint_threads=32
Granted 16 threads to pid 7880 (CPUs 11+16)
Request from pid 7880: max_threads=65535, hint_threads=32
Granted 16 threads to pid 7880 (CPUs 11+16)
Request from pid 7880: max_threads=65535, hint_threads=32
Granted 16 threads to pid 7880 (CPUs 11+16)
Request from pid 7880: max_threads=65535, hint_threads=32
Granted 16 threads to pid 7880 (CPUs 11+16)
Request from pid 7880: max_threads=65535, hint_threads=32
Granted 16 threads to pid 7880 (CPUs 11+16)
Request from pid 7880: max_threads=65535, hint_threads=32
Granted 16 threads to pid 7880 (CPUs 11+16)
Request from pid 7880: max_threads=65535, hint_threads=32
Granted 16 threads to pid 7880 (CPUs 11+16)
Request from pid 7880: max_threads=65535, hint_threads=32
Granted 16 threads to pid 7880 (CPUs 11+16)
Request from pid 7880: max_threads=65535, hint_threads=32
Granted 16 threads to pid 7880 (CPUs 11+16)
Request from pid 7880: max_threads=65535, hint_threads=32
Granted 16 threads to pid 7880 (CPUs 11+16)
Request from pid 7880: max_threads=65535, hint_threads=32
Granted 16 threads to pid 7880 (CPUs 11+16)
Request from pid 7880: max_threads=65535, hint_threads=32
Granted 16 threads to pid 7880 (CPUs 11+16)
Request from pid 7880: max_threads=65535, hint_threads=32
Granted 16 threads to pid 7880 (CPUs 11+16)
Client closed connection
Accepted connection
Handling client
Request from pid 8006: max_threads=65535, hint_threads=32
Granted 16 threads to pid 8006 (CPUs 0+0)
Request from pid 8006: max_threads=65535, hint_threads=32
Granted 16 threads to pid 8006 (CPUs 0+0)
Request from pid 8006: max_threads=65535, hint_threads=32
Granted 16 threads to pid 8006 (CPUs 0+0)
Request from pid 8006: max_threads=65535, hint_threads=32
Granted 16 threads to pid 8006 (CPUs 0+0)
Request from pid 8006: max_threads=65535, hint_threads=32
Granted 16 threads to pid 8006 (CPUs 0+0)
Request from pid 8006: max_threads=65535, hint_threads=32
Granted 16 threads to pid 8006 (CPUs 0+0)
Request from pid 8006: max_threads=65535, hint_threads=32
Granted 16 threads to pid 8006 (CPUs 0+0)
Request from pid 8006: max_threads=65535, hint_threads=32
Granted 16 threads to pid 8006 (CPUs 0+0)
Request from pid 8006: max_threads=65535, hint_threads=32
Granted 16 threads to pid 8006 (CPUs 0+0)
Request from pid 8006: max_threads=65535, hint_threads=32
Granted 16 threads to pid 8006 (CPUs 0+0)
Request from pid 8006: max_threads=65535, hint_threads=32
Granted 16 threads to pid 8006 (CPUs 0+0)
Request from pid 8006: max_threads=65535, hint_threads=32
Granted 16 threads to pid 8006 (CPUs 0+0)
Request from pid 8006: max_threads=65535, hint_threads=32
Granted 16 threads to pid 8006 (CPUs 0+0)
Request from pid 8006: max_threads=65535, hint_threads=32
Granted 16 threads to pid 8006 (CPUs 0+0)
Request from pid 8006: max_threads=65535, hint_threads=32
Granted 16 threads to pid 8006 (CPUs 0+0)
Request from pid 8006: max_threads=65535, hint_threads=32
Granted 16 threads to pid 8006 (CPUs 0+0)
Request from pid 8006: max_threads=65535, hint_threads=32
Granted 16 threads to pid 8006 (CPUs 0+0)
Request from pid 8006: max_threads=65535, hint_threads=32
Granted 16 threads to pid 8006 (CPUs 0+0)
Request from pid 8006: max_threads=65535, hint_threads=32
Granted 16 threads to pid 8006 (CPUs 0+0)
Request from pid 8006: max_threads=65535, hint_threads=32
Granted 16 threads to pid 8006 (CPUs 0+0)
Request from pid 8006: max_threads=65535, hint_threads=32
Granted 16 threads to pid 8006 (CPUs 0+0)
Request from pid 8006: max_threads=65535, hint_threads=32
Granted 16 threads to pid 8006 (CPUs 0+0)
Request from pid 8006: max_threads=65535, hint_threads=32
Granted 16 threads to pid 8006 (CPUs 0+0)
Request from pid 8006: max_threads=65535, hint_threads=32
Granted 16 threads to pid 8006 (CPUs 0+0)
Request from pid 8006: max_threads=65535, hint_threads=32
Granted 16 threads to pid 8006 (CPUs 0+0)
Request from pid 8006: max_threads=65535, hint_threads=32
Granted 16 threads to pid 8006 (CPUs 0+0)
Request from pid 8006: max_threads=65535, hint_threads=32
Granted 16 threads to pid 8006 (CPUs 0+0)
Request from pid 8006: max_threads=65535, hint_threads=32
Granted 16 threads to pid 8006 (CPUs 0+0)
Request from pid 8006: max_threads=65535, hint_threads=32
Granted 32 threads to pid 8006 (CPUs 1+32)
Request from pid 8006: max_threads=65535, hint_threads=32
Granted 32 threads to pid 8006 (CPUs 1+32)
Request from pid 8006: max_threads=65535, hint_threads=32
Granted 32 threads to pid 8006 (CPUs 1+32)
Request from pid 8006: max_threads=65535, hint_threads=32
Granted 32 threads to pid 8006 (CPUs 1+32)
Request from pid 8006: max_threads=65535, hint_threads=32
Granted 32 threads to pid 8006 (CPUs 1+32)
Request from pid 8006: max_threads=65535, hint_threads=32
Granted 32 threads to pid 8006 (CPUs 1+32)
Request from pid 8006: max_threads=65535, hint_threads=32
Granted 32 threads to pid 8006 (CPUs 1+32)
Request from pid 8006: max_threads=65535, hint_threads=32
Granted 32 threads to pid 8006 (CPUs 1+32)
Request from pid 8006: max_threads=65535, hint_threads=32
Granted 32 threads to pid 8006 (CPUs 1+32)
Request from pid 8006: max_threads=65535, hint_threads=32
Granted 32 threads to pid 8006 (CPUs 1+32)
Request from pid 8006: max_threads=65535, hint_threads=32
Granted 32 threads to pid 8006 (CPUs 1+32)
Request from pid 8006: max_threads=65535, hint_threads=32
Granted 32 threads to pid 8006 (CPUs 1+32)
Request from pid 8006: max_threads=65535, hint_threads=32
Granted 32 threads to pid 8006 (CPUs 1+32)
Request from pid 8006: max_threads=65535, hint_threads=32
Granted 32 threads to pid 8006 (CPUs 1+32)
Client closed connection
CPU pool (32 cores): 1–32
Listening on /tmp/omp-rm.sock (capacity=32, strategy=fair_share)
Accepted connection
Handling client
Request from pid 114682: max_threads=65535, hint_threads=32
Granted 32 threads to pid 114682 (CPUs 1+32)
Request from pid 114682: max_threads=65535, hint_threads=32
Granted 32 threads to pid 114682 (CPUs 1+32)
Request from pid 114682: max_threads=65535, hint_threads=32
Granted 32 threads to pid 114682 (CPUs 1+32)
Request from pid 114682: max_threads=65535, hint_threads=32
Granted 32 threads to pid 114682 (CPUs 1+32)
Request from pid 114682: max_threads=65535, hint_threads=32
Granted 32 threads to pid 114682 (CPUs 1+32)
Request from pid 114682: max_threads=65535, hint_threads=32
Granted 32 threads to pid 114682 (CPUs 1+32)
Request from pid 114682: max_threads=65535, hint_threads=32
Granted 32 threads to pid 114682 (CPUs 1+32)
Request from pid 114682: max_threads=65535, hint_threads=32
Granted 32 threads to pid 114682 (CPUs 1+32)
Request from pid 114682: max_threads=65535, hint_threads=32
Granted 32 threads to pid 114682 (CPUs 1+32)
Request from pid 114682: max_threads=65535, hint_threads=32
Granted 32 threads to pid 114682 (CPUs 1+32)
Request from pid 114682: max_threads=65535, hint_threads=32
Granted 32 threads to pid 114682 (CPUs 1+32)
Request from pid 114682: max_threads=65535, hint_threads=32
Granted 32 threads to pid 114682 (CPUs 1+32)
Request from pid 114682: max_threads=65535, hint_threads=32
Granted 32 threads to pid 114682 (CPUs 1+32)
Request from pid 114682: max_threads=65535, hint_threads=32
Granted 32 threads to pid 114682 (CPUs 1+32)
Request from pid 114682: max_threads=65535, hint_threads=32
Granted 32 threads to pid 114682 (CPUs 1+32)
Request from pid 114682: max_threads=65535, hint_threads=32
Granted 32 threads to pid 114682 (CPUs 1+32)
Request from pid 114682: max_threads=65535, hint_threads=32
Granted 32 threads to pid 114682 (CPUs 1+32)
Request from pid 114682: max_threads=65535, hint_threads=32
Granted 32 threads to pid 114682 (CPUs 1+32)
Request from pid 114682: max_threads=65535, hint_threads=32
Granted 32 threads to pid 114682 (CPUs 1+32)
Request from pid 114682: max_threads=65535, hint_threads=32
Granted 32 threads to pid 114682 (CPUs 1+32)
Request from pid 114682: max_threads=65535, hint_threads=32
Granted 32 threads to pid 114682 (CPUs 1+32)
Request from pid 114682: max_threads=65535, hint_threads=32
Granted 32 threads to pid 114682 (CPUs 1+32)
Request from pid 114682: max_threads=65535, hint_threads=32
Granted 32 threads to pid 114682 (CPUs 1+32)
Request from pid 114682: max_threads=65535, hint_threads=32
Granted 32 threads to pid 114682 (CPUs 1+32)
Request from pid 114682: max_threads=65535, hint_threads=32
Granted 32 threads to pid 114682 (CPUs 1+32)
Request from pid 114682: max_threads=65535, hint_threads=32
Granted 32 threads to pid 114682 (CPUs 1+32)
Request from pid 114682: max_threads=65535, hint_threads=32
Granted 32 threads to pid 114682 (CPUs 1+32)
Request from pid 114682: max_threads=65535, hint_threads=32
Granted 32 threads to pid 114682 (CPUs 1+32)
Request from pid 114682: max_threads=65535, hint_threads=32
Granted 32 threads to pid 114682 (CPUs 1+32)
Request from pid 114682: max_threads=65535, hint_threads=32
Granted 32 threads to pid 114682 (CPUs 1+32)
Request from pid 114682: max_threads=65535, hint_threads=32
Granted 32 threads to pid 114682 (CPUs 1+32)
Request from pid 114682: max_threads=65535, hint_threads=32
Granted 32 threads to pid 114682 (CPUs 1+32)
Request from pid 114682: max_threads=65535, hint_threads=32
Granted 32 threads to pid 114682 (CPUs 1+32)
Request from pid 114682: max_threads=65535, hint_threads=32
Granted 32 threads to pid 114682 (CPUs 1+32)
Request from pid 114682: max_threads=65535, hint_threads=32
Granted 32 threads to pid 114682 (CPUs 1+32)
Request from pid 114682: max_threads=65535, hint_threads=32
Granted 32 threads to pid 114682 (CPUs 1+32)
Request from pid 114682: max_threads=65535, hint_threads=32
Granted 32 threads to pid 114682 (CPUs 1+32)
Request from pid 114682: max_threads=65535, hint_threads=32
Granted 32 threads to pid 114682 (CPUs 1+32)
Request from pid 114682: max_threads=65535, hint_threads=32
Granted 32 threads to pid 114682 (CPUs 1+32)
Request from pid 114682: max_threads=65535, hint_threads=32
Granted 32 threads to pid 114682 (CPUs 1+32)
Request from pid 114682: max_threads=65535, hint_threads=32
Granted 32 threads to pid 114682 (CPUs 1+32)
Request from pid 114682: max_threads=65535, hint_threads=32
Granted 32 threads to pid 114682 (CPUs 1+32)
Request from pid 114682: max_threads=65535, hint_threads=32
Granted 32 threads to pid 114682 (CPUs 1+32)
Request from pid 114682: max_threads=65535, hint_threads=32
Granted 32 threads to pid 114682 (CPUs 1+32)
Request from pid 114682: max_threads=65535, hint_threads=32
Granted 32 threads to pid 114682 (CPUs 1+32)
Request from pid 114682: max_threads=65535, hint_threads=32
Granted 32 threads to pid 114682 (CPUs 1+32)
Client closed connection
Accepted connection
Handling client
Request from pid 114754: max_threads=65535, hint_threads=32
Granted 16 threads to pid 114754 (CPUs 0+0)
Request from pid 114754: max_threads=65535, hint_threads=32
Granted 16 threads to pid 114754 (CPUs 0+0)
Request from pid 114754: max_threads=65535, hint_threads=32
Granted 16 threads to pid 114754 (CPUs 0+0)
Request from pid 114754: max_threads=65535, hint_threads=32
Granted 16 threads to pid 114754 (CPUs 0+0)
Request from pid 114754: max_threads=65535, hint_threads=32
Granted 16 threads to pid 114754 (CPUs 0+0)
Request from pid 114754: max_threads=65535, hint_threads=32
Granted 16 threads to pid 114754 (CPUs 0+0)
Request from pid 114754: max_threads=65535, hint_threads=32
Granted 16 threads to pid 114754 (CPUs 0+0)
Request from pid 114754: max_threads=65535, hint_threads=32
Granted 16 threads to pid 114754 (CPUs 0+0)
Request from pid 114754: max_threads=65535, hint_threads=32
Granted 16 threads to pid 114754 (CPUs 0+0)
Request from pid 114754: max_threads=65535, hint_threads=32
Granted 16 threads to pid 114754 (CPUs 0+0)
Request from pid 114754: max_threads=65535, hint_threads=32
Granted 16 threads to pid 114754 (CPUs 0+0)
Request from pid 114754: max_threads=65535, hint_threads=32
Granted 16 threads to pid 114754 (CPUs 0+0)
Request from pid 114754: max_threads=65535, hint_threads=32
Granted 16 threads to pid 114754 (CPUs 0+0)
Request from pid 114754: max_threads=65535, hint_threads=32
Granted 16 threads to pid 114754 (CPUs 0+0)
Request from pid 114754: max_threads=65535, hint_threads=32
Granted 16 threads to pid 114754 (CPUs 0+0)
Request from pid 114754: max_threads=65535, hint_threads=32
Granted 16 threads to pid 114754 (CPUs 0+0)
Request from pid 114754: max_threads=65535, hint_threads=32
Granted 16 threads to pid 114754 (CPUs 0+0)
Request from pid 114754: max_threads=65535, hint_threads=32
Granted 16 threads to pid 114754 (CPUs 0+0)
Request from pid 114754: max_threads=65535, hint_threads=32
Granted 16 threads to pid 114754 (CPUs 0+0)
Request from pid 114754: max_threads=65535, hint_threads=32
Granted 16 threads to pid 114754 (CPUs 0+0)
Request from pid 114754: max_threads=65535, hint_threads=32
Granted 16 threads to pid 114754 (CPUs 0+0)
Request from pid 114754: max_threads=65535, hint_threads=32
Granted 16 threads to pid 114754 (CPUs 0+0)
Request from pid 114754: max_threads=65535, hint_threads=32
Granted 16 threads to pid 114754 (CPUs 0+0)
Request from pid 114754: max_threads=65535, hint_threads=32
Granted 16 threads to pid 114754 (CPUs 0+0)
Request from pid 114754: max_threads=65535, hint_threads=32
Granted 16 threads to pid 114754 (CPUs 0+0)
Request from pid 114754: max_threads=65535, hint_threads=32
Granted 16 threads to pid 114754 (CPUs 0+0)
Request from pid 114754: max_threads=65535, hint_threads=32
Granted 16 threads to pid 114754 (CPUs 0+0)
Request from pid 114754: max_threads=65535, hint_threads=32
Granted 16 threads to pid 114754 (CPUs 0+0)
Request from pid 114754: max_threads=65535, hint_threads=32
Granted 16 threads to pid 114754 (CPUs 0+0)
Request from pid 114754: max_threads=65535, hint_threads=32
Granted 16 threads to pid 114754 (CPUs 0+0)
Request from pid 114754: max_threads=65535, hint_threads=32
Granted 16 threads to pid 114754 (CPUs 0+0)
Request from pid 114754: max_threads=65535, hint_threads=32
Granted 16 threads to pid 114754 (CPUs 0+0)
Request from pid 114754: max_threads=65535, hint_threads=32
Granted 16 threads to pid 114754 (CPUs 0+0)
Request from pid 114754: max_threads=65535, hint_threads=32
Granted 32 threads to pid 114754 (CPUs 1+32)
Request from pid 114754: max_threads=65535, hint_threads=32
Granted 32 threads to pid 114754 (CPUs 1+32)
Request from pid 114754: max_threads=65535, hint_threads=32
Granted 32 threads to pid 114754 (CPUs 1+32)
Request from pid 114754: max_threads=65535, hint_threads=32
Granted 32 threads to pid 114754 (CPUs 1+32)
Request from pid 114754: max_threads=65535, hint_threads=32
Granted 32 threads to pid 114754 (CPUs 1+32)
Request from pid 114754: max_threads=65535, hint_threads=32
Granted 32 threads to pid 114754 (CPUs 1+32)
Request from pid 114754: max_threads=65535, hint_threads=32
Granted 32 threads to pid 114754 (CPUs 1+32)
Request from pid 114754: max_threads=65535, hint_threads=32
Granted 32 threads to pid 114754 (CPUs 1+32)
Request from pid 114754: max_threads=65535, hint_threads=32
Granted 32 threads to pid 114754 (CPUs 1+32)
Request from pid 114754: max_threads=65535, hint_threads=32
Granted 32 threads to pid 114754 (CPUs 1+32)
Client closed connection
Accepted connection
Handling client
Request from pid 114874: max_threads=65535, hint_threads=32
Granted 16 threads to pid 114874 (CPUs 0+0)
Accepted connection
Handling client
Request from pid 114916: max_threads=65535, hint_threads=32
Granted 10 threads to pid 114916 (CPUs 0+0)
Request from pid 114874: max_threads=65535, hint_threads=32
Granted 10 threads to pid 114874 (CPUs 0+0)
Request from pid 114916: max_threads=65535, hint_threads=32
Granted 10 threads to pid 114916 (CPUs 0+0)
Request from pid 114874: max_threads=65535, hint_threads=32
Granted 10 threads to pid 114874 (CPUs 0+0)
Request from pid 114916: max_threads=65535, hint_threads=32
Granted 10 threads to pid 114916 (CPUs 0+0)
Request from pid 114874: max_threads=65535, hint_threads=32
Granted 10 threads to pid 114874 (CPUs 0+0)
Request from pid 114916: max_threads=65535, hint_threads=32
Granted 10 threads to pid 114916 (CPUs 0+0)
Request from pid 114874: max_threads=65535, hint_threads=32
Granted 10 threads to pid 114874 (CPUs 0+0)
Request from pid 114916: max_threads=65535, hint_threads=32
Granted 10 threads to pid 114916 (CPUs 0+0)
Request from pid 114874: max_threads=65535, hint_threads=32
Granted 10 threads to pid 114874 (CPUs 0+0)
Request from pid 114916: max_threads=65535, hint_threads=32
Granted 10 threads to pid 114916 (CPUs 0+0)
Request from pid 114874: max_threads=65535, hint_threads=32
Granted 10 threads to pid 114874 (CPUs 0+0)
Request from pid 114916: max_threads=65535, hint_threads=32
Granted 10 threads to pid 114916 (CPUs 0+0)
Request from pid 114874: max_threads=65535, hint_threads=32
Granted 10 threads to pid 114874 (CPUs 0+0)
Request from pid 114874: max_threads=65535, hint_threads=32
Granted 10 threads to pid 114874 (CPUs 0+0)
Request from pid 114916: max_threads=65535, hint_threads=32
Granted 10 threads to pid 114916 (CPUs 0+0)
Request from pid 114874: max_threads=65535, hint_threads=32
Granted 10 threads to pid 114874 (CPUs 0+0)
Request from pid 114916: max_threads=65535, hint_threads=32
Granted 10 threads to pid 114916 (CPUs 0+0)
Request from pid 114874: max_threads=65535, hint_threads=32
Granted 10 threads to pid 114874 (CPUs 0+0)
Request from pid 114916: max_threads=65535, hint_threads=32
Granted 10 threads to pid 114916 (CPUs 0+0)
Request from pid 114874: max_threads=65535, hint_threads=32
Granted 10 threads to pid 114874 (CPUs 0+0)
Request from pid 114916: max_threads=65535, hint_threads=32
Granted 10 threads to pid 114916 (CPUs 0+0)
Request from pid 114874: max_threads=65535, hint_threads=32
Granted 10 threads to pid 114874 (CPUs 0+0)
Request from pid 114916: max_threads=65535, hint_threads=32
Granted 10 threads to pid 114916 (CPUs 0+0)
Request from pid 114874: max_threads=65535, hint_threads=32
Granted 10 threads to pid 114874 (CPUs 0+0)
Request from pid 114916: max_threads=65535, hint_threads=32
Granted 10 threads to pid 114916 (CPUs 0+0)
Request from pid 114874: max_threads=65535, hint_threads=32
Granted 10 threads to pid 114874 (CPUs 0+0)
Request from pid 114916: max_threads=65535, hint_threads=32
Granted 10 threads to pid 114916 (CPUs 0+0)
Request from pid 114874: max_threads=65535, hint_threads=32
Granted 10 threads to pid 114874 (CPUs 0+0)
Request from pid 114916: max_threads=65535, hint_threads=32
Granted 10 threads to pid 114916 (CPUs 0+0)
Request from pid 114874: max_threads=65535, hint_threads=32
Granted 10 threads to pid 114874 (CPUs 0+0)
Request from pid 114874: max_threads=65535, hint_threads=32
Granted 10 threads to pid 114874 (CPUs 0+0)
Request from pid 114916: max_threads=65535, hint_threads=32
Granted 10 threads to pid 114916 (CPUs 0+0)
Request from pid 114874: max_threads=65535, hint_threads=32
Granted 10 threads to pid 114874 (CPUs 0+0)
Request from pid 114916: max_threads=65535, hint_threads=32
Granted 16 threads to pid 114916 (CPUs 1+16)
Request from pid 114874: max_threads=65535, hint_threads=32
Granted 16 threads to pid 114874 (CPUs 17+16)
Request from pid 114916: max_threads=65535, hint_threads=32
Granted 16 threads to pid 114916 (CPUs 1+16)
Request from pid 114874: max_threads=65535, hint_threads=32
Granted 16 threads to pid 114874 (CPUs 17+16)
Request from pid 114916: max_threads=65535, hint_threads=32
Granted 16 threads to pid 114916 (CPUs 1+16)
Request from pid 114874: max_threads=65535, hint_threads=32
Granted 16 threads to pid 114874 (CPUs 17+16)
Request from pid 114916: max_threads=65535, hint_threads=32
Granted 16 threads to pid 114916 (CPUs 1+16)
Request from pid 114874: max_threads=65535, hint_threads=32
Granted 16 threads to pid 114874 (CPUs 17+16)
Request from pid 114916: max_threads=65535, hint_threads=32
Granted 16 threads to pid 114916 (CPUs 1+16)
Request from pid 114874: max_threads=65535, hint_threads=32
Granted 16 threads to pid 114874 (CPUs 17+16)
Request from pid 114874: max_threads=65535, hint_threads=32
Granted 16 threads to pid 114874 (CPUs 17+16)
Request from pid 114916: max_threads=65535, hint_threads=32
Granted 16 threads to pid 114916 (CPUs 1+16)
Request from pid 114874: max_threads=65535, hint_threads=32
Granted 16 threads to pid 114874 (CPUs 17+16)
Request from pid 114916: max_threads=65535, hint_threads=32
Granted 16 threads to pid 114916 (CPUs 1+16)
Request from pid 114874: max_threads=65535, hint_threads=32
Granted 16 threads to pid 114874 (CPUs 17+16)
Request from pid 114916: max_threads=65535, hint_threads=32
Granted 16 threads to pid 114916 (CPUs 1+16)
Request from pid 114874: max_threads=65535, hint_threads=32
Granted 16 threads to pid 114874 (CPUs 17+16)
Request from pid 114916: max_threads=65535, hint_threads=32
Granted 16 threads to pid 114916 (CPUs 1+16)
Request from pid 114874: max_threads=65535, hint_threads=32
Granted 16 threads to pid 114874 (CPUs 17+16)
Request from pid 114916: max_threads=65535, hint_threads=32
Granted 16 threads to pid 114916 (CPUs 1+16)
Request from pid 114874: max_threads=65535, hint_threads=32
Granted 16 threads to pid 114874 (CPUs 17+16)
Request from pid 114916: max_threads=65535, hint_threads=32
Granted 16 threads to pid 114916 (CPUs 1+16)
Request from pid 114874: max_threads=65535, hint_threads=32
Granted 16 threads to pid 114874 (CPUs 17+16)
Request from pid 114874: max_threads=65535, hint_threads=32
Granted 16 threads to pid 114874 (CPUs 17+16)
Request from pid 114916: max_threads=65535, hint_threads=32
Granted 16 threads to pid 114916 (CPUs 1+16)
Request from pid 114916: max_threads=65535, hint_threads=32
Granted 16 threads to pid 114916 (CPUs 1+16)
Request from pid 114874: max_threads=65535, hint_threads=32
Granted 16 threads to pid 114874 (CPUs 17+16)
Request from pid 114874: max_threads=65535, hint_threads=32
Granted 16 threads to pid 114874 (CPUs 17+16)
Request from pid 114916: max_threads=65535, hint_threads=32
Granted 16 threads to pid 114916 (CPUs 1+16)
Request from pid 114874: max_threads=65535, hint_threads=32
Granted 16 threads to pid 114874 (CPUs 17+16)
Request from pid 114916: max_threads=65535, hint_threads=32
Granted 16 threads to pid 114916 (CPUs 1+16)
Request from pid 114874: max_threads=65535, hint_threads=32
Granted 16 threads to pid 114874 (CPUs 17+16)
Request from pid 114874: max_threads=65535, hint_threads=32
Granted 16 threads to pid 114874 (CPUs 17+16)
Request from pid 114916: max_threads=65535, hint_threads=32
Granted 16 threads to pid 114916 (CPUs 1+16)
Request from pid 114874: max_threads=65535, hint_threads=32
Granted 16 threads to pid 114874 (CPUs 17+16)
Request from pid 114916: max_threads=65535, hint_threads=32
Granted 16 threads to pid 114916 (CPUs 1+16)
Request from pid 114916: max_threads=65535, hint_threads=32
Granted 16 threads to pid 114916 (CPUs 1+16)
Request from pid 114874: max_threads=65535, hint_threads=32
Granted 16 threads to pid 114874 (CPUs 17+16)
Request from pid 114874: max_threads=65535, hint_threads=32
Granted 16 threads to pid 114874 (CPUs 17+16)
Request from pid 114916: max_threads=65535, hint_threads=32
Granted 16 threads to pid 114916 (CPUs 1+16)
Request from pid 114874: max_threads=65535, hint_threads=32
Granted 16 threads to pid 114874 (CPUs 17+16)
Request from pid 114916: max_threads=65535, hint_threads=32
Granted 16 threads to pid 114916 (CPUs 1+16)
Request from pid 114874: max_threads=65535, hint_threads=32
Granted 16 threads to pid 114874 (CPUs 17+16)
Request from pid 114916: max_threads=65535, hint_threads=32
Granted 16 threads to pid 114916 (CPUs 1+16)
Request from pid 114874: max_threads=65535, hint_threads=32
Granted 16 threads to pid 114874 (CPUs 17+16)
Request from pid 114916: max_threads=65535, hint_threads=32
Granted 16 threads to pid 114916 (CPUs 1+16)
Request from pid 114874: max_threads=65535, hint_threads=32
Granted 16 threads to pid 114874 (CPUs 17+16)
Request from pid 114916: max_threads=65535, hint_threads=32
Granted 16 threads to pid 114916 (CPUs 1+16)
Request from pid 114874: max_threads=65535, hint_threads=32
Granted 16 threads to pid 114874 (CPUs 17+16)
Request from pid 114916: max_threads=65535, hint_threads=32
Granted 16 threads to pid 114916 (CPUs 1+16)
Request from pid 114874: max_threads=65535, hint_threads=32
Granted 16 threads to pid 114874 (CPUs 17+16)
Request from pid 114916: max_threads=65535, hint_threads=32
Granted 16 threads to pid 114916 (CPUs 1+16)
Request from pid 114916: max_threads=65535, hint_threads=32
Granted 16 threads to pid 114916 (CPUs 1+16)
Request from pid 114874: max_threads=65535, hint_threads=32
Granted 16 threads to pid 114874 (CPUs 17+16)
Client closed connection
Accepted connection
Handling client
Request from pid 115007: max_threads=65535, hint_threads=32
Granted 10 threads to pid 115007 (CPUs 0+0)
Request from pid 114916: max_threads=65535, hint_threads=32
Granted 10 threads to pid 114916 (CPUs 1+10)
Request from pid 114916: max_threads=65535, hint_threads=32
Granted 10 threads to pid 114916 (CPUs 1+10)
Request from pid 115007: max_threads=65535, hint_threads=32
Granted 10 threads to pid 115007 (CPUs 0+0)
Request from pid 114916: max_threads=65535, hint_threads=32
Granted 10 threads to pid 114916 (CPUs 1+10)
Request from pid 115007: max_threads=65535, hint_threads=32
Granted 10 threads to pid 115007 (CPUs 0+0)
Request from pid 115007: max_threads=65535, hint_threads=32
Granted 10 threads to pid 115007 (CPUs 0+0)
Request from pid 114916: max_threads=65535, hint_threads=32
Granted 10 threads to pid 114916 (CPUs 1+10)
Request from pid 115007: max_threads=65535, hint_threads=32
Granted 10 threads to pid 115007 (CPUs 0+0)
Request from pid 114916: max_threads=65535, hint_threads=32
Granted 10 threads to pid 114916 (CPUs 1+10)
Request from pid 115007: max_threads=65535, hint_threads=32
Granted 10 threads to pid 115007 (CPUs 0+0)
Request from pid 114916: max_threads=65535, hint_threads=32
Granted 10 threads to pid 114916 (CPUs 1+10)
Request from pid 115007: max_threads=65535, hint_threads=32
Granted 10 threads to pid 115007 (CPUs 0+0)
Request from pid 114916: max_threads=65535, hint_threads=32
Granted 10 threads to pid 114916 (CPUs 1+10)
Client closed connection
Accepted connection
Handling client
Request from pid 115047: max_threads=65535, hint_threads=32
Granted 8 threads to pid 115047 (CPUs 0+0)
Request from pid 115007: max_threads=65535, hint_threads=32
Granted 8 threads to pid 115007 (CPUs 0+0)
Request from pid 115007: max_threads=65535, hint_threads=32
Granted 8 threads to pid 115007 (CPUs 0+0)
Request from pid 115047: max_threads=65535, hint_threads=32
Granted 8 threads to pid 115047 (CPUs 0+0)
Request from pid 115007: max_threads=65535, hint_threads=32
Granted 8 threads to pid 115007 (CPUs 0+0)
Request from pid 115047: max_threads=65535, hint_threads=32
Granted 8 threads to pid 115047 (CPUs 0+0)
Request from pid 115047: max_threads=65535, hint_threads=32
Granted 8 threads to pid 115047 (CPUs 0+0)
Request from pid 115007: max_threads=65535, hint_threads=32
Granted 8 threads to pid 115007 (CPUs 0+0)
Request from pid 115047: max_threads=65535, hint_threads=32
Granted 8 threads to pid 115047 (CPUs 0+0)
Request from pid 115007: max_threads=65535, hint_threads=32
Granted 8 threads to pid 115007 (CPUs 0+0)
Request from pid 115047: max_threads=65535, hint_threads=32
Granted 8 threads to pid 115047 (CPUs 0+0)
Request from pid 115007: max_threads=65535, hint_threads=32
Granted 8 threads to pid 115007 (CPUs 0+0)
Request from pid 115047: max_threads=65535, hint_threads=32
Granted 8 threads to pid 115047 (CPUs 0+0)
Request from pid 115007: max_threads=65535, hint_threads=32
Granted 8 threads to pid 115007 (CPUs 0+0)
Request from pid 115047: max_threads=65535, hint_threads=32
Granted 8 threads to pid 115047 (CPUs 0+0)
Request from pid 115007: max_threads=65535, hint_threads=32
Granted 8 threads to pid 115007 (CPUs 0+0)
Request from pid 115047: max_threads=65535, hint_threads=32
Granted 10 threads to pid 115047 (CPUs 11+10)
Request from pid 115007: max_threads=65535, hint_threads=32
Granted 10 threads to pid 115007 (CPUs 21+10)
Request from pid 115047: max_threads=65535, hint_threads=32
Granted 10 threads to pid 115047 (CPUs 11+10)
Request from pid 115007: max_threads=65535, hint_threads=32
Granted 10 threads to pid 115007 (CPUs 21+10)
Request from pid 115047: max_threads=65535, hint_threads=32
Granted 10 threads to pid 115047 (CPUs 11+10)
Request from pid 115007: max_threads=65535, hint_threads=32
Granted 10 threads to pid 115007 (CPUs 21+10)
Request from pid 115047: max_threads=65535, hint_threads=32
Granted 10 threads to pid 115047 (CPUs 11+10)
Request from pid 115007: max_threads=65535, hint_threads=32
Granted 10 threads to pid 115007 (CPUs 21+10)
Request from pid 115047: max_threads=65535, hint_threads=32
Granted 10 threads to pid 115047 (CPUs 11+10)
Request from pid 115007: max_threads=65535, hint_threads=32
Granted 10 threads to pid 115007 (CPUs 21+10)
Request from pid 115047: max_threads=65535, hint_threads=32
Granted 10 threads to pid 115047 (CPUs 11+10)
Request from pid 115007: max_threads=65535, hint_threads=32
Granted 10 threads to pid 115007 (CPUs 21+10)
Request from pid 115047: max_threads=65535, hint_threads=32
Granted 10 threads to pid 115047 (CPUs 11+10)
Request from pid 115007: max_threads=65535, hint_threads=32
Granted 10 threads to pid 115007 (CPUs 21+10)
Request from pid 115047: max_threads=65535, hint_threads=32
Granted 10 threads to pid 115047 (CPUs 11+10)
Request from pid 115007: max_threads=65535, hint_threads=32
Granted 10 threads to pid 115007 (CPUs 21+10)
Request from pid 115007: max_threads=65535, hint_threads=32
Granted 10 threads to pid 115007 (CPUs 21+10)
Request from pid 115047: max_threads=65535, hint_threads=32
Granted 10 threads to pid 115047 (CPUs 11+10)
Request from pid 115007: max_threads=65535, hint_threads=32
Granted 10 threads to pid 115007 (CPUs 21+10)
Request from pid 115047: max_threads=65535, hint_threads=32
Granted 10 threads to pid 115047 (CPUs 11+10)
Request from pid 115007: max_threads=65535, hint_threads=32
Granted 10 threads to pid 115007 (CPUs 21+10)
Request from pid 115047: max_threads=65535, hint_threads=32
Granted 10 threads to pid 115047 (CPUs 11+10)
Request from pid 115007: max_threads=65535, hint_threads=32
Granted 10 threads to pid 115007 (CPUs 21+10)
Request from pid 115047: max_threads=65535, hint_threads=32
Granted 10 threads to pid 115047 (CPUs 11+10)
Request from pid 115007: max_threads=65535, hint_threads=32
Granted 10 threads to pid 115007 (CPUs 21+10)
Request from pid 115047: max_threads=65535, hint_threads=32
Granted 10 threads to pid 115047 (CPUs 11+10)
Request from pid 115007: max_threads=65535, hint_threads=32
Granted 10 threads to pid 115007 (CPUs 21+10)
Request from pid 115047: max_threads=65535, hint_threads=32
Granted 16 threads to pid 115047 (CPUs 1+16)
Request from pid 115007: max_threads=65535, hint_threads=32
Granted 16 threads to pid 115007 (CPUs 17+16)
Request from pid 115047: max_threads=65535, hint_threads=32
Granted 16 threads to pid 115047 (CPUs 1+16)
Request from pid 115047: max_threads=65535, hint_threads=32
Granted 16 threads to pid 115047 (CPUs 1+16)
Request from pid 115007: max_threads=65535, hint_threads=32
Granted 16 threads to pid 115007 (CPUs 17+16)
Request from pid 115047: max_threads=65535, hint_threads=32
Granted 16 threads to pid 115047 (CPUs 1+16)
Request from pid 115007: max_threads=65535, hint_threads=32
Granted 16 threads to pid 115007 (CPUs 17+16)
Request from pid 115047: max_threads=65535, hint_threads=32
Granted 16 threads to pid 115047 (CPUs 1+16)
Request from pid 115007: max_threads=65535, hint_threads=32
Granted 16 threads to pid 115007 (CPUs 17+16)
Request from pid 115007: max_threads=65535, hint_threads=32
Granted 16 threads to pid 115007 (CPUs 17+16)
Request from pid 115047: max_threads=65535, hint_threads=32
Granted 16 threads to pid 115047 (CPUs 1+16)
Request from pid 115007: max_threads=65535, hint_threads=32
Granted 16 threads to pid 115007 (CPUs 17+16)
Request from pid 115047: max_threads=65535, hint_threads=32
Granted 16 threads to pid 115047 (CPUs 1+16)
Request from pid 115007: max_threads=65535, hint_threads=32
Granted 16 threads to pid 115007 (CPUs 17+16)
Request from pid 115047: max_threads=65535, hint_threads=32
Granted 16 threads to pid 115047 (CPUs 1+16)
Request from pid 115007: max_threads=65535, hint_threads=32
Granted 16 threads to pid 115007 (CPUs 17+16)
Request from pid 115047: max_threads=65535, hint_threads=32
Granted 16 threads to pid 115047 (CPUs 1+16)
Request from pid 115007: max_threads=65535, hint_threads=32
Granted 16 threads to pid 115007 (CPUs 17+16)
Request from pid 115047: max_threads=65535, hint_threads=32
Granted 16 threads to pid 115047 (CPUs 1+16)
Request from pid 115007: max_threads=65535, hint_threads=32
Granted 16 threads to pid 115007 (CPUs 17+16)
Request from pid 115047: max_threads=65535, hint_threads=32
Granted 16 threads to pid 115047 (CPUs 1+16)
Request from pid 115007: max_threads=65535, hint_threads=32
Granted 16 threads to pid 115007 (CPUs 17+16)
Request from pid 115047: max_threads=65535, hint_threads=32
Granted 16 threads to pid 115047 (CPUs 1+16)
Request from pid 115047: max_threads=65535, hint_threads=32
Granted 16 threads to pid 115047 (CPUs 1+16)
Request from pid 115007: max_threads=65535, hint_threads=32
Granted 16 threads to pid 115007 (CPUs 17+16)
Request from pid 115047: max_threads=65535, hint_threads=32
Granted 16 threads to pid 115047 (CPUs 1+16)
Request from pid 115007: max_threads=65535, hint_threads=32
Granted 16 threads to pid 115007 (CPUs 17+16)
Request from pid 115047: max_threads=65535, hint_threads=32
Granted 16 threads to pid 115047 (CPUs 1+16)
Request from pid 115007: max_threads=65535, hint_threads=32
Granted 16 threads to pid 115007 (CPUs 17+16)
Request from pid 115047: max_threads=65535, hint_threads=32
Granted 16 threads to pid 115047 (CPUs 1+16)
Request from pid 115007: max_threads=65535, hint_threads=32
Granted 16 threads to pid 115007 (CPUs 17+16)
Request from pid 115047: max_threads=65535, hint_threads=32
Granted 16 threads to pid 115047 (CPUs 1+16)
Request from pid 115007: max_threads=65535, hint_threads=32
Granted 16 threads to pid 115007 (CPUs 17+16)
Request from pid 115047: max_threads=65535, hint_threads=32
Granted 16 threads to pid 115047 (CPUs 1+16)
Request from pid 115007: max_threads=65535, hint_threads=32
Granted 16 threads to pid 115007 (CPUs 17+16)
Request from pid 115047: max_threads=65535, hint_threads=32
Granted 16 threads to pid 115047 (CPUs 1+16)
Request from pid 115007: max_threads=65535, hint_threads=32
Granted 16 threads to pid 115007 (CPUs 17+16)
Request from pid 115047: max_threads=65535, hint_threads=32
Granted 16 threads to pid 115047 (CPUs 1+16)
Request from pid 115007: max_threads=65535, hint_threads=32
Granted 16 threads to pid 115007 (CPUs 17+16)
Request from pid 115047: max_threads=65535, hint_threads=32
Granted 16 threads to pid 115047 (CPUs 1+16)
Request from pid 115047: max_threads=65535, hint_threads=32
Granted 16 threads to pid 115047 (CPUs 1+16)
Request from pid 115007: max_threads=65535, hint_threads=32
Granted 16 threads to pid 115007 (CPUs 17+16)
Client closed connection
Accepted connection
Handling client
Request from pid 115167: max_threads=65535, hint_threads=32
Granted 10 threads to pid 115167 (CPUs 0+0)
Request from pid 115047: max_threads=65535, hint_threads=32
Granted 10 threads to pid 115047 (CPUs 1+10)
Request from pid 115047: max_threads=65535, hint_threads=32
Granted 10 threads to pid 115047 (CPUs 1+10)
Request from pid 115047: max_threads=65535, hint_threads=32
Granted 10 threads to pid 115047 (CPUs 1+10)
Request from pid 115047: max_threads=65535, hint_threads=32
Granted 10 threads to pid 115047 (CPUs 1+10)
Request from pid 115167: max_threads=65535, hint_threads=32
Granted 10 threads to pid 115167 (CPUs 0+0)
Request from pid 115167: max_threads=65535, hint_threads=32
Granted 10 threads to pid 115167 (CPUs 0+0)
Request from pid 115047: max_threads=65535, hint_threads=32
Granted 10 threads to pid 115047 (CPUs 1+10)
Request from pid 115167: max_threads=65535, hint_threads=32
Granted 10 threads to pid 115167 (CPUs 0+0)
Client closed connection
Accepted connection
Handling client
Request from pid 115207: max_threads=65535, hint_threads=32
Granted 8 threads to pid 115207 (CPUs 0+0)
Request from pid 115167: max_threads=65535, hint_threads=32
Granted 8 threads to pid 115167 (CPUs 0+0)
Request from pid 115167: max_threads=65535, hint_threads=32
Granted 8 threads to pid 115167 (CPUs 0+0)
Request from pid 115207: max_threads=65535, hint_threads=32
Granted 8 threads to pid 115207 (CPUs 0+0)
Request from pid 115167: max_threads=65535, hint_threads=32
Granted 8 threads to pid 115167 (CPUs 0+0)
Request from pid 115207: max_threads=65535, hint_threads=32
Granted 8 threads to pid 115207 (CPUs 0+0)
Request from pid 115207: max_threads=65535, hint_threads=32
Granted 8 threads to pid 115207 (CPUs 0+0)
Request from pid 115167: max_threads=65535, hint_threads=32
Granted 8 threads to pid 115167 (CPUs 0+0)
Request from pid 115167: max_threads=65535, hint_threads=32
Granted 8 threads to pid 115167 (CPUs 0+0)
Request from pid 115207: max_threads=65535, hint_threads=32
Granted 8 threads to pid 115207 (CPUs 0+0)
Request from pid 115167: max_threads=65535, hint_threads=32
Granted 8 threads to pid 115167 (CPUs 0+0)
Request from pid 115207: max_threads=65535, hint_threads=32
Granted 8 threads to pid 115207 (CPUs 0+0)
Request from pid 115167: max_threads=65535, hint_threads=32
Granted 8 threads to pid 115167 (CPUs 0+0)
Request from pid 115207: max_threads=65535, hint_threads=32
Granted 8 threads to pid 115207 (CPUs 0+0)
Request from pid 115167: max_threads=65535, hint_threads=32
Granted 8 threads to pid 115167 (CPUs 0+0)
Request from pid 115207: max_threads=65535, hint_threads=32
Granted 8 threads to pid 115207 (CPUs 0+0)
Request from pid 115207: max_threads=65535, hint_threads=32
Granted 8 threads to pid 115207 (CPUs 0+0)
Request from pid 115167: max_threads=65535, hint_threads=32
Granted 8 threads to pid 115167 (CPUs 0+0)
Request from pid 115207: max_threads=65535, hint_threads=32
Granted 8 threads to pid 115207 (CPUs 0+0)
Request from pid 115167: max_threads=65535, hint_threads=32
Granted 8 threads to pid 115167 (CPUs 0+0)
Request from pid 115207: max_threads=65535, hint_threads=32
Granted 10 threads to pid 115207 (CPUs 11+10)
Request from pid 115167: max_threads=65535, hint_threads=32
Granted 10 threads to pid 115167 (CPUs 21+10)
Request from pid 115207: max_threads=65535, hint_threads=32
Granted 10 threads to pid 115207 (CPUs 11+10)
Request from pid 115167: max_threads=65535, hint_threads=32
Granted 10 threads to pid 115167 (CPUs 21+10)
Request from pid 115207: max_threads=65535, hint_threads=32
Granted 10 threads to pid 115207 (CPUs 11+10)
Request from pid 115167: max_threads=65535, hint_threads=32
Granted 10 threads to pid 115167 (CPUs 21+10)
Request from pid 115207: max_threads=65535, hint_threads=32
Granted 10 threads to pid 115207 (CPUs 11+10)
Request from pid 115167: max_threads=65535, hint_threads=32
Granted 10 threads to pid 115167 (CPUs 21+10)
Request from pid 115207: max_threads=65535, hint_threads=32
Granted 10 threads to pid 115207 (CPUs 11+10)
Request from pid 115167: max_threads=65535, hint_threads=32
Granted 10 threads to pid 115167 (CPUs 21+10)
Request from pid 115167: max_threads=65535, hint_threads=32
Granted 10 threads to pid 115167 (CPUs 21+10)
Request from pid 115207: max_threads=65535, hint_threads=32
Granted 10 threads to pid 115207 (CPUs 11+10)
Request from pid 115167: max_threads=65535, hint_threads=32
Granted 16 threads to pid 115167 (CPUs 0+0)
Request from pid 115207: max_threads=65535, hint_threads=32
Granted 16 threads to pid 115207 (CPUs 1+16)
Request from pid 115167: max_threads=65535, hint_threads=32
Granted 16 threads to pid 115167 (CPUs 17+16)
Request from pid 115207: max_threads=65535, hint_threads=32
Granted 16 threads to pid 115207 (CPUs 1+16)
Request from pid 115167: max_threads=65535, hint_threads=32
Granted 16 threads to pid 115167 (CPUs 17+16)
Request from pid 115207: max_threads=65535, hint_threads=32
Granted 16 threads to pid 115207 (CPUs 1+16)
Request from pid 115207: max_threads=65535, hint_threads=32
Granted 16 threads to pid 115207 (CPUs 1+16)
Request from pid 115167: max_threads=65535, hint_threads=32
Granted 16 threads to pid 115167 (CPUs 17+16)
Request from pid 115207: max_threads=65535, hint_threads=32
Granted 16 threads to pid 115207 (CPUs 1+16)
Request from pid 115167: max_threads=65535, hint_threads=32
Granted 16 threads to pid 115167 (CPUs 17+16)
Request from pid 115207: max_threads=65535, hint_threads=32
Granted 16 threads to pid 115207 (CPUs 1+16)
Request from pid 115167: max_threads=65535, hint_threads=32
Granted 16 threads to pid 115167 (CPUs 17+16)
Request from pid 115207: max_threads=65535, hint_threads=32
Granted 16 threads to pid 115207 (CPUs 1+16)
Request from pid 115167: max_threads=65535, hint_threads=32
Granted 16 threads to pid 115167 (CPUs 17+16)
Request from pid 115207: max_threads=65535, hint_threads=32
Granted 16 threads to pid 115207 (CPUs 1+16)
Request from pid 115167: max_threads=65535, hint_threads=32
Granted 16 threads to pid 115167 (CPUs 17+16)
Request from pid 115207: max_threads=65535, hint_threads=32
Granted 16 threads to pid 115207 (CPUs 1+16)
Request from pid 115207: max_threads=65535, hint_threads=32
Granted 16 threads to pid 115207 (CPUs 1+16)
Request from pid 115167: max_threads=65535, hint_threads=32
Granted 16 threads to pid 115167 (CPUs 17+16)
Request from pid 115207: max_threads=65535, hint_threads=32
Granted 16 threads to pid 115207 (CPUs 1+16)
Request from pid 115167: max_threads=65535, hint_threads=32
Granted 16 threads to pid 115167 (CPUs 17+16)
Request from pid 115207: max_threads=65535, hint_threads=32
Granted 16 threads to pid 115207 (CPUs 1+16)
Request from pid 115167: max_threads=65535, hint_threads=32
Granted 16 threads to pid 115167 (CPUs 17+16)
Request from pid 115207: max_threads=65535, hint_threads=32
Granted 16 threads to pid 115207 (CPUs 1+16)
Request from pid 115167: max_threads=65535, hint_threads=32
Granted 16 threads to pid 115167 (CPUs 17+16)
Request from pid 115207: max_threads=65535, hint_threads=32
Granted 16 threads to pid 115207 (CPUs 1+16)
Request from pid 115167: max_threads=65535, hint_threads=32
Granted 16 threads to pid 115167 (CPUs 17+16)
Request from pid 115207: max_threads=65535, hint_threads=32
Granted 16 threads to pid 115207 (CPUs 1+16)
Request from pid 115207: max_threads=65535, hint_threads=32
Granted 16 threads to pid 115207 (CPUs 1+16)
Request from pid 115167: max_threads=65535, hint_threads=32
Granted 16 threads to pid 115167 (CPUs 17+16)
Request from pid 115207: max_threads=65535, hint_threads=32
Granted 16 threads to pid 115207 (CPUs 1+16)
Request from pid 115167: max_threads=65535, hint_threads=32
Granted 16 threads to pid 115167 (CPUs 17+16)
Request from pid 115207: max_threads=65535, hint_threads=32
Granted 16 threads to pid 115207 (CPUs 1+16)
Request from pid 115167: max_threads=65535, hint_threads=32
Granted 16 threads to pid 115167 (CPUs 17+16)
Request from pid 115207: max_threads=65535, hint_threads=32
Granted 16 threads to pid 115207 (CPUs 1+16)
Request from pid 115207: max_threads=65535, hint_threads=32
Granted 16 threads to pid 115207 (CPUs 1+16)
Request from pid 115167: max_threads=65535, hint_threads=32
Granted 16 threads to pid 115167 (CPUs 17+16)
Request from pid 115167: max_threads=65535, hint_threads=32
Granted 16 threads to pid 115167 (CPUs 17+16)
Request from pid 115207: max_threads=65535, hint_threads=32
Granted 16 threads to pid 115207 (CPUs 1+16)
Request from pid 115167: max_threads=65535, hint_threads=32
Granted 16 threads to pid 115167 (CPUs 17+16)
Request from pid 115207: max_threads=65535, hint_threads=32
Granted 16 threads to pid 115207 (CPUs 1+16)
Request from pid 115167: max_threads=65535, hint_threads=32
Granted 16 threads to pid 115167 (CPUs 17+16)
Request from pid 115207: max_threads=65535, hint_threads=32
Granted 16 threads to pid 115207 (CPUs 1+16)
Request from pid 115167: max_threads=65535, hint_threads=32
Granted 16 threads to pid 115167 (CPUs 17+16)
Request from pid 115207: max_threads=65535, hint_threads=32
Granted 16 threads to pid 115207 (CPUs 1+16)
Request from pid 115207: max_threads=65535, hint_threads=32
Granted 16 threads to pid 115207 (CPUs 1+16)
Request from pid 115167: max_threads=65535, hint_threads=32
Granted 16 threads to pid 115167 (CPUs 17+16)
Client closed connection
Request from pid 115207: max_threads=65535, hint_threads=32
Granted 16 threads to pid 115207 (CPUs 1+16)
Accepted connection
Handling client
Request from pid 115327: max_threads=65535, hint_threads=32
Granted 10 threads to pid 115327 (CPUs 0+0)
Request from pid 115207: max_threads=65535, hint_threads=32
Granted 10 threads to pid 115207 (CPUs 1+10)
Request from pid 115207: max_threads=65535, hint_threads=32
Granted 10 threads to pid 115207 (CPUs 1+10)
Request from pid 115207: max_threads=65535, hint_threads=32
Granted 10 threads to pid 115207 (CPUs 1+10)
Request from pid 115207: max_threads=65535, hint_threads=32
Granted 10 threads to pid 115207 (CPUs 1+10)
Request from pid 115327: max_threads=65535, hint_threads=32
Granted 10 threads to pid 115327 (CPUs 0+0)
Request from pid 115327: max_threads=65535, hint_threads=32
Granted 10 threads to pid 115327 (CPUs 0+0)
Request from pid 115207: max_threads=65535, hint_threads=32
Granted 10 threads to pid 115207 (CPUs 1+10)
Client closed connection
Accepted connection
Handling client
Request from pid 115367: max_threads=65535, hint_threads=32
Granted 8 threads to pid 115367 (CPUs 0+0)
Request from pid 115327: max_threads=65535, hint_threads=32
Granted 8 threads to pid 115327 (CPUs 0+0)
Request from pid 115327: max_threads=65535, hint_threads=32
Granted 8 threads to pid 115327 (CPUs 0+0)
Request from pid 115327: max_threads=65535, hint_threads=32
Granted 8 threads to pid 115327 (CPUs 0+0)
Request from pid 115327: max_threads=65535, hint_threads=32
Granted 8 threads to pid 115327 (CPUs 0+0)
Request from pid 115367: max_threads=65535, hint_threads=32
Granted 8 threads to pid 115367 (CPUs 0+0)
Request from pid 115367: max_threads=65535, hint_threads=32
Granted 8 threads to pid 115367 (CPUs 0+0)
Request from pid 115367: max_threads=65535, hint_threads=32
Granted 8 threads to pid 115367 (CPUs 0+0)
Request from pid 115327: max_threads=65535, hint_threads=32
Granted 8 threads to pid 115327 (CPUs 0+0)
Request from pid 115367: max_threads=65535, hint_threads=32
Granted 8 threads to pid 115367 (CPUs 0+0)
Request from pid 115327: max_threads=65535, hint_threads=32
Granted 8 threads to pid 115327 (CPUs 0+0)
Request from pid 115327: max_threads=65535, hint_threads=32
Granted 8 threads to pid 115327 (CPUs 0+0)
Request from pid 115367: max_threads=65535, hint_threads=32
Granted 8 threads to pid 115367 (CPUs 0+0)
Request from pid 115327: max_threads=65535, hint_threads=32
Granted 8 threads to pid 115327 (CPUs 0+0)
Request from pid 115367: max_threads=65535, hint_threads=32
Granted 8 threads to pid 115367 (CPUs 0+0)
Request from pid 115367: max_threads=65535, hint_threads=32
Granted 8 threads to pid 115367 (CPUs 0+0)
Request from pid 115327: max_threads=65535, hint_threads=32
Granted 8 threads to pid 115327 (CPUs 0+0)
Request from pid 115327: max_threads=65535, hint_threads=32
Granted 8 threads to pid 115327 (CPUs 0+0)
Request from pid 115367: max_threads=65535, hint_threads=32
Granted 8 threads to pid 115367 (CPUs 0+0)
Request from pid 115327: max_threads=65535, hint_threads=32
Granted 8 threads to pid 115327 (CPUs 0+0)
Request from pid 115367: max_threads=65535, hint_threads=32
Granted 8 threads to pid 115367 (CPUs 0+0)
Request from pid 115367: max_threads=65535, hint_threads=32
Granted 10 threads to pid 115367 (CPUs 11+10)
Request from pid 115327: max_threads=65535, hint_threads=32
Granted 10 threads to pid 115327 (CPUs 21+10)
Request from pid 115327: max_threads=65535, hint_threads=32
Granted 10 threads to pid 115327 (CPUs 21+10)
Request from pid 115367: max_threads=65535, hint_threads=32
Granted 10 threads to pid 115367 (CPUs 11+10)
Request from pid 115327: max_threads=65535, hint_threads=32
Granted 10 threads to pid 115327 (CPUs 21+10)
Request from pid 115367: max_threads=65535, hint_threads=32
Granted 10 threads to pid 115367 (CPUs 11+10)
Request from pid 115367: max_threads=65535, hint_threads=32
Granted 10 threads to pid 115367 (CPUs 11+10)
Request from pid 115327: max_threads=65535, hint_threads=32
Granted 10 threads to pid 115327 (CPUs 21+10)
Request from pid 115327: max_threads=65535, hint_threads=32
Granted 10 threads to pid 115327 (CPUs 21+10)
Request from pid 115367: max_threads=65535, hint_threads=32
Granted 10 threads to pid 115367 (CPUs 11+10)
Request from pid 115367: max_threads=65535, hint_threads=32
Granted 10 threads to pid 115367 (CPUs 11+10)
Request from pid 115327: max_threads=65535, hint_threads=32
Granted 10 threads to pid 115327 (CPUs 21+10)
Request from pid 115367: max_threads=65535, hint_threads=32
Granted 10 threads to pid 115367 (CPUs 11+10)
Request from pid 115327: max_threads=65535, hint_threads=32
Granted 10 threads to pid 115327 (CPUs 21+10)
Request from pid 115367: max_threads=65535, hint_threads=32
Granted 16 threads to pid 115367 (CPUs 1+16)
Request from pid 115327: max_threads=65535, hint_threads=32
Granted 16 threads to pid 115327 (CPUs 17+16)
Request from pid 115367: max_threads=65535, hint_threads=32
Granted 16 threads to pid 115367 (CPUs 1+16)
Request from pid 115327: max_threads=65535, hint_threads=32
Granted 16 threads to pid 115327 (CPUs 17+16)
Request from pid 115367: max_threads=65535, hint_threads=32
Granted 16 threads to pid 115367 (CPUs 1+16)
Request from pid 115367: max_threads=65535, hint_threads=32
Granted 16 threads to pid 115367 (CPUs 1+16)
Request from pid 115327: max_threads=65535, hint_threads=32
Granted 16 threads to pid 115327 (CPUs 17+16)
Request from pid 115367: max_threads=65535, hint_threads=32
Granted 16 threads to pid 115367 (CPUs 1+16)
Request from pid 115327: max_threads=65535, hint_threads=32
Granted 16 threads to pid 115327 (CPUs 17+16)
Request from pid 115367: max_threads=65535, hint_threads=32
Granted 16 threads to pid 115367 (CPUs 1+16)
Request from pid 115327: max_threads=65535, hint_threads=32
Granted 16 threads to pid 115327 (CPUs 17+16)
Request from pid 115367: max_threads=65535, hint_threads=32
Granted 16 threads to pid 115367 (CPUs 1+16)
Request from pid 115327: max_threads=65535, hint_threads=32
Granted 16 threads to pid 115327 (CPUs 17+16)
Request from pid 115367: max_threads=65535, hint_threads=32
Granted 16 threads to pid 115367 (CPUs 1+16)
Request from pid 115327: max_threads=65535, hint_threads=32
Granted 16 threads to pid 115327 (CPUs 17+16)
Request from pid 115367: max_threads=65535, hint_threads=32
Granted 16 threads to pid 115367 (CPUs 1+16)
Request from pid 115327: max_threads=65535, hint_threads=32
Granted 16 threads to pid 115327 (CPUs 17+16)
Request from pid 115367: max_threads=65535, hint_threads=32
Granted 16 threads to pid 115367 (CPUs 1+16)
Request from pid 115327: max_threads=65535, hint_threads=32
Granted 16 threads to pid 115327 (CPUs 17+16)
Request from pid 115367: max_threads=65535, hint_threads=32
Granted 16 threads to pid 115367 (CPUs 1+16)
Request from pid 115327: max_threads=65535, hint_threads=32
Granted 16 threads to pid 115327 (CPUs 17+16)
Request from pid 115367: max_threads=65535, hint_threads=32
Granted 16 threads to pid 115367 (CPUs 1+16)
Request from pid 115367: max_threads=65535, hint_threads=32
Granted 16 threads to pid 115367 (CPUs 1+16)
Request from pid 115327: max_threads=65535, hint_threads=32
Granted 16 threads to pid 115327 (CPUs 17+16)
Request from pid 115367: max_threads=65535, hint_threads=32
Granted 16 threads to pid 115367 (CPUs 1+16)
Request from pid 115327: max_threads=65535, hint_threads=32
Granted 16 threads to pid 115327 (CPUs 17+16)
Request from pid 115367: max_threads=65535, hint_threads=32
Granted 16 threads to pid 115367 (CPUs 1+16)
Request from pid 115327: max_threads=65535, hint_threads=32
Granted 16 threads to pid 115327 (CPUs 17+16)
Request from pid 115367: max_threads=65535, hint_threads=32
Granted 16 threads to pid 115367 (CPUs 1+16)
Request from pid 115327: max_threads=65535, hint_threads=32
Granted 16 threads to pid 115327 (CPUs 17+16)
Request from pid 115367: max_threads=65535, hint_threads=32
Granted 16 threads to pid 115367 (CPUs 1+16)
Request from pid 115327: max_threads=65535, hint_threads=32
Granted 16 threads to pid 115327 (CPUs 17+16)
Request from pid 115367: max_threads=65535, hint_threads=32
Granted 16 threads to pid 115367 (CPUs 1+16)
Request from pid 115327: max_threads=65535, hint_threads=32
Granted 16 threads to pid 115327 (CPUs 17+16)
Request from pid 115327: max_threads=65535, hint_threads=32
Granted 16 threads to pid 115327 (CPUs 17+16)
Request from pid 115367: max_threads=65535, hint_threads=32
Granted 16 threads to pid 115367 (CPUs 1+16)
Request from pid 115367: max_threads=65535, hint_threads=32
Granted 16 threads to pid 115367 (CPUs 1+16)
Request from pid 115327: max_threads=65535, hint_threads=32
Granted 16 threads to pid 115327 (CPUs 17+16)
Request from pid 115367: max_threads=65535, hint_threads=32
Granted 16 threads to pid 115367 (CPUs 1+16)
Request from pid 115327: max_threads=65535, hint_threads=32
Granted 16 threads to pid 115327 (CPUs 17+16)
Request from pid 115367: max_threads=65535, hint_threads=32
Granted 16 threads to pid 115367 (CPUs 1+16)
Request from pid 115327: max_threads=65535, hint_threads=32
Granted 16 threads to pid 115327 (CPUs 17+16)
Request from pid 115367: max_threads=65535, hint_threads=32
Granted 16 threads to pid 115367 (CPUs 1+16)
Request from pid 115367: max_threads=65535, hint_threads=32
Granted 16 threads to pid 115367 (CPUs 1+16)
Request from pid 115327: max_threads=65535, hint_threads=32
Granted 16 threads to pid 115327 (CPUs 17+16)
Request from pid 115367: max_threads=65535, hint_threads=32
Granted 16 threads to pid 115367 (CPUs 1+16)
Client closed connection
Accepted connection
Handling client
Request from pid 115455: max_threads=65535, hint_threads=32
Granted 10 threads to pid 115455 (CPUs 0+0)
Request from pid 115327: max_threads=65535, hint_threads=32
Granted 10 threads to pid 115327 (CPUs 17+10)
Request from pid 115327: max_threads=65535, hint_threads=32
Granted 10 threads to pid 115327 (CPUs 17+10)
Request from pid 115327: max_threads=65535, hint_threads=32
Granted 10 threads to pid 115327 (CPUs 17+10)
Client closed connection
Accepted connection
Handling client
Request from pid 115534: max_threads=65535, hint_threads=32
Granted 8 threads to pid 115534 (CPUs 0+0)
Request from pid 115455: max_threads=65535, hint_threads=32
Granted 8 threads to pid 115455 (CPUs 0+0)
Request from pid 115455: max_threads=65535, hint_threads=32
Granted 8 threads to pid 115455 (CPUs 0+0)
Request from pid 115455: max_threads=65535, hint_threads=32
Granted 8 threads to pid 115455 (CPUs 0+0)
Request from pid 115455: max_threads=65535, hint_threads=32
Granted 8 threads to pid 115455 (CPUs 0+0)
Request from pid 115534: max_threads=65535, hint_threads=32
Granted 8 threads to pid 115534 (CPUs 0+0)
Request from pid 115534: max_threads=65535, hint_threads=32
Granted 8 threads to pid 115534 (CPUs 0+0)
Request from pid 115455: max_threads=65535, hint_threads=32
Granted 8 threads to pid 115455 (CPUs 0+0)
Request from pid 115534: max_threads=65535, hint_threads=32
Granted 8 threads to pid 115534 (CPUs 0+0)
Request from pid 115455: max_threads=65535, hint_threads=32
Granted 8 threads to pid 115455 (CPUs 0+0)
Request from pid 115455: max_threads=65535, hint_threads=32
Granted 8 threads to pid 115455 (CPUs 0+0)
Request from pid 115534: max_threads=65535, hint_threads=32
Granted 8 threads to pid 115534 (CPUs 0+0)
Request from pid 115455: max_threads=65535, hint_threads=32
Granted 8 threads to pid 115455 (CPUs 0+0)
Request from pid 115534: max_threads=65535, hint_threads=32
Granted 8 threads to pid 115534 (CPUs 0+0)
Request from pid 115455: max_threads=65535, hint_threads=32
Granted 8 threads to pid 115455 (CPUs 0+0)
Request from pid 115534: max_threads=65535, hint_threads=32
Granted 8 threads to pid 115534 (CPUs 0+0)
Request from pid 115455: max_threads=65535, hint_threads=32
Granted 8 threads to pid 115455 (CPUs 0+0)
Request from pid 115534: max_threads=65535, hint_threads=32
Granted 8 threads to pid 115534 (CPUs 0+0)
Request from pid 115534: max_threads=65535, hint_threads=32
Granted 8 threads to pid 115534 (CPUs 0+0)
Request from pid 115455: max_threads=65535, hint_threads=32
Granted 8 threads to pid 115455 (CPUs 0+0)
Request from pid 115455: max_threads=65535, hint_threads=32
Granted 8 threads to pid 115455 (CPUs 0+0)
Request from pid 115534: max_threads=65535, hint_threads=32
Granted 8 threads to pid 115534 (CPUs 0+0)
Request from pid 115534: max_threads=65535, hint_threads=32
Granted 8 threads to pid 115534 (CPUs 0+0)
Request from pid 115455: max_threads=65535, hint_threads=32
Granted 8 threads to pid 115455 (CPUs 0+0)
Request from pid 115534: max_threads=65535, hint_threads=32
Granted 8 threads to pid 115534 (CPUs 0+0)
Request from pid 115455: max_threads=65535, hint_threads=32
Granted 8 threads to pid 115455 (CPUs 0+0)
Request from pid 115534: max_threads=65535, hint_threads=32
Granted 8 threads to pid 115534 (CPUs 0+0)
Request from pid 115455: max_threads=65535, hint_threads=32
Granted 8 threads to pid 115455 (CPUs 0+0)
Request from pid 115534: max_threads=65535, hint_threads=32
Granted 10 threads to pid 115534 (CPUs 1+10)
Request from pid 115455: max_threads=65535, hint_threads=32
Granted 10 threads to pid 115455 (CPUs 0+0)
Request from pid 115534: max_threads=65535, hint_threads=32
Granted 10 threads to pid 115534 (CPUs 1+10)
Request from pid 115455: max_threads=65535, hint_threads=32
Granted 10 threads to pid 115455 (CPUs 0+0)
Request from pid 115534: max_threads=65535, hint_threads=32
Granted 10 threads to pid 115534 (CPUs 1+10)
Request from pid 115455: max_threads=65535, hint_threads=32
Granted 10 threads to pid 115455 (CPUs 0+0)
Request from pid 115534: max_threads=65535, hint_threads=32
Granted 10 threads to pid 115534 (CPUs 1+10)
Request from pid 115534: max_threads=65535, hint_threads=32
Granted 16 threads to pid 115534 (CPUs 1+16)
Request from pid 115455: max_threads=65535, hint_threads=32
Granted 16 threads to pid 115455 (CPUs 17+16)
Request from pid 115534: max_threads=65535, hint_threads=32
Granted 16 threads to pid 115534 (CPUs 1+16)
Request from pid 115455: max_threads=65535, hint_threads=32
Granted 16 threads to pid 115455 (CPUs 17+16)
Request from pid 115534: max_threads=65535, hint_threads=32
Granted 16 threads to pid 115534 (CPUs 1+16)
Request from pid 115534: max_threads=65535, hint_threads=32
Granted 16 threads to pid 115534 (CPUs 1+16)
Request from pid 115455: max_threads=65535, hint_threads=32
Granted 16 threads to pid 115455 (CPUs 17+16)
Request from pid 115534: max_threads=65535, hint_threads=32
Granted 16 threads to pid 115534 (CPUs 1+16)
Request from pid 115455: max_threads=65535, hint_threads=32
Granted 16 threads to pid 115455 (CPUs 17+16)
Request from pid 115455: max_threads=65535, hint_threads=32
Granted 16 threads to pid 115455 (CPUs 17+16)
Request from pid 115534: max_threads=65535, hint_threads=32
Granted 16 threads to pid 115534 (CPUs 1+16)
Request from pid 115534: max_threads=65535, hint_threads=32
Granted 16 threads to pid 115534 (CPUs 1+16)
Request from pid 115455: max_threads=65535, hint_threads=32
Granted 16 threads to pid 115455 (CPUs 17+16)
Request from pid 115534: max_threads=65535, hint_threads=32
Granted 16 threads to pid 115534 (CPUs 1+16)
Request from pid 115455: max_threads=65535, hint_threads=32
Granted 16 threads to pid 115455 (CPUs 17+16)
Request from pid 115534: max_threads=65535, hint_threads=32
Granted 16 threads to pid 115534 (CPUs 1+16)
Request from pid 115455: max_threads=65535, hint_threads=32
Granted 16 threads to pid 115455 (CPUs 17+16)
Request from pid 115534: max_threads=65535, hint_threads=32
Granted 16 threads to pid 115534 (CPUs 1+16)
Request from pid 115455: max_threads=65535, hint_threads=32
Granted 16 threads to pid 115455 (CPUs 17+16)
Request from pid 115534: max_threads=65535, hint_threads=32
Granted 16 threads to pid 115534 (CPUs 1+16)
Request from pid 115455: max_threads=65535, hint_threads=32
Granted 16 threads to pid 115455 (CPUs 17+16)
Request from pid 115534: max_threads=65535, hint_threads=32
Granted 16 threads to pid 115534 (CPUs 1+16)
Request from pid 115455: max_threads=65535, hint_threads=32
Granted 16 threads to pid 115455 (CPUs 17+16)
Request from pid 115534: max_threads=65535, hint_threads=32
Granted 16 threads to pid 115534 (CPUs 1+16)
Request from pid 115455: max_threads=65535, hint_threads=32
Granted 16 threads to pid 115455 (CPUs 17+16)
Request from pid 115534: max_threads=65535, hint_threads=32
Granted 16 threads to pid 115534 (CPUs 1+16)
Request from pid 115455: max_threads=65535, hint_threads=32
Granted 16 threads to pid 115455 (CPUs 17+16)
Request from pid 115534: max_threads=65535, hint_threads=32
Granted 16 threads to pid 115534 (CPUs 1+16)
Request from pid 115455: max_threads=65535, hint_threads=32
Granted 16 threads to pid 115455 (CPUs 17+16)
Request from pid 115534: max_threads=65535, hint_threads=32
Granted 16 threads to pid 115534 (CPUs 1+16)
Request from pid 115455: max_threads=65535, hint_threads=32
Granted 16 threads to pid 115455 (CPUs 17+16)
Request from pid 115534: max_threads=65535, hint_threads=32
Granted 16 threads to pid 115534 (CPUs 1+16)
Request from pid 115455: max_threads=65535, hint_threads=32
Granted 16 threads to pid 115455 (CPUs 17+16)
Request from pid 115534: max_threads=65535, hint_threads=32
Granted 16 threads to pid 115534 (CPUs 1+16)
Request from pid 115455: max_threads=65535, hint_threads=32
Granted 16 threads to pid 115455 (CPUs 17+16)
Request from pid 115534: max_threads=65535, hint_threads=32
Granted 16 threads to pid 115534 (CPUs 1+16)
Request from pid 115534: max_threads=65535, hint_threads=32
Granted 16 threads to pid 115534 (CPUs 1+16)
Request from pid 115455: max_threads=65535, hint_threads=32
Granted 16 threads to pid 115455 (CPUs 17+16)
Request from pid 115534: max_threads=65535, hint_threads=32
Granted 16 threads to pid 115534 (CPUs 1+16)
Request from pid 115455: max_threads=65535, hint_threads=32
Granted 16 threads to pid 115455 (CPUs 17+16)
Request from pid 115455: max_threads=65535, hint_threads=32
Granted 16 threads to pid 115455 (CPUs 17+16)
Request from pid 115534: max_threads=65535, hint_threads=32
Granted 16 threads to pid 115534 (CPUs 1+16)
Request from pid 115534: max_threads=65535, hint_threads=32
Granted 16 threads to pid 115534 (CPUs 1+16)
Request from pid 115455: max_threads=65535, hint_threads=32
Granted 16 threads to pid 115455 (CPUs 17+16)
Request from pid 115534: max_threads=65535, hint_threads=32
Granted 16 threads to pid 115534 (CPUs 1+16)
Request from pid 115455: max_threads=65535, hint_threads=32
Granted 16 threads to pid 115455 (CPUs 17+16)
Request from pid 115534: max_threads=65535, hint_threads=32
Granted 16 threads to pid 115534 (CPUs 1+16)
Request from pid 115455: max_threads=65535, hint_threads=32
Granted 16 threads to pid 115455 (CPUs 17+16)
Request from pid 115455: max_threads=65535, hint_threads=32
Granted 16 threads to pid 115455 (CPUs 17+16)
Request from pid 115534: max_threads=65535, hint_threads=32
Granted 16 threads to pid 115534 (CPUs 1+16)
Request from pid 115455: max_threads=65535, hint_threads=32
Granted 16 threads to pid 115455 (CPUs 17+16)
Request from pid 115534: max_threads=65535, hint_threads=32
Granted 16 threads to pid 115534 (CPUs 1+16)
Request from pid 115455: max_threads=65535, hint_threads=32
Granted 16 threads to pid 115455 (CPUs 17+16)
Request from pid 115534: max_threads=65535, hint_threads=32
Granted 16 threads to pid 115534 (CPUs 1+16)
Request from pid 115455: max_threads=65535, hint_threads=32
Granted 16 threads to pid 115455 (CPUs 17+16)
Request from pid 115534: max_threads=65535, hint_threads=32
Granted 16 threads to pid 115534 (CPUs 1+16)
Request from pid 115455: max_threads=65535, hint_threads=32
Granted 16 threads to pid 115455 (CPUs 17+16)
Request from pid 115534: max_threads=65535, hint_threads=32
Granted 16 threads to pid 115534 (CPUs 1+16)
Request from pid 115455: max_threads=65535, hint_threads=32
Granted 16 threads to pid 115455 (CPUs 17+16)
Request from pid 115534: max_threads=65535, hint_threads=32
Granted 16 threads to pid 115534 (CPUs 1+16)
Request from pid 115534: max_threads=65535, hint_threads=32
Granted 16 threads to pid 115534 (CPUs 1+16)
Request from pid 115455: max_threads=65535, hint_threads=32
Granted 16 threads to pid 115455 (CPUs 17+16)
Request from pid 115534: max_threads=65535, hint_threads=32
Granted 16 threads to pid 115534 (CPUs 1+16)
Client closed connection
Accepted connection
Handling client
Request from pid 115576: max_threads=65535, hint_threads=32
Granted 10 threads to pid 115576 (CPUs 0+0)
Request from pid 115455: max_threads=65535, hint_threads=32
Granted 10 threads to pid 115455 (CPUs 17+10)
Client closed connection
Accepted connection
Handling client
Request from pid 115616: max_threads=65535, hint_threads=32
Granted 8 threads to pid 115616 (CPUs 0+0)
Request from pid 115576: max_threads=65535, hint_threads=32
Granted 8 threads to pid 115576 (CPUs 0+0)
Request from pid 115616: max_threads=65535, hint_threads=32
Granted 8 threads to pid 115616 (CPUs 0+0)
Request from pid 115576: max_threads=65535, hint_threads=32
Granted 8 threads to pid 115576 (CPUs 0+0)
Request from pid 115616: max_threads=65535, hint_threads=32
Granted 8 threads to pid 115616 (CPUs 0+0)
Request from pid 115576: max_threads=65535, hint_threads=32
Granted 8 threads to pid 115576 (CPUs 0+0)
Request from pid 115616: max_threads=65535, hint_threads=32
Granted 8 threads to pid 115616 (CPUs 0+0)
Request from pid 115576: max_threads=65535, hint_threads=32
Granted 8 threads to pid 115576 (CPUs 0+0)
Request from pid 115616: max_threads=65535, hint_threads=32
Granted 8 threads to pid 115616 (CPUs 0+0)
Request from pid 115616: max_threads=65535, hint_threads=32
Granted 8 threads to pid 115616 (CPUs 0+0)
Request from pid 115576: max_threads=65535, hint_threads=32
Granted 8 threads to pid 115576 (CPUs 0+0)
Request from pid 115616: max_threads=65535, hint_threads=32
Granted 8 threads to pid 115616 (CPUs 0+0)
Request from pid 115576: max_threads=65535, hint_threads=32
Granted 8 threads to pid 115576 (CPUs 0+0)
Request from pid 115616: max_threads=65535, hint_threads=32
Granted 8 threads to pid 115616 (CPUs 0+0)
Request from pid 115576: max_threads=65535, hint_threads=32
Granted 8 threads to pid 115576 (CPUs 0+0)
Request from pid 115616: max_threads=65535, hint_threads=32
Granted 8 threads to pid 115616 (CPUs 0+0)
Request from pid 115576: max_threads=65535, hint_threads=32
Granted 8 threads to pid 115576 (CPUs 0+0)
Request from pid 115616: max_threads=65535, hint_threads=32
Granted 8 threads to pid 115616 (CPUs 0+0)
Request from pid 115576: max_threads=65535, hint_threads=32
Granted 8 threads to pid 115576 (CPUs 0+0)
Request from pid 115616: max_threads=65535, hint_threads=32
Granted 8 threads to pid 115616 (CPUs 0+0)
Request from pid 115576: max_threads=65535, hint_threads=32
Granted 8 threads to pid 115576 (CPUs 0+0)
Request from pid 115616: max_threads=65535, hint_threads=32
Granted 8 threads to pid 115616 (CPUs 0+0)
Request from pid 115576: max_threads=65535, hint_threads=32
Granted 8 threads to pid 115576 (CPUs 0+0)
Request from pid 115616: max_threads=65535, hint_threads=32
Granted 8 threads to pid 115616 (CPUs 0+0)
Request from pid 115576: max_threads=65535, hint_threads=32
Granted 8 threads to pid 115576 (CPUs 0+0)
Request from pid 115616: max_threads=65535, hint_threads=32
Granted 8 threads to pid 115616 (CPUs 0+0)
Request from pid 115576: max_threads=65535, hint_threads=32
Granted 8 threads to pid 115576 (CPUs 0+0)
Request from pid 115616: max_threads=65535, hint_threads=32
Granted 8 threads to pid 115616 (CPUs 0+0)
Request from pid 115576: max_threads=65535, hint_threads=32
Granted 8 threads to pid 115576 (CPUs 0+0)
Request from pid 115616: max_threads=65535, hint_threads=32
Granted 8 threads to pid 115616 (CPUs 0+0)
Request from pid 115576: max_threads=65535, hint_threads=32
Granted 8 threads to pid 115576 (CPUs 0+0)
Request from pid 115616: max_threads=65535, hint_threads=32
Granted 8 threads to pid 115616 (CPUs 0+0)
Request from pid 115576: max_threads=65535, hint_threads=32
Granted 8 threads to pid 115576 (CPUs 0+0)
Request from pid 115616: max_threads=65535, hint_threads=32
Granted 8 threads to pid 115616 (CPUs 0+0)
Request from pid 115576: max_threads=65535, hint_threads=32
Granted 8 threads to pid 115576 (CPUs 0+0)
Request from pid 115616: max_threads=65535, hint_threads=32
Granted 8 threads to pid 115616 (CPUs 0+0)
Request from pid 115576: max_threads=65535, hint_threads=32
Granted 8 threads to pid 115576 (CPUs 0+0)
Request from pid 115576: max_threads=65535, hint_threads=32
Granted 8 threads to pid 115576 (CPUs 0+0)
Request from pid 115616: max_threads=65535, hint_threads=32
Granted 8 threads to pid 115616 (CPUs 0+0)
Request from pid 115576: max_threads=65535, hint_threads=32
Granted 8 threads to pid 115576 (CPUs 0+0)
Request from pid 115616: max_threads=65535, hint_threads=32
Granted 8 threads to pid 115616 (CPUs 0+0)
Request from pid 115576: max_threads=65535, hint_threads=32
Granted 8 threads to pid 115576 (CPUs 0+0)
Request from pid 115616: max_threads=65535, hint_threads=32
Granted 8 threads to pid 115616 (CPUs 0+0)
Request from pid 115576: max_threads=65535, hint_threads=32
Granted 10 threads to pid 115576 (CPUs 1+10)
Request from pid 115616: max_threads=65535, hint_threads=32
Granted 10 threads to pid 115616 (CPUs 0+0)
Request from pid 115576: max_threads=65535, hint_threads=32
Granted 16 threads to pid 115576 (CPUs 1+16)
Request from pid 115616: max_threads=65535, hint_threads=32
Granted 16 threads to pid 115616 (CPUs 17+16)
Request from pid 115576: max_threads=65535, hint_threads=32
Granted 16 threads to pid 115576 (CPUs 1+16)
Request from pid 115616: max_threads=65535, hint_threads=32
Granted 16 threads to pid 115616 (CPUs 17+16)
Request from pid 115576: max_threads=65535, hint_threads=32
Granted 16 threads to pid 115576 (CPUs 1+16)
Request from pid 115616: max_threads=65535, hint_threads=32
Granted 16 threads to pid 115616 (CPUs 17+16)
Request from pid 115576: max_threads=65535, hint_threads=32
Granted 16 threads to pid 115576 (CPUs 1+16)
Request from pid 115616: max_threads=65535, hint_threads=32
Granted 16 threads to pid 115616 (CPUs 17+16)
Request from pid 115576: max_threads=65535, hint_threads=32
Granted 16 threads to pid 115576 (CPUs 1+16)
Request from pid 115616: max_threads=65535, hint_threads=32
Granted 16 threads to pid 115616 (CPUs 17+16)
Request from pid 115576: max_threads=65535, hint_threads=32
Granted 16 threads to pid 115576 (CPUs 1+16)
Request from pid 115576: max_threads=65535, hint_threads=32
Granted 16 threads to pid 115576 (CPUs 1+16)
Request from pid 115616: max_threads=65535, hint_threads=32
Granted 16 threads to pid 115616 (CPUs 17+16)
Request from pid 115616: max_threads=65535, hint_threads=32
Granted 16 threads to pid 115616 (CPUs 17+16)
Request from pid 115576: max_threads=65535, hint_threads=32
Granted 16 threads to pid 115576 (CPUs 1+16)
Request from pid 115616: max_threads=65535, hint_threads=32
Granted 16 threads to pid 115616 (CPUs 17+16)
Request from pid 115576: max_threads=65535, hint_threads=32
Granted 16 threads to pid 115576 (CPUs 1+16)
Request from pid 115616: max_threads=65535, hint_threads=32
Granted 16 threads to pid 115616 (CPUs 17+16)
Request from pid 115576: max_threads=65535, hint_threads=32
Granted 16 threads to pid 115576 (CPUs 1+16)
Request from pid 115616: max_threads=65535, hint_threads=32
Granted 16 threads to pid 115616 (CPUs 17+16)
Request from pid 115576: max_threads=65535, hint_threads=32
Granted 16 threads to pid 115576 (CPUs 1+16)
Request from pid 115616: max_threads=65535, hint_threads=32
Granted 16 threads to pid 115616 (CPUs 17+16)
Request from pid 115576: max_threads=65535, hint_threads=32
Granted 16 threads to pid 115576 (CPUs 1+16)
Request from pid 115616: max_threads=65535, hint_threads=32
Granted 16 threads to pid 115616 (CPUs 17+16)
Request from pid 115576: max_threads=65535, hint_threads=32
Granted 16 threads to pid 115576 (CPUs 1+16)
Request from pid 115616: max_threads=65535, hint_threads=32
Granted 16 threads to pid 115616 (CPUs 17+16)
Request from pid 115576: max_threads=65535, hint_threads=32
Granted 16 threads to pid 115576 (CPUs 1+16)
Request from pid 115616: max_threads=65535, hint_threads=32
Granted 16 threads to pid 115616 (CPUs 17+16)
Request from pid 115576: max_threads=65535, hint_threads=32
Granted 16 threads to pid 115576 (CPUs 1+16)
Request from pid 115616: max_threads=65535, hint_threads=32
Granted 16 threads to pid 115616 (CPUs 17+16)
Request from pid 115576: max_threads=65535, hint_threads=32
Granted 16 threads to pid 115576 (CPUs 1+16)
Request from pid 115616: max_threads=65535, hint_threads=32
Granted 16 threads to pid 115616 (CPUs 17+16)
Request from pid 115576: max_threads=65535, hint_threads=32
Granted 16 threads to pid 115576 (CPUs 1+16)
Request from pid 115616: max_threads=65535, hint_threads=32
Granted 16 threads to pid 115616 (CPUs 17+16)
Request from pid 115576: max_threads=65535, hint_threads=32
Granted 16 threads to pid 115576 (CPUs 1+16)
Request from pid 115576: max_threads=65535, hint_threads=32
Granted 16 threads to pid 115576 (CPUs 1+16)
Request from pid 115616: max_threads=65535, hint_threads=32
Granted 16 threads to pid 115616 (CPUs 17+16)
Request from pid 115576: max_threads=65535, hint_threads=32
Granted 16 threads to pid 115576 (CPUs 1+16)
Request from pid 115616: max_threads=65535, hint_threads=32
Granted 16 threads to pid 115616 (CPUs 17+16)
Request from pid 115576: max_threads=65535, hint_threads=32
Granted 16 threads to pid 115576 (CPUs 1+16)
Request from pid 115616: max_threads=65535, hint_threads=32
Granted 16 threads to pid 115616 (CPUs 17+16)
Request from pid 115576: max_threads=65535, hint_threads=32
Granted 16 threads to pid 115576 (CPUs 1+16)
Request from pid 115616: max_threads=65535, hint_threads=32
Granted 16 threads to pid 115616 (CPUs 17+16)
Request from pid 115576: max_threads=65535, hint_threads=32
Granted 16 threads to pid 115576 (CPUs 1+16)
Request from pid 115616: max_threads=65535, hint_threads=32
Granted 16 threads to pid 115616 (CPUs 17+16)
Request from pid 115576: max_threads=65535, hint_threads=32
Granted 16 threads to pid 115576 (CPUs 1+16)
Request from pid 115616: max_threads=65535, hint_threads=32
Granted 16 threads to pid 115616 (CPUs 17+16)
Request from pid 115576: max_threads=65535, hint_threads=32
Granted 16 threads to pid 115576 (CPUs 1+16)
Request from pid 115616: max_threads=65535, hint_threads=32
Granted 16 threads to pid 115616 (CPUs 17+16)
Request from pid 115576: max_threads=65535, hint_threads=32
Granted 16 threads to pid 115576 (CPUs 1+16)
Request from pid 115616: max_threads=65535, hint_threads=32
Granted 16 threads to pid 115616 (CPUs 17+16)
Request from pid 115576: max_threads=65535, hint_threads=32
Granted 16 threads to pid 115576 (CPUs 1+16)
Request from pid 115616: max_threads=65535, hint_threads=32
Granted 16 threads to pid 115616 (CPUs 17+16)
Request from pid 115576: max_threads=65535, hint_threads=32
Granted 16 threads to pid 115576 (CPUs 1+16)
Request from pid 115616: max_threads=65535, hint_threads=32
Granted 16 threads to pid 115616 (CPUs 17+16)
Request from pid 115576: max_threads=65535, hint_threads=32
Granted 16 threads to pid 115576 (CPUs 1+16)
Request from pid 115616: max_threads=65535, hint_threads=32
Granted 16 threads to pid 115616 (CPUs 17+16)
Request from pid 115576: max_threads=65535, hint_threads=32
Granted 16 threads to pid 115576 (CPUs 1+16)
Request from pid 115616: max_threads=65535, hint_threads=32
Granted 16 threads to pid 115616 (CPUs 17+16)
Request from pid 115616: max_threads=65535, hint_threads=32
Granted 16 threads to pid 115616 (CPUs 17+16)
Request from pid 115576: max_threads=65535, hint_threads=32
Granted 16 threads to pid 115576 (CPUs 1+16)
Request from pid 115616: max_threads=65535, hint_threads=32
Granted 16 threads to pid 115616 (CPUs 17+16)
Request from pid 115576: max_threads=65535, hint_threads=32
Granted 16 threads to pid 115576 (CPUs 1+16)
Request from pid 115616: max_threads=65535, hint_threads=32
Granted 16 threads to pid 115616 (CPUs 17+16)
Request from pid 115576: max_threads=65535, hint_threads=32
Granted 16 threads to pid 115576 (CPUs 1+16)
Request from pid 115616: max_threads=65535, hint_threads=32
Granted 16 threads to pid 115616 (CPUs 17+16)
Request from pid 115576: max_threads=65535, hint_threads=32
Granted 16 threads to pid 115576 (CPUs 1+16)
Request from pid 115616: max_threads=65535, hint_threads=32
Granted 16 threads to pid 115616 (CPUs 17+16)
Request from pid 115576: max_threads=65535, hint_threads=32
Granted 16 threads to pid 115576 (CPUs 1+16)
Client closed connection
Accepted connection
Handling client
Request from pid 115736: max_threads=65535, hint_threads=32
Granted 10 threads to pid 115736 (CPUs 0+0)
Request from pid 115616: max_threads=65535, hint_threads=32
Granted 10 threads to pid 115616 (CPUs 17+10)
Client closed connection
Accepted connection
Handling client
Request from pid 115776: max_threads=65535, hint_threads=32
Granted 8 threads to pid 115776 (CPUs 0+0)
Request from pid 115736: max_threads=65535, hint_threads=32
Granted 8 threads to pid 115736 (CPUs 0+0)
Request from pid 115776: max_threads=65535, hint_threads=32
Granted 8 threads to pid 115776 (CPUs 0+0)
Request from pid 115736: max_threads=65535, hint_threads=32
Granted 8 threads to pid 115736 (CPUs 0+0)
Request from pid 115776: max_threads=65535, hint_threads=32
Granted 8 threads to pid 115776 (CPUs 0+0)
Request from pid 115736: max_threads=65535, hint_threads=32
Granted 8 threads to pid 115736 (CPUs 0+0)
Request from pid 115776: max_threads=65535, hint_threads=32
Granted 8 threads to pid 115776 (CPUs 0+0)
Request from pid 115736: max_threads=65535, hint_threads=32
Granted 8 threads to pid 115736 (CPUs 0+0)
Request from pid 115736: max_threads=65535, hint_threads=32
Granted 8 threads to pid 115736 (CPUs 0+0)
Request from pid 115776: max_threads=65535, hint_threads=32
Granted 8 threads to pid 115776 (CPUs 0+0)
Request from pid 115736: max_threads=65535, hint_threads=32
Granted 8 threads to pid 115736 (CPUs 0+0)
Request from pid 115776: max_threads=65535, hint_threads=32
Granted 8 threads to pid 115776 (CPUs 0+0)
Request from pid 115736: max_threads=65535, hint_threads=32
Granted 8 threads to pid 115736 (CPUs 0+0)
Request from pid 115776: max_threads=65535, hint_threads=32
Granted 8 threads to pid 115776 (CPUs 0+0)
Request from pid 115736: max_threads=65535, hint_threads=32
Granted 8 threads to pid 115736 (CPUs 0+0)
Request from pid 115736: max_threads=65535, hint_threads=32
Granted 8 threads to pid 115736 (CPUs 0+0)
Request from pid 115776: max_threads=65535, hint_threads=32
Granted 8 threads to pid 115776 (CPUs 0+0)
Request from pid 115736: max_threads=65535, hint_threads=32
Granted 8 threads to pid 115736 (CPUs 0+0)
Request from pid 115776: max_threads=65535, hint_threads=32
Granted 8 threads to pid 115776 (CPUs 0+0)
Request from pid 115736: max_threads=65535, hint_threads=32
Granted 8 threads to pid 115736 (CPUs 0+0)
Request from pid 115736: max_threads=65535, hint_threads=32
Granted 8 threads to pid 115736 (CPUs 0+0)
Request from pid 115776: max_threads=65535, hint_threads=32
Granted 8 threads to pid 115776 (CPUs 0+0)
Request from pid 115776: max_threads=65535, hint_threads=32
Granted 8 threads to pid 115776 (CPUs 0+0)
Request from pid 115736: max_threads=65535, hint_threads=32
Granted 8 threads to pid 115736 (CPUs 0+0)
Request from pid 115776: max_threads=65535, hint_threads=32
Granted 8 threads to pid 115776 (CPUs 0+0)
Request from pid 115736: max_threads=65535, hint_threads=32
Granted 8 threads to pid 115736 (CPUs 0+0)
Request from pid 115776: max_threads=65535, hint_threads=32
Granted 8 threads to pid 115776 (CPUs 0+0)
Request from pid 115736: max_threads=65535, hint_threads=32
Granted 8 threads to pid 115736 (CPUs 0+0)
Request from pid 115776: max_threads=65535, hint_threads=32
Granted 8 threads to pid 115776 (CPUs 0+0)
Request from pid 115736: max_threads=65535, hint_threads=32
Granted 8 threads to pid 115736 (CPUs 0+0)
Request from pid 115776: max_threads=65535, hint_threads=32
Granted 16 threads to pid 115776 (CPUs 1+16)
Request from pid 115736: max_threads=65535, hint_threads=32
Granted 16 threads to pid 115736 (CPUs 17+16)
Request from pid 115736: max_threads=65535, hint_threads=32
Granted 16 threads to pid 115736 (CPUs 17+16)
Request from pid 115776: max_threads=65535, hint_threads=32
Granted 16 threads to pid 115776 (CPUs 1+16)
Request from pid 115776: max_threads=65535, hint_threads=32
Granted 16 threads to pid 115776 (CPUs 1+16)
Request from pid 115736: max_threads=65535, hint_threads=32
Granted 16 threads to pid 115736 (CPUs 17+16)
Request from pid 115776: max_threads=65535, hint_threads=32
Granted 16 threads to pid 115776 (CPUs 1+16)
Request from pid 115736: max_threads=65535, hint_threads=32
Granted 16 threads to pid 115736 (CPUs 17+16)
Request from pid 115736: max_threads=65535, hint_threads=32
Granted 16 threads to pid 115736 (CPUs 17+16)
Request from pid 115776: max_threads=65535, hint_threads=32
Granted 16 threads to pid 115776 (CPUs 1+16)
Request from pid 115736: max_threads=65535, hint_threads=32
Granted 16 threads to pid 115736 (CPUs 17+16)
Request from pid 115776: max_threads=65535, hint_threads=32
Granted 16 threads to pid 115776 (CPUs 1+16)
Request from pid 115736: max_threads=65535, hint_threads=32
Granted 16 threads to pid 115736 (CPUs 17+16)
Request from pid 115776: max_threads=65535, hint_threads=32
Granted 16 threads to pid 115776 (CPUs 1+16)
Request from pid 115736: max_threads=65535, hint_threads=32
Granted 16 threads to pid 115736 (CPUs 17+16)
Request from pid 115776: max_threads=65535, hint_threads=32
Granted 16 threads to pid 115776 (CPUs 1+16)
Request from pid 115736: max_threads=65535, hint_threads=32
Granted 16 threads to pid 115736 (CPUs 17+16)
Request from pid 115776: max_threads=65535, hint_threads=32
Granted 16 threads to pid 115776 (CPUs 1+16)
Request from pid 115736: max_threads=65535, hint_threads=32
Granted 16 threads to pid 115736 (CPUs 17+16)
Request from pid 115776: max_threads=65535, hint_threads=32
Granted 16 threads to pid 115776 (CPUs 1+16)
Request from pid 115736: max_threads=65535, hint_threads=32
Granted 16 threads to pid 115736 (CPUs 17+16)
Request from pid 115776: max_threads=65535, hint_threads=32
Granted 16 threads to pid 115776 (CPUs 1+16)
Request from pid 115736: max_threads=65535, hint_threads=32
Granted 16 threads to pid 115736 (CPUs 17+16)
Request from pid 115776: max_threads=65535, hint_threads=32
Granted 16 threads to pid 115776 (CPUs 1+16)
Request from pid 115736: max_threads=65535, hint_threads=32
Granted 16 threads to pid 115736 (CPUs 17+16)
Request from pid 115776: max_threads=65535, hint_threads=32
Granted 16 threads to pid 115776 (CPUs 1+16)
Request from pid 115736: max_threads=65535, hint_threads=32
Granted 16 threads to pid 115736 (CPUs 17+16)
Request from pid 115736: max_threads=65535, hint_threads=32
Granted 16 threads to pid 115736 (CPUs 17+16)
Request from pid 115776: max_threads=65535, hint_threads=32
Granted 16 threads to pid 115776 (CPUs 1+16)
Request from pid 115736: max_threads=65535, hint_threads=32
Granted 16 threads to pid 115736 (CPUs 17+16)
Request from pid 115776: max_threads=65535, hint_threads=32
Granted 16 threads to pid 115776 (CPUs 1+16)
Request from pid 115736: max_threads=65535, hint_threads=32
Granted 16 threads to pid 115736 (CPUs 17+16)
Request from pid 115776: max_threads=65535, hint_threads=32
Granted 16 threads to pid 115776 (CPUs 1+16)
Request from pid 115736: max_threads=65535, hint_threads=32
Granted 16 threads to pid 115736 (CPUs 17+16)
Request from pid 115776: max_threads=65535, hint_threads=32
Granted 16 threads to pid 115776 (CPUs 1+16)
Request from pid 115736: max_threads=65535, hint_threads=32
Granted 16 threads to pid 115736 (CPUs 17+16)
Request from pid 115776: max_threads=65535, hint_threads=32
Granted 16 threads to pid 115776 (CPUs 1+16)
Request from pid 115736: max_threads=65535, hint_threads=32
Granted 16 threads to pid 115736 (CPUs 17+16)
Request from pid 115736: max_threads=65535, hint_threads=32
Granted 16 threads to pid 115736 (CPUs 17+16)
Request from pid 115776: max_threads=65535, hint_threads=32
Granted 16 threads to pid 115776 (CPUs 1+16)
Request from pid 115736: max_threads=65535, hint_threads=32
Granted 16 threads to pid 115736 (CPUs 17+16)
Request from pid 115776: max_threads=65535, hint_threads=32
Granted 16 threads to pid 115776 (CPUs 1+16)
Request from pid 115736: max_threads=65535, hint_threads=32
Granted 16 threads to pid 115736 (CPUs 17+16)
Request from pid 115776: max_threads=65535, hint_threads=32
Granted 16 threads to pid 115776 (CPUs 1+16)
Request from pid 115736: max_threads=65535, hint_threads=32
Granted 16 threads to pid 115736 (CPUs 17+16)
Request from pid 115776: max_threads=65535, hint_threads=32
Granted 16 threads to pid 115776 (CPUs 1+16)
Request from pid 115736: max_threads=65535, hint_threads=32
Granted 16 threads to pid 115736 (CPUs 17+16)
Request from pid 115776: max_threads=65535, hint_threads=32
Granted 16 threads to pid 115776 (CPUs 1+16)
Request from pid 115736: max_threads=65535, hint_threads=32
Granted 16 threads to pid 115736 (CPUs 17+16)
Request from pid 115776: max_threads=65535, hint_threads=32
Granted 16 threads to pid 115776 (CPUs 1+16)
Request from pid 115736: max_threads=65535, hint_threads=32
Granted 16 threads to pid 115736 (CPUs 17+16)
Request from pid 115776: max_threads=65535, hint_threads=32
Granted 16 threads to pid 115776 (CPUs 1+16)
Request from pid 115736: max_threads=65535, hint_threads=32
Granted 16 threads to pid 115736 (CPUs 17+16)
Request from pid 115776: max_threads=65535, hint_threads=32
Granted 16 threads to pid 115776 (CPUs 1+16)
Request from pid 115736: max_threads=65535, hint_threads=32
Granted 16 threads to pid 115736 (CPUs 17+16)
Request from pid 115776: max_threads=65535, hint_threads=32
Granted 16 threads to pid 115776 (CPUs 1+16)
Request from pid 115736: max_threads=65535, hint_threads=32
Granted 16 threads to pid 115736 (CPUs 17+16)
Request from pid 115736: max_threads=65535, hint_threads=32
Granted 16 threads to pid 115736 (CPUs 17+16)
Request from pid 115776: max_threads=65535, hint_threads=32
Granted 16 threads to pid 115776 (CPUs 1+16)
Request from pid 115736: max_threads=65535, hint_threads=32
Granted 16 threads to pid 115736 (CPUs 17+16)
Request from pid 115776: max_threads=65535, hint_threads=32
Granted 16 threads to pid 115776 (CPUs 1+16)
Request from pid 115736: max_threads=65535, hint_threads=32
Granted 16 threads to pid 115736 (CPUs 17+16)
Request from pid 115776: max_threads=65535, hint_threads=32
Granted 16 threads to pid 115776 (CPUs 1+16)
Request from pid 115736: max_threads=65535, hint_threads=32
Granted 16 threads to pid 115736 (CPUs 17+16)
Request from pid 115776: max_threads=65535, hint_threads=32
Granted 16 threads to pid 115776 (CPUs 1+16)
Request from pid 115736: max_threads=65535, hint_threads=32
Granted 16 threads to pid 115736 (CPUs 17+16)
Request from pid 115776: max_threads=65535, hint_threads=32
Granted 16 threads to pid 115776 (CPUs 1+16)
Request from pid 115736: max_threads=65535, hint_threads=32
Granted 16 threads to pid 115736 (CPUs 17+16)
Request from pid 115776: max_threads=65535, hint_threads=32
Granted 16 threads to pid 115776 (CPUs 1+16)
Request from pid 115736: max_threads=65535, hint_threads=32
Granted 16 threads to pid 115736 (CPUs 17+16)
Client closed connection
Accepted connection
Handling client
Request from pid 115872: max_threads=65535, hint_threads=32
Granted 10 threads to pid 115872 (CPUs 0+0)
Request from pid 115776: max_threads=65535, hint_threads=32
Granted 10 threads to pid 115776 (CPUs 1+10)
Request from pid 115776: max_threads=65535, hint_threads=32
Granted 10 threads to pid 115776 (CPUs 1+10)
Request from pid 115776: max_threads=65535, hint_threads=32
Granted 10 threads to pid 115776 (CPUs 1+10)
Client closed connection
Request from pid 115872: max_threads=65535, hint_threads=32
Granted 10 threads to pid 115872 (CPUs 0+0)
Accepted connection
Handling client
Request from pid 115914: max_threads=65535, hint_threads=32
Granted 8 threads to pid 115914 (CPUs 0+0)
Request from pid 115872: max_threads=65535, hint_threads=32
Granted 8 threads to pid 115872 (CPUs 0+0)
Request from pid 115872: max_threads=65535, hint_threads=32
Granted 8 threads to pid 115872 (CPUs 0+0)
Request from pid 115872: max_threads=65535, hint_threads=32
Granted 8 threads to pid 115872 (CPUs 0+0)
Request from pid 115872: max_threads=65535, hint_threads=32
Granted 8 threads to pid 115872 (CPUs 0+0)
Request from pid 115914: max_threads=65535, hint_threads=32
Granted 8 threads to pid 115914 (CPUs 0+0)
Request from pid 115872: max_threads=65535, hint_threads=32
Granted 8 threads to pid 115872 (CPUs 0+0)
Request from pid 115914: max_threads=65535, hint_threads=32
Granted 8 threads to pid 115914 (CPUs 0+0)
Request from pid 115914: max_threads=65535, hint_threads=32
Granted 8 threads to pid 115914 (CPUs 0+0)
Request from pid 115872: max_threads=65535, hint_threads=32
Granted 8 threads to pid 115872 (CPUs 0+0)
Request from pid 115914: max_threads=65535, hint_threads=32
Granted 8 threads to pid 115914 (CPUs 0+0)
Request from pid 115872: max_threads=65535, hint_threads=32
Granted 8 threads to pid 115872 (CPUs 0+0)
Request from pid 115872: max_threads=65535, hint_threads=32
Granted 8 threads to pid 115872 (CPUs 0+0)
Request from pid 115914: max_threads=65535, hint_threads=32
Granted 8 threads to pid 115914 (CPUs 0+0)
Request from pid 115872: max_threads=65535, hint_threads=32
Granted 8 threads to pid 115872 (CPUs 0+0)
Request from pid 115914: max_threads=65535, hint_threads=32
Granted 8 threads to pid 115914 (CPUs 0+0)
Request from pid 115872: max_threads=65535, hint_threads=32
Granted 8 threads to pid 115872 (CPUs 0+0)
Request from pid 115914: max_threads=65535, hint_threads=32
Granted 8 threads to pid 115914 (CPUs 0+0)
Request from pid 115872: max_threads=65535, hint_threads=32
Granted 8 threads to pid 115872 (CPUs 0+0)
Request from pid 115914: max_threads=65535, hint_threads=32
Granted 8 threads to pid 115914 (CPUs 0+0)
Request from pid 115872: max_threads=65535, hint_threads=32
Granted 8 threads to pid 115872 (CPUs 0+0)
Request from pid 115914: max_threads=65535, hint_threads=32
Granted 8 threads to pid 115914 (CPUs 0+0)
Request from pid 115872: max_threads=65535, hint_threads=32
Granted 8 threads to pid 115872 (CPUs 0+0)
Request from pid 115914: max_threads=65535, hint_threads=32
Granted 8 threads to pid 115914 (CPUs 0+0)
Request from pid 115872: max_threads=65535, hint_threads=32
Granted 8 threads to pid 115872 (CPUs 0+0)
Request from pid 115914: max_threads=65535, hint_threads=32
Granted 8 threads to pid 115914 (CPUs 0+0)
Request from pid 115872: max_threads=65535, hint_threads=32
Granted 8 threads to pid 115872 (CPUs 0+0)
Request from pid 115914: max_threads=65535, hint_threads=32
Granted 10 threads to pid 115914 (CPUs 11+10)
Request from pid 115872: max_threads=65535, hint_threads=32
Granted 10 threads to pid 115872 (CPUs 21+10)
Request from pid 115914: max_threads=65535, hint_threads=32
Granted 10 threads to pid 115914 (CPUs 11+10)
Request from pid 115914: max_threads=65535, hint_threads=32
Granted 10 threads to pid 115914 (CPUs 11+10)
Request from pid 115872: max_threads=65535, hint_threads=32
Granted 10 threads to pid 115872 (CPUs 21+10)
Request from pid 115914: max_threads=65535, hint_threads=32
Granted 10 threads to pid 115914 (CPUs 11+10)
Request from pid 115872: max_threads=65535, hint_threads=32
Granted 10 threads to pid 115872 (CPUs 21+10)
Request from pid 115914: max_threads=65535, hint_threads=32
Granted 10 threads to pid 115914 (CPUs 11+10)
Request from pid 115872: max_threads=65535, hint_threads=32
Granted 10 threads to pid 115872 (CPUs 21+10)
Request from pid 115914: max_threads=65535, hint_threads=32
Granted 16 threads to pid 115914 (CPUs 1+16)
Request from pid 115872: max_threads=65535, hint_threads=32
Granted 16 threads to pid 115872 (CPUs 17+16)
Request from pid 115872: max_threads=65535, hint_threads=32
Granted 16 threads to pid 115872 (CPUs 17+16)
Request from pid 115914: max_threads=65535, hint_threads=32
Granted 16 threads to pid 115914 (CPUs 1+16)
Request from pid 115872: max_threads=65535, hint_threads=32
Granted 16 threads to pid 115872 (CPUs 17+16)
Request from pid 115914: max_threads=65535, hint_threads=32
Granted 16 threads to pid 115914 (CPUs 1+16)
Request from pid 115872: max_threads=65535, hint_threads=32
Granted 16 threads to pid 115872 (CPUs 17+16)
Request from pid 115872: max_threads=65535, hint_threads=32
Granted 16 threads to pid 115872 (CPUs 17+16)
Request from pid 115914: max_threads=65535, hint_threads=32
Granted 16 threads to pid 115914 (CPUs 1+16)
Request from pid 115872: max_threads=65535, hint_threads=32
Granted 16 threads to pid 115872 (CPUs 17+16)
Request from pid 115914: max_threads=65535, hint_threads=32
Granted 16 threads to pid 115914 (CPUs 1+16)
Request from pid 115914: max_threads=65535, hint_threads=32
Granted 16 threads to pid 115914 (CPUs 1+16)
Request from pid 115872: max_threads=65535, hint_threads=32
Granted 16 threads to pid 115872 (CPUs 17+16)
Request from pid 115872: max_threads=65535, hint_threads=32
Granted 16 threads to pid 115872 (CPUs 17+16)
Request from pid 115914: max_threads=65535, hint_threads=32
Granted 16 threads to pid 115914 (CPUs 1+16)
Request from pid 115872: max_threads=65535, hint_threads=32
Granted 16 threads to pid 115872 (CPUs 17+16)
Request from pid 115914: max_threads=65535, hint_threads=32
Granted 16 threads to pid 115914 (CPUs 1+16)
Request from pid 115914: max_threads=65535, hint_threads=32
Granted 16 threads to pid 115914 (CPUs 1+16)
Request from pid 115872: max_threads=65535, hint_threads=32
Granted 16 threads to pid 115872 (CPUs 17+16)
Request from pid 115872: max_threads=65535, hint_threads=32
Granted 16 threads to pid 115872 (CPUs 17+16)
Request from pid 115914: max_threads=65535, hint_threads=32
Granted 16 threads to pid 115914 (CPUs 1+16)
Request from pid 115872: max_threads=65535, hint_threads=32
Granted 16 threads to pid 115872 (CPUs 17+16)
Request from pid 115914: max_threads=65535, hint_threads=32
Granted 16 threads to pid 115914 (CPUs 1+16)
Request from pid 115914: max_threads=65535, hint_threads=32
Granted 16 threads to pid 115914 (CPUs 1+16)
Request from pid 115872: max_threads=65535, hint_threads=32
Granted 16 threads to pid 115872 (CPUs 17+16)
Request from pid 115914: max_threads=65535, hint_threads=32
Granted 16 threads to pid 115914 (CPUs 1+16)
Request from pid 115872: max_threads=65535, hint_threads=32
Granted 16 threads to pid 115872 (CPUs 17+16)
Request from pid 115914: max_threads=65535, hint_threads=32
Granted 16 threads to pid 115914 (CPUs 1+16)
Request from pid 115872: max_threads=65535, hint_threads=32
Granted 16 threads to pid 115872 (CPUs 17+16)
Request from pid 115914: max_threads=65535, hint_threads=32
Granted 16 threads to pid 115914 (CPUs 1+16)
Request from pid 115872: max_threads=65535, hint_threads=32
Granted 16 threads to pid 115872 (CPUs 17+16)
Request from pid 115914: max_threads=65535, hint_threads=32
Granted 16 threads to pid 115914 (CPUs 1+16)
Request from pid 115872: max_threads=65535, hint_threads=32
Granted 16 threads to pid 115872 (CPUs 17+16)
Request from pid 115914: max_threads=65535, hint_threads=32
Granted 16 threads to pid 115914 (CPUs 1+16)
Request from pid 115872: max_threads=65535, hint_threads=32
Granted 16 threads to pid 115872 (CPUs 17+16)
Request from pid 115872: max_threads=65535, hint_threads=32
Granted 16 threads to pid 115872 (CPUs 17+16)
Request from pid 115914: max_threads=65535, hint_threads=32
Granted 16 threads to pid 115914 (CPUs 1+16)
Request from pid 115872: max_threads=65535, hint_threads=32
Granted 16 threads to pid 115872 (CPUs 17+16)
Request from pid 115914: max_threads=65535, hint_threads=32
Granted 16 threads to pid 115914 (CPUs 1+16)
Request from pid 115872: max_threads=65535, hint_threads=32
Granted 16 threads to pid 115872 (CPUs 17+16)
Request from pid 115914: max_threads=65535, hint_threads=32
Granted 16 threads to pid 115914 (CPUs 1+16)
Request from pid 115872: max_threads=65535, hint_threads=32
Granted 16 threads to pid 115872 (CPUs 17+16)
Request from pid 115914: max_threads=65535, hint_threads=32
Granted 16 threads to pid 115914 (CPUs 1+16)
Request from pid 115872: max_threads=65535, hint_threads=32
Granted 16 threads to pid 115872 (CPUs 17+16)
Request from pid 115914: max_threads=65535, hint_threads=32
Granted 16 threads to pid 115914 (CPUs 1+16)
Client closed connection
Request from pid 115914: max_threads=65535, hint_threads=32
Granted 16 threads to pid 115914 (CPUs 1+16)
Accepted connection
Handling client
Request from pid 115993: max_threads=65535, hint_threads=32
Granted 10 threads to pid 115993 (CPUs 0+0)
Request from pid 115914: max_threads=65535, hint_threads=32
Granted 10 threads to pid 115914 (CPUs 1+10)
Request from pid 115914: max_threads=65535, hint_threads=32
Granted 10 threads to pid 115914 (CPUs 1+10)
Request from pid 115993: max_threads=65535, hint_threads=32
Granted 10 threads to pid 115993 (CPUs 0+0)
Request from pid 115993: max_threads=65535, hint_threads=32
Granted 10 threads to pid 115993 (CPUs 0+0)
Request from pid 115914: max_threads=65535, hint_threads=32
Granted 10 threads to pid 115914 (CPUs 1+10)
Request from pid 115993: max_threads=65535, hint_threads=32
Granted 10 threads to pid 115993 (CPUs 0+0)
Request from pid 115914: max_threads=65535, hint_threads=32
Granted 10 threads to pid 115914 (CPUs 1+10)
Request from pid 115993: max_threads=65535, hint_threads=32
Granted 10 threads to pid 115993 (CPUs 0+0)
Client closed connection
Accepted connection
Handling client
Request from pid 116033: max_threads=65535, hint_threads=32
Granted 8 threads to pid 116033 (CPUs 0+0)
Request from pid 115993: max_threads=65535, hint_threads=32
Granted 8 threads to pid 115993 (CPUs 0+0)
Request from pid 115993: max_threads=65535, hint_threads=32
Granted 8 threads to pid 115993 (CPUs 0+0)
Request from pid 115993: max_threads=65535, hint_threads=32
Granted 8 threads to pid 115993 (CPUs 0+0)
Request from pid 115993: max_threads=65535, hint_threads=32
Granted 8 threads to pid 115993 (CPUs 0+0)
Request from pid 115993: max_threads=65535, hint_threads=32
Granted 8 threads to pid 115993 (CPUs 0+0)
Request from pid 116033: max_threads=65535, hint_threads=32
Granted 8 threads to pid 116033 (CPUs 0+0)
Request from pid 115993: max_threads=65535, hint_threads=32
Granted 8 threads to pid 115993 (CPUs 0+0)
Request from pid 116033: max_threads=65535, hint_threads=32
Granted 8 threads to pid 116033 (CPUs 0+0)
Request from pid 115993: max_threads=65535, hint_threads=32
Granted 8 threads to pid 115993 (CPUs 0+0)
Request from pid 116033: max_threads=65535, hint_threads=32
Granted 8 threads to pid 116033 (CPUs 0+0)
Request from pid 115993: max_threads=65535, hint_threads=32
Granted 8 threads to pid 115993 (CPUs 0+0)
Request from pid 116033: max_threads=65535, hint_threads=32
Granted 8 threads to pid 116033 (CPUs 0+0)
Request from pid 115993: max_threads=65535, hint_threads=32
Granted 8 threads to pid 115993 (CPUs 0+0)
Request from pid 116033: max_threads=65535, hint_threads=32
Granted 8 threads to pid 116033 (CPUs 0+0)
Request from pid 115993: max_threads=65535, hint_threads=32
Granted 8 threads to pid 115993 (CPUs 0+0)
Request from pid 116033: max_threads=65535, hint_threads=32
Granted 8 threads to pid 116033 (CPUs 0+0)
Request from pid 115993: max_threads=65535, hint_threads=32
Granted 8 threads to pid 115993 (CPUs 0+0)
Request from pid 116033: max_threads=65535, hint_threads=32
Granted 8 threads to pid 116033 (CPUs 0+0)
Request from pid 116033: max_threads=65535, hint_threads=32
Granted 8 threads to pid 116033 (CPUs 0+0)
Request from pid 115993: max_threads=65535, hint_threads=32
Granted 8 threads to pid 115993 (CPUs 0+0)
Request from pid 115993: max_threads=65535, hint_threads=32
Granted 8 threads to pid 115993 (CPUs 0+0)
Request from pid 116033: max_threads=65535, hint_threads=32
Granted 8 threads to pid 116033 (CPUs 0+0)
Request from pid 115993: max_threads=65535, hint_threads=32
Granted 8 threads to pid 115993 (CPUs 0+0)
Request from pid 116033: max_threads=65535, hint_threads=32
Granted 8 threads to pid 116033 (CPUs 0+0)
Request from pid 115993: max_threads=65535, hint_threads=32
Granted 8 threads to pid 115993 (CPUs 0+0)
Request from pid 116033: max_threads=65535, hint_threads=32
Granted 8 threads to pid 116033 (CPUs 0+0)
Request from pid 115993: max_threads=65535, hint_threads=32
Granted 8 threads to pid 115993 (CPUs 0+0)
Request from pid 116033: max_threads=65535, hint_threads=32
Granted 8 threads to pid 116033 (CPUs 0+0)
Request from pid 115993: max_threads=65535, hint_threads=32
Granted 10 threads to pid 115993 (CPUs 11+10)
Request from pid 116033: max_threads=65535, hint_threads=32
Granted 10 threads to pid 116033 (CPUs 21+10)
Request from pid 115993: max_threads=65535, hint_threads=32
Granted 10 threads to pid 115993 (CPUs 11+10)
Request from pid 116033: max_threads=65535, hint_threads=32
Granted 10 threads to pid 116033 (CPUs 21+10)
Request from pid 115993: max_threads=65535, hint_threads=32
Granted 10 threads to pid 115993 (CPUs 11+10)
Request from pid 116033: max_threads=65535, hint_threads=32
Granted 10 threads to pid 116033 (CPUs 21+10)
Request from pid 115993: max_threads=65535, hint_threads=32
Granted 10 threads to pid 115993 (CPUs 11+10)
Request from pid 116033: max_threads=65535, hint_threads=32
Granted 10 threads to pid 116033 (CPUs 21+10)
Request from pid 115993: max_threads=65535, hint_threads=32
Granted 10 threads to pid 115993 (CPUs 11+10)
Request from pid 116033: max_threads=65535, hint_threads=32
Granted 10 threads to pid 116033 (CPUs 21+10)
Request from pid 115993: max_threads=65535, hint_threads=32
Granted 10 threads to pid 115993 (CPUs 11+10)
Request from pid 116033: max_threads=65535, hint_threads=32
Granted 10 threads to pid 116033 (CPUs 21+10)
Request from pid 116033: max_threads=65535, hint_threads=32
Granted 10 threads to pid 116033 (CPUs 21+10)
Request from pid 115993: max_threads=65535, hint_threads=32
Granted 10 threads to pid 115993 (CPUs 11+10)
Request from pid 116033: max_threads=65535, hint_threads=32
Granted 10 threads to pid 116033 (CPUs 21+10)
Request from pid 115993: max_threads=65535, hint_threads=32
Granted 10 threads to pid 115993 (CPUs 11+10)
Request from pid 116033: max_threads=65535, hint_threads=32
Granted 10 threads to pid 116033 (CPUs 21+10)
Request from pid 115993: max_threads=65535, hint_threads=32
Granted 10 threads to pid 115993 (CPUs 11+10)
Request from pid 116033: max_threads=65535, hint_threads=32
Granted 10 threads to pid 116033 (CPUs 21+10)
Request from pid 116033: max_threads=65535, hint_threads=32
Granted 10 threads to pid 116033 (CPUs 21+10)
Request from pid 115993: max_threads=65535, hint_threads=32
Granted 10 threads to pid 115993 (CPUs 11+10)
Request from pid 116033: max_threads=65535, hint_threads=32
Granted 10 threads to pid 116033 (CPUs 21+10)
Request from pid 115993: max_threads=65535, hint_threads=32
Granted 10 threads to pid 115993 (CPUs 11+10)
Request from pid 116033: max_threads=65535, hint_threads=32
Granted 16 threads to pid 116033 (CPUs 0+0)
Request from pid 115993: max_threads=65535, hint_threads=32
Granted 16 threads to pid 115993 (CPUs 1+16)
Request from pid 116033: max_threads=65535, hint_threads=32
Granted 16 threads to pid 116033 (CPUs 17+16)
Request from pid 115993: max_threads=65535, hint_threads=32
Granted 16 threads to pid 115993 (CPUs 1+16)
Request from pid 115993: max_threads=65535, hint_threads=32
Granted 16 threads to pid 115993 (CPUs 1+16)
Request from pid 116033: max_threads=65535, hint_threads=32
Granted 16 threads to pid 116033 (CPUs 17+16)
Request from pid 115993: max_threads=65535, hint_threads=32
Granted 16 threads to pid 115993 (CPUs 1+16)
Request from pid 116033: max_threads=65535, hint_threads=32
Granted 16 threads to pid 116033 (CPUs 17+16)
Request from pid 115993: max_threads=65535, hint_threads=32
Granted 16 threads to pid 115993 (CPUs 1+16)
Request from pid 115993: max_threads=65535, hint_threads=32
Granted 16 threads to pid 115993 (CPUs 1+16)
Request from pid 116033: max_threads=65535, hint_threads=32
Granted 16 threads to pid 116033 (CPUs 17+16)
Request from pid 115993: max_threads=65535, hint_threads=32
Granted 16 threads to pid 115993 (CPUs 1+16)
Request from pid 116033: max_threads=65535, hint_threads=32
Granted 16 threads to pid 116033 (CPUs 17+16)
Request from pid 115993: max_threads=65535, hint_threads=32
Granted 16 threads to pid 115993 (CPUs 1+16)
Request from pid 116033: max_threads=65535, hint_threads=32
Granted 16 threads to pid 116033 (CPUs 17+16)
Request from pid 115993: max_threads=65535, hint_threads=32
Granted 16 threads to pid 115993 (CPUs 1+16)
Request from pid 116033: max_threads=65535, hint_threads=32
Granted 16 threads to pid 116033 (CPUs 17+16)
Request from pid 115993: max_threads=65535, hint_threads=32
Granted 16 threads to pid 115993 (CPUs 1+16)
Request from pid 116033: max_threads=65535, hint_threads=32
Granted 16 threads to pid 116033 (CPUs 17+16)
Request from pid 115993: max_threads=65535, hint_threads=32
Granted 16 threads to pid 115993 (CPUs 1+16)
Request from pid 115993: max_threads=65535, hint_threads=32
Granted 16 threads to pid 115993 (CPUs 1+16)
Request from pid 116033: max_threads=65535, hint_threads=32
Granted 16 threads to pid 116033 (CPUs 17+16)
Request from pid 115993: max_threads=65535, hint_threads=32
Granted 16 threads to pid 115993 (CPUs 1+16)
Request from pid 116033: max_threads=65535, hint_threads=32
Granted 16 threads to pid 116033 (CPUs 17+16)
Request from pid 115993: max_threads=65535, hint_threads=32
Granted 16 threads to pid 115993 (CPUs 1+16)
Request from pid 116033: max_threads=65535, hint_threads=32
Granted 16 threads to pid 116033 (CPUs 17+16)
Request from pid 115993: max_threads=65535, hint_threads=32
Granted 16 threads to pid 115993 (CPUs 1+16)
Request from pid 116033: max_threads=65535, hint_threads=32
Granted 16 threads to pid 116033 (CPUs 17+16)
Request from pid 115993: max_threads=65535, hint_threads=32
Granted 16 threads to pid 115993 (CPUs 1+16)
Request from pid 116033: max_threads=65535, hint_threads=32
Granted 16 threads to pid 116033 (CPUs 17+16)
Request from pid 115993: max_threads=65535, hint_threads=32
Granted 16 threads to pid 115993 (CPUs 1+16)
Request from pid 116033: max_threads=65535, hint_threads=32
Granted 16 threads to pid 116033 (CPUs 17+16)
Request from pid 115993: max_threads=65535, hint_threads=32
Granted 16 threads to pid 115993 (CPUs 1+16)
Request from pid 116033: max_threads=65535, hint_threads=32
Granted 16 threads to pid 116033 (CPUs 17+16)
Request from pid 115993: max_threads=65535, hint_threads=32
Granted 16 threads to pid 115993 (CPUs 1+16)
Request from pid 116033: max_threads=65535, hint_threads=32
Granted 16 threads to pid 116033 (CPUs 17+16)
Request from pid 116033: max_threads=65535, hint_threads=32
Granted 16 threads to pid 116033 (CPUs 17+16)
Request from pid 115993: max_threads=65535, hint_threads=32
Granted 16 threads to pid 115993 (CPUs 1+16)
Request from pid 116033: max_threads=65535, hint_threads=32
Granted 16 threads to pid 116033 (CPUs 17+16)
Request from pid 116033: max_threads=65535, hint_threads=32
Granted 16 threads to pid 116033 (CPUs 17+16)
Request from pid 115993: max_threads=65535, hint_threads=32
Granted 16 threads to pid 115993 (CPUs 1+16)
Request from pid 116033: max_threads=65535, hint_threads=32
Granted 16 threads to pid 116033 (CPUs 17+16)
Request from pid 115993: max_threads=65535, hint_threads=32
Granted 16 threads to pid 115993 (CPUs 1+16)
Request from pid 116033: max_threads=65535, hint_threads=32
Granted 16 threads to pid 116033 (CPUs 17+16)
Request from pid 115993: max_threads=65535, hint_threads=32
Granted 16 threads to pid 115993 (CPUs 1+16)
Request from pid 116033: max_threads=65535, hint_threads=32
Granted 16 threads to pid 116033 (CPUs 17+16)
Request from pid 115993: max_threads=65535, hint_threads=32
Granted 16 threads to pid 115993 (CPUs 1+16)
Request from pid 116033: max_threads=65535, hint_threads=32
Granted 16 threads to pid 116033 (CPUs 17+16)
Request from pid 115993: max_threads=65535, hint_threads=32
Granted 16 threads to pid 115993 (CPUs 1+16)
Request from pid 116033: max_threads=65535, hint_threads=32
Granted 16 threads to pid 116033 (CPUs 17+16)
Request from pid 116033: max_threads=65535, hint_threads=32
Granted 16 threads to pid 116033 (CPUs 17+16)
Request from pid 115993: max_threads=65535, hint_threads=32
Granted 16 threads to pid 115993 (CPUs 1+16)
Request from pid 116033: max_threads=65535, hint_threads=32
Granted 16 threads to pid 116033 (CPUs 17+16)
Request from pid 115993: max_threads=65535, hint_threads=32
Granted 16 threads to pid 115993 (CPUs 1+16)
Client closed connection
Request from pid 116033: max_threads=65535, hint_threads=32
Granted 16 threads to pid 116033 (CPUs 17+16)
Accepted connection
Handling client
Request from pid 116153: max_threads=65535, hint_threads=32
Granted 10 threads to pid 116153 (CPUs 0+0)
Request from pid 116033: max_threads=65535, hint_threads=32
Granted 10 threads to pid 116033 (CPUs 17+10)
Request from pid 116033: max_threads=65535, hint_threads=32
Granted 10 threads to pid 116033 (CPUs 17+10)
Request from pid 116033: max_threads=65535, hint_threads=32
Granted 10 threads to pid 116033 (CPUs 17+10)
Request from pid 116153: max_threads=65535, hint_threads=32
Granted 10 threads to pid 116153 (CPUs 0+0)
Request from pid 116033: max_threads=65535, hint_threads=32
Granted 10 threads to pid 116033 (CPUs 17+10)
Request from pid 116153: max_threads=65535, hint_threads=32
Granted 10 threads to pid 116153 (CPUs 0+0)
Request from pid 116033: max_threads=65535, hint_threads=32
Granted 10 threads to pid 116033 (CPUs 17+10)
Request from pid 116153: max_threads=65535, hint_threads=32
Granted 10 threads to pid 116153 (CPUs 0+0)
Request from pid 116033: max_threads=65535, hint_threads=32
Granted 10 threads to pid 116033 (CPUs 17+10)
Request from pid 116153: max_threads=65535, hint_threads=32
Granted 10 threads to pid 116153 (CPUs 0+0)
Request from pid 116033: max_threads=65535, hint_threads=32
Granted 10 threads to pid 116033 (CPUs 17+10)
Client closed connection
Accepted connection
Handling client
Request from pid 116194: max_threads=65535, hint_threads=32
Granted 8 threads to pid 116194 (CPUs 0+0)
Request from pid 116153: max_threads=65535, hint_threads=32
Granted 8 threads to pid 116153 (CPUs 0+0)
Request from pid 116153: max_threads=65535, hint_threads=32
Granted 8 threads to pid 116153 (CPUs 0+0)
Request from pid 116153: max_threads=65535, hint_threads=32
Granted 8 threads to pid 116153 (CPUs 0+0)
Request from pid 116194: max_threads=65535, hint_threads=32
Granted 8 threads to pid 116194 (CPUs 0+0)
Request from pid 116153: max_threads=65535, hint_threads=32
Granted 8 threads to pid 116153 (CPUs 0+0)
Request from pid 116194: max_threads=65535, hint_threads=32
Granted 8 threads to pid 116194 (CPUs 0+0)
Request from pid 116194: max_threads=65535, hint_threads=32
Granted 8 threads to pid 116194 (CPUs 0+0)
Request from pid 116153: max_threads=65535, hint_threads=32
Granted 8 threads to pid 116153 (CPUs 0+0)
Request from pid 116194: max_threads=65535, hint_threads=32
Granted 8 threads to pid 116194 (CPUs 0+0)
Request from pid 116153: max_threads=65535, hint_threads=32
Granted 8 threads to pid 116153 (CPUs 0+0)
Request from pid 116194: max_threads=65535, hint_threads=32
Granted 8 threads to pid 116194 (CPUs 0+0)
Request from pid 116153: max_threads=65535, hint_threads=32
Granted 8 threads to pid 116153 (CPUs 0+0)
Request from pid 116194: max_threads=65535, hint_threads=32
Granted 8 threads to pid 116194 (CPUs 0+0)
Request from pid 116153: max_threads=65535, hint_threads=32
Granted 8 threads to pid 116153 (CPUs 0+0)
Request from pid 116153: max_threads=65535, hint_threads=32
Granted 8 threads to pid 116153 (CPUs 0+0)
Request from pid 116194: max_threads=65535, hint_threads=32
Granted 8 threads to pid 116194 (CPUs 0+0)
Request from pid 116194: max_threads=65535, hint_threads=32
Granted 8 threads to pid 116194 (CPUs 0+0)
Request from pid 116153: max_threads=65535, hint_threads=32
Granted 8 threads to pid 116153 (CPUs 0+0)
Request from pid 116153: max_threads=65535, hint_threads=32
Granted 10 threads to pid 116153 (CPUs 1+10)
Request from pid 116194: max_threads=65535, hint_threads=32
Granted 10 threads to pid 116194 (CPUs 0+0)
Request from pid 116153: max_threads=65535, hint_threads=32
Granted 10 threads to pid 116153 (CPUs 1+10)
Request from pid 116194: max_threads=65535, hint_threads=32
Granted 10 threads to pid 116194 (CPUs 0+0)
Request from pid 116153: max_threads=65535, hint_threads=32
Granted 10 threads to pid 116153 (CPUs 1+10)
Request from pid 116194: max_threads=65535, hint_threads=32
Granted 10 threads to pid 116194 (CPUs 0+0)
Request from pid 116153: max_threads=65535, hint_threads=32
Granted 10 threads to pid 116153 (CPUs 1+10)
Request from pid 116153: max_threads=65535, hint_threads=32
Granted 10 threads to pid 116153 (CPUs 1+10)
Request from pid 116194: max_threads=65535, hint_threads=32
Granted 10 threads to pid 116194 (CPUs 0+0)
Request from pid 116153: max_threads=65535, hint_threads=32
Granted 10 threads to pid 116153 (CPUs 1+10)
Request from pid 116194: max_threads=65535, hint_threads=32
Granted 10 threads to pid 116194 (CPUs 0+0)
Request from pid 116153: max_threads=65535, hint_threads=32
Granted 10 threads to pid 116153 (CPUs 1+10)
Request from pid 116194: max_threads=65535, hint_threads=32
Granted 10 threads to pid 116194 (CPUs 0+0)
Request from pid 116153: max_threads=65535, hint_threads=32
Granted 10 threads to pid 116153 (CPUs 1+10)
Request from pid 116194: max_threads=65535, hint_threads=32
Granted 16 threads to pid 116194 (CPUs 11+16)
Request from pid 116153: max_threads=65535, hint_threads=32
Granted 16 threads to pid 116153 (CPUs 0+0)
Request from pid 116194: max_threads=65535, hint_threads=32
Granted 16 threads to pid 116194 (CPUs 11+16)
Request from pid 116153: max_threads=65535, hint_threads=32
Granted 16 threads to pid 116153 (CPUs 0+0)
Request from pid 116194: max_threads=65535, hint_threads=32
Granted 16 threads to pid 116194 (CPUs 11+16)
Request from pid 116153: max_threads=65535, hint_threads=32
Granted 16 threads to pid 116153 (CPUs 0+0)
Request from pid 116194: max_threads=65535, hint_threads=32
Granted 16 threads to pid 116194 (CPUs 11+16)
Request from pid 116153: max_threads=65535, hint_threads=32
Granted 16 threads to pid 116153 (CPUs 0+0)
Request from pid 116153: max_threads=65535, hint_threads=32
Granted 16 threads to pid 116153 (CPUs 0+0)
Request from pid 116194: max_threads=65535, hint_threads=32
Granted 16 threads to pid 116194 (CPUs 11+16)
Request from pid 116153: max_threads=65535, hint_threads=32
Granted 16 threads to pid 116153 (CPUs 0+0)
Request from pid 116194: max_threads=65535, hint_threads=32
Granted 16 threads to pid 116194 (CPUs 11+16)
Request from pid 116194: max_threads=65535, hint_threads=32
Granted 16 threads to pid 116194 (CPUs 11+16)
Request from pid 116153: max_threads=65535, hint_threads=32
Granted 16 threads to pid 116153 (CPUs 0+0)
Request from pid 116153: max_threads=65535, hint_threads=32
Granted 16 threads to pid 116153 (CPUs 0+0)
Request from pid 116194: max_threads=65535, hint_threads=32
Granted 16 threads to pid 116194 (CPUs 11+16)
Request from pid 116153: max_threads=65535, hint_threads=32
Granted 16 threads to pid 116153 (CPUs 0+0)
Request from pid 116194: max_threads=65535, hint_threads=32
Granted 16 threads to pid 116194 (CPUs 11+16)
Request from pid 116194: max_threads=65535, hint_threads=32
Granted 16 threads to pid 116194 (CPUs 11+16)
Request from pid 116153: max_threads=65535, hint_threads=32
Granted 16 threads to pid 116153 (CPUs 0+0)
Request from pid 116153: max_threads=65535, hint_threads=32
Granted 16 threads to pid 116153 (CPUs 0+0)
Request from pid 116194: max_threads=65535, hint_threads=32
Granted 16 threads to pid 116194 (CPUs 11+16)
Request from pid 116153: max_threads=65535, hint_threads=32
Granted 16 threads to pid 116153 (CPUs 0+0)
Request from pid 116194: max_threads=65535, hint_threads=32
Granted 16 threads to pid 116194 (CPUs 11+16)
Request from pid 116194: max_threads=65535, hint_threads=32
Granted 16 threads to pid 116194 (CPUs 11+16)
Request from pid 116153: max_threads=65535, hint_threads=32
Granted 16 threads to pid 116153 (CPUs 0+0)
Request from pid 116194: max_threads=65535, hint_threads=32
Granted 16 threads to pid 116194 (CPUs 11+16)
Request from pid 116153: max_threads=65535, hint_threads=32
Granted 16 threads to pid 116153 (CPUs 0+0)
Request from pid 116194: max_threads=65535, hint_threads=32
Granted 16 threads to pid 116194 (CPUs 11+16)
Request from pid 116153: max_threads=65535, hint_threads=32
Granted 16 threads to pid 116153 (CPUs 0+0)
Request from pid 116194: max_threads=65535, hint_threads=32
Granted 16 threads to pid 116194 (CPUs 11+16)
Request from pid 116153: max_threads=65535, hint_threads=32
Granted 16 threads to pid 116153 (CPUs 0+0)
Request from pid 116153: max_threads=65535, hint_threads=32
Granted 16 threads to pid 116153 (CPUs 0+0)
Request from pid 116194: max_threads=65535, hint_threads=32
Granted 16 threads to pid 116194 (CPUs 11+16)
Request from pid 116153: max_threads=65535, hint_threads=32
Granted 16 threads to pid 116153 (CPUs 0+0)
Request from pid 116194: max_threads=65535, hint_threads=32
Granted 16 threads to pid 116194 (CPUs 11+16)
Request from pid 116153: max_threads=65535, hint_threads=32
Granted 16 threads to pid 116153 (CPUs 0+0)
Request from pid 116194: max_threads=65535, hint_threads=32
Granted 16 threads to pid 116194 (CPUs 11+16)
Request from pid 116153: max_threads=65535, hint_threads=32
Granted 16 threads to pid 116153 (CPUs 0+0)
Client closed connection
Accepted connection
Handling client
Request from pid 116461: max_threads=65535, hint_threads=32
Granted 10 threads to pid 116461 (CPUs 1+10)
Request from pid 116194: max_threads=65535, hint_threads=32
Granted 10 threads to pid 116194 (CPUs 11+10)
Request from pid 116194: max_threads=65535, hint_threads=32
Granted 10 threads to pid 116194 (CPUs 11+10)
Request from pid 116194: max_threads=65535, hint_threads=32
Granted 10 threads to pid 116194 (CPUs 11+10)
Request from pid 116194: max_threads=65535, hint_threads=32
Granted 10 threads to pid 116194 (CPUs 11+10)
Request from pid 116461: max_threads=65535, hint_threads=32
Granted 10 threads to pid 116461 (CPUs 1+10)
Request from pid 116461: max_threads=65535, hint_threads=32
Granted 10 threads to pid 116461 (CPUs 1+10)
Request from pid 116194: max_threads=65535, hint_threads=32
Granted 10 threads to pid 116194 (CPUs 11+10)
Request from pid 116461: max_threads=65535, hint_threads=32
Granted 10 threads to pid 116461 (CPUs 1+10)
Request from pid 116194: max_threads=65535, hint_threads=32
Granted 10 threads to pid 116194 (CPUs 11+10)
Request from pid 116461: max_threads=65535, hint_threads=32
Granted 10 threads to pid 116461 (CPUs 1+10)
Request from pid 116461: max_threads=65535, hint_threads=32
Granted 10 threads to pid 116461 (CPUs 1+10)
Request from pid 116194: max_threads=65535, hint_threads=32
Granted 10 threads to pid 116194 (CPUs 11+10)
Request from pid 116194: max_threads=65535, hint_threads=32
Granted 10 threads to pid 116194 (CPUs 11+10)
Request from pid 116461: max_threads=65535, hint_threads=32
Granted 10 threads to pid 116461 (CPUs 1+10)
Request from pid 116194: max_threads=65535, hint_threads=32
Granted 10 threads to pid 116194 (CPUs 11+10)
Request from pid 116461: max_threads=65535, hint_threads=32
Granted 10 threads to pid 116461 (CPUs 1+10)
Request from pid 116194: max_threads=65535, hint_threads=32
Granted 10 threads to pid 116194 (CPUs 11+10)
Request from pid 116461: max_threads=65535, hint_threads=32
Granted 10 threads to pid 116461 (CPUs 1+10)
Request from pid 116194: max_threads=65535, hint_threads=32
Granted 10 threads to pid 116194 (CPUs 11+10)
Request from pid 116461: max_threads=65535, hint_threads=32
Granted 10 threads to pid 116461 (CPUs 1+10)
Request from pid 116194: max_threads=65535, hint_threads=32
Granted 10 threads to pid 116194 (CPUs 11+10)
Request from pid 116461: max_threads=65535, hint_threads=32
Granted 10 threads to pid 116461 (CPUs 1+10)
Request from pid 116194: max_threads=65535, hint_threads=32
Granted 10 threads to pid 116194 (CPUs 11+10)
Client closed connection
Request from pid 116461: max_threads=65535, hint_threads=32
Granted 10 threads to pid 116461 (CPUs 1+10)
Accepted connection
Handling client
Request from pid 116503: max_threads=65535, hint_threads=32
Granted 8 threads to pid 116503 (CPUs 21+8)
Request from pid 116461: max_threads=65535, hint_threads=32
Granted 8 threads to pid 116461 (CPUs 1+8)
Request from pid 116461: max_threads=65535, hint_threads=32
Granted 8 threads to pid 116461 (CPUs 1+8)
Request from pid 116461: max_threads=65535, hint_threads=32
Granted 8 threads to pid 116461 (CPUs 1+8)
Request from pid 116503: max_threads=65535, hint_threads=32
Granted 8 threads to pid 116503 (CPUs 21+8)
Request from pid 116461: max_threads=65535, hint_threads=32
Granted 8 threads to pid 116461 (CPUs 1+8)
Request from pid 116503: max_threads=65535, hint_threads=32
Granted 8 threads to pid 116503 (CPUs 21+8)
Request from pid 116503: max_threads=65535, hint_threads=32
Granted 8 threads to pid 116503 (CPUs 21+8)
Request from pid 116461: max_threads=65535, hint_threads=32
Granted 8 threads to pid 116461 (CPUs 1+8)
Request from pid 116503: max_threads=65535, hint_threads=32
Granted 8 threads to pid 116503 (CPUs 21+8)
Request from pid 116461: max_threads=65535, hint_threads=32
Granted 8 threads to pid 116461 (CPUs 1+8)
Request from pid 116461: max_threads=65535, hint_threads=32
Granted 8 threads to pid 116461 (CPUs 1+8)
Request from pid 116503: max_threads=65535, hint_threads=32
Granted 8 threads to pid 116503 (CPUs 21+8)
Request from pid 116461: max_threads=65535, hint_threads=32
Granted 8 threads to pid 116461 (CPUs 1+8)
Request from pid 116503: max_threads=65535, hint_threads=32
Granted 8 threads to pid 116503 (CPUs 21+8)
Request from pid 116461: max_threads=65535, hint_threads=32
Granted 10 threads to pid 116461 (CPUs 1+10)
Request from pid 116461: max_threads=65535, hint_threads=32
Granted 10 threads to pid 116461 (CPUs 1+10)
Request from pid 116503: max_threads=65535, hint_threads=32
Granted 10 threads to pid 116503 (CPUs 21+10)
Request from pid 116503: max_threads=65535, hint_threads=32
Granted 10 threads to pid 116503 (CPUs 21+10)
Request from pid 116461: max_threads=65535, hint_threads=32
Granted 10 threads to pid 116461 (CPUs 1+10)
Request from pid 116503: max_threads=65535, hint_threads=32
Granted 10 threads to pid 116503 (CPUs 21+10)
Request from pid 116461: max_threads=65535, hint_threads=32
Granted 10 threads to pid 116461 (CPUs 1+10)
Request from pid 116461: max_threads=65535, hint_threads=32
Granted 10 threads to pid 116461 (CPUs 1+10)
Request from pid 116503: max_threads=65535, hint_threads=32
Granted 10 threads to pid 116503 (CPUs 21+10)
Request from pid 116461: max_threads=65535, hint_threads=32
Granted 10 threads to pid 116461 (CPUs 1+10)
Request from pid 116503: max_threads=65535, hint_threads=32
Granted 10 threads to pid 116503 (CPUs 21+10)
Request from pid 116461: max_threads=65535, hint_threads=32
Granted 10 threads to pid 116461 (CPUs 1+10)
Request from pid 116503: max_threads=65535, hint_threads=32
Granted 10 threads to pid 116503 (CPUs 21+10)
Request from pid 116461: max_threads=65535, hint_threads=32
Granted 10 threads to pid 116461 (CPUs 1+10)
Request from pid 116503: max_threads=65535, hint_threads=32
Granted 10 threads to pid 116503 (CPUs 21+10)
Request from pid 116461: max_threads=65535, hint_threads=32
Granted 10 threads to pid 116461 (CPUs 1+10)
Request from pid 116503: max_threads=65535, hint_threads=32
Granted 10 threads to pid 116503 (CPUs 21+10)
Request from pid 116461: max_threads=65535, hint_threads=32
Granted 10 threads to pid 116461 (CPUs 1+10)
Request from pid 116461: max_threads=65535, hint_threads=32
Granted 10 threads to pid 116461 (CPUs 1+10)
Request from pid 116503: max_threads=65535, hint_threads=32
Granted 10 threads to pid 116503 (CPUs 21+10)
Request from pid 116461: max_threads=65535, hint_threads=32
Granted 10 threads to pid 116461 (CPUs 1+10)
Request from pid 116503: max_threads=65535, hint_threads=32
Granted 10 threads to pid 116503 (CPUs 21+10)
Request from pid 116461: max_threads=65535, hint_threads=32
Granted 16 threads to pid 116461 (CPUs 1+16)
Request from pid 116503: max_threads=65535, hint_threads=32
Granted 16 threads to pid 116503 (CPUs 17+16)
Request from pid 116461: max_threads=65535, hint_threads=32
Granted 16 threads to pid 116461 (CPUs 1+16)
Request from pid 116461: max_threads=65535, hint_threads=32
Granted 16 threads to pid 116461 (CPUs 1+16)
Request from pid 116503: max_threads=65535, hint_threads=32
Granted 16 threads to pid 116503 (CPUs 17+16)
Request from pid 116461: max_threads=65535, hint_threads=32
Granted 16 threads to pid 116461 (CPUs 1+16)
Request from pid 116503: max_threads=65535, hint_threads=32
Granted 16 threads to pid 116503 (CPUs 17+16)
Request from pid 116461: max_threads=65535, hint_threads=32
Granted 16 threads to pid 116461 (CPUs 1+16)
Request from pid 116503: max_threads=65535, hint_threads=32
Granted 16 threads to pid 116503 (CPUs 17+16)
Request from pid 116461: max_threads=65535, hint_threads=32
Granted 16 threads to pid 116461 (CPUs 1+16)
Request from pid 116503: max_threads=65535, hint_threads=32
Granted 16 threads to pid 116503 (CPUs 17+16)
Request from pid 116461: max_threads=65535, hint_threads=32
Granted 16 threads to pid 116461 (CPUs 1+16)
Request from pid 116461: max_threads=65535, hint_threads=32
Granted 16 threads to pid 116461 (CPUs 1+16)
Request from pid 116503: max_threads=65535, hint_threads=32
Granted 16 threads to pid 116503 (CPUs 17+16)
Request from pid 116461: max_threads=65535, hint_threads=32
Granted 16 threads to pid 116461 (CPUs 1+16)
Request from pid 116503: max_threads=65535, hint_threads=32
Granted 16 threads to pid 116503 (CPUs 17+16)
Request from pid 116461: max_threads=65535, hint_threads=32
Granted 16 threads to pid 116461 (CPUs 1+16)
Request from pid 116503: max_threads=65535, hint_threads=32
Granted 16 threads to pid 116503 (CPUs 17+16)
Request from pid 116461: max_threads=65535, hint_threads=32
Granted 16 threads to pid 116461 (CPUs 1+16)
Request from pid 116503: max_threads=65535, hint_threads=32
Granted 16 threads to pid 116503 (CPUs 17+16)
Request from pid 116503: max_threads=65535, hint_threads=32
Granted 16 threads to pid 116503 (CPUs 17+16)
Request from pid 116461: max_threads=65535, hint_threads=32
Granted 16 threads to pid 116461 (CPUs 1+16)
Request from pid 116503: max_threads=65535, hint_threads=32
Granted 16 threads to pid 116503 (CPUs 17+16)
Request from pid 116461: max_threads=65535, hint_threads=32
Granted 16 threads to pid 116461 (CPUs 1+16)
Request from pid 116461: max_threads=65535, hint_threads=32
Granted 16 threads to pid 116461 (CPUs 1+16)
Request from pid 116503: max_threads=65535, hint_threads=32
Granted 16 threads to pid 116503 (CPUs 17+16)
Request from pid 116461: max_threads=65535, hint_threads=32
Granted 16 threads to pid 116461 (CPUs 1+16)
Request from pid 116503: max_threads=65535, hint_threads=32
Granted 16 threads to pid 116503 (CPUs 17+16)
Request from pid 116461: max_threads=65535, hint_threads=32
Granted 16 threads to pid 116461 (CPUs 1+16)
Request from pid 116503: max_threads=65535, hint_threads=32
Granted 16 threads to pid 116503 (CPUs 17+16)
Request from pid 116461: max_threads=65535, hint_threads=32
Granted 16 threads to pid 116461 (CPUs 1+16)
Client closed connection
Accepted connection
Handling client
Request from pid 116582: max_threads=65535, hint_threads=32
Granted 10 threads to pid 116582 (CPUs 0+0)
Request from pid 116503: max_threads=65535, hint_threads=32
Granted 10 threads to pid 116503 (CPUs 17+10)
Request from pid 116503: max_threads=65535, hint_threads=32
Granted 10 threads to pid 116503 (CPUs 17+10)
Request from pid 116503: max_threads=65535, hint_threads=32
Granted 10 threads to pid 116503 (CPUs 17+10)
Request from pid 116582: max_threads=65535, hint_threads=32
Granted 10 threads to pid 116582 (CPUs 0+0)
Request from pid 116503: max_threads=65535, hint_threads=32
Granted 10 threads to pid 116503 (CPUs 17+10)
Request from pid 116582: max_threads=65535, hint_threads=32
Granted 10 threads to pid 116582 (CPUs 0+0)
Request from pid 116503: max_threads=65535, hint_threads=32
Granted 10 threads to pid 116503 (CPUs 17+10)
Request from pid 116582: max_threads=65535, hint_threads=32
Granted 10 threads to pid 116582 (CPUs 0+0)
Request from pid 116503: max_threads=65535, hint_threads=32
Granted 10 threads to pid 116503 (CPUs 17+10)
Request from pid 116582: max_threads=65535, hint_threads=32
Granted 10 threads to pid 116582 (CPUs 0+0)
Request from pid 116503: max_threads=65535, hint_threads=32
Granted 10 threads to pid 116503 (CPUs 17+10)
Request from pid 116582: max_threads=65535, hint_threads=32
Granted 10 threads to pid 116582 (CPUs 0+0)
Request from pid 116503: max_threads=65535, hint_threads=32
Granted 10 threads to pid 116503 (CPUs 17+10)
Request from pid 116582: max_threads=65535, hint_threads=32
Granted 10 threads to pid 116582 (CPUs 0+0)
Request from pid 116503: max_threads=65535, hint_threads=32
Granted 10 threads to pid 116503 (CPUs 17+10)
Request from pid 116582: max_threads=65535, hint_threads=32
Granted 10 threads to pid 116582 (CPUs 0+0)
Request from pid 116503: max_threads=65535, hint_threads=32
Granted 10 threads to pid 116503 (CPUs 17+10)
Request from pid 116582: max_threads=65535, hint_threads=32
Granted 10 threads to pid 116582 (CPUs 0+0)
Request from pid 116503: max_threads=65535, hint_threads=32
Granted 10 threads to pid 116503 (CPUs 17+10)
Request from pid 116582: max_threads=65535, hint_threads=32
Granted 10 threads to pid 116582 (CPUs 0+0)
Request from pid 116503: max_threads=65535, hint_threads=32
Granted 10 threads to pid 116503 (CPUs 17+10)
Request from pid 116582: max_threads=65535, hint_threads=32
Granted 10 threads to pid 116582 (CPUs 0+0)
Request from pid 116503: max_threads=65535, hint_threads=32
Granted 10 threads to pid 116503 (CPUs 17+10)
Client closed connection
Accepted connection
Handling client
Request from pid 116622: max_threads=65535, hint_threads=32
Granted 8 threads to pid 116622 (CPUs 0+0)
Request from pid 116582: max_threads=65535, hint_threads=32
Granted 8 threads to pid 116582 (CPUs 0+0)
Request from pid 116582: max_threads=65535, hint_threads=32
Granted 8 threads to pid 116582 (CPUs 0+0)
Request from pid 116582: max_threads=65535, hint_threads=32
Granted 8 threads to pid 116582 (CPUs 0+0)
Request from pid 116622: max_threads=65535, hint_threads=32
Granted 8 threads to pid 116622 (CPUs 0+0)
Request from pid 116582: max_threads=65535, hint_threads=32
Granted 8 threads to pid 116582 (CPUs 0+0)
Request from pid 116622: max_threads=65535, hint_threads=32
Granted 8 threads to pid 116622 (CPUs 0+0)
Request from pid 116622: max_threads=65535, hint_threads=32
Granted 8 threads to pid 116622 (CPUs 0+0)
Request from pid 116582: max_threads=65535, hint_threads=32
Granted 8 threads to pid 116582 (CPUs 0+0)
Request from pid 116622: max_threads=65535, hint_threads=32
Granted 8 threads to pid 116622 (CPUs 0+0)
Request from pid 116582: max_threads=65535, hint_threads=32
Granted 8 threads to pid 116582 (CPUs 0+0)
Request from pid 116582: max_threads=65535, hint_threads=32
Granted 10 threads to pid 116582 (CPUs 1+10)
Request from pid 116622: max_threads=65535, hint_threads=32
Granted 10 threads to pid 116622 (CPUs 0+0)
Request from pid 116582: max_threads=65535, hint_threads=32
Granted 10 threads to pid 116582 (CPUs 1+10)
Request from pid 116622: max_threads=65535, hint_threads=32
Granted 10 threads to pid 116622 (CPUs 0+0)
Request from pid 116582: max_threads=65535, hint_threads=32
Granted 10 threads to pid 116582 (CPUs 1+10)
Request from pid 116622: max_threads=65535, hint_threads=32
Granted 10 threads to pid 116622 (CPUs 0+0)
Request from pid 116582: max_threads=65535, hint_threads=32
Granted 10 threads to pid 116582 (CPUs 1+10)
Request from pid 116622: max_threads=65535, hint_threads=32
Granted 10 threads to pid 116622 (CPUs 0+0)
Request from pid 116582: max_threads=65535, hint_threads=32
Granted 10 threads to pid 116582 (CPUs 1+10)
Request from pid 116622: max_threads=65535, hint_threads=32
Granted 10 threads to pid 116622 (CPUs 0+0)
Request from pid 116582: max_threads=65535, hint_threads=32
Granted 10 threads to pid 116582 (CPUs 1+10)
Request from pid 116622: max_threads=65535, hint_threads=32
Granted 10 threads to pid 116622 (CPUs 0+0)
Request from pid 116582: max_threads=65535, hint_threads=32
Granted 10 threads to pid 116582 (CPUs 1+10)
Request from pid 116622: max_threads=65535, hint_threads=32
Granted 10 threads to pid 116622 (CPUs 0+0)
Request from pid 116582: max_threads=65535, hint_threads=32
Granted 10 threads to pid 116582 (CPUs 1+10)
Request from pid 116582: max_threads=65535, hint_threads=32
Granted 10 threads to pid 116582 (CPUs 1+10)
Request from pid 116622: max_threads=65535, hint_threads=32
Granted 10 threads to pid 116622 (CPUs 0+0)
Request from pid 116622: max_threads=65535, hint_threads=32
Granted 10 threads to pid 116622 (CPUs 0+0)
Request from pid 116582: max_threads=65535, hint_threads=32
Granted 10 threads to pid 116582 (CPUs 1+10)
Request from pid 116622: max_threads=65535, hint_threads=32
Granted 10 threads to pid 116622 (CPUs 0+0)
Request from pid 116582: max_threads=65535, hint_threads=32
Granted 10 threads to pid 116582 (CPUs 1+10)
Request from pid 116582: max_threads=65535, hint_threads=32
Granted 10 threads to pid 116582 (CPUs 1+10)
Request from pid 116622: max_threads=65535, hint_threads=32
Granted 10 threads to pid 116622 (CPUs 0+0)
Request from pid 116582: max_threads=65535, hint_threads=32
Granted 10 threads to pid 116582 (CPUs 1+10)
Request from pid 116622: max_threads=65535, hint_threads=32
Granted 10 threads to pid 116622 (CPUs 0+0)
Request from pid 116582: max_threads=65535, hint_threads=32
Granted 16 threads to pid 116582 (CPUs 1+16)
Request from pid 116622: max_threads=65535, hint_threads=32
Granted 16 threads to pid 116622 (CPUs 17+16)
Request from pid 116582: max_threads=65535, hint_threads=32
Granted 16 threads to pid 116582 (CPUs 1+16)
Request from pid 116622: max_threads=65535, hint_threads=32
Granted 16 threads to pid 116622 (CPUs 17+16)
Request from pid 116582: max_threads=65535, hint_threads=32
Granted 16 threads to pid 116582 (CPUs 1+16)
Request from pid 116622: max_threads=65535, hint_threads=32
Granted 16 threads to pid 116622 (CPUs 17+16)
Request from pid 116582: max_threads=65535, hint_threads=32
Granted 16 threads to pid 116582 (CPUs 1+16)
Request from pid 116622: max_threads=65535, hint_threads=32
Granted 16 threads to pid 116622 (CPUs 17+16)
Request from pid 116582: max_threads=65535, hint_threads=32
Granted 16 threads to pid 116582 (CPUs 1+16)
Request from pid 116622: max_threads=65535, hint_threads=32
Granted 16 threads to pid 116622 (CPUs 17+16)
Request from pid 116582: max_threads=65535, hint_threads=32
Granted 16 threads to pid 116582 (CPUs 1+16)
Request from pid 116622: max_threads=65535, hint_threads=32
Granted 16 threads to pid 116622 (CPUs 17+16)
Request from pid 116582: max_threads=65535, hint_threads=32
Granted 16 threads to pid 116582 (CPUs 1+16)
Request from pid 116622: max_threads=65535, hint_threads=32
Granted 16 threads to pid 116622 (CPUs 17+16)
Request from pid 116582: max_threads=65535, hint_threads=32
Granted 16 threads to pid 116582 (CPUs 1+16)
Request from pid 116582: max_threads=65535, hint_threads=32
Granted 16 threads to pid 116582 (CPUs 1+16)
Request from pid 116622: max_threads=65535, hint_threads=32
Granted 16 threads to pid 116622 (CPUs 17+16)
Request from pid 116622: max_threads=65535, hint_threads=32
Granted 16 threads to pid 116622 (CPUs 17+16)
Request from pid 116582: max_threads=65535, hint_threads=32
Granted 16 threads to pid 116582 (CPUs 1+16)
Request from pid 116622: max_threads=65535, hint_threads=32
Granted 16 threads to pid 116622 (CPUs 17+16)
Request from pid 116582: max_threads=65535, hint_threads=32
Granted 16 threads to pid 116582 (CPUs 1+16)
Request from pid 116622: max_threads=65535, hint_threads=32
Granted 16 threads to pid 116622 (CPUs 17+16)
Request from pid 116582: max_threads=65535, hint_threads=32
Granted 16 threads to pid 116582 (CPUs 1+16)
Request from pid 116622: max_threads=65535, hint_threads=32
Granted 16 threads to pid 116622 (CPUs 17+16)
Request from pid 116582: max_threads=65535, hint_threads=32
Granted 16 threads to pid 116582 (CPUs 1+16)
Request from pid 116622: max_threads=65535, hint_threads=32
Granted 16 threads to pid 116622 (CPUs 17+16)
Request from pid 116622: max_threads=65535, hint_threads=32
Granted 16 threads to pid 116622 (CPUs 17+16)
Request from pid 116582: max_threads=65535, hint_threads=32
Granted 16 threads to pid 116582 (CPUs 1+16)
Read error: Connection reset by peer (os error 104)
Accepted connection
Handling client
Request from pid 116703: max_threads=65535, hint_threads=32
Granted 10 threads to pid 116703 (CPUs 0+0)
Request from pid 116622: max_threads=65535, hint_threads=32
Granted 10 threads to pid 116622 (CPUs 17+10)
Request from pid 116622: max_threads=65535, hint_threads=32
Granted 10 threads to pid 116622 (CPUs 17+10)
Request from pid 116703: max_threads=65535, hint_threads=32
Granted 10 threads to pid 116703 (CPUs 0+0)
Request from pid 116622: max_threads=65535, hint_threads=32
Granted 10 threads to pid 116622 (CPUs 17+10)
Request from pid 116703: max_threads=65535, hint_threads=32
Granted 10 threads to pid 116703 (CPUs 0+0)
Request from pid 116703: max_threads=65535, hint_threads=32
Granted 10 threads to pid 116703 (CPUs 0+0)
Request from pid 116622: max_threads=65535, hint_threads=32
Granted 10 threads to pid 116622 (CPUs 17+10)
Request from pid 116703: max_threads=65535, hint_threads=32
Granted 10 threads to pid 116703 (CPUs 0+0)
Request from pid 116622: max_threads=65535, hint_threads=32
Granted 10 threads to pid 116622 (CPUs 17+10)
Request from pid 116703: max_threads=65535, hint_threads=32
Granted 10 threads to pid 116703 (CPUs 0+0)
Request from pid 116622: max_threads=65535, hint_threads=32
Granted 10 threads to pid 116622 (CPUs 17+10)
Request from pid 116703: max_threads=65535, hint_threads=32
Granted 10 threads to pid 116703 (CPUs 0+0)
Request from pid 116622: max_threads=65535, hint_threads=32
Granted 10 threads to pid 116622 (CPUs 17+10)
Request from pid 116703: max_threads=65535, hint_threads=32
Granted 10 threads to pid 116703 (CPUs 0+0)
Request from pid 116622: max_threads=65535, hint_threads=32
Granted 10 threads to pid 116622 (CPUs 17+10)
Request from pid 116703: max_threads=65535, hint_threads=32
Granted 10 threads to pid 116703 (CPUs 0+0)
Request from pid 116622: max_threads=65535, hint_threads=32
Granted 10 threads to pid 116622 (CPUs 17+10)
Request from pid 116703: max_threads=65535, hint_threads=32
Granted 10 threads to pid 116703 (CPUs 0+0)
Request from pid 116622: max_threads=65535, hint_threads=32
Granted 10 threads to pid 116622 (CPUs 17+10)
Request from pid 116703: max_threads=65535, hint_threads=32
Granted 10 threads to pid 116703 (CPUs 0+0)
Request from pid 116622: max_threads=65535, hint_threads=32
Granted 10 threads to pid 116622 (CPUs 17+10)
Request from pid 116703: max_threads=65535, hint_threads=32
Granted 10 threads to pid 116703 (CPUs 0+0)
Request from pid 116622: max_threads=65535, hint_threads=32
Granted 10 threads to pid 116622 (CPUs 17+10)
Client closed connection
Request from pid 116703: max_threads=65535, hint_threads=32
Granted 10 threads to pid 116703 (CPUs 0+0)
Accepted connection
Handling client
Request from pid 116758: max_threads=65535, hint_threads=32
Granted 8 threads to pid 116758 (CPUs 0+0)
Request from pid 116703: max_threads=65535, hint_threads=32
Granted 8 threads to pid 116703 (CPUs 0+0)
Request from pid 116703: max_threads=65535, hint_threads=32
Granted 8 threads to pid 116703 (CPUs 0+0)
Request from pid 116703: max_threads=65535, hint_threads=32
Granted 8 threads to pid 116703 (CPUs 0+0)
Request from pid 116703: max_threads=65535, hint_threads=32
Granted 8 threads to pid 116703 (CPUs 0+0)
Request from pid 116758: max_threads=65535, hint_threads=32
Granted 8 threads to pid 116758 (CPUs 0+0)
Request from pid 116703: max_threads=65535, hint_threads=32
Granted 10 threads to pid 116703 (CPUs 1+10)
Request from pid 116758: max_threads=65535, hint_threads=32
Granted 10 threads to pid 116758 (CPUs 0+0)
Request from pid 116758: max_threads=65535, hint_threads=32
Granted 10 threads to pid 116758 (CPUs 0+0)
Request from pid 116703: max_threads=65535, hint_threads=32
Granted 10 threads to pid 116703 (CPUs 1+10)
Request from pid 116758: max_threads=65535, hint_threads=32
Granted 10 threads to pid 116758 (CPUs 0+0)
Request from pid 116703: max_threads=65535, hint_threads=32
Granted 10 threads to pid 116703 (CPUs 1+10)
Request from pid 116758: max_threads=65535, hint_threads=32
Granted 10 threads to pid 116758 (CPUs 0+0)
Request from pid 116703: max_threads=65535, hint_threads=32
Granted 10 threads to pid 116703 (CPUs 1+10)
Request from pid 116758: max_threads=65535, hint_threads=32
Granted 10 threads to pid 116758 (CPUs 0+0)
Request from pid 116703: max_threads=65535, hint_threads=32
Granted 10 threads to pid 116703 (CPUs 1+10)
Request from pid 116758: max_threads=65535, hint_threads=32
Granted 10 threads to pid 116758 (CPUs 0+0)
Request from pid 116703: max_threads=65535, hint_threads=32
Granted 10 threads to pid 116703 (CPUs 1+10)
Request from pid 116758: max_threads=65535, hint_threads=32
Granted 10 threads to pid 116758 (CPUs 0+0)
Request from pid 116703: max_threads=65535, hint_threads=32
Granted 10 threads to pid 116703 (CPUs 1+10)
Request from pid 116758: max_threads=65535, hint_threads=32
Granted 10 threads to pid 116758 (CPUs 0+0)
Request from pid 116703: max_threads=65535, hint_threads=32
Granted 10 threads to pid 116703 (CPUs 1+10)
Request from pid 116703: max_threads=65535, hint_threads=32
Granted 10 threads to pid 116703 (CPUs 1+10)
Request from pid 116758: max_threads=65535, hint_threads=32
Granted 10 threads to pid 116758 (CPUs 0+0)
Request from pid 116758: max_threads=65535, hint_threads=32
Granted 10 threads to pid 116758 (CPUs 0+0)
Request from pid 116703: max_threads=65535, hint_threads=32
Granted 10 threads to pid 116703 (CPUs 1+10)
Request from pid 116758: max_threads=65535, hint_threads=32
Granted 10 threads to pid 116758 (CPUs 0+0)
Request from pid 116703: max_threads=65535, hint_threads=32
Granted 10 threads to pid 116703 (CPUs 1+10)
Request from pid 116758: max_threads=65535, hint_threads=32
Granted 10 threads to pid 116758 (CPUs 0+0)
Request from pid 116703: max_threads=65535, hint_threads=32
Granted 10 threads to pid 116703 (CPUs 1+10)
Request from pid 116703: max_threads=65535, hint_threads=32
Granted 10 threads to pid 116703 (CPUs 1+10)
Request from pid 116758: max_threads=65535, hint_threads=32
Granted 10 threads to pid 116758 (CPUs 0+0)
Request from pid 116703: max_threads=65535, hint_threads=32
Granted 10 threads to pid 116703 (CPUs 1+10)
Request from pid 116758: max_threads=65535, hint_threads=32
Granted 10 threads to pid 116758 (CPUs 0+0)
Request from pid 116703: max_threads=65535, hint_threads=32
Granted 10 threads to pid 116703 (CPUs 1+10)
Request from pid 116758: max_threads=65535, hint_threads=32
Granted 10 threads to pid 116758 (CPUs 0+0)
Request from pid 116703: max_threads=65535, hint_threads=32
Granted 10 threads to pid 116703 (CPUs 1+10)
Request from pid 116758: max_threads=65535, hint_threads=32
Granted 16 threads to pid 116758 (CPUs 11+16)
Request from pid 116758: max_threads=65535, hint_threads=32
Granted 16 threads to pid 116758 (CPUs 11+16)
Request from pid 116703: max_threads=65535, hint_threads=32
Granted 16 threads to pid 116703 (CPUs 0+0)
Request from pid 116758: max_threads=65535, hint_threads=32
Granted 16 threads to pid 116758 (CPUs 11+16)
Request from pid 116703: max_threads=65535, hint_threads=32
Granted 16 threads to pid 116703 (CPUs 0+0)
Request from pid 116758: max_threads=65535, hint_threads=32
Granted 16 threads to pid 116758 (CPUs 11+16)
Request from pid 116758: max_threads=65535, hint_threads=32
Granted 16 threads to pid 116758 (CPUs 11+16)
Request from pid 116703: max_threads=65535, hint_threads=32
Granted 16 threads to pid 116703 (CPUs 0+0)
Request from pid 116758: max_threads=65535, hint_threads=32
Granted 16 threads to pid 116758 (CPUs 11+16)
Request from pid 116703: max_threads=65535, hint_threads=32
Granted 16 threads to pid 116703 (CPUs 0+0)
Request from pid 116703: max_threads=65535, hint_threads=32
Granted 16 threads to pid 116703 (CPUs 0+0)
Request from pid 116758: max_threads=65535, hint_threads=32
Granted 16 threads to pid 116758 (CPUs 11+16)
Request from pid 116758: max_threads=65535, hint_threads=32
Granted 16 threads to pid 116758 (CPUs 11+16)
Request from pid 116703: max_threads=65535, hint_threads=32
Granted 16 threads to pid 116703 (CPUs 0+0)
Request from pid 116758: max_threads=65535, hint_threads=32
Granted 16 threads to pid 116758 (CPUs 11+16)
Request from pid 116703: max_threads=65535, hint_threads=32
Granted 16 threads to pid 116703 (CPUs 0+0)
Request from pid 116703: max_threads=65535, hint_threads=32
Granted 16 threads to pid 116703 (CPUs 0+0)
Request from pid 116758: max_threads=65535, hint_threads=32
Granted 16 threads to pid 116758 (CPUs 11+16)
Request from pid 116703: max_threads=65535, hint_threads=32
Granted 16 threads to pid 116703 (CPUs 0+0)
Request from pid 116758: max_threads=65535, hint_threads=32
Granted 16 threads to pid 116758 (CPUs 11+16)
Request from pid 116703: max_threads=65535, hint_threads=32
Granted 16 threads to pid 116703 (CPUs 0+0)
Client closed connection
Request from pid 116758: max_threads=65535, hint_threads=32
Granted 16 threads to pid 116758 (CPUs 11+16)
Request from pid 116758: max_threads=65535, hint_threads=32
Granted 16 threads to pid 116758 (CPUs 11+16)
Request from pid 116758: max_threads=65535, hint_threads=32
Granted 16 threads to pid 116758 (CPUs 11+16)
Request from pid 116758: max_threads=65535, hint_threads=32
Granted 16 threads to pid 116758 (CPUs 11+16)
Request from pid 116758: max_threads=65535, hint_threads=32
Granted 16 threads to pid 116758 (CPUs 11+16)
Request from pid 116758: max_threads=65535, hint_threads=32
Granted 16 threads to pid 116758 (CPUs 11+16)
Request from pid 116758: max_threads=65535, hint_threads=32
Granted 16 threads to pid 116758 (CPUs 11+16)
Request from pid 116758: max_threads=65535, hint_threads=32
Granted 16 threads to pid 116758 (CPUs 11+16)
Request from pid 116758: max_threads=65535, hint_threads=32
Granted 16 threads to pid 116758 (CPUs 11+16)
Request from pid 116758: max_threads=65535, hint_threads=32
Granted 16 threads to pid 116758 (CPUs 11+16)
Request from pid 116758: max_threads=65535, hint_threads=32
Granted 16 threads to pid 116758 (CPUs 11+16)
Request from pid 116758: max_threads=65535, hint_threads=32
Granted 16 threads to pid 116758 (CPUs 11+16)
Request from pid 116758: max_threads=65535, hint_threads=32
Granted 16 threads to pid 116758 (CPUs 11+16)
Request from pid 116758: max_threads=65535, hint_threads=32
Granted 16 threads to pid 116758 (CPUs 11+16)
Client closed connection
Accepted connection
Handling client
Request from pid 116883: max_threads=65535, hint_threads=32
Granted 10 threads to pid 116883 (CPUs 1+10)
Request from pid 116883: max_threads=65535, hint_threads=32
Granted 10 threads to pid 116883 (CPUs 1+10)
Request from pid 116883: max_threads=65535, hint_threads=32
Granted 10 threads to pid 116883 (CPUs 1+10)
Request from pid 116883: max_threads=65535, hint_threads=32
Granted 10 threads to pid 116883 (CPUs 1+10)
Request from pid 116883: max_threads=65535, hint_threads=32
Granted 10 threads to pid 116883 (CPUs 1+10)
Request from pid 116883: max_threads=65535, hint_threads=32
Granted 10 threads to pid 116883 (CPUs 1+10)
Request from pid 116883: max_threads=65535, hint_threads=32
Granted 10 threads to pid 116883 (CPUs 1+10)
Request from pid 116883: max_threads=65535, hint_threads=32
Granted 10 threads to pid 116883 (CPUs 1+10)
Request from pid 116883: max_threads=65535, hint_threads=32
Granted 10 threads to pid 116883 (CPUs 1+10)
Request from pid 116883: max_threads=65535, hint_threads=32
Granted 10 threads to pid 116883 (CPUs 1+10)
Request from pid 116883: max_threads=65535, hint_threads=32
Granted 10 threads to pid 116883 (CPUs 1+10)
Request from pid 116883: max_threads=65535, hint_threads=32
Granted 10 threads to pid 116883 (CPUs 1+10)
Request from pid 116883: max_threads=65535, hint_threads=32
Granted 10 threads to pid 116883 (CPUs 1+10)
Request from pid 116883: max_threads=65535, hint_threads=32
Granted 10 threads to pid 116883 (CPUs 1+10)
Request from pid 116883: max_threads=65535, hint_threads=32
Granted 16 threads to pid 116883 (CPUs 0+0)
Request from pid 116883: max_threads=65535, hint_threads=32
Granted 16 threads to pid 116883 (CPUs 0+0)
Request from pid 116883: max_threads=65535, hint_threads=32
Granted 16 threads to pid 116883 (CPUs 0+0)
Request from pid 116883: max_threads=65535, hint_threads=32
Granted 16 threads to pid 116883 (CPUs 0+0)
Request from pid 116883: max_threads=65535, hint_threads=32
Granted 16 threads to pid 116883 (CPUs 0+0)
Request from pid 116883: max_threads=65535, hint_threads=32
Granted 16 threads to pid 116883 (CPUs 0+0)
Request from pid 116883: max_threads=65535, hint_threads=32
Granted 16 threads to pid 116883 (CPUs 0+0)
Request from pid 116883: max_threads=65535, hint_threads=32
Granted 16 threads to pid 116883 (CPUs 0+0)
Request from pid 116883: max_threads=65535, hint_threads=32
Granted 16 threads to pid 116883 (CPUs 0+0)
Request from pid 116883: max_threads=65535, hint_threads=32
Granted 16 threads to pid 116883 (CPUs 0+0)
Request from pid 116883: max_threads=65535, hint_threads=32
Granted 16 threads to pid 116883 (CPUs 0+0)
Request from pid 116883: max_threads=65535, hint_threads=32
Granted 16 threads to pid 116883 (CPUs 0+0)
Request from pid 116883: max_threads=65535, hint_threads=32
Granted 16 threads to pid 116883 (CPUs 0+0)
Request from pid 116883: max_threads=65535, hint_threads=32
Granted 16 threads to pid 116883 (CPUs 0+0)
Request from pid 116883: max_threads=65535, hint_threads=32
Granted 16 threads to pid 116883 (CPUs 0+0)
Request from pid 116883: max_threads=65535, hint_threads=32
Granted 32 threads to pid 116883 (CPUs 1+32)
Request from pid 116883: max_threads=65535, hint_threads=32
Granted 32 threads to pid 116883 (CPUs 1+32)
Request from pid 116883: max_threads=65535, hint_threads=32
Granted 32 threads to pid 116883 (CPUs 1+32)
Request from pid 116883: max_threads=65535, hint_threads=32
Granted 32 threads to pid 116883 (CPUs 1+32)
Request from pid 116883: max_threads=65535, hint_threads=32
Granted 32 threads to pid 116883 (CPUs 1+32)
Request from pid 116883: max_threads=65535, hint_threads=32
Granted 32 threads to pid 116883 (CPUs 1+32)
Request from pid 116883: max_threads=65535, hint_threads=32
Granted 32 threads to pid 116883 (CPUs 1+32)
Request from pid 116883: max_threads=65535, hint_threads=32
Granted 32 threads to pid 116883 (CPUs 1+32)
Request from pid 116883: max_threads=65535, hint_threads=32
Granted 32 threads to pid 116883 (CPUs 1+32)
Request from pid 116883: max_threads=65535, hint_threads=32
Granted 32 threads to pid 116883 (CPUs 1+32)
Request from pid 116883: max_threads=65535, hint_threads=32
Granted 32 threads to pid 116883 (CPUs 1+32)
Request from pid 116883: max_threads=65535, hint_threads=32
Granted 32 threads to pid 116883 (CPUs 1+32)
Request from pid 116883: max_threads=65535, hint_threads=32
Granted 32 threads to pid 116883 (CPUs 1+32)
Request from pid 116883: max_threads=65535, hint_threads=32
Granted 32 threads to pid 116883 (CPUs 1+32)
Request from pid 116883: max_threads=65535, hint_threads=32
Granted 32 threads to pid 116883 (CPUs 1+32)
Request from pid 116883: max_threads=65535, hint_threads=32
Granted 32 threads to pid 116883 (CPUs 1+32)
Request from pid 116883: max_threads=65535, hint_threads=32
Granted 32 threads to pid 116883 (CPUs 1+32)
Request from pid 116883: max_threads=65535, hint_threads=32
Granted 32 threads to pid 116883 (CPUs 1+32)
Request from pid 116883: max_threads=65535, hint_threads=32
Granted 32 threads to pid 116883 (CPUs 1+32)
Request from pid 116883: max_threads=65535, hint_threads=32
Granted 32 threads to pid 116883 (CPUs 1+32)
Request from pid 116883: max_threads=65535, hint_threads=32
Granted 32 threads to pid 116883 (CPUs 1+32)
Client closed connection
Accepted connection
Handling client
Request from pid 116965: max_threads=65535, hint_threads=32
Granted 16 threads to pid 116965 (CPUs 0+0)
Request from pid 116965: max_threads=65535, hint_threads=32
Granted 16 threads to pid 116965 (CPUs 0+0)
Request from pid 116965: max_threads=65535, hint_threads=32
Granted 16 threads to pid 116965 (CPUs 0+0)
Request from pid 116965: max_threads=65535, hint_threads=32
Granted 16 threads to pid 116965 (CPUs 0+0)
Request from pid 116965: max_threads=65535, hint_threads=32
Granted 16 threads to pid 116965 (CPUs 0+0)
Request from pid 116965: max_threads=65535, hint_threads=32
Granted 16 threads to pid 116965 (CPUs 0+0)
Request from pid 116965: max_threads=65535, hint_threads=32
Granted 16 threads to pid 116965 (CPUs 0+0)
Request from pid 116965: max_threads=65535, hint_threads=32
Granted 16 threads to pid 116965 (CPUs 0+0)
Request from pid 116965: max_threads=65535, hint_threads=32
Granted 16 threads to pid 116965 (CPUs 0+0)
Request from pid 116965: max_threads=65535, hint_threads=32
Granted 16 threads to pid 116965 (CPUs 0+0)
Request from pid 116965: max_threads=65535, hint_threads=32
Granted 16 threads to pid 116965 (CPUs 0+0)
Request from pid 116965: max_threads=65535, hint_threads=32
Granted 16 threads to pid 116965 (CPUs 0+0)
Request from pid 116965: max_threads=65535, hint_threads=32
Granted 16 threads to pid 116965 (CPUs 0+0)
Request from pid 116965: max_threads=65535, hint_threads=32
Granted 16 threads to pid 116965 (CPUs 0+0)
Request from pid 116965: max_threads=65535, hint_threads=32
Granted 16 threads to pid 116965 (CPUs 0+0)
Request from pid 116965: max_threads=65535, hint_threads=32
Granted 16 threads to pid 116965 (CPUs 0+0)
Request from pid 116965: max_threads=65535, hint_threads=32
Granted 16 threads to pid 116965 (CPUs 0+0)
Request from pid 116965: max_threads=65535, hint_threads=32
Granted 16 threads to pid 116965 (CPUs 0+0)
Request from pid 116965: max_threads=65535, hint_threads=32
Granted 16 threads to pid 116965 (CPUs 0+0)
Request from pid 116965: max_threads=65535, hint_threads=32
Granted 16 threads to pid 116965 (CPUs 0+0)
Request from pid 116965: max_threads=65535, hint_threads=32
Granted 16 threads to pid 116965 (CPUs 0+0)
Request from pid 116965: max_threads=65535, hint_threads=32
Granted 16 threads to pid 116965 (CPUs 0+0)
Request from pid 116965: max_threads=65535, hint_threads=32
Granted 16 threads to pid 116965 (CPUs 0+0)
Request from pid 116965: max_threads=65535, hint_threads=32
Granted 16 threads to pid 116965 (CPUs 0+0)
Request from pid 116965: max_threads=65535, hint_threads=32
Granted 16 threads to pid 116965 (CPUs 0+0)
Request from pid 116965: max_threads=65535, hint_threads=32
Granted 16 threads to pid 116965 (CPUs 0+0)
Request from pid 116965: max_threads=65535, hint_threads=32
Granted 16 threads to pid 116965 (CPUs 0+0)
Request from pid 116965: max_threads=65535, hint_threads=32
Granted 16 threads to pid 116965 (CPUs 0+0)
Request from pid 116965: max_threads=65535, hint_threads=32
Granted 16 threads to pid 116965 (CPUs 0+0)
Request from pid 116965: max_threads=65535, hint_threads=32
Granted 16 threads to pid 116965 (CPUs 0+0)
Request from pid 116965: max_threads=65535, hint_threads=32
Granted 16 threads to pid 116965 (CPUs 0+0)
Request from pid 116965: max_threads=65535, hint_threads=32
Granted 16 threads to pid 116965 (CPUs 0+0)
Request from pid 116965: max_threads=65535, hint_threads=32
Granted 16 threads to pid 116965 (CPUs 0+0)
Request from pid 116965: max_threads=65535, hint_threads=32
Granted 16 threads to pid 116965 (CPUs 0+0)
Request from pid 116965: max_threads=65535, hint_threads=32
Granted 16 threads to pid 116965 (CPUs 0+0)
Request from pid 116965: max_threads=65535, hint_threads=32
Granted 16 threads to pid 116965 (CPUs 0+0)
Request from pid 116965: max_threads=65535, hint_threads=32
Granted 16 threads to pid 116965 (CPUs 0+0)
Request from pid 116965: max_threads=65535, hint_threads=32
Granted 16 threads to pid 116965 (CPUs 0+0)
Request from pid 116965: max_threads=65535, hint_threads=32
Granted 16 threads to pid 116965 (CPUs 0+0)
Request from pid 116965: max_threads=65535, hint_threads=32
Granted 16 threads to pid 116965 (CPUs 0+0)
Request from pid 116965: max_threads=65535, hint_threads=32
Granted 32 threads to pid 116965 (CPUs 1+32)
Request from pid 116965: max_threads=65535, hint_threads=32
Granted 32 threads to pid 116965 (CPUs 1+32)
Request from pid 116965: max_threads=65535, hint_threads=32
Granted 32 threads to pid 116965 (CPUs 1+32)
Request from pid 116965: max_threads=65535, hint_threads=32
Granted 32 threads to pid 116965 (CPUs 1+32)
Request from pid 116965: max_threads=65535, hint_threads=32
Granted 32 threads to pid 116965 (CPUs 1+32)
Request from pid 116965: max_threads=65535, hint_threads=32
Granted 32 threads to pid 116965 (CPUs 1+32)
Request from pid 116965: max_threads=65535, hint_threads=32
Granted 32 threads to pid 116965 (CPUs 1+32)
Request from pid 116965: max_threads=65535, hint_threads=32
Granted 32 threads to pid 116965 (CPUs 1+32)
Request from pid 116965: max_threads=65535, hint_threads=32
Granted 32 threads to pid 116965 (CPUs 1+32)
Request from pid 116965: max_threads=65535, hint_threads=32
Granted 32 threads to pid 116965 (CPUs 1+32)
Request from pid 116965: max_threads=65535, hint_threads=32
Granted 32 threads to pid 116965 (CPUs 1+32)
Request from pid 116965: max_threads=65535, hint_threads=32
Granted 32 threads to pid 116965 (CPUs 1+32)
Client closed connection
CPU pool (32 cores): 1–32
Listening on /tmp/omp-rm.sock (capacity=32, strategy=fair_share)
Accepted connection
Handling client
Request from pid 53950: max_threads=65535, hint_threads=32
Granted 32 threads to pid 53950 (CPUs 1+32)
Request from pid 53950: max_threads=65535, hint_threads=32
Granted 32 threads to pid 53950 (CPUs 1+32)
Request from pid 53950: max_threads=65535, hint_threads=32
Granted 32 threads to pid 53950 (CPUs 1+32)
Request from pid 53950: max_threads=65535, hint_threads=32
Granted 32 threads to pid 53950 (CPUs 1+32)
Request from pid 53950: max_threads=65535, hint_threads=32
Granted 32 threads to pid 53950 (CPUs 1+32)
Request from pid 53950: max_threads=65535, hint_threads=32
Granted 32 threads to pid 53950 (CPUs 1+32)
Request from pid 53950: max_threads=65535, hint_threads=32
Granted 32 threads to pid 53950 (CPUs 1+32)
Request from pid 53950: max_threads=65535, hint_threads=32
Granted 32 threads to pid 53950 (CPUs 1+32)
Request from pid 53950: max_threads=65535, hint_threads=32
Granted 32 threads to pid 53950 (CPUs 1+32)
Request from pid 53950: max_threads=65535, hint_threads=32
Granted 32 threads to pid 53950 (CPUs 1+32)
Request from pid 53950: max_threads=65535, hint_threads=32
Granted 32 threads to pid 53950 (CPUs 1+32)
Request from pid 53950: max_threads=65535, hint_threads=32
Granted 32 threads to pid 53950 (CPUs 1+32)
Request from pid 53950: max_threads=65535, hint_threads=32
Granted 32 threads to pid 53950 (CPUs 1+32)
Request from pid 53950: max_threads=65535, hint_threads=32
Granted 32 threads to pid 53950 (CPUs 1+32)
Request from pid 53950: max_threads=65535, hint_threads=32
Granted 32 threads to pid 53950 (CPUs 1+32)
Request from pid 53950: max_threads=65535, hint_threads=32
Granted 32 threads to pid 53950 (CPUs 1+32)
Request from pid 53950: max_threads=65535, hint_threads=32
Granted 32 threads to pid 53950 (CPUs 1+32)
Request from pid 53950: max_threads=65535, hint_threads=32
Granted 32 threads to pid 53950 (CPUs 1+32)
Request from pid 53950: max_threads=65535, hint_threads=32
Granted 32 threads to pid 53950 (CPUs 1+32)
Request from pid 53950: max_threads=65535, hint_threads=32
Granted 32 threads to pid 53950 (CPUs 1+32)
Request from pid 53950: max_threads=65535, hint_threads=32
Granted 32 threads to pid 53950 (CPUs 1+32)
Request from pid 53950: max_threads=65535, hint_threads=32
Granted 32 threads to pid 53950 (CPUs 1+32)
Request from pid 53950: max_threads=65535, hint_threads=32
Granted 32 threads to pid 53950 (CPUs 1+32)
Request from pid 53950: max_threads=65535, hint_threads=32
Granted 32 threads to pid 53950 (CPUs 1+32)
Request from pid 53950: max_threads=65535, hint_threads=32
Granted 32 threads to pid 53950 (CPUs 1+32)
Request from pid 53950: max_threads=65535, hint_threads=32
Granted 32 threads to pid 53950 (CPUs 1+32)
Request from pid 53950: max_threads=65535, hint_threads=32
Granted 32 threads to pid 53950 (CPUs 1+32)
Request from pid 53950: max_threads=65535, hint_threads=32
Granted 32 threads to pid 53950 (CPUs 1+32)
Request from pid 53950: max_threads=65535, hint_threads=32
Granted 32 threads to pid 53950 (CPUs 1+32)
Request from pid 53950: max_threads=65535, hint_threads=32
Granted 32 threads to pid 53950 (CPUs 1+32)
Request from pid 53950: max_threads=65535, hint_threads=32
Granted 32 threads to pid 53950 (CPUs 1+32)
Request from pid 53950: max_threads=65535, hint_threads=32
Granted 32 threads to pid 53950 (CPUs 1+32)
Request from pid 53950: max_threads=65535, hint_threads=32
Granted 32 threads to pid 53950 (CPUs 1+32)
Request from pid 53950: max_threads=65535, hint_threads=32
Granted 32 threads to pid 53950 (CPUs 1+32)
Request from pid 53950: max_threads=65535, hint_threads=32
Granted 32 threads to pid 53950 (CPUs 1+32)
Request from pid 53950: max_threads=65535, hint_threads=32
Granted 32 threads to pid 53950 (CPUs 1+32)
Request from pid 53950: max_threads=65535, hint_threads=32
Granted 32 threads to pid 53950 (CPUs 1+32)
Request from pid 53950: max_threads=65535, hint_threads=32
Granted 32 threads to pid 53950 (CPUs 1+32)
Request from pid 53950: max_threads=65535, hint_threads=32
Granted 32 threads to pid 53950 (CPUs 1+32)
Request from pid 53950: max_threads=65535, hint_threads=32
Granted 32 threads to pid 53950 (CPUs 1+32)
Request from pid 53950: max_threads=65535, hint_threads=32
Granted 32 threads to pid 53950 (CPUs 1+32)
Request from pid 53950: max_threads=65535, hint_threads=32
Granted 32 threads to pid 53950 (CPUs 1+32)
Request from pid 53950: max_threads=65535, hint_threads=32
Granted 32 threads to pid 53950 (CPUs 1+32)
Request from pid 53950: max_threads=65535, hint_threads=32
Granted 32 threads to pid 53950 (CPUs 1+32)
Request from pid 53950: max_threads=65535, hint_threads=32
Granted 32 threads to pid 53950 (CPUs 1+32)
Request from pid 53950: max_threads=65535, hint_threads=32
Granted 32 threads to pid 53950 (CPUs 1+32)
Request from pid 53950: max_threads=65535, hint_threads=32
Granted 32 threads to pid 53950 (CPUs 1+32)
Request from pid 53950: max_threads=65535, hint_threads=32
Granted 32 threads to pid 53950 (CPUs 1+32)
Request from pid 53950: max_threads=65535, hint_threads=32
Granted 32 threads to pid 53950 (CPUs 1+32)
Request from pid 53950: max_threads=65535, hint_threads=32
Granted 32 threads to pid 53950 (CPUs 1+32)
Request from pid 53950: max_threads=65535, hint_threads=32
Granted 32 threads to pid 53950 (CPUs 1+32)
Request from pid 53950: max_threads=65535, hint_threads=32
Granted 32 threads to pid 53950 (CPUs 1+32)
Request from pid 53950: max_threads=65535, hint_threads=32
Granted 32 threads to pid 53950 (CPUs 1+32)
Request from pid 53950: max_threads=65535, hint_threads=32
Granted 32 threads to pid 53950 (CPUs 1+32)
Request from pid 53950: max_threads=65535, hint_threads=32
Granted 32 threads to pid 53950 (CPUs 1+32)
Request from pid 53950: max_threads=65535, hint_threads=32
Granted 32 threads to pid 53950 (CPUs 1+32)
Request from pid 53950: max_threads=65535, hint_threads=32
Granted 32 threads to pid 53950 (CPUs 1+32)
Request from pid 53950: max_threads=65535, hint_threads=32
Granted 32 threads to pid 53950 (CPUs 1+32)
Request from pid 53950: max_threads=65535, hint_threads=32
Granted 32 threads to pid 53950 (CPUs 1+32)
Request from pid 53950: max_threads=65535, hint_threads=32
Granted 32 threads to pid 53950 (CPUs 1+32)
Client closed connection
Accepted connection
Handling client
Request from pid 54022: max_threads=65535, hint_threads=32
Granted 16 threads to pid 54022 (CPUs 0+0)
Request from pid 54022: max_threads=65535, hint_threads=32
Granted 16 threads to pid 54022 (CPUs 0+0)
Request from pid 54022: max_threads=65535, hint_threads=32
Granted 16 threads to pid 54022 (CPUs 0+0)
Request from pid 54022: max_threads=65535, hint_threads=32
Granted 16 threads to pid 54022 (CPUs 0+0)
Request from pid 54022: max_threads=65535, hint_threads=32
Granted 16 threads to pid 54022 (CPUs 0+0)
Request from pid 54022: max_threads=65535, hint_threads=32
Granted 16 threads to pid 54022 (CPUs 0+0)
Request from pid 54022: max_threads=65535, hint_threads=32
Granted 16 threads to pid 54022 (CPUs 0+0)
Request from pid 54022: max_threads=65535, hint_threads=32
Granted 16 threads to pid 54022 (CPUs 0+0)
Request from pid 54022: max_threads=65535, hint_threads=32
Granted 16 threads to pid 54022 (CPUs 0+0)
Request from pid 54022: max_threads=65535, hint_threads=32
Granted 16 threads to pid 54022 (CPUs 0+0)
Request from pid 54022: max_threads=65535, hint_threads=32
Granted 16 threads to pid 54022 (CPUs 0+0)
Request from pid 54022: max_threads=65535, hint_threads=32
Granted 16 threads to pid 54022 (CPUs 0+0)
Request from pid 54022: max_threads=65535, hint_threads=32
Granted 16 threads to pid 54022 (CPUs 0+0)
Request from pid 54022: max_threads=65535, hint_threads=32
Granted 16 threads to pid 54022 (CPUs 0+0)
Request from pid 54022: max_threads=65535, hint_threads=32
Granted 16 threads to pid 54022 (CPUs 0+0)
Request from pid 54022: max_threads=65535, hint_threads=32
Granted 16 threads to pid 54022 (CPUs 0+0)
Request from pid 54022: max_threads=65535, hint_threads=32
Granted 16 threads to pid 54022 (CPUs 0+0)
Request from pid 54022: max_threads=65535, hint_threads=32
Granted 16 threads to pid 54022 (CPUs 0+0)
Request from pid 54022: max_threads=65535, hint_threads=32
Granted 16 threads to pid 54022 (CPUs 0+0)
Request from pid 54022: max_threads=65535, hint_threads=32
Granted 16 threads to pid 54022 (CPUs 0+0)
Request from pid 54022: max_threads=65535, hint_threads=32
Granted 16 threads to pid 54022 (CPUs 0+0)
Request from pid 54022: max_threads=65535, hint_threads=32
Granted 16 threads to pid 54022 (CPUs 0+0)
Request from pid 54022: max_threads=65535, hint_threads=32
Granted 16 threads to pid 54022 (CPUs 0+0)
Request from pid 54022: max_threads=65535, hint_threads=32
Granted 16 threads to pid 54022 (CPUs 0+0)
Request from pid 54022: max_threads=65535, hint_threads=32
Granted 16 threads to pid 54022 (CPUs 0+0)
Request from pid 54022: max_threads=65535, hint_threads=32
Granted 16 threads to pid 54022 (CPUs 0+0)
Request from pid 54022: max_threads=65535, hint_threads=32
Granted 16 threads to pid 54022 (CPUs 0+0)
Request from pid 54022: max_threads=65535, hint_threads=32
Granted 16 threads to pid 54022 (CPUs 0+0)
Request from pid 54022: max_threads=65535, hint_threads=32
Granted 16 threads to pid 54022 (CPUs 0+0)
Request from pid 54022: max_threads=65535, hint_threads=32
Granted 16 threads to pid 54022 (CPUs 0+0)
Request from pid 54022: max_threads=65535, hint_threads=32
Granted 32 threads to pid 54022 (CPUs 1+32)
Request from pid 54022: max_threads=65535, hint_threads=32
Granted 32 threads to pid 54022 (CPUs 1+32)
Request from pid 54022: max_threads=65535, hint_threads=32
Granted 32 threads to pid 54022 (CPUs 1+32)
Request from pid 54022: max_threads=65535, hint_threads=32
Granted 32 threads to pid 54022 (CPUs 1+32)
Request from pid 54022: max_threads=65535, hint_threads=32
Granted 32 threads to pid 54022 (CPUs 1+32)
Request from pid 54022: max_threads=65535, hint_threads=32
Granted 32 threads to pid 54022 (CPUs 1+32)
Request from pid 54022: max_threads=65535, hint_threads=32
Granted 32 threads to pid 54022 (CPUs 1+32)
Request from pid 54022: max_threads=65535, hint_threads=32
Granted 32 threads to pid 54022 (CPUs 1+32)
Request from pid 54022: max_threads=65535, hint_threads=32
Granted 32 threads to pid 54022 (CPUs 1+32)
Request from pid 54022: max_threads=65535, hint_threads=32
Granted 32 threads to pid 54022 (CPUs 1+32)
Accepted connection
Handling client
Request from pid 54144: max_threads=65535, hint_threads=32
Granted 16 threads to pid 54144 (CPUs 0+0)
Request from pid 54022: max_threads=65535, hint_threads=32
Granted 16 threads to pid 54022 (CPUs 1+16)
Request from pid 54022: max_threads=65535, hint_threads=32
Granted 16 threads to pid 54022 (CPUs 1+16)
Request from pid 54144: max_threads=65535, hint_threads=32
Granted 16 threads to pid 54144 (CPUs 17+16)
Request from pid 54022: max_threads=65535, hint_threads=32
Granted 16 threads to pid 54022 (CPUs 1+16)
Request from pid 54144: max_threads=65535, hint_threads=32
Granted 16 threads to pid 54144 (CPUs 17+16)
Request from pid 54022: max_threads=65535, hint_threads=32
Granted 16 threads to pid 54022 (CPUs 1+16)
Request from pid 54144: max_threads=65535, hint_threads=32
Granted 16 threads to pid 54144 (CPUs 17+16)
Request from pid 54022: max_threads=65535, hint_threads=32
Granted 16 threads to pid 54022 (CPUs 1+16)
Request from pid 54144: max_threads=65535, hint_threads=32
Granted 16 threads to pid 54144 (CPUs 17+16)
Request from pid 54022: max_threads=65535, hint_threads=32
Granted 16 threads to pid 54022 (CPUs 1+16)
Request from pid 54144: max_threads=65535, hint_threads=32
Granted 16 threads to pid 54144 (CPUs 17+16)
Request from pid 54144: max_threads=65535, hint_threads=32
Granted 16 threads to pid 54144 (CPUs 17+16)
Request from pid 54022: max_threads=65535, hint_threads=32
Granted 16 threads to pid 54022 (CPUs 1+16)
Client closed connection
Accepted connection
Handling client
Request from pid 54217: max_threads=65535, hint_threads=32
Granted 10 threads to pid 54217 (CPUs 0+0)
Request from pid 54144: max_threads=65535, hint_threads=32
Granted 10 threads to pid 54144 (CPUs 17+10)
Request from pid 54144: max_threads=65535, hint_threads=32
Granted 10 threads to pid 54144 (CPUs 17+10)
Request from pid 54144: max_threads=65535, hint_threads=32
Granted 10 threads to pid 54144 (CPUs 17+10)
Request from pid 54217: max_threads=65535, hint_threads=32
Granted 10 threads to pid 54217 (CPUs 0+0)
Request from pid 54144: max_threads=65535, hint_threads=32
Granted 10 threads to pid 54144 (CPUs 17+10)
Request from pid 54217: max_threads=65535, hint_threads=32
Granted 10 threads to pid 54217 (CPUs 0+0)
Request from pid 54144: max_threads=65535, hint_threads=32
Granted 10 threads to pid 54144 (CPUs 17+10)
Request from pid 54217: max_threads=65535, hint_threads=32
Granted 10 threads to pid 54217 (CPUs 0+0)
Request from pid 54144: max_threads=65535, hint_threads=32
Granted 10 threads to pid 54144 (CPUs 17+10)
Request from pid 54217: max_threads=65535, hint_threads=32
Granted 10 threads to pid 54217 (CPUs 0+0)
Request from pid 54144: max_threads=65535, hint_threads=32
Granted 10 threads to pid 54144 (CPUs 17+10)
Request from pid 54217: max_threads=65535, hint_threads=32
Granted 10 threads to pid 54217 (CPUs 0+0)
Request from pid 54144: max_threads=65535, hint_threads=32
Granted 10 threads to pid 54144 (CPUs 17+10)
Request from pid 54217: max_threads=65535, hint_threads=32
Granted 10 threads to pid 54217 (CPUs 0+0)
Request from pid 54217: max_threads=65535, hint_threads=32
Granted 10 threads to pid 54217 (CPUs 0+0)
Request from pid 54144: max_threads=65535, hint_threads=32
Granted 10 threads to pid 54144 (CPUs 17+10)
Request from pid 54144: max_threads=65535, hint_threads=32
Granted 10 threads to pid 54144 (CPUs 17+10)
Request from pid 54217: max_threads=65535, hint_threads=32
Granted 10 threads to pid 54217 (CPUs 0+0)
Request from pid 54144: max_threads=65535, hint_threads=32
Granted 10 threads to pid 54144 (CPUs 17+10)
Request from pid 54217: max_threads=65535, hint_threads=32
Granted 10 threads to pid 54217 (CPUs 0+0)
Request from pid 54144: max_threads=65535, hint_threads=32
Granted 10 threads to pid 54144 (CPUs 17+10)
Request from pid 54217: max_threads=65535, hint_threads=32
Granted 10 threads to pid 54217 (CPUs 0+0)
Request from pid 54144: max_threads=65535, hint_threads=32
Granted 10 threads to pid 54144 (CPUs 17+10)
Request from pid 54217: max_threads=65535, hint_threads=32
Granted 10 threads to pid 54217 (CPUs 0+0)
Request from pid 54144: max_threads=65535, hint_threads=32
Granted 10 threads to pid 54144 (CPUs 17+10)
Request from pid 54217: max_threads=65535, hint_threads=32
Granted 10 threads to pid 54217 (CPUs 0+0)
Request from pid 54144: max_threads=65535, hint_threads=32
Granted 10 threads to pid 54144 (CPUs 17+10)
Request from pid 54144: max_threads=65535, hint_threads=32
Granted 10 threads to pid 54144 (CPUs 17+10)
Request from pid 54217: max_threads=65535, hint_threads=32
Granted 10 threads to pid 54217 (CPUs 0+0)
Request from pid 54144: max_threads=65535, hint_threads=32
Granted 10 threads to pid 54144 (CPUs 17+10)
Request from pid 54217: max_threads=65535, hint_threads=32
Granted 10 threads to pid 54217 (CPUs 0+0)
Request from pid 54144: max_threads=65535, hint_threads=32
Granted 10 threads to pid 54144 (CPUs 17+10)
Request from pid 54217: max_threads=65535, hint_threads=32
Granted 10 threads to pid 54217 (CPUs 0+0)
Request from pid 54144: max_threads=65535, hint_threads=32
Granted 10 threads to pid 54144 (CPUs 17+10)
Request from pid 54217: max_threads=65535, hint_threads=32
Granted 10 threads to pid 54217 (CPUs 0+0)
Request from pid 54144: max_threads=65535, hint_threads=32
Granted 10 threads to pid 54144 (CPUs 17+10)
Request from pid 54217: max_threads=65535, hint_threads=32
Granted 10 threads to pid 54217 (CPUs 0+0)
Request from pid 54217: max_threads=65535, hint_threads=32
Granted 16 threads to pid 54217 (CPUs 1+16)
Request from pid 54144: max_threads=65535, hint_threads=32
Granted 16 threads to pid 54144 (CPUs 17+16)
Request from pid 54144: max_threads=65535, hint_threads=32
Granted 16 threads to pid 54144 (CPUs 17+16)
Request from pid 54217: max_threads=65535, hint_threads=32
Granted 16 threads to pid 54217 (CPUs 1+16)
Request from pid 54144: max_threads=65535, hint_threads=32
Granted 16 threads to pid 54144 (CPUs 17+16)
Request from pid 54217: max_threads=65535, hint_threads=32
Granted 16 threads to pid 54217 (CPUs 1+16)
Request from pid 54217: max_threads=65535, hint_threads=32
Granted 16 threads to pid 54217 (CPUs 1+16)
Request from pid 54144: max_threads=65535, hint_threads=32
Granted 16 threads to pid 54144 (CPUs 17+16)
Request from pid 54217: max_threads=65535, hint_threads=32
Granted 16 threads to pid 54217 (CPUs 1+16)
Request from pid 54144: max_threads=65535, hint_threads=32
Granted 16 threads to pid 54144 (CPUs 17+16)
Request from pid 54217: max_threads=65535, hint_threads=32
Granted 16 threads to pid 54217 (CPUs 1+16)
Request from pid 54144: max_threads=65535, hint_threads=32
Granted 16 threads to pid 54144 (CPUs 17+16)
Request from pid 54217: max_threads=65535, hint_threads=32
Granted 16 threads to pid 54217 (CPUs 1+16)
Request from pid 54144: max_threads=65535, hint_threads=32
Granted 16 threads to pid 54144 (CPUs 17+16)
Request from pid 54217: max_threads=65535, hint_threads=32
Granted 16 threads to pid 54217 (CPUs 1+16)
Request from pid 54144: max_threads=65535, hint_threads=32
Granted 16 threads to pid 54144 (CPUs 17+16)
Request from pid 54217: max_threads=65535, hint_threads=32
Granted 16 threads to pid 54217 (CPUs 1+16)
Request from pid 54144: max_threads=65535, hint_threads=32
Granted 16 threads to pid 54144 (CPUs 17+16)
Request from pid 54144: max_threads=65535, hint_threads=32
Granted 16 threads to pid 54144 (CPUs 17+16)
Request from pid 54217: max_threads=65535, hint_threads=32
Granted 16 threads to pid 54217 (CPUs 1+16)
Request from pid 54217: max_threads=65535, hint_threads=32
Granted 16 threads to pid 54217 (CPUs 1+16)
Request from pid 54144: max_threads=65535, hint_threads=32
Granted 16 threads to pid 54144 (CPUs 17+16)
Request from pid 54217: max_threads=65535, hint_threads=32
Granted 16 threads to pid 54217 (CPUs 1+16)
Request from pid 54144: max_threads=65535, hint_threads=32
Granted 16 threads to pid 54144 (CPUs 17+16)
Request from pid 54217: max_threads=65535, hint_threads=32
Granted 16 threads to pid 54217 (CPUs 1+16)
Request from pid 54144: max_threads=65535, hint_threads=32
Granted 16 threads to pid 54144 (CPUs 17+16)
Request from pid 54217: max_threads=65535, hint_threads=32
Granted 16 threads to pid 54217 (CPUs 1+16)
Request from pid 54217: max_threads=65535, hint_threads=32
Granted 16 threads to pid 54217 (CPUs 1+16)
Request from pid 54144: max_threads=65535, hint_threads=32
Granted 16 threads to pid 54144 (CPUs 17+16)
Request from pid 54217: max_threads=65535, hint_threads=32
Granted 16 threads to pid 54217 (CPUs 1+16)
Request from pid 54144: max_threads=65535, hint_threads=32
Granted 16 threads to pid 54144 (CPUs 17+16)
Request from pid 54144: max_threads=65535, hint_threads=32
Granted 16 threads to pid 54144 (CPUs 17+16)
Request from pid 54217: max_threads=65535, hint_threads=32
Granted 16 threads to pid 54217 (CPUs 1+16)
Request from pid 54144: max_threads=65535, hint_threads=32
Granted 16 threads to pid 54144 (CPUs 17+16)
Request from pid 54217: max_threads=65535, hint_threads=32
Granted 16 threads to pid 54217 (CPUs 1+16)
Request from pid 54144: max_threads=65535, hint_threads=32
Granted 16 threads to pid 54144 (CPUs 17+16)
Request from pid 54217: max_threads=65535, hint_threads=32
Granted 16 threads to pid 54217 (CPUs 1+16)
Request from pid 54217: max_threads=65535, hint_threads=32
Granted 16 threads to pid 54217 (CPUs 1+16)
Request from pid 54144: max_threads=65535, hint_threads=32
Granted 16 threads to pid 54144 (CPUs 17+16)
Request from pid 54217: max_threads=65535, hint_threads=32
Granted 16 threads to pid 54217 (CPUs 1+16)
Request from pid 54144: max_threads=65535, hint_threads=32
Granted 16 threads to pid 54144 (CPUs 17+16)
Request from pid 54144: max_threads=65535, hint_threads=32
Granted 16 threads to pid 54144 (CPUs 17+16)
Request from pid 54217: max_threads=65535, hint_threads=32
Granted 16 threads to pid 54217 (CPUs 1+16)
Request from pid 54217: max_threads=65535, hint_threads=32
Granted 16 threads to pid 54217 (CPUs 1+16)
Request from pid 54144: max_threads=65535, hint_threads=32
Granted 16 threads to pid 54144 (CPUs 17+16)
Request from pid 54217: max_threads=65535, hint_threads=32
Granted 16 threads to pid 54217 (CPUs 1+16)
Request from pid 54144: max_threads=65535, hint_threads=32
Granted 16 threads to pid 54144 (CPUs 17+16)
Client closed connection
Accepted connection
Handling client
Request from pid 54314: max_threads=65535, hint_threads=32
Granted 10 threads to pid 54314 (CPUs 0+0)
Request from pid 54217: max_threads=65535, hint_threads=32
Granted 10 threads to pid 54217 (CPUs 1+10)
Request from pid 54217: max_threads=65535, hint_threads=32
Granted 10 threads to pid 54217 (CPUs 1+10)
Request from pid 54314: max_threads=65535, hint_threads=32
Granted 10 threads to pid 54314 (CPUs 0+0)
Request from pid 54314: max_threads=65535, hint_threads=32
Granted 10 threads to pid 54314 (CPUs 0+0)
Request from pid 54217: max_threads=65535, hint_threads=32
Granted 10 threads to pid 54217 (CPUs 1+10)
Request from pid 54314: max_threads=65535, hint_threads=32
Granted 10 threads to pid 54314 (CPUs 0+0)
Request from pid 54217: max_threads=65535, hint_threads=32
Granted 10 threads to pid 54217 (CPUs 1+10)
Request from pid 54217: max_threads=65535, hint_threads=32
Granted 10 threads to pid 54217 (CPUs 1+10)
Client closed connection
Accepted connection
Handling client
Request from pid 54356: max_threads=65535, hint_threads=32
Granted 8 threads to pid 54356 (CPUs 0+0)
Request from pid 54314: max_threads=65535, hint_threads=32
Granted 8 threads to pid 54314 (CPUs 0+0)
Request from pid 54314: max_threads=65535, hint_threads=32
Granted 8 threads to pid 54314 (CPUs 0+0)
Request from pid 54314: max_threads=65535, hint_threads=32
Granted 8 threads to pid 54314 (CPUs 0+0)
Request from pid 54356: max_threads=65535, hint_threads=32
Granted 8 threads to pid 54356 (CPUs 0+0)
Request from pid 54356: max_threads=65535, hint_threads=32
Granted 8 threads to pid 54356 (CPUs 0+0)
Request from pid 54314: max_threads=65535, hint_threads=32
Granted 8 threads to pid 54314 (CPUs 0+0)
Request from pid 54356: max_threads=65535, hint_threads=32
Granted 8 threads to pid 54356 (CPUs 0+0)
Request from pid 54314: max_threads=65535, hint_threads=32
Granted 8 threads to pid 54314 (CPUs 0+0)
Request from pid 54356: max_threads=65535, hint_threads=32
Granted 8 threads to pid 54356 (CPUs 0+0)
Request from pid 54314: max_threads=65535, hint_threads=32
Granted 8 threads to pid 54314 (CPUs 0+0)
Request from pid 54314: max_threads=65535, hint_threads=32
Granted 8 threads to pid 54314 (CPUs 0+0)
Request from pid 54356: max_threads=65535, hint_threads=32
Granted 8 threads to pid 54356 (CPUs 0+0)
Request from pid 54314: max_threads=65535, hint_threads=32
Granted 8 threads to pid 54314 (CPUs 0+0)
Request from pid 54356: max_threads=65535, hint_threads=32
Granted 8 threads to pid 54356 (CPUs 0+0)
Request from pid 54314: max_threads=65535, hint_threads=32
Granted 8 threads to pid 54314 (CPUs 0+0)
Request from pid 54356: max_threads=65535, hint_threads=32
Granted 8 threads to pid 54356 (CPUs 0+0)
Request from pid 54314: max_threads=65535, hint_threads=32
Granted 8 threads to pid 54314 (CPUs 0+0)
Request from pid 54314: max_threads=65535, hint_threads=32
Granted 8 threads to pid 54314 (CPUs 0+0)
Request from pid 54356: max_threads=65535, hint_threads=32
Granted 8 threads to pid 54356 (CPUs 0+0)
Request from pid 54314: max_threads=65535, hint_threads=32
Granted 8 threads to pid 54314 (CPUs 0+0)
Request from pid 54356: max_threads=65535, hint_threads=32
Granted 10 threads to pid 54356 (CPUs 11+10)
Request from pid 54314: max_threads=65535, hint_threads=32
Granted 10 threads to pid 54314 (CPUs 21+10)
Request from pid 54356: max_threads=65535, hint_threads=32
Granted 10 threads to pid 54356 (CPUs 11+10)
Request from pid 54356: max_threads=65535, hint_threads=32
Granted 10 threads to pid 54356 (CPUs 11+10)
Request from pid 54314: max_threads=65535, hint_threads=32
Granted 10 threads to pid 54314 (CPUs 21+10)
Request from pid 54314: max_threads=65535, hint_threads=32
Granted 10 threads to pid 54314 (CPUs 21+10)
Request from pid 54356: max_threads=65535, hint_threads=32
Granted 10 threads to pid 54356 (CPUs 11+10)
Request from pid 54314: max_threads=65535, hint_threads=32
Granted 10 threads to pid 54314 (CPUs 21+10)
Request from pid 54356: max_threads=65535, hint_threads=32
Granted 10 threads to pid 54356 (CPUs 11+10)
Request from pid 54314: max_threads=65535, hint_threads=32
Granted 10 threads to pid 54314 (CPUs 21+10)
Request from pid 54356: max_threads=65535, hint_threads=32
Granted 10 threads to pid 54356 (CPUs 11+10)
Request from pid 54314: max_threads=65535, hint_threads=32
Granted 10 threads to pid 54314 (CPUs 21+10)
Request from pid 54356: max_threads=65535, hint_threads=32
Granted 10 threads to pid 54356 (CPUs 11+10)
Request from pid 54314: max_threads=65535, hint_threads=32
Granted 10 threads to pid 54314 (CPUs 21+10)
Request from pid 54356: max_threads=65535, hint_threads=32
Granted 16 threads to pid 54356 (CPUs 1+16)
Request from pid 54314: max_threads=65535, hint_threads=32
Granted 16 threads to pid 54314 (CPUs 17+16)
Request from pid 54314: max_threads=65535, hint_threads=32
Granted 16 threads to pid 54314 (CPUs 17+16)
Request from pid 54314: max_threads=65535, hint_threads=32
Granted 16 threads to pid 54314 (CPUs 17+16)
Request from pid 54356: max_threads=65535, hint_threads=32
Granted 16 threads to pid 54356 (CPUs 1+16)
Request from pid 54356: max_threads=65535, hint_threads=32
Granted 16 threads to pid 54356 (CPUs 1+16)
Request from pid 54314: max_threads=65535, hint_threads=32
Granted 16 threads to pid 54314 (CPUs 17+16)
Request from pid 54314: max_threads=65535, hint_threads=32
Granted 16 threads to pid 54314 (CPUs 17+16)
Request from pid 54356: max_threads=65535, hint_threads=32
Granted 16 threads to pid 54356 (CPUs 1+16)
Request from pid 54314: max_threads=65535, hint_threads=32
Granted 16 threads to pid 54314 (CPUs 17+16)
Request from pid 54356: max_threads=65535, hint_threads=32
Granted 16 threads to pid 54356 (CPUs 1+16)
Request from pid 54314: max_threads=65535, hint_threads=32
Granted 16 threads to pid 54314 (CPUs 17+16)
Request from pid 54314: max_threads=65535, hint_threads=32
Granted 16 threads to pid 54314 (CPUs 17+16)
Request from pid 54356: max_threads=65535, hint_threads=32
Granted 16 threads to pid 54356 (CPUs 1+16)
Request from pid 54314: max_threads=65535, hint_threads=32
Granted 16 threads to pid 54314 (CPUs 17+16)
Request from pid 54356: max_threads=65535, hint_threads=32
Granted 16 threads to pid 54356 (CPUs 1+16)
Request from pid 54314: max_threads=65535, hint_threads=32
Granted 16 threads to pid 54314 (CPUs 17+16)
Request from pid 54356: max_threads=65535, hint_threads=32
Granted 16 threads to pid 54356 (CPUs 1+16)
Request from pid 54314: max_threads=65535, hint_threads=32
Granted 16 threads to pid 54314 (CPUs 17+16)
Request from pid 54356: max_threads=65535, hint_threads=32
Granted 16 threads to pid 54356 (CPUs 1+16)
Request from pid 54314: max_threads=65535, hint_threads=32
Granted 16 threads to pid 54314 (CPUs 17+16)
Request from pid 54356: max_threads=65535, hint_threads=32
Granted 16 threads to pid 54356 (CPUs 1+16)
Request from pid 54314: max_threads=65535, hint_threads=32
Granted 16 threads to pid 54314 (CPUs 17+16)
Request from pid 54314: max_threads=65535, hint_threads=32
Granted 16 threads to pid 54314 (CPUs 17+16)
Request from pid 54356: max_threads=65535, hint_threads=32
Granted 16 threads to pid 54356 (CPUs 1+16)
Request from pid 54356: max_threads=65535, hint_threads=32
Granted 16 threads to pid 54356 (CPUs 1+16)
Request from pid 54314: max_threads=65535, hint_threads=32
Granted 16 threads to pid 54314 (CPUs 17+16)
Request from pid 54314: max_threads=65535, hint_threads=32
Granted 16 threads to pid 54314 (CPUs 17+16)
Request from pid 54356: max_threads=65535, hint_threads=32
Granted 16 threads to pid 54356 (CPUs 1+16)
Request from pid 54314: max_threads=65535, hint_threads=32
Granted 16 threads to pid 54314 (CPUs 17+16)
Request from pid 54356: max_threads=65535, hint_threads=32
Granted 16 threads to pid 54356 (CPUs 1+16)
Request from pid 54314: max_threads=65535, hint_threads=32
Granted 16 threads to pid 54314 (CPUs 17+16)
Request from pid 54356: max_threads=65535, hint_threads=32
Granted 16 threads to pid 54356 (CPUs 1+16)
Request from pid 54356: max_threads=65535, hint_threads=32
Granted 16 threads to pid 54356 (CPUs 1+16)
Request from pid 54314: max_threads=65535, hint_threads=32
Granted 16 threads to pid 54314 (CPUs 17+16)
Request from pid 54314: max_threads=65535, hint_threads=32
Granted 16 threads to pid 54314 (CPUs 17+16)
Request from pid 54356: max_threads=65535, hint_threads=32
Granted 16 threads to pid 54356 (CPUs 1+16)
Request from pid 54314: max_threads=65535, hint_threads=32
Granted 16 threads to pid 54314 (CPUs 17+16)
Request from pid 54356: max_threads=65535, hint_threads=32
Granted 16 threads to pid 54356 (CPUs 1+16)
Request from pid 54314: max_threads=65535, hint_threads=32
Granted 16 threads to pid 54314 (CPUs 17+16)
Request from pid 54314: max_threads=65535, hint_threads=32
Granted 16 threads to pid 54314 (CPUs 17+16)
Request from pid 54356: max_threads=65535, hint_threads=32
Granted 16 threads to pid 54356 (CPUs 1+16)
Request from pid 54314: max_threads=65535, hint_threads=32
Granted 16 threads to pid 54314 (CPUs 17+16)
Request from pid 54356: max_threads=65535, hint_threads=32
Granted 16 threads to pid 54356 (CPUs 1+16)
Request from pid 54314: max_threads=65535, hint_threads=32
Granted 16 threads to pid 54314 (CPUs 17+16)
Client closed connection
Accepted connection
Handling client
Request from pid 54580: max_threads=65535, hint_threads=32
Granted 10 threads to pid 54580 (CPUs 0+0)
Request from pid 54356: max_threads=65535, hint_threads=32
Granted 10 threads to pid 54356 (CPUs 1+10)
Request from pid 54356: max_threads=65535, hint_threads=32
Granted 10 threads to pid 54356 (CPUs 1+10)
Request from pid 54356: max_threads=65535, hint_threads=32
Granted 10 threads to pid 54356 (CPUs 1+10)
Request from pid 54580: max_threads=65535, hint_threads=32
Granted 10 threads to pid 54580 (CPUs 0+0)
Request from pid 54580: max_threads=65535, hint_threads=32
Granted 10 threads to pid 54580 (CPUs 0+0)
Request from pid 54356: max_threads=65535, hint_threads=32
Granted 10 threads to pid 54356 (CPUs 1+10)
Request from pid 54580: max_threads=65535, hint_threads=32
Granted 10 threads to pid 54580 (CPUs 0+0)
Request from pid 54356: max_threads=65535, hint_threads=32
Granted 10 threads to pid 54356 (CPUs 1+10)
Request from pid 54580: max_threads=65535, hint_threads=32
Granted 10 threads to pid 54580 (CPUs 0+0)
Request from pid 54580: max_threads=65535, hint_threads=32
Granted 10 threads to pid 54580 (CPUs 0+0)
Request from pid 54356: max_threads=65535, hint_threads=32
Granted 10 threads to pid 54356 (CPUs 1+10)
Request from pid 54356: max_threads=65535, hint_threads=32
Granted 10 threads to pid 54356 (CPUs 1+10)
Request from pid 54580: max_threads=65535, hint_threads=32
Granted 10 threads to pid 54580 (CPUs 0+0)
Request from pid 54356: max_threads=65535, hint_threads=32
Granted 10 threads to pid 54356 (CPUs 1+10)
Request from pid 54580: max_threads=65535, hint_threads=32
Granted 10 threads to pid 54580 (CPUs 0+0)
Request from pid 54580: max_threads=65535, hint_threads=32
Granted 10 threads to pid 54580 (CPUs 0+0)
Request from pid 54356: max_threads=65535, hint_threads=32
Granted 10 threads to pid 54356 (CPUs 1+10)
Request from pid 54580: max_threads=65535, hint_threads=32
Granted 10 threads to pid 54580 (CPUs 0+0)
Request from pid 54356: max_threads=65535, hint_threads=32
Granted 10 threads to pid 54356 (CPUs 1+10)
Request from pid 54580: max_threads=65535, hint_threads=32
Granted 10 threads to pid 54580 (CPUs 0+0)
Request from pid 54356: max_threads=65535, hint_threads=32
Granted 10 threads to pid 54356 (CPUs 1+10)
Client closed connection
Accepted connection
Handling client
Request from pid 54621: max_threads=65535, hint_threads=32
Granted 8 threads to pid 54621 (CPUs 0+0)
Request from pid 54580: max_threads=65535, hint_threads=32
Granted 8 threads to pid 54580 (CPUs 0+0)
Request from pid 54580: max_threads=65535, hint_threads=32
Granted 8 threads to pid 54580 (CPUs 0+0)
Request from pid 54580: max_threads=65535, hint_threads=32
Granted 8 threads to pid 54580 (CPUs 0+0)
Request from pid 54621: max_threads=65535, hint_threads=32
Granted 8 threads to pid 54621 (CPUs 0+0)
Request from pid 54580: max_threads=65535, hint_threads=32
Granted 8 threads to pid 54580 (CPUs 0+0)
Request from pid 54621: max_threads=65535, hint_threads=32
Granted 8 threads to pid 54621 (CPUs 0+0)
Request from pid 54621: max_threads=65535, hint_threads=32
Granted 8 threads to pid 54621 (CPUs 0+0)
Request from pid 54580: max_threads=65535, hint_threads=32
Granted 8 threads to pid 54580 (CPUs 0+0)
Request from pid 54580: max_threads=65535, hint_threads=32
Granted 8 threads to pid 54580 (CPUs 0+0)
Request from pid 54621: max_threads=65535, hint_threads=32
Granted 10 threads to pid 54621 (CPUs 11+10)
Request from pid 54580: max_threads=65535, hint_threads=32
Granted 10 threads to pid 54580 (CPUs 21+10)
Request from pid 54621: max_threads=65535, hint_threads=32
Granted 10 threads to pid 54621 (CPUs 11+10)
Request from pid 54621: max_threads=65535, hint_threads=32
Granted 10 threads to pid 54621 (CPUs 11+10)
Request from pid 54580: max_threads=65535, hint_threads=32
Granted 10 threads to pid 54580 (CPUs 21+10)
Request from pid 54621: max_threads=65535, hint_threads=32
Granted 10 threads to pid 54621 (CPUs 11+10)
Request from pid 54580: max_threads=65535, hint_threads=32
Granted 10 threads to pid 54580 (CPUs 21+10)
Request from pid 54621: max_threads=65535, hint_threads=32
Granted 10 threads to pid 54621 (CPUs 11+10)
Request from pid 54580: max_threads=65535, hint_threads=32
Granted 10 threads to pid 54580 (CPUs 21+10)
Request from pid 54580: max_threads=65535, hint_threads=32
Granted 10 threads to pid 54580 (CPUs 21+10)
Request from pid 54621: max_threads=65535, hint_threads=32
Granted 10 threads to pid 54621 (CPUs 11+10)
Request from pid 54580: max_threads=65535, hint_threads=32
Granted 10 threads to pid 54580 (CPUs 21+10)
Request from pid 54621: max_threads=65535, hint_threads=32
Granted 10 threads to pid 54621 (CPUs 11+10)
Request from pid 54580: max_threads=65535, hint_threads=32
Granted 10 threads to pid 54580 (CPUs 21+10)
Request from pid 54621: max_threads=65535, hint_threads=32
Granted 10 threads to pid 54621 (CPUs 11+10)
Request from pid 54621: max_threads=65535, hint_threads=32
Granted 10 threads to pid 54621 (CPUs 11+10)
Request from pid 54580: max_threads=65535, hint_threads=32
Granted 10 threads to pid 54580 (CPUs 21+10)
Request from pid 54580: max_threads=65535, hint_threads=32
Granted 10 threads to pid 54580 (CPUs 21+10)
Request from pid 54621: max_threads=65535, hint_threads=32
Granted 10 threads to pid 54621 (CPUs 11+10)
Request from pid 54580: max_threads=65535, hint_threads=32
Granted 10 threads to pid 54580 (CPUs 21+10)
Request from pid 54621: max_threads=65535, hint_threads=32
Granted 10 threads to pid 54621 (CPUs 11+10)
Request from pid 54621: max_threads=65535, hint_threads=32
Granted 10 threads to pid 54621 (CPUs 11+10)
Request from pid 54580: max_threads=65535, hint_threads=32
Granted 10 threads to pid 54580 (CPUs 21+10)
Request from pid 54621: max_threads=65535, hint_threads=32
Granted 10 threads to pid 54621 (CPUs 11+10)
Request from pid 54580: max_threads=65535, hint_threads=32
Granted 10 threads to pid 54580 (CPUs 21+10)
Request from pid 54580: max_threads=65535, hint_threads=32
Granted 10 threads to pid 54580 (CPUs 21+10)
Request from pid 54621: max_threads=65535, hint_threads=32
Granted 10 threads to pid 54621 (CPUs 11+10)
Request from pid 54621: max_threads=65535, hint_threads=32
Granted 10 threads to pid 54621 (CPUs 11+10)
Request from pid 54580: max_threads=65535, hint_threads=32
Granted 10 threads to pid 54580 (CPUs 21+10)
Request from pid 54621: max_threads=65535, hint_threads=32
Granted 10 threads to pid 54621 (CPUs 11+10)
Request from pid 54580: max_threads=65535, hint_threads=32
Granted 10 threads to pid 54580 (CPUs 21+10)
Request from pid 54580: max_threads=65535, hint_threads=32
Granted 16 threads to pid 54580 (CPUs 0+0)
Request from pid 54621: max_threads=65535, hint_threads=32
Granted 16 threads to pid 54621 (CPUs 1+16)
Request from pid 54580: max_threads=65535, hint_threads=32
Granted 16 threads to pid 54580 (CPUs 17+16)
Request from pid 54621: max_threads=65535, hint_threads=32
Granted 16 threads to pid 54621 (CPUs 1+16)
Request from pid 54580: max_threads=65535, hint_threads=32
Granted 16 threads to pid 54580 (CPUs 17+16)
Request from pid 54621: max_threads=65535, hint_threads=32
Granted 16 threads to pid 54621 (CPUs 1+16)
Request from pid 54580: max_threads=65535, hint_threads=32
Granted 16 threads to pid 54580 (CPUs 17+16)
Request from pid 54621: max_threads=65535, hint_threads=32
Granted 16 threads to pid 54621 (CPUs 1+16)
Request from pid 54580: max_threads=65535, hint_threads=32
Granted 16 threads to pid 54580 (CPUs 17+16)
Request from pid 54621: max_threads=65535, hint_threads=32
Granted 16 threads to pid 54621 (CPUs 1+16)
Request from pid 54580: max_threads=65535, hint_threads=32
Granted 16 threads to pid 54580 (CPUs 17+16)
Request from pid 54580: max_threads=65535, hint_threads=32
Granted 16 threads to pid 54580 (CPUs 17+16)
Request from pid 54621: max_threads=65535, hint_threads=32
Granted 16 threads to pid 54621 (CPUs 1+16)
Request from pid 54580: max_threads=65535, hint_threads=32
Granted 16 threads to pid 54580 (CPUs 17+16)
Request from pid 54621: max_threads=65535, hint_threads=32
Granted 16 threads to pid 54621 (CPUs 1+16)
Request from pid 54580: max_threads=65535, hint_threads=32
Granted 16 threads to pid 54580 (CPUs 17+16)
Request from pid 54621: max_threads=65535, hint_threads=32
Granted 16 threads to pid 54621 (CPUs 1+16)
Request from pid 54580: max_threads=65535, hint_threads=32
Granted 16 threads to pid 54580 (CPUs 17+16)
Request from pid 54621: max_threads=65535, hint_threads=32
Granted 16 threads to pid 54621 (CPUs 1+16)
Request from pid 54580: max_threads=65535, hint_threads=32
Granted 16 threads to pid 54580 (CPUs 17+16)
Request from pid 54580: max_threads=65535, hint_threads=32
Granted 16 threads to pid 54580 (CPUs 17+16)
Request from pid 54621: max_threads=65535, hint_threads=32
Granted 16 threads to pid 54621 (CPUs 1+16)
Request from pid 54580: max_threads=65535, hint_threads=32
Granted 16 threads to pid 54580 (CPUs 17+16)
Request from pid 54621: max_threads=65535, hint_threads=32
Granted 16 threads to pid 54621 (CPUs 1+16)
Request from pid 54580: max_threads=65535, hint_threads=32
Granted 16 threads to pid 54580 (CPUs 17+16)
Request from pid 54621: max_threads=65535, hint_threads=32
Granted 16 threads to pid 54621 (CPUs 1+16)
Request from pid 54621: max_threads=65535, hint_threads=32
Granted 16 threads to pid 54621 (CPUs 1+16)
Request from pid 54580: max_threads=65535, hint_threads=32
Granted 16 threads to pid 54580 (CPUs 17+16)
Client closed connection
Accepted connection
Handling client
Request from pid 54743: max_threads=65535, hint_threads=32
Granted 10 threads to pid 54743 (CPUs 0+0)
Request from pid 54621: max_threads=65535, hint_threads=32
Granted 10 threads to pid 54621 (CPUs 1+10)
Request from pid 54621: max_threads=65535, hint_threads=32
Granted 10 threads to pid 54621 (CPUs 1+10)
Request from pid 54743: max_threads=65535, hint_threads=32
Granted 10 threads to pid 54743 (CPUs 0+0)
Request from pid 54743: max_threads=65535, hint_threads=32
Granted 10 threads to pid 54743 (CPUs 0+0)
Request from pid 54621: max_threads=65535, hint_threads=32
Granted 10 threads to pid 54621 (CPUs 1+10)
Request from pid 54743: max_threads=65535, hint_threads=32
Granted 10 threads to pid 54743 (CPUs 0+0)
Request from pid 54743: max_threads=65535, hint_threads=32
Granted 10 threads to pid 54743 (CPUs 0+0)
Request from pid 54621: max_threads=65535, hint_threads=32
Granted 10 threads to pid 54621 (CPUs 1+10)
Request from pid 54743: max_threads=65535, hint_threads=32
Granted 10 threads to pid 54743 (CPUs 0+0)
Request from pid 54621: max_threads=65535, hint_threads=32
Granted 10 threads to pid 54621 (CPUs 1+10)
Request from pid 54743: max_threads=65535, hint_threads=32
Granted 10 threads to pid 54743 (CPUs 0+0)
Request from pid 54621: max_threads=65535, hint_threads=32
Granted 10 threads to pid 54621 (CPUs 1+10)
Request from pid 54743: max_threads=65535, hint_threads=32
Granted 10 threads to pid 54743 (CPUs 0+0)
Request from pid 54621: max_threads=65535, hint_threads=32
Granted 10 threads to pid 54621 (CPUs 1+10)
Request from pid 54743: max_threads=65535, hint_threads=32
Granted 10 threads to pid 54743 (CPUs 0+0)
Request from pid 54621: max_threads=65535, hint_threads=32
Granted 10 threads to pid 54621 (CPUs 1+10)
Request from pid 54743: max_threads=65535, hint_threads=32
Granted 10 threads to pid 54743 (CPUs 0+0)
Request from pid 54621: max_threads=65535, hint_threads=32
Granted 10 threads to pid 54621 (CPUs 1+10)
Request from pid 54743: max_threads=65535, hint_threads=32
Granted 10 threads to pid 54743 (CPUs 0+0)
Request from pid 54621: max_threads=65535, hint_threads=32
Granted 10 threads to pid 54621 (CPUs 1+10)
Request from pid 54743: max_threads=65535, hint_threads=32
Granted 10 threads to pid 54743 (CPUs 0+0)
Request from pid 54621: max_threads=65535, hint_threads=32
Granted 10 threads to pid 54621 (CPUs 1+10)
Request from pid 54743: max_threads=65535, hint_threads=32
Granted 10 threads to pid 54743 (CPUs 0+0)
Request from pid 54621: max_threads=65535, hint_threads=32
Granted 10 threads to pid 54621 (CPUs 1+10)
Request from pid 54743: max_threads=65535, hint_threads=32
Granted 10 threads to pid 54743 (CPUs 0+0)
Request from pid 54621: max_threads=65535, hint_threads=32
Granted 10 threads to pid 54621 (CPUs 1+10)
Request from pid 54743: max_threads=65535, hint_threads=32
Granted 10 threads to pid 54743 (CPUs 0+0)
Request from pid 54621: max_threads=65535, hint_threads=32
Granted 10 threads to pid 54621 (CPUs 1+10)
Request from pid 54743: max_threads=65535, hint_threads=32
Granted 10 threads to pid 54743 (CPUs 0+0)
Request from pid 54743: max_threads=65535, hint_threads=32
Granted 10 threads to pid 54743 (CPUs 0+0)
Request from pid 54621: max_threads=65535, hint_threads=32
Granted 10 threads to pid 54621 (CPUs 1+10)
Request from pid 54743: max_threads=65535, hint_threads=32
Granted 10 threads to pid 54743 (CPUs 0+0)
Request from pid 54621: max_threads=65535, hint_threads=32
Granted 10 threads to pid 54621 (CPUs 1+10)
Request from pid 54743: max_threads=65535, hint_threads=32
Granted 10 threads to pid 54743 (CPUs 0+0)
Request from pid 54621: max_threads=65535, hint_threads=32
Granted 16 threads to pid 54621 (CPUs 1+16)
Request from pid 54743: max_threads=65535, hint_threads=32
Granted 16 threads to pid 54743 (CPUs 17+16)
Request from pid 54621: max_threads=65535, hint_threads=32
Granted 16 threads to pid 54621 (CPUs 1+16)
Request from pid 54743: max_threads=65535, hint_threads=32
Granted 16 threads to pid 54743 (CPUs 17+16)
Request from pid 54621: max_threads=65535, hint_threads=32
Granted 16 threads to pid 54621 (CPUs 1+16)
Request from pid 54743: max_threads=65535, hint_threads=32
Granted 16 threads to pid 54743 (CPUs 17+16)
Request from pid 54621: max_threads=65535, hint_threads=32
Granted 16 threads to pid 54621 (CPUs 1+16)
Request from pid 54743: max_threads=65535, hint_threads=32
Granted 16 threads to pid 54743 (CPUs 17+16)
Request from pid 54621: max_threads=65535, hint_threads=32
Granted 16 threads to pid 54621 (CPUs 1+16)
Request from pid 54743: max_threads=65535, hint_threads=32
Granted 16 threads to pid 54743 (CPUs 17+16)
Request from pid 54621: max_threads=65535, hint_threads=32
Granted 16 threads to pid 54621 (CPUs 1+16)
Client closed connection
Accepted connection
Handling client
Request from pid 54783: max_threads=65535, hint_threads=32
Granted 10 threads to pid 54783 (CPUs 0+0)
Request from pid 54743: max_threads=65535, hint_threads=32
Granted 10 threads to pid 54743 (CPUs 17+10)
Request from pid 54743: max_threads=65535, hint_threads=32
Granted 10 threads to pid 54743 (CPUs 17+10)
Request from pid 54743: max_threads=65535, hint_threads=32
Granted 10 threads to pid 54743 (CPUs 17+10)
Request from pid 54743: max_threads=65535, hint_threads=32
Granted 10 threads to pid 54743 (CPUs 17+10)
Request from pid 54783: max_threads=65535, hint_threads=32
Granted 10 threads to pid 54783 (CPUs 0+0)
Request from pid 54783: max_threads=65535, hint_threads=32
Granted 10 threads to pid 54783 (CPUs 0+0)
Request from pid 54743: max_threads=65535, hint_threads=32
Granted 10 threads to pid 54743 (CPUs 17+10)
Request from pid 54783: max_threads=65535, hint_threads=32
Granted 10 threads to pid 54783 (CPUs 0+0)
Request from pid 54743: max_threads=65535, hint_threads=32
Granted 10 threads to pid 54743 (CPUs 17+10)
Request from pid 54783: max_threads=65535, hint_threads=32
Granted 10 threads to pid 54783 (CPUs 0+0)
Request from pid 54743: max_threads=65535, hint_threads=32
Granted 10 threads to pid 54743 (CPUs 17+10)
Request from pid 54783: max_threads=65535, hint_threads=32
Granted 10 threads to pid 54783 (CPUs 0+0)
Request from pid 54743: max_threads=65535, hint_threads=32
Granted 10 threads to pid 54743 (CPUs 17+10)
Request from pid 54783: max_threads=65535, hint_threads=32
Granted 10 threads to pid 54783 (CPUs 0+0)
Request from pid 54743: max_threads=65535, hint_threads=32
Granted 10 threads to pid 54743 (CPUs 17+10)
Request from pid 54783: max_threads=65535, hint_threads=32
Granted 10 threads to pid 54783 (CPUs 0+0)
Request from pid 54783: max_threads=65535, hint_threads=32
Granted 10 threads to pid 54783 (CPUs 0+0)
Request from pid 54743: max_threads=65535, hint_threads=32
Granted 10 threads to pid 54743 (CPUs 17+10)
Request from pid 54783: max_threads=65535, hint_threads=32
Granted 10 threads to pid 54783 (CPUs 0+0)
Request from pid 54743: max_threads=65535, hint_threads=32
Granted 10 threads to pid 54743 (CPUs 17+10)
Request from pid 54783: max_threads=65535, hint_threads=32
Granted 10 threads to pid 54783 (CPUs 0+0)
Request from pid 54743: max_threads=65535, hint_threads=32
Granted 10 threads to pid 54743 (CPUs 17+10)
Request from pid 54783: max_threads=65535, hint_threads=32
Granted 10 threads to pid 54783 (CPUs 0+0)
Request from pid 54743: max_threads=65535, hint_threads=32
Granted 10 threads to pid 54743 (CPUs 17+10)
Request from pid 54783: max_threads=65535, hint_threads=32
Granted 10 threads to pid 54783 (CPUs 0+0)
Request from pid 54743: max_threads=65535, hint_threads=32
Granted 10 threads to pid 54743 (CPUs 17+10)
Request from pid 54783: max_threads=65535, hint_threads=32
Granted 10 threads to pid 54783 (CPUs 0+0)
Request from pid 54783: max_threads=65535, hint_threads=32
Granted 10 threads to pid 54783 (CPUs 0+0)
Request from pid 54743: max_threads=65535, hint_threads=32
Granted 10 threads to pid 54743 (CPUs 17+10)
Request from pid 54783: max_threads=65535, hint_threads=32
Granted 10 threads to pid 54783 (CPUs 0+0)
Request from pid 54743: max_threads=65535, hint_threads=32
Granted 10 threads to pid 54743 (CPUs 17+10)
Request from pid 54783: max_threads=65535, hint_threads=32
Granted 10 threads to pid 54783 (CPUs 0+0)
Request from pid 54743: max_threads=65535, hint_threads=32
Granted 10 threads to pid 54743 (CPUs 17+10)
Request from pid 54783: max_threads=65535, hint_threads=32
Granted 10 threads to pid 54783 (CPUs 0+0)
Request from pid 54743: max_threads=65535, hint_threads=32
Granted 10 threads to pid 54743 (CPUs 17+10)
Request from pid 54783: max_threads=65535, hint_threads=32
Granted 10 threads to pid 54783 (CPUs 0+0)
Request from pid 54743: max_threads=65535, hint_threads=32
Granted 10 threads to pid 54743 (CPUs 17+10)
Request from pid 54783: max_threads=65535, hint_threads=32
Granted 10 threads to pid 54783 (CPUs 0+0)
Request from pid 54743: max_threads=65535, hint_threads=32
Granted 16 threads to pid 54743 (CPUs 1+16)
Request from pid 54783: max_threads=65535, hint_threads=32
Granted 16 threads to pid 54783 (CPUs 17+16)
Request from pid 54743: max_threads=65535, hint_threads=32
Granted 16 threads to pid 54743 (CPUs 1+16)
Request from pid 54783: max_threads=65535, hint_threads=32
Granted 16 threads to pid 54783 (CPUs 17+16)
Request from pid 54743: max_threads=65535, hint_threads=32
Granted 16 threads to pid 54743 (CPUs 1+16)
Request from pid 54783: max_threads=65535, hint_threads=32
Granted 16 threads to pid 54783 (CPUs 17+16)
Request from pid 54743: max_threads=65535, hint_threads=32
Granted 16 threads to pid 54743 (CPUs 1+16)
Request from pid 54783: max_threads=65535, hint_threads=32
Granted 16 threads to pid 54783 (CPUs 17+16)
Request from pid 54743: max_threads=65535, hint_threads=32
Granted 16 threads to pid 54743 (CPUs 1+16)
Request from pid 54783: max_threads=65535, hint_threads=32
Granted 16 threads to pid 54783 (CPUs 17+16)
Request from pid 54743: max_threads=65535, hint_threads=32
Granted 16 threads to pid 54743 (CPUs 1+16)
Request from pid 54783: max_threads=65535, hint_threads=32
Granted 16 threads to pid 54783 (CPUs 17+16)
Request from pid 54783: max_threads=65535, hint_threads=32
Granted 16 threads to pid 54783 (CPUs 17+16)
Request from pid 54743: max_threads=65535, hint_threads=32
Granted 16 threads to pid 54743 (CPUs 1+16)
Request from pid 54743: max_threads=65535, hint_threads=32
Granted 16 threads to pid 54743 (CPUs 1+16)
Request from pid 54783: max_threads=65535, hint_threads=32
Granted 16 threads to pid 54783 (CPUs 17+16)
Request from pid 54743: max_threads=65535, hint_threads=32
Granted 16 threads to pid 54743 (CPUs 1+16)
Request from pid 54783: max_threads=65535, hint_threads=32
Granted 16 threads to pid 54783 (CPUs 17+16)
Request from pid 54743: max_threads=65535, hint_threads=32
Granted 16 threads to pid 54743 (CPUs 1+16)
Request from pid 54783: max_threads=65535, hint_threads=32
Granted 16 threads to pid 54783 (CPUs 17+16)
Request from pid 54783: max_threads=65535, hint_threads=32
Granted 16 threads to pid 54783 (CPUs 17+16)
Request from pid 54743: max_threads=65535, hint_threads=32
Granted 16 threads to pid 54743 (CPUs 1+16)
Client closed connection
Accepted connection
Handling client
Request from pid 54915: max_threads=65535, hint_threads=32
Granted 10 threads to pid 54915 (CPUs 0+0)
Request from pid 54783: max_threads=65535, hint_threads=32
Granted 10 threads to pid 54783 (CPUs 17+10)
Request from pid 54783: max_threads=65535, hint_threads=32
Granted 10 threads to pid 54783 (CPUs 17+10)
Request from pid 54783: max_threads=65535, hint_threads=32
Granted 10 threads to pid 54783 (CPUs 17+10)
Request from pid 54783: max_threads=65535, hint_threads=32
Granted 10 threads to pid 54783 (CPUs 17+10)
Request from pid 54915: max_threads=65535, hint_threads=32
Granted 10 threads to pid 54915 (CPUs 0+0)
Request from pid 54783: max_threads=65535, hint_threads=32
Granted 10 threads to pid 54783 (CPUs 17+10)
Request from pid 54915: max_threads=65535, hint_threads=32
Granted 10 threads to pid 54915 (CPUs 0+0)
Request from pid 54915: max_threads=65535, hint_threads=32
Granted 10 threads to pid 54915 (CPUs 0+0)
Request from pid 54783: max_threads=65535, hint_threads=32
Granted 10 threads to pid 54783 (CPUs 17+10)
Request from pid 54783: max_threads=65535, hint_threads=32
Granted 10 threads to pid 54783 (CPUs 17+10)
Request from pid 54915: max_threads=65535, hint_threads=32
Granted 10 threads to pid 54915 (CPUs 0+0)
Request from pid 54783: max_threads=65535, hint_threads=32
Granted 10 threads to pid 54783 (CPUs 17+10)
Request from pid 54915: max_threads=65535, hint_threads=32
Granted 10 threads to pid 54915 (CPUs 0+0)
Request from pid 54783: max_threads=65535, hint_threads=32
Granted 10 threads to pid 54783 (CPUs 17+10)
Request from pid 54915: max_threads=65535, hint_threads=32
Granted 10 threads to pid 54915 (CPUs 0+0)
Request from pid 54783: max_threads=65535, hint_threads=32
Granted 10 threads to pid 54783 (CPUs 17+10)
Request from pid 54915: max_threads=65535, hint_threads=32
Granted 10 threads to pid 54915 (CPUs 0+0)
Request from pid 54783: max_threads=65535, hint_threads=32
Granted 10 threads to pid 54783 (CPUs 17+10)
Request from pid 54783: max_threads=65535, hint_threads=32
Granted 10 threads to pid 54783 (CPUs 17+10)
Request from pid 54915: max_threads=65535, hint_threads=32
Granted 10 threads to pid 54915 (CPUs 0+0)
Request from pid 54783: max_threads=65535, hint_threads=32
Granted 10 threads to pid 54783 (CPUs 17+10)
Request from pid 54915: max_threads=65535, hint_threads=32
Granted 10 threads to pid 54915 (CPUs 0+0)
Request from pid 54783: max_threads=65535, hint_threads=32
Granted 10 threads to pid 54783 (CPUs 17+10)
Request from pid 54915: max_threads=65535, hint_threads=32
Granted 10 threads to pid 54915 (CPUs 0+0)
Request from pid 54783: max_threads=65535, hint_threads=32
Granted 10 threads to pid 54783 (CPUs 17+10)
Request from pid 54915: max_threads=65535, hint_threads=32
Granted 10 threads to pid 54915 (CPUs 0+0)
Request from pid 54783: max_threads=65535, hint_threads=32
Granted 10 threads to pid 54783 (CPUs 17+10)
Request from pid 54783: max_threads=65535, hint_threads=32
Granted 10 threads to pid 54783 (CPUs 17+10)
Client closed connection
Request from pid 54915: max_threads=65535, hint_threads=32
Granted 10 threads to pid 54915 (CPUs 0+0)
Accepted connection
Handling client
Request from pid 54955: max_threads=65535, hint_threads=32
Granted 8 threads to pid 54955 (CPUs 0+0)
Request from pid 54915: max_threads=65535, hint_threads=32
Granted 8 threads to pid 54915 (CPUs 0+0)
Request from pid 54955: max_threads=65535, hint_threads=32
Granted 10 threads to pid 54955 (CPUs 1+10)
Request from pid 54915: max_threads=65535, hint_threads=32
Granted 10 threads to pid 54915 (CPUs 0+0)
Request from pid 54955: max_threads=65535, hint_threads=32
Granted 10 threads to pid 54955 (CPUs 1+10)
Request from pid 54915: max_threads=65535, hint_threads=32
Granted 10 threads to pid 54915 (CPUs 0+0)
Request from pid 54955: max_threads=65535, hint_threads=32
Granted 10 threads to pid 54955 (CPUs 1+10)
Request from pid 54915: max_threads=65535, hint_threads=32
Granted 10 threads to pid 54915 (CPUs 0+0)
Request from pid 54955: max_threads=65535, hint_threads=32
Granted 10 threads to pid 54955 (CPUs 1+10)
Request from pid 54915: max_threads=65535, hint_threads=32
Granted 10 threads to pid 54915 (CPUs 0+0)
Request from pid 54955: max_threads=65535, hint_threads=32
Granted 10 threads to pid 54955 (CPUs 1+10)
Request from pid 54915: max_threads=65535, hint_threads=32
Granted 10 threads to pid 54915 (CPUs 0+0)
Request from pid 54955: max_threads=65535, hint_threads=32
Granted 10 threads to pid 54955 (CPUs 1+10)
Request from pid 54915: max_threads=65535, hint_threads=32
Granted 10 threads to pid 54915 (CPUs 0+0)
Request from pid 54955: max_threads=65535, hint_threads=32
Granted 10 threads to pid 54955 (CPUs 1+10)
Request from pid 54915: max_threads=65535, hint_threads=32
Granted 10 threads to pid 54915 (CPUs 0+0)
Request from pid 54955: max_threads=65535, hint_threads=32
Granted 10 threads to pid 54955 (CPUs 1+10)
Request from pid 54915: max_threads=65535, hint_threads=32
Granted 10 threads to pid 54915 (CPUs 0+0)
Request from pid 54955: max_threads=65535, hint_threads=32
Granted 10 threads to pid 54955 (CPUs 1+10)
Request from pid 54915: max_threads=65535, hint_threads=32
Granted 10 threads to pid 54915 (CPUs 0+0)
Request from pid 54955: max_threads=65535, hint_threads=32
Granted 10 threads to pid 54955 (CPUs 1+10)
Request from pid 54915: max_threads=65535, hint_threads=32
Granted 10 threads to pid 54915 (CPUs 0+0)
Request from pid 54955: max_threads=65535, hint_threads=32
Granted 10 threads to pid 54955 (CPUs 1+10)
Request from pid 54915: max_threads=65535, hint_threads=32
Granted 10 threads to pid 54915 (CPUs 0+0)
Request from pid 54955: max_threads=65535, hint_threads=32
Granted 10 threads to pid 54955 (CPUs 1+10)
Request from pid 54915: max_threads=65535, hint_threads=32
Granted 10 threads to pid 54915 (CPUs 0+0)
Request from pid 54955: max_threads=65535, hint_threads=32
Granted 10 threads to pid 54955 (CPUs 1+10)
Request from pid 54915: max_threads=65535, hint_threads=32
Granted 10 threads to pid 54915 (CPUs 0+0)
Request from pid 54955: max_threads=65535, hint_threads=32
Granted 10 threads to pid 54955 (CPUs 1+10)
Request from pid 54915: max_threads=65535, hint_threads=32
Granted 10 threads to pid 54915 (CPUs 0+0)
Request from pid 54955: max_threads=65535, hint_threads=32
Granted 16 threads to pid 54955 (CPUs 1+16)
Request from pid 54915: max_threads=65535, hint_threads=32
Granted 16 threads to pid 54915 (CPUs 17+16)
Request from pid 54955: max_threads=65535, hint_threads=32
Granted 16 threads to pid 54955 (CPUs 1+16)
Request from pid 54955: max_threads=65535, hint_threads=32
Granted 16 threads to pid 54955 (CPUs 1+16)
Request from pid 54915: max_threads=65535, hint_threads=32
Granted 16 threads to pid 54915 (CPUs 17+16)
Request from pid 54955: max_threads=65535, hint_threads=32
Granted 16 threads to pid 54955 (CPUs 1+16)
Request from pid 54915: max_threads=65535, hint_threads=32
Granted 16 threads to pid 54915 (CPUs 17+16)
Request from pid 54955: max_threads=65535, hint_threads=32
Granted 16 threads to pid 54955 (CPUs 1+16)
Request from pid 54915: max_threads=65535, hint_threads=32
Granted 16 threads to pid 54915 (CPUs 17+16)
Request from pid 54955: max_threads=65535, hint_threads=32
Granted 16 threads to pid 54955 (CPUs 1+16)
Request from pid 54915: max_threads=65535, hint_threads=32
Granted 16 threads to pid 54915 (CPUs 17+16)
Request from pid 54955: max_threads=65535, hint_threads=32
Granted 16 threads to pid 54955 (CPUs 1+16)
Request from pid 54915: max_threads=65535, hint_threads=32
Granted 16 threads to pid 54915 (CPUs 17+16)
Request from pid 54955: max_threads=65535, hint_threads=32
Granted 16 threads to pid 54955 (CPUs 1+16)
Request from pid 54915: max_threads=65535, hint_threads=32
Granted 16 threads to pid 54915 (CPUs 17+16)
Request from pid 54955: max_threads=65535, hint_threads=32
Granted 16 threads to pid 54955 (CPUs 1+16)
Request from pid 54915: max_threads=65535, hint_threads=32
Granted 16 threads to pid 54915 (CPUs 17+16)
Request from pid 54955: max_threads=65535, hint_threads=32
Granted 16 threads to pid 54955 (CPUs 1+16)
Request from pid 54915: max_threads=65535, hint_threads=32
Granted 16 threads to pid 54915 (CPUs 17+16)
Request from pid 54955: max_threads=65535, hint_threads=32
Granted 16 threads to pid 54955 (CPUs 1+16)
Request from pid 54915: max_threads=65535, hint_threads=32
Granted 16 threads to pid 54915 (CPUs 17+16)
Request from pid 54955: max_threads=65535, hint_threads=32
Granted 16 threads to pid 54955 (CPUs 1+16)
Request from pid 54915: max_threads=65535, hint_threads=32
Granted 16 threads to pid 54915 (CPUs 17+16)
Request from pid 54955: max_threads=65535, hint_threads=32
Granted 16 threads to pid 54955 (CPUs 1+16)
Request from pid 54915: max_threads=65535, hint_threads=32
Granted 16 threads to pid 54915 (CPUs 17+16)
Request from pid 54955: max_threads=65535, hint_threads=32
Granted 16 threads to pid 54955 (CPUs 1+16)
Request from pid 54915: max_threads=65535, hint_threads=32
Granted 16 threads to pid 54915 (CPUs 17+16)
Request from pid 54955: max_threads=65535, hint_threads=32
Granted 16 threads to pid 54955 (CPUs 1+16)
Request from pid 54955: max_threads=65535, hint_threads=32
Granted 16 threads to pid 54955 (CPUs 1+16)
Request from pid 54915: max_threads=65535, hint_threads=32
Granted 16 threads to pid 54915 (CPUs 17+16)
Request from pid 54915: max_threads=65535, hint_threads=32
Granted 16 threads to pid 54915 (CPUs 17+16)
Request from pid 54955: max_threads=65535, hint_threads=32
Granted 16 threads to pid 54955 (CPUs 1+16)
Request from pid 54955: max_threads=65535, hint_threads=32
Granted 16 threads to pid 54955 (CPUs 1+16)
Request from pid 54915: max_threads=65535, hint_threads=32
Granted 16 threads to pid 54915 (CPUs 17+16)
Request from pid 54955: max_threads=65535, hint_threads=32
Granted 16 threads to pid 54955 (CPUs 1+16)
Request from pid 54915: max_threads=65535, hint_threads=32
Granted 16 threads to pid 54915 (CPUs 17+16)
Client closed connection
Accepted connection
Handling client
Request from pid 55034: max_threads=65535, hint_threads=32
Granted 10 threads to pid 55034 (CPUs 0+0)
Request from pid 54955: max_threads=65535, hint_threads=32
Granted 10 threads to pid 54955 (CPUs 1+10)
Request from pid 54955: max_threads=65535, hint_threads=32
Granted 10 threads to pid 54955 (CPUs 1+10)
Request from pid 55034: max_threads=65535, hint_threads=32
Granted 10 threads to pid 55034 (CPUs 0+0)
Request from pid 55034: max_threads=65535, hint_threads=32
Granted 10 threads to pid 55034 (CPUs 0+0)
Request from pid 54955: max_threads=65535, hint_threads=32
Granted 10 threads to pid 54955 (CPUs 1+10)
Request from pid 55034: max_threads=65535, hint_threads=32
Granted 10 threads to pid 55034 (CPUs 0+0)
Request from pid 54955: max_threads=65535, hint_threads=32
Granted 10 threads to pid 54955 (CPUs 1+10)
Request from pid 55034: max_threads=65535, hint_threads=32
Granted 10 threads to pid 55034 (CPUs 0+0)
Request from pid 54955: max_threads=65535, hint_threads=32
Granted 10 threads to pid 54955 (CPUs 1+10)
Request from pid 55034: max_threads=65535, hint_threads=32
Granted 10 threads to pid 55034 (CPUs 0+0)
Request from pid 54955: max_threads=65535, hint_threads=32
Granted 10 threads to pid 54955 (CPUs 1+10)
Request from pid 55034: max_threads=65535, hint_threads=32
Granted 10 threads to pid 55034 (CPUs 0+0)
Request from pid 54955: max_threads=65535, hint_threads=32
Granted 10 threads to pid 54955 (CPUs 1+10)
Request from pid 55034: max_threads=65535, hint_threads=32
Granted 10 threads to pid 55034 (CPUs 0+0)
Request from pid 55034: max_threads=65535, hint_threads=32
Granted 10 threads to pid 55034 (CPUs 0+0)
Request from pid 54955: max_threads=65535, hint_threads=32
Granted 10 threads to pid 54955 (CPUs 1+10)
Request from pid 55034: max_threads=65535, hint_threads=32
Granted 10 threads to pid 55034 (CPUs 0+0)
Request from pid 54955: max_threads=65535, hint_threads=32
Granted 10 threads to pid 54955 (CPUs 1+10)
Request from pid 55034: max_threads=65535, hint_threads=32
Granted 10 threads to pid 55034 (CPUs 0+0)
Request from pid 54955: max_threads=65535, hint_threads=32
Granted 10 threads to pid 54955 (CPUs 1+10)
Request from pid 55034: max_threads=65535, hint_threads=32
Granted 10 threads to pid 55034 (CPUs 0+0)
Request from pid 54955: max_threads=65535, hint_threads=32
Granted 10 threads to pid 54955 (CPUs 1+10)
Request from pid 55034: max_threads=65535, hint_threads=32
Granted 10 threads to pid 55034 (CPUs 0+0)
Request from pid 54955: max_threads=65535, hint_threads=32
Granted 10 threads to pid 54955 (CPUs 1+10)
Request from pid 55034: max_threads=65535, hint_threads=32
Granted 10 threads to pid 55034 (CPUs 0+0)
Request from pid 55034: max_threads=65535, hint_threads=32
Granted 10 threads to pid 55034 (CPUs 0+0)
Request from pid 54955: max_threads=65535, hint_threads=32
Granted 10 threads to pid 54955 (CPUs 1+10)
Request from pid 55034: max_threads=65535, hint_threads=32
Granted 10 threads to pid 55034 (CPUs 0+0)
Request from pid 54955: max_threads=65535, hint_threads=32
Granted 10 threads to pid 54955 (CPUs 1+10)
Request from pid 55034: max_threads=65535, hint_threads=32
Granted 10 threads to pid 55034 (CPUs 0+0)
Request from pid 54955: max_threads=65535, hint_threads=32
Granted 10 threads to pid 54955 (CPUs 1+10)
Request from pid 55034: max_threads=65535, hint_threads=32
Granted 10 threads to pid 55034 (CPUs 0+0)
Request from pid 54955: max_threads=65535, hint_threads=32
Granted 10 threads to pid 54955 (CPUs 1+10)
Request from pid 55034: max_threads=65535, hint_threads=32
Granted 10 threads to pid 55034 (CPUs 0+0)
Request from pid 54955: max_threads=65535, hint_threads=32
Granted 10 threads to pid 54955 (CPUs 1+10)
Request from pid 55034: max_threads=65535, hint_threads=32
Granted 16 threads to pid 55034 (CPUs 11+16)
Request from pid 54955: max_threads=65535, hint_threads=32
Granted 16 threads to pid 54955 (CPUs 0+0)
Request from pid 55034: max_threads=65535, hint_threads=32
Granted 16 threads to pid 55034 (CPUs 11+16)
Request from pid 54955: max_threads=65535, hint_threads=32
Granted 16 threads to pid 54955 (CPUs 0+0)
Request from pid 55034: max_threads=65535, hint_threads=32
Granted 16 threads to pid 55034 (CPUs 11+16)
Request from pid 54955: max_threads=65535, hint_threads=32
Granted 16 threads to pid 54955 (CPUs 0+0)
Request from pid 55034: max_threads=65535, hint_threads=32
Granted 16 threads to pid 55034 (CPUs 11+16)
Request from pid 54955: max_threads=65535, hint_threads=32
Granted 16 threads to pid 54955 (CPUs 0+0)
Request from pid 55034: max_threads=65535, hint_threads=32
Granted 16 threads to pid 55034 (CPUs 11+16)
Request from pid 54955: max_threads=65535, hint_threads=32
Granted 16 threads to pid 54955 (CPUs 0+0)
Request from pid 55034: max_threads=65535, hint_threads=32
Granted 16 threads to pid 55034 (CPUs 11+16)
Request from pid 54955: max_threads=65535, hint_threads=32
Granted 16 threads to pid 54955 (CPUs 0+0)
Request from pid 55034: max_threads=65535, hint_threads=32
Granted 16 threads to pid 55034 (CPUs 11+16)
Request from pid 54955: max_threads=65535, hint_threads=32
Granted 16 threads to pid 54955 (CPUs 0+0)
Request from pid 55034: max_threads=65535, hint_threads=32
Granted 16 threads to pid 55034 (CPUs 11+16)
Request from pid 54955: max_threads=65535, hint_threads=32
Granted 16 threads to pid 54955 (CPUs 0+0)
Request from pid 55034: max_threads=65535, hint_threads=32
Granted 16 threads to pid 55034 (CPUs 11+16)
Request from pid 54955: max_threads=65535, hint_threads=32
Granted 16 threads to pid 54955 (CPUs 0+0)
Request from pid 55034: max_threads=65535, hint_threads=32
Granted 16 threads to pid 55034 (CPUs 11+16)
Request from pid 54955: max_threads=65535, hint_threads=32
Granted 16 threads to pid 54955 (CPUs 0+0)
Request from pid 55034: max_threads=65535, hint_threads=32
Granted 16 threads to pid 55034 (CPUs 11+16)
Request from pid 54955: max_threads=65535, hint_threads=32
Granted 16 threads to pid 54955 (CPUs 0+0)
Request from pid 55034: max_threads=65535, hint_threads=32
Granted 16 threads to pid 55034 (CPUs 11+16)
Request from pid 54955: max_threads=65535, hint_threads=32
Granted 16 threads to pid 54955 (CPUs 0+0)
Request from pid 55034: max_threads=65535, hint_threads=32
Granted 16 threads to pid 55034 (CPUs 11+16)
Request from pid 54955: max_threads=65535, hint_threads=32
Granted 16 threads to pid 54955 (CPUs 0+0)
Request from pid 55034: max_threads=65535, hint_threads=32
Granted 16 threads to pid 55034 (CPUs 11+16)
Request from pid 55034: max_threads=65535, hint_threads=32
Granted 16 threads to pid 55034 (CPUs 11+16)
Request from pid 55034: max_threads=65535, hint_threads=32
Granted 16 threads to pid 55034 (CPUs 11+16)
Request from pid 54955: max_threads=65535, hint_threads=32
Granted 16 threads to pid 54955 (CPUs 0+0)
Client closed connection
Accepted connection
Handling client
Request from pid 55115: max_threads=65535, hint_threads=32
Granted 10 threads to pid 55115 (CPUs 1+10)
Request from pid 55034: max_threads=65535, hint_threads=32
Granted 10 threads to pid 55034 (CPUs 11+10)
Request from pid 55034: max_threads=65535, hint_threads=32
Granted 10 threads to pid 55034 (CPUs 11+10)
Request from pid 55034: max_threads=65535, hint_threads=32
Granted 10 threads to pid 55034 (CPUs 11+10)
Request from pid 55034: max_threads=65535, hint_threads=32
Granted 10 threads to pid 55034 (CPUs 11+10)
Request from pid 55115: max_threads=65535, hint_threads=32
Granted 10 threads to pid 55115 (CPUs 1+10)
Request from pid 55034: max_threads=65535, hint_threads=32
Granted 10 threads to pid 55034 (CPUs 11+10)
Request from pid 55115: max_threads=65535, hint_threads=32
Granted 10 threads to pid 55115 (CPUs 1+10)
Request from pid 55034: max_threads=65535, hint_threads=32
Granted 10 threads to pid 55034 (CPUs 11+10)
Request from pid 55115: max_threads=65535, hint_threads=32
Granted 10 threads to pid 55115 (CPUs 1+10)
Request from pid 55034: max_threads=65535, hint_threads=32
Granted 10 threads to pid 55034 (CPUs 11+10)
Request from pid 55115: max_threads=65535, hint_threads=32
Granted 10 threads to pid 55115 (CPUs 1+10)
Request from pid 55034: max_threads=65535, hint_threads=32
Granted 10 threads to pid 55034 (CPUs 11+10)
Request from pid 55115: max_threads=65535, hint_threads=32
Granted 10 threads to pid 55115 (CPUs 1+10)
Request from pid 55115: max_threads=65535, hint_threads=32
Granted 10 threads to pid 55115 (CPUs 1+10)
Request from pid 55034: max_threads=65535, hint_threads=32
Granted 10 threads to pid 55034 (CPUs 11+10)
Request from pid 55115: max_threads=65535, hint_threads=32
Granted 10 threads to pid 55115 (CPUs 1+10)
Request from pid 55034: max_threads=65535, hint_threads=32
Granted 10 threads to pid 55034 (CPUs 11+10)
Request from pid 55034: max_threads=65535, hint_threads=32
Granted 10 threads to pid 55034 (CPUs 11+10)
Request from pid 55115: max_threads=65535, hint_threads=32
Granted 10 threads to pid 55115 (CPUs 1+10)
Request from pid 55034: max_threads=65535, hint_threads=32
Granted 10 threads to pid 55034 (CPUs 11+10)
Request from pid 55115: max_threads=65535, hint_threads=32
Granted 10 threads to pid 55115 (CPUs 1+10)
Request from pid 55034: max_threads=65535, hint_threads=32
Granted 10 threads to pid 55034 (CPUs 11+10)
Request from pid 55115: max_threads=65535, hint_threads=32
Granted 10 threads to pid 55115 (CPUs 1+10)
Request from pid 55034: max_threads=65535, hint_threads=32
Granted 10 threads to pid 55034 (CPUs 11+10)
Request from pid 55115: max_threads=65535, hint_threads=32
Granted 10 threads to pid 55115 (CPUs 1+10)
Request from pid 55034: max_threads=65535, hint_threads=32
Granted 10 threads to pid 55034 (CPUs 11+10)
Request from pid 55115: max_threads=65535, hint_threads=32
Granted 10 threads to pid 55115 (CPUs 1+10)
Request from pid 55034: max_threads=65535, hint_threads=32
Granted 10 threads to pid 55034 (CPUs 11+10)
Client closed connection
Accepted connection
Handling client
Request from pid 55194: max_threads=65535, hint_threads=32
Granted 8 threads to pid 55194 (CPUs 21+8)
Request from pid 55115: max_threads=65535, hint_threads=32
Granted 8 threads to pid 55115 (CPUs 1+8)
Request from pid 55115: max_threads=65535, hint_threads=32
Granted 8 threads to pid 55115 (CPUs 1+8)
Request from pid 55194: max_threads=65535, hint_threads=32
Granted 8 threads to pid 55194 (CPUs 21+8)
Request from pid 55194: max_threads=65535, hint_threads=32
Granted 10 threads to pid 55194 (CPUs 21+10)
Request from pid 55115: max_threads=65535, hint_threads=32
Granted 10 threads to pid 55115 (CPUs 1+10)
Request from pid 55194: max_threads=65535, hint_threads=32
Granted 10 threads to pid 55194 (CPUs 21+10)
Request from pid 55115: max_threads=65535, hint_threads=32
Granted 10 threads to pid 55115 (CPUs 1+10)
Request from pid 55194: max_threads=65535, hint_threads=32
Granted 10 threads to pid 55194 (CPUs 21+10)
Request from pid 55115: max_threads=65535, hint_threads=32
Granted 10 threads to pid 55115 (CPUs 1+10)
Request from pid 55194: max_threads=65535, hint_threads=32
Granted 10 threads to pid 55194 (CPUs 21+10)
Request from pid 55115: max_threads=65535, hint_threads=32
Granted 10 threads to pid 55115 (CPUs 1+10)
Request from pid 55115: max_threads=65535, hint_threads=32
Granted 10 threads to pid 55115 (CPUs 1+10)
Request from pid 55194: max_threads=65535, hint_threads=32
Granted 10 threads to pid 55194 (CPUs 21+10)
Request from pid 55115: max_threads=65535, hint_threads=32
Granted 10 threads to pid 55115 (CPUs 1+10)
Request from pid 55194: max_threads=65535, hint_threads=32
Granted 10 threads to pid 55194 (CPUs 21+10)
Request from pid 55194: max_threads=65535, hint_threads=32
Granted 10 threads to pid 55194 (CPUs 21+10)
Request from pid 55115: max_threads=65535, hint_threads=32
Granted 10 threads to pid 55115 (CPUs 1+10)
Request from pid 55194: max_threads=65535, hint_threads=32
Granted 10 threads to pid 55194 (CPUs 21+10)
Request from pid 55115: max_threads=65535, hint_threads=32
Granted 10 threads to pid 55115 (CPUs 1+10)
Request from pid 55194: max_threads=65535, hint_threads=32
Granted 10 threads to pid 55194 (CPUs 21+10)
Request from pid 55194: max_threads=65535, hint_threads=32
Granted 10 threads to pid 55194 (CPUs 21+10)
Request from pid 55115: max_threads=65535, hint_threads=32
Granted 10 threads to pid 55115 (CPUs 1+10)
Request from pid 55115: max_threads=65535, hint_threads=32
Granted 10 threads to pid 55115 (CPUs 1+10)
Request from pid 55194: max_threads=65535, hint_threads=32
Granted 10 threads to pid 55194 (CPUs 21+10)
Request from pid 55115: max_threads=65535, hint_threads=32
Granted 10 threads to pid 55115 (CPUs 1+10)
Request from pid 55194: max_threads=65535, hint_threads=32
Granted 10 threads to pid 55194 (CPUs 21+10)
Request from pid 55194: max_threads=65535, hint_threads=32
Granted 10 threads to pid 55194 (CPUs 21+10)
Request from pid 55115: max_threads=65535, hint_threads=32
Granted 10 threads to pid 55115 (CPUs 1+10)
Request from pid 55115: max_threads=65535, hint_threads=32
Granted 10 threads to pid 55115 (CPUs 1+10)
Request from pid 55194: max_threads=65535, hint_threads=32
Granted 10 threads to pid 55194 (CPUs 21+10)
Request from pid 55115: max_threads=65535, hint_threads=32
Granted 10 threads to pid 55115 (CPUs 1+10)
Request from pid 55194: max_threads=65535, hint_threads=32
Granted 10 threads to pid 55194 (CPUs 21+10)
Request from pid 55194: max_threads=65535, hint_threads=32
Granted 10 threads to pid 55194 (CPUs 21+10)
Request from pid 55115: max_threads=65535, hint_threads=32
Granted 10 threads to pid 55115 (CPUs 1+10)
Request from pid 55194: max_threads=65535, hint_threads=32
Granted 10 threads to pid 55194 (CPUs 21+10)
Request from pid 55115: max_threads=65535, hint_threads=32
Granted 10 threads to pid 55115 (CPUs 1+10)
Request from pid 55194: max_threads=65535, hint_threads=32
Granted 16 threads to pid 55194 (CPUs 11+16)
Request from pid 55115: max_threads=65535, hint_threads=32
Granted 16 threads to pid 55115 (CPUs 0+0)
Request from pid 55194: max_threads=65535, hint_threads=32
Granted 16 threads to pid 55194 (CPUs 11+16)
Request from pid 55115: max_threads=65535, hint_threads=32
Granted 16 threads to pid 55115 (CPUs 0+0)
Request from pid 55194: max_threads=65535, hint_threads=32
Granted 16 threads to pid 55194 (CPUs 11+16)
Request from pid 55115: max_threads=65535, hint_threads=32
Granted 16 threads to pid 55115 (CPUs 0+0)
Request from pid 55194: max_threads=65535, hint_threads=32
Granted 16 threads to pid 55194 (CPUs 11+16)
Request from pid 55115: max_threads=65535, hint_threads=32
Granted 16 threads to pid 55115 (CPUs 0+0)
Request from pid 55194: max_threads=65535, hint_threads=32
Granted 16 threads to pid 55194 (CPUs 11+16)
Request from pid 55115: max_threads=65535, hint_threads=32
Granted 16 threads to pid 55115 (CPUs 0+0)
Request from pid 55194: max_threads=65535, hint_threads=32
Granted 16 threads to pid 55194 (CPUs 11+16)
Request from pid 55194: max_threads=65535, hint_threads=32
Granted 16 threads to pid 55194 (CPUs 11+16)
Request from pid 55194: max_threads=65535, hint_threads=32
Granted 16 threads to pid 55194 (CPUs 11+16)
Request from pid 55115: max_threads=65535, hint_threads=32
Granted 16 threads to pid 55115 (CPUs 0+0)
Request from pid 55194: max_threads=65535, hint_threads=32
Granted 16 threads to pid 55194 (CPUs 11+16)
Request from pid 55115: max_threads=65535, hint_threads=32
Granted 16 threads to pid 55115 (CPUs 0+0)
Request from pid 55115: max_threads=65535, hint_threads=32
Granted 16 threads to pid 55115 (CPUs 0+0)
Request from pid 55194: max_threads=65535, hint_threads=32
Granted 16 threads to pid 55194 (CPUs 11+16)
Request from pid 55115: max_threads=65535, hint_threads=32
Granted 16 threads to pid 55115 (CPUs 0+0)
Request from pid 55194: max_threads=65535, hint_threads=32
Granted 16 threads to pid 55194 (CPUs 11+16)
Request from pid 55115: max_threads=65535, hint_threads=32
Granted 16 threads to pid 55115 (CPUs 0+0)
Request from pid 55194: max_threads=65535, hint_threads=32
Granted 16 threads to pid 55194 (CPUs 11+16)
Request from pid 55194: max_threads=65535, hint_threads=32
Granted 16 threads to pid 55194 (CPUs 11+16)
Request from pid 55115: max_threads=65535, hint_threads=32
Granted 16 threads to pid 55115 (CPUs 0+0)
Request from pid 55194: max_threads=65535, hint_threads=32
Granted 16 threads to pid 55194 (CPUs 11+16)
Request from pid 55115: max_threads=65535, hint_threads=32
Granted 16 threads to pid 55115 (CPUs 0+0)
Request from pid 55194: max_threads=65535, hint_threads=32
Granted 16 threads to pid 55194 (CPUs 11+16)
Request from pid 55194: max_threads=65535, hint_threads=32
Granted 16 threads to pid 55194 (CPUs 11+16)
Request from pid 55115: max_threads=65535, hint_threads=32
Granted 16 threads to pid 55115 (CPUs 0+0)
Request from pid 55194: max_threads=65535, hint_threads=32
Granted 16 threads to pid 55194 (CPUs 11+16)
Request from pid 55194: max_threads=65535, hint_threads=32
Granted 16 threads to pid 55194 (CPUs 11+16)
Request from pid 55115: max_threads=65535, hint_threads=32
Granted 16 threads to pid 55115 (CPUs 0+0)
Request from pid 55115: max_threads=65535, hint_threads=32
Granted 16 threads to pid 55115 (CPUs 0+0)
Request from pid 55194: max_threads=65535, hint_threads=32
Granted 16 threads to pid 55194 (CPUs 11+16)
Client closed connection
Accepted connection
Handling client
Request from pid 55290: max_threads=65535, hint_threads=32
Granted 10 threads to pid 55290 (CPUs 1+10)
Request from pid 55194: max_threads=65535, hint_threads=32
Granted 10 threads to pid 55194 (CPUs 11+10)
Request from pid 55194: max_threads=65535, hint_threads=32
Granted 10 threads to pid 55194 (CPUs 11+10)
Request from pid 55194: max_threads=65535, hint_threads=32
Granted 10 threads to pid 55194 (CPUs 11+10)
Request from pid 55290: max_threads=65535, hint_threads=32
Granted 10 threads to pid 55290 (CPUs 1+10)
Request from pid 55194: max_threads=65535, hint_threads=32
Granted 10 threads to pid 55194 (CPUs 11+10)
Request from pid 55194: max_threads=65535, hint_threads=32
Granted 10 threads to pid 55194 (CPUs 11+10)
Request from pid 55290: max_threads=65535, hint_threads=32
Granted 10 threads to pid 55290 (CPUs 1+10)
Request from pid 55290: max_threads=65535, hint_threads=32
Granted 10 threads to pid 55290 (CPUs 1+10)
Request from pid 55194: max_threads=65535, hint_threads=32
Granted 10 threads to pid 55194 (CPUs 11+10)
Request from pid 55194: max_threads=65535, hint_threads=32
Granted 10 threads to pid 55194 (CPUs 11+10)
Request from pid 55290: max_threads=65535, hint_threads=32
Granted 10 threads to pid 55290 (CPUs 1+10)
Request from pid 55194: max_threads=65535, hint_threads=32
Granted 10 threads to pid 55194 (CPUs 11+10)
Request from pid 55290: max_threads=65535, hint_threads=32
Granted 10 threads to pid 55290 (CPUs 1+10)
Request from pid 55194: max_threads=65535, hint_threads=32
Granted 10 threads to pid 55194 (CPUs 11+10)
Request from pid 55290: max_threads=65535, hint_threads=32
Granted 10 threads to pid 55290 (CPUs 1+10)
Request from pid 55194: max_threads=65535, hint_threads=32
Granted 10 threads to pid 55194 (CPUs 11+10)
Client closed connection
Accepted connection
Handling client
Request from pid 55330: max_threads=65535, hint_threads=32
Granted 8 threads to pid 55330 (CPUs 21+8)
Request from pid 55290: max_threads=65535, hint_threads=32
Granted 8 threads to pid 55290 (CPUs 1+8)
Request from pid 55290: max_threads=65535, hint_threads=32
Granted 8 threads to pid 55290 (CPUs 1+8)
Request from pid 55290: max_threads=65535, hint_threads=32
Granted 8 threads to pid 55290 (CPUs 1+8)
Request from pid 55330: max_threads=65535, hint_threads=32
Granted 8 threads to pid 55330 (CPUs 21+8)
Request from pid 55290: max_threads=65535, hint_threads=32
Granted 8 threads to pid 55290 (CPUs 1+8)
Request from pid 55330: max_threads=65535, hint_threads=32
Granted 8 threads to pid 55330 (CPUs 21+8)
Request from pid 55330: max_threads=65535, hint_threads=32
Granted 8 threads to pid 55330 (CPUs 21+8)
Request from pid 55290: max_threads=65535, hint_threads=32
Granted 8 threads to pid 55290 (CPUs 1+8)
Request from pid 55290: max_threads=65535, hint_threads=32
Granted 8 threads to pid 55290 (CPUs 1+8)
Request from pid 55330: max_threads=65535, hint_threads=32
Granted 8 threads to pid 55330 (CPUs 21+8)
Request from pid 55330: max_threads=65535, hint_threads=32
Granted 8 threads to pid 55330 (CPUs 21+8)
Request from pid 55290: max_threads=65535, hint_threads=32
Granted 8 threads to pid 55290 (CPUs 1+8)
Request from pid 55290: max_threads=65535, hint_threads=32
Granted 8 threads to pid 55290 (CPUs 1+8)
Request from pid 55330: max_threads=65535, hint_threads=32
Granted 10 threads to pid 55330 (CPUs 21+10)
Request from pid 55290: max_threads=65535, hint_threads=32
Granted 10 threads to pid 55290 (CPUs 1+10)
Request from pid 55330: max_threads=65535, hint_threads=32
Granted 10 threads to pid 55330 (CPUs 21+10)
Request from pid 55330: max_threads=65535, hint_threads=32
Granted 10 threads to pid 55330 (CPUs 21+10)
Request from pid 55290: max_threads=65535, hint_threads=32
Granted 10 threads to pid 55290 (CPUs 1+10)
Request from pid 55290: max_threads=65535, hint_threads=32
Granted 10 threads to pid 55290 (CPUs 1+10)
Request from pid 55330: max_threads=65535, hint_threads=32
Granted 10 threads to pid 55330 (CPUs 21+10)
Request from pid 55290: max_threads=65535, hint_threads=32
Granted 10 threads to pid 55290 (CPUs 1+10)
Request from pid 55330: max_threads=65535, hint_threads=32
Granted 10 threads to pid 55330 (CPUs 21+10)
Request from pid 55330: max_threads=65535, hint_threads=32
Granted 10 threads to pid 55330 (CPUs 21+10)
Request from pid 55290: max_threads=65535, hint_threads=32
Granted 10 threads to pid 55290 (CPUs 1+10)
Request from pid 55330: max_threads=65535, hint_threads=32
Granted 10 threads to pid 55330 (CPUs 21+10)
Request from pid 55290: max_threads=65535, hint_threads=32
Granted 10 threads to pid 55290 (CPUs 1+10)
Request from pid 55290: max_threads=65535, hint_threads=32
Granted 10 threads to pid 55290 (CPUs 1+10)
Request from pid 55330: max_threads=65535, hint_threads=32
Granted 10 threads to pid 55330 (CPUs 21+10)
Request from pid 55330: max_threads=65535, hint_threads=32
Granted 10 threads to pid 55330 (CPUs 21+10)
Request from pid 55290: max_threads=65535, hint_threads=32
Granted 10 threads to pid 55290 (CPUs 1+10)
Request from pid 55330: max_threads=65535, hint_threads=32
Granted 10 threads to pid 55330 (CPUs 21+10)
Request from pid 55290: max_threads=65535, hint_threads=32
Granted 10 threads to pid 55290 (CPUs 1+10)
Request from pid 55330: max_threads=65535, hint_threads=32
Granted 10 threads to pid 55330 (CPUs 21+10)
Request from pid 55330: max_threads=65535, hint_threads=32
Granted 10 threads to pid 55330 (CPUs 21+10)
Request from pid 55290: max_threads=65535, hint_threads=32
Granted 10 threads to pid 55290 (CPUs 1+10)
Request from pid 55330: max_threads=65535, hint_threads=32
Granted 16 threads to pid 55330 (CPUs 11+16)
Request from pid 55290: max_threads=65535, hint_threads=32
Granted 16 threads to pid 55290 (CPUs 0+0)
Request from pid 55330: max_threads=65535, hint_threads=32
Granted 16 threads to pid 55330 (CPUs 11+16)
Request from pid 55290: max_threads=65535, hint_threads=32
Granted 16 threads to pid 55290 (CPUs 0+0)
Request from pid 55330: max_threads=65535, hint_threads=32
Granted 16 threads to pid 55330 (CPUs 11+16)
Request from pid 55290: max_threads=65535, hint_threads=32
Granted 16 threads to pid 55290 (CPUs 0+0)
Request from pid 55330: max_threads=65535, hint_threads=32
Granted 16 threads to pid 55330 (CPUs 11+16)
Request from pid 55330: max_threads=65535, hint_threads=32
Granted 16 threads to pid 55330 (CPUs 11+16)
Request from pid 55290: max_threads=65535, hint_threads=32
Granted 16 threads to pid 55290 (CPUs 0+0)
Request from pid 55330: max_threads=65535, hint_threads=32
Granted 16 threads to pid 55330 (CPUs 11+16)
Request from pid 55290: max_threads=65535, hint_threads=32
Granted 16 threads to pid 55290 (CPUs 0+0)
Request from pid 55330: max_threads=65535, hint_threads=32
Granted 16 threads to pid 55330 (CPUs 11+16)
Request from pid 55290: max_threads=65535, hint_threads=32
Granted 16 threads to pid 55290 (CPUs 0+0)
Request from pid 55330: max_threads=65535, hint_threads=32
Granted 16 threads to pid 55330 (CPUs 11+16)
Request from pid 55290: max_threads=65535, hint_threads=32
Granted 16 threads to pid 55290 (CPUs 0+0)
Request from pid 55330: max_threads=65535, hint_threads=32
Granted 16 threads to pid 55330 (CPUs 11+16)
Request from pid 55290: max_threads=65535, hint_threads=32
Granted 16 threads to pid 55290 (CPUs 0+0)
Request from pid 55330: max_threads=65535, hint_threads=32
Granted 16 threads to pid 55330 (CPUs 11+16)
Request from pid 55330: max_threads=65535, hint_threads=32
Granted 16 threads to pid 55330 (CPUs 11+16)
Request from pid 55290: max_threads=65535, hint_threads=32
Granted 16 threads to pid 55290 (CPUs 0+0)
Request from pid 55330: max_threads=65535, hint_threads=32
Granted 16 threads to pid 55330 (CPUs 11+16)
Request from pid 55290: max_threads=65535, hint_threads=32
Granted 16 threads to pid 55290 (CPUs 0+0)
Request from pid 55330: max_threads=65535, hint_threads=32
Granted 16 threads to pid 55330 (CPUs 11+16)
Request from pid 55290: max_threads=65535, hint_threads=32
Granted 16 threads to pid 55290 (CPUs 0+0)
Request from pid 55330: max_threads=65535, hint_threads=32
Granted 16 threads to pid 55330 (CPUs 11+16)
Request from pid 55290: max_threads=65535, hint_threads=32
Granted 16 threads to pid 55290 (CPUs 0+0)
Request from pid 55290: max_threads=65535, hint_threads=32
Granted 16 threads to pid 55290 (CPUs 0+0)
Request from pid 55330: max_threads=65535, hint_threads=32
Granted 16 threads to pid 55330 (CPUs 11+16)
Request from pid 55290: max_threads=65535, hint_threads=32
Granted 16 threads to pid 55290 (CPUs 0+0)
Request from pid 55330: max_threads=65535, hint_threads=32
Granted 16 threads to pid 55330 (CPUs 11+16)
Request from pid 55330: max_threads=65535, hint_threads=32
Granted 16 threads to pid 55330 (CPUs 11+16)
Request from pid 55290: max_threads=65535, hint_threads=32
Granted 16 threads to pid 55290 (CPUs 0+0)
Request from pid 55330: max_threads=65535, hint_threads=32
Granted 16 threads to pid 55330 (CPUs 11+16)
Request from pid 55290: max_threads=65535, hint_threads=32
Granted 16 threads to pid 55290 (CPUs 0+0)
Request from pid 55330: max_threads=65535, hint_threads=32
Granted 16 threads to pid 55330 (CPUs 11+16)
Request from pid 55290: max_threads=65535, hint_threads=32
Granted 16 threads to pid 55290 (CPUs 0+0)
Request from pid 55330: max_threads=65535, hint_threads=32
Granted 16 threads to pid 55330 (CPUs 11+16)
Request from pid 55290: max_threads=65535, hint_threads=32
Granted 16 threads to pid 55290 (CPUs 0+0)
Request from pid 55290: max_threads=65535, hint_threads=32
Granted 16 threads to pid 55290 (CPUs 0+0)
Request from pid 55330: max_threads=65535, hint_threads=32
Granted 16 threads to pid 55330 (CPUs 11+16)
Request from pid 55330: max_threads=65535, hint_threads=32
Granted 16 threads to pid 55330 (CPUs 11+16)
Request from pid 55290: max_threads=65535, hint_threads=32
Granted 16 threads to pid 55290 (CPUs 0+0)
Request from pid 55330: max_threads=65535, hint_threads=32
Granted 16 threads to pid 55330 (CPUs 11+16)
Request from pid 55330: max_threads=65535, hint_threads=32
Granted 16 threads to pid 55330 (CPUs 11+16)
Request from pid 55290: max_threads=65535, hint_threads=32
Granted 16 threads to pid 55290 (CPUs 0+0)
Client closed connection
Accepted connection
Handling client
Request from pid 55450: max_threads=65535, hint_threads=32
Granted 10 threads to pid 55450 (CPUs 1+10)
Request from pid 55330: max_threads=65535, hint_threads=32
Granted 10 threads to pid 55330 (CPUs 11+10)
Request from pid 55330: max_threads=65535, hint_threads=32
Granted 10 threads to pid 55330 (CPUs 11+10)
Request from pid 55330: max_threads=65535, hint_threads=32
Granted 10 threads to pid 55330 (CPUs 11+10)
Request from pid 55330: max_threads=65535, hint_threads=32
Granted 10 threads to pid 55330 (CPUs 11+10)
Request from pid 55450: max_threads=65535, hint_threads=32
Granted 10 threads to pid 55450 (CPUs 1+10)
Request from pid 55450: max_threads=65535, hint_threads=32
Granted 10 threads to pid 55450 (CPUs 1+10)
Request from pid 55330: max_threads=65535, hint_threads=32
Granted 10 threads to pid 55330 (CPUs 11+10)
Client closed connection
Request from pid 55450: max_threads=65535, hint_threads=32
Granted 10 threads to pid 55450 (CPUs 1+10)
Accepted connection
Handling client
Request from pid 55490: max_threads=65535, hint_threads=32
Granted 8 threads to pid 55490 (CPUs 21+8)
Request from pid 55450: max_threads=65535, hint_threads=32
Granted 8 threads to pid 55450 (CPUs 1+8)
Request from pid 55450: max_threads=65535, hint_threads=32
Granted 8 threads to pid 55450 (CPUs 1+8)
Request from pid 55450: max_threads=65535, hint_threads=32
Granted 8 threads to pid 55450 (CPUs 1+8)
Request from pid 55490: max_threads=65535, hint_threads=32
Granted 8 threads to pid 55490 (CPUs 21+8)
Request from pid 55450: max_threads=65535, hint_threads=32
Granted 8 threads to pid 55450 (CPUs 1+8)
Request from pid 55490: max_threads=65535, hint_threads=32
Granted 8 threads to pid 55490 (CPUs 21+8)
Request from pid 55450: max_threads=65535, hint_threads=32
Granted 8 threads to pid 55450 (CPUs 1+8)
Request from pid 55490: max_threads=65535, hint_threads=32
Granted 8 threads to pid 55490 (CPUs 21+8)
Request from pid 55450: max_threads=65535, hint_threads=32
Granted 8 threads to pid 55450 (CPUs 1+8)
Request from pid 55450: max_threads=65535, hint_threads=32
Granted 8 threads to pid 55450 (CPUs 1+8)
Request from pid 55450: max_threads=65535, hint_threads=32
Granted 8 threads to pid 55450 (CPUs 1+8)
Request from pid 55490: max_threads=65535, hint_threads=32
Granted 8 threads to pid 55490 (CPUs 21+8)
Request from pid 55450: max_threads=65535, hint_threads=32
Granted 8 threads to pid 55450 (CPUs 1+8)
Request from pid 55490: max_threads=65535, hint_threads=32
Granted 8 threads to pid 55490 (CPUs 21+8)
Request from pid 55490: max_threads=65535, hint_threads=32
Granted 8 threads to pid 55490 (CPUs 21+8)
Request from pid 55450: max_threads=65535, hint_threads=32
Granted 8 threads to pid 55450 (CPUs 1+8)
Request from pid 55450: max_threads=65535, hint_threads=32
Granted 8 threads to pid 55450 (CPUs 1+8)
Request from pid 55490: max_threads=65535, hint_threads=32
Granted 8 threads to pid 55490 (CPUs 21+8)
Request from pid 55450: max_threads=65535, hint_threads=32
Granted 8 threads to pid 55450 (CPUs 1+8)
Request from pid 55490: max_threads=65535, hint_threads=32
Granted 8 threads to pid 55490 (CPUs 21+8)
Request from pid 55490: max_threads=65535, hint_threads=32
Granted 8 threads to pid 55490 (CPUs 21+8)
Request from pid 55450: max_threads=65535, hint_threads=32
Granted 8 threads to pid 55450 (CPUs 1+8)
Request from pid 55450: max_threads=65535, hint_threads=32
Granted 8 threads to pid 55450 (CPUs 1+8)
Request from pid 55490: max_threads=65535, hint_threads=32
Granted 10 threads to pid 55490 (CPUs 21+10)
Request from pid 55450: max_threads=65535, hint_threads=32
Granted 10 threads to pid 55450 (CPUs 1+10)
Request from pid 55490: max_threads=65535, hint_threads=32
Granted 10 threads to pid 55490 (CPUs 21+10)
Request from pid 55450: max_threads=65535, hint_threads=32
Granted 10 threads to pid 55450 (CPUs 1+10)
Request from pid 55450: max_threads=65535, hint_threads=32
Granted 10 threads to pid 55450 (CPUs 1+10)
Request from pid 55490: max_threads=65535, hint_threads=32
Granted 10 threads to pid 55490 (CPUs 21+10)
Request from pid 55450: max_threads=65535, hint_threads=32
Granted 10 threads to pid 55450 (CPUs 1+10)
Request from pid 55490: max_threads=65535, hint_threads=32
Granted 10 threads to pid 55490 (CPUs 21+10)
Request from pid 55490: max_threads=65535, hint_threads=32
Granted 10 threads to pid 55490 (CPUs 21+10)
Request from pid 55450: max_threads=65535, hint_threads=32
Granted 10 threads to pid 55450 (CPUs 1+10)
Request from pid 55490: max_threads=65535, hint_threads=32
Granted 10 threads to pid 55490 (CPUs 21+10)
Request from pid 55450: max_threads=65535, hint_threads=32
Granted 10 threads to pid 55450 (CPUs 1+10)
Request from pid 55490: max_threads=65535, hint_threads=32
Granted 10 threads to pid 55490 (CPUs 21+10)
Request from pid 55450: max_threads=65535, hint_threads=32
Granted 10 threads to pid 55450 (CPUs 1+10)
Request from pid 55490: max_threads=65535, hint_threads=32
Granted 16 threads to pid 55490 (CPUs 11+16)
Request from pid 55450: max_threads=65535, hint_threads=32
Granted 16 threads to pid 55450 (CPUs 0+0)
Request from pid 55490: max_threads=65535, hint_threads=32
Granted 16 threads to pid 55490 (CPUs 11+16)
Request from pid 55450: max_threads=65535, hint_threads=32
Granted 16 threads to pid 55450 (CPUs 0+0)
Request from pid 55490: max_threads=65535, hint_threads=32
Granted 16 threads to pid 55490 (CPUs 11+16)
Request from pid 55450: max_threads=65535, hint_threads=32
Granted 16 threads to pid 55450 (CPUs 0+0)
Request from pid 55490: max_threads=65535, hint_threads=32
Granted 16 threads to pid 55490 (CPUs 11+16)
Request from pid 55450: max_threads=65535, hint_threads=32
Granted 16 threads to pid 55450 (CPUs 0+0)
Request from pid 55490: max_threads=65535, hint_threads=32
Granted 16 threads to pid 55490 (CPUs 11+16)
Request from pid 55450: max_threads=65535, hint_threads=32
Granted 16 threads to pid 55450 (CPUs 0+0)
Request from pid 55450: max_threads=65535, hint_threads=32
Granted 16 threads to pid 55450 (CPUs 0+0)
Request from pid 55490: max_threads=65535, hint_threads=32
Granted 16 threads to pid 55490 (CPUs 11+16)
Request from pid 55490: max_threads=65535, hint_threads=32
Granted 16 threads to pid 55490 (CPUs 11+16)
Request from pid 55450: max_threads=65535, hint_threads=32
Granted 16 threads to pid 55450 (CPUs 0+0)
Request from pid 55490: max_threads=65535, hint_threads=32
Granted 16 threads to pid 55490 (CPUs 11+16)
Request from pid 55490: max_threads=65535, hint_threads=32
Granted 16 threads to pid 55490 (CPUs 11+16)
Request from pid 55450: max_threads=65535, hint_threads=32
Granted 16 threads to pid 55450 (CPUs 0+0)
Request from pid 55450: max_threads=65535, hint_threads=32
Granted 16 threads to pid 55450 (CPUs 0+0)
Request from pid 55490: max_threads=65535, hint_threads=32
Granted 16 threads to pid 55490 (CPUs 11+16)
Request from pid 55450: max_threads=65535, hint_threads=32
Granted 16 threads to pid 55450 (CPUs 0+0)
Request from pid 55490: max_threads=65535, hint_threads=32
Granted 16 threads to pid 55490 (CPUs 11+16)
Request from pid 55490: max_threads=65535, hint_threads=32
Granted 16 threads to pid 55490 (CPUs 11+16)
Request from pid 55450: max_threads=65535, hint_threads=32
Granted 16 threads to pid 55450 (CPUs 0+0)
Request from pid 55450: max_threads=65535, hint_threads=32
Granted 16 threads to pid 55450 (CPUs 0+0)
Request from pid 55490: max_threads=65535, hint_threads=32
Granted 16 threads to pid 55490 (CPUs 11+16)
Request from pid 55450: max_threads=65535, hint_threads=32
Granted 16 threads to pid 55450 (CPUs 0+0)
Request from pid 55490: max_threads=65535, hint_threads=32
Granted 16 threads to pid 55490 (CPUs 11+16)
Request from pid 55450: max_threads=65535, hint_threads=32
Granted 16 threads to pid 55450 (CPUs 0+0)
Request from pid 55490: max_threads=65535, hint_threads=32
Granted 16 threads to pid 55490 (CPUs 11+16)
Request from pid 55450: max_threads=65535, hint_threads=32
Granted 16 threads to pid 55450 (CPUs 0+0)
Request from pid 55490: max_threads=65535, hint_threads=32
Granted 16 threads to pid 55490 (CPUs 11+16)
Request from pid 55450: max_threads=65535, hint_threads=32
Granted 16 threads to pid 55450 (CPUs 0+0)
Request from pid 55490: max_threads=65535, hint_threads=32
Granted 16 threads to pid 55490 (CPUs 11+16)
Request from pid 55450: max_threads=65535, hint_threads=32
Granted 16 threads to pid 55450 (CPUs 0+0)
Request from pid 55450: max_threads=65535, hint_threads=32
Granted 16 threads to pid 55450 (CPUs 0+0)
Request from pid 55490: max_threads=65535, hint_threads=32
Granted 16 threads to pid 55490 (CPUs 11+16)
Request from pid 55450: max_threads=65535, hint_threads=32
Granted 16 threads to pid 55450 (CPUs 0+0)
Request from pid 55490: max_threads=65535, hint_threads=32
Granted 16 threads to pid 55490 (CPUs 11+16)
Request from pid 55450: max_threads=65535, hint_threads=32
Granted 16 threads to pid 55450 (CPUs 0+0)
Request from pid 55490: max_threads=65535, hint_threads=32
Granted 16 threads to pid 55490 (CPUs 11+16)
Request from pid 55450: max_threads=65535, hint_threads=32
Granted 16 threads to pid 55450 (CPUs 0+0)
Request from pid 55490: max_threads=65535, hint_threads=32
Granted 16 threads to pid 55490 (CPUs 11+16)
Request from pid 55450: max_threads=65535, hint_threads=32
Granted 16 threads to pid 55450 (CPUs 0+0)
Request from pid 55490: max_threads=65535, hint_threads=32
Granted 16 threads to pid 55490 (CPUs 11+16)
Request from pid 55450: max_threads=65535, hint_threads=32
Granted 16 threads to pid 55450 (CPUs 0+0)
Request from pid 55490: max_threads=65535, hint_threads=32
Granted 16 threads to pid 55490 (CPUs 11+16)
Request from pid 55450: max_threads=65535, hint_threads=32
Granted 16 threads to pid 55450 (CPUs 0+0)
Request from pid 55450: max_threads=65535, hint_threads=32
Granted 16 threads to pid 55450 (CPUs 0+0)
Client closed connection
Request from pid 55490: max_threads=65535, hint_threads=32
Granted 16 threads to pid 55490 (CPUs 11+16)
Accepted connection
Handling client
Request from pid 55570: max_threads=65535, hint_threads=32
Granted 10 threads to pid 55570 (CPUs 1+10)
Request from pid 55490: max_threads=65535, hint_threads=32
Granted 10 threads to pid 55490 (CPUs 11+10)
Request from pid 55490: max_threads=65535, hint_threads=32
Granted 10 threads to pid 55490 (CPUs 11+10)
Request from pid 55490: max_threads=65535, hint_threads=32
Granted 10 threads to pid 55490 (CPUs 11+10)
Request from pid 55570: max_threads=65535, hint_threads=32
Granted 10 threads to pid 55570 (CPUs 1+10)
Request from pid 55490: max_threads=65535, hint_threads=32
Granted 10 threads to pid 55490 (CPUs 11+10)
Request from pid 55570: max_threads=65535, hint_threads=32
Granted 10 threads to pid 55570 (CPUs 1+10)
Request from pid 55570: max_threads=65535, hint_threads=32
Granted 10 threads to pid 55570 (CPUs 1+10)
Request from pid 55490: max_threads=65535, hint_threads=32
Granted 10 threads to pid 55490 (CPUs 11+10)
Request from pid 55570: max_threads=65535, hint_threads=32
Granted 10 threads to pid 55570 (CPUs 1+10)
Request from pid 55490: max_threads=65535, hint_threads=32
Granted 10 threads to pid 55490 (CPUs 11+10)
Request from pid 55570: max_threads=65535, hint_threads=32
Granted 10 threads to pid 55570 (CPUs 1+10)
Request from pid 55490: max_threads=65535, hint_threads=32
Granted 10 threads to pid 55490 (CPUs 11+10)
Client closed connection
Accepted connection
Handling client
Request from pid 55618: max_threads=65535, hint_threads=32
Granted 8 threads to pid 55618 (CPUs 21+8)
Request from pid 55570: max_threads=65535, hint_threads=32
Granted 8 threads to pid 55570 (CPUs 1+8)
Request from pid 55570: max_threads=65535, hint_threads=32
Granted 8 threads to pid 55570 (CPUs 1+8)
Request from pid 55570: max_threads=65535, hint_threads=32
Granted 8 threads to pid 55570 (CPUs 1+8)
Request from pid 55618: max_threads=65535, hint_threads=32
Granted 8 threads to pid 55618 (CPUs 21+8)
Request from pid 55570: max_threads=65535, hint_threads=32
Granted 8 threads to pid 55570 (CPUs 1+8)
Request from pid 55618: max_threads=65535, hint_threads=32
Granted 8 threads to pid 55618 (CPUs 21+8)
Request from pid 55570: max_threads=65535, hint_threads=32
Granted 8 threads to pid 55570 (CPUs 1+8)
Request from pid 55618: max_threads=65535, hint_threads=32
Granted 8 threads to pid 55618 (CPUs 21+8)
Request from pid 55618: max_threads=65535, hint_threads=32
Granted 8 threads to pid 55618 (CPUs 21+8)
Request from pid 55570: max_threads=65535, hint_threads=32
Granted 8 threads to pid 55570 (CPUs 1+8)
Request from pid 55570: max_threads=65535, hint_threads=32
Granted 8 threads to pid 55570 (CPUs 1+8)
Request from pid 55618: max_threads=65535, hint_threads=32
Granted 8 threads to pid 55618 (CPUs 21+8)
Request from pid 55618: max_threads=65535, hint_threads=32
Granted 8 threads to pid 55618 (CPUs 21+8)
Request from pid 55570: max_threads=65535, hint_threads=32
Granted 8 threads to pid 55570 (CPUs 1+8)
Request from pid 55618: max_threads=65535, hint_threads=32
Granted 8 threads to pid 55618 (CPUs 21+8)
Request from pid 55570: max_threads=65535, hint_threads=32
Granted 8 threads to pid 55570 (CPUs 1+8)
Request from pid 55570: max_threads=65535, hint_threads=32
Granted 8 threads to pid 55570 (CPUs 1+8)
Request from pid 55618: max_threads=65535, hint_threads=32
Granted 8 threads to pid 55618 (CPUs 21+8)
Request from pid 55570: max_threads=65535, hint_threads=32
Granted 10 threads to pid 55570 (CPUs 1+10)
Request from pid 55618: max_threads=65535, hint_threads=32
Granted 10 threads to pid 55618 (CPUs 21+10)
Request from pid 55570: max_threads=65535, hint_threads=32
Granted 10 threads to pid 55570 (CPUs 1+10)
Request from pid 55618: max_threads=65535, hint_threads=32
Granted 10 threads to pid 55618 (CPUs 21+10)
Request from pid 55618: max_threads=65535, hint_threads=32
Granted 10 threads to pid 55618 (CPUs 21+10)
Request from pid 55570: max_threads=65535, hint_threads=32
Granted 10 threads to pid 55570 (CPUs 1+10)
Request from pid 55618: max_threads=65535, hint_threads=32
Granted 10 threads to pid 55618 (CPUs 21+10)
Request from pid 55570: max_threads=65535, hint_threads=32
Granted 10 threads to pid 55570 (CPUs 1+10)
Request from pid 55618: max_threads=65535, hint_threads=32
Granted 10 threads to pid 55618 (CPUs 21+10)
Request from pid 55618: max_threads=65535, hint_threads=32
Granted 10 threads to pid 55618 (CPUs 21+10)
Request from pid 55570: max_threads=65535, hint_threads=32
Granted 10 threads to pid 55570 (CPUs 1+10)
Request from pid 55570: max_threads=65535, hint_threads=32
Granted 10 threads to pid 55570 (CPUs 1+10)
Request from pid 55618: max_threads=65535, hint_threads=32
Granted 10 threads to pid 55618 (CPUs 21+10)
Request from pid 55570: max_threads=65535, hint_threads=32
Granted 10 threads to pid 55570 (CPUs 1+10)
Request from pid 55618: max_threads=65535, hint_threads=32
Granted 10 threads to pid 55618 (CPUs 21+10)
Request from pid 55570: max_threads=65535, hint_threads=32
Granted 10 threads to pid 55570 (CPUs 1+10)
Request from pid 55618: max_threads=65535, hint_threads=32
Granted 10 threads to pid 55618 (CPUs 21+10)
Request from pid 55618: max_threads=65535, hint_threads=32
Granted 10 threads to pid 55618 (CPUs 21+10)
Request from pid 55618: max_threads=65535, hint_threads=32
Granted 10 threads to pid 55618 (CPUs 21+10)
Request from pid 55570: max_threads=65535, hint_threads=32
Granted 10 threads to pid 55570 (CPUs 1+10)
Request from pid 55570: max_threads=65535, hint_threads=32
Granted 16 threads to pid 55570 (CPUs 1+16)
Request from pid 55618: max_threads=65535, hint_threads=32
Granted 16 threads to pid 55618 (CPUs 17+16)
Request from pid 55618: max_threads=65535, hint_threads=32
Granted 16 threads to pid 55618 (CPUs 17+16)
Request from pid 55570: max_threads=65535, hint_threads=32
Granted 16 threads to pid 55570 (CPUs 1+16)
Request from pid 55618: max_threads=65535, hint_threads=32
Granted 16 threads to pid 55618 (CPUs 17+16)
Request from pid 55570: max_threads=65535, hint_threads=32
Granted 16 threads to pid 55570 (CPUs 1+16)
Request from pid 55618: max_threads=65535, hint_threads=32
Granted 16 threads to pid 55618 (CPUs 17+16)
Request from pid 55570: max_threads=65535, hint_threads=32
Granted 16 threads to pid 55570 (CPUs 1+16)
Request from pid 55618: max_threads=65535, hint_threads=32
Granted 16 threads to pid 55618 (CPUs 17+16)
Request from pid 55570: max_threads=65535, hint_threads=32
Granted 16 threads to pid 55570 (CPUs 1+16)
Request from pid 55618: max_threads=65535, hint_threads=32
Granted 16 threads to pid 55618 (CPUs 17+16)
Request from pid 55570: max_threads=65535, hint_threads=32
Granted 16 threads to pid 55570 (CPUs 1+16)
Request from pid 55618: max_threads=65535, hint_threads=32
Granted 16 threads to pid 55618 (CPUs 17+16)
Request from pid 55618: max_threads=65535, hint_threads=32
Granted 16 threads to pid 55618 (CPUs 17+16)
Request from pid 55570: max_threads=65535, hint_threads=32
Granted 16 threads to pid 55570 (CPUs 1+16)
Request from pid 55618: max_threads=65535, hint_threads=32
Granted 16 threads to pid 55618 (CPUs 17+16)
Request from pid 55570: max_threads=65535, hint_threads=32
Granted 16 threads to pid 55570 (CPUs 1+16)
Request from pid 55570: max_threads=65535, hint_threads=32
Granted 16 threads to pid 55570 (CPUs 1+16)
Request from pid 55618: max_threads=65535, hint_threads=32
Granted 16 threads to pid 55618 (CPUs 17+16)
Request from pid 55570: max_threads=65535, hint_threads=32
Granted 16 threads to pid 55570 (CPUs 1+16)
Request from pid 55618: max_threads=65535, hint_threads=32
Granted 16 threads to pid 55618 (CPUs 17+16)
Request from pid 55570: max_threads=65535, hint_threads=32
Granted 16 threads to pid 55570 (CPUs 1+16)
Request from pid 55570: max_threads=65535, hint_threads=32
Granted 16 threads to pid 55570 (CPUs 1+16)
Request from pid 55618: max_threads=65535, hint_threads=32
Granted 16 threads to pid 55618 (CPUs 17+16)
Request from pid 55570: max_threads=65535, hint_threads=32
Granted 16 threads to pid 55570 (CPUs 1+16)
Request from pid 55618: max_threads=65535, hint_threads=32
Granted 16 threads to pid 55618 (CPUs 17+16)
Request from pid 55618: max_threads=65535, hint_threads=32
Granted 16 threads to pid 55618 (CPUs 17+16)
Request from pid 55570: max_threads=65535, hint_threads=32
Granted 16 threads to pid 55570 (CPUs 1+16)
Request from pid 55618: max_threads=65535, hint_threads=32
Granted 16 threads to pid 55618 (CPUs 17+16)
Request from pid 55570: max_threads=65535, hint_threads=32
Granted 16 threads to pid 55570 (CPUs 1+16)
Request from pid 55570: max_threads=65535, hint_threads=32
Granted 16 threads to pid 55570 (CPUs 1+16)
Request from pid 55618: max_threads=65535, hint_threads=32
Granted 16 threads to pid 55618 (CPUs 17+16)
Request from pid 55570: max_threads=65535, hint_threads=32
Granted 16 threads to pid 55570 (CPUs 1+16)
Request from pid 55618: max_threads=65535, hint_threads=32
Granted 16 threads to pid 55618 (CPUs 17+16)
Request from pid 55570: max_threads=65535, hint_threads=32
Granted 16 threads to pid 55570 (CPUs 1+16)
Request from pid 55618: max_threads=65535, hint_threads=32
Granted 16 threads to pid 55618 (CPUs 17+16)
Request from pid 55618: max_threads=65535, hint_threads=32
Granted 16 threads to pid 55618 (CPUs 17+16)
Request from pid 55618: max_threads=65535, hint_threads=32
Granted 16 threads to pid 55618 (CPUs 17+16)
Request from pid 55570: max_threads=65535, hint_threads=32
Granted 16 threads to pid 55570 (CPUs 1+16)
Request from pid 55570: max_threads=65535, hint_threads=32
Granted 16 threads to pid 55570 (CPUs 1+16)
Request from pid 55618: max_threads=65535, hint_threads=32
Granted 16 threads to pid 55618 (CPUs 17+16)
Request from pid 55570: max_threads=65535, hint_threads=32
Granted 16 threads to pid 55570 (CPUs 1+16)
Request from pid 55618: max_threads=65535, hint_threads=32
Granted 16 threads to pid 55618 (CPUs 17+16)
Request from pid 55570: max_threads=65535, hint_threads=32
Granted 16 threads to pid 55570 (CPUs 1+16)
Request from pid 55618: max_threads=65535, hint_threads=32
Granted 16 threads to pid 55618 (CPUs 17+16)
Request from pid 55570: max_threads=65535, hint_threads=32
Granted 16 threads to pid 55570 (CPUs 1+16)
Request from pid 55618: max_threads=65535, hint_threads=32
Granted 16 threads to pid 55618 (CPUs 17+16)
Request from pid 55618: max_threads=65535, hint_threads=32
Granted 16 threads to pid 55618 (CPUs 17+16)
Request from pid 55570: max_threads=65535, hint_threads=32
Granted 16 threads to pid 55570 (CPUs 1+16)
Client closed connection
Accepted connection
Handling client
Request from pid 55701: max_threads=65535, hint_threads=32
Granted 10 threads to pid 55701 (CPUs 0+0)
Request from pid 55618: max_threads=65535, hint_threads=32
Granted 10 threads to pid 55618 (CPUs 17+10)
Request from pid 55618: max_threads=65535, hint_threads=32
Granted 10 threads to pid 55618 (CPUs 17+10)
Client closed connection
Accepted connection
Handling client
Request from pid 55741: max_threads=65535, hint_threads=32
Granted 8 threads to pid 55741 (CPUs 0+0)
Request from pid 55701: max_threads=65535, hint_threads=32
Granted 8 threads to pid 55701 (CPUs 0+0)
Request from pid 55701: max_threads=65535, hint_threads=32
Granted 8 threads to pid 55701 (CPUs 0+0)
Request from pid 55701: max_threads=65535, hint_threads=32
Granted 8 threads to pid 55701 (CPUs 0+0)
Request from pid 55701: max_threads=65535, hint_threads=32
Granted 8 threads to pid 55701 (CPUs 0+0)
Request from pid 55741: max_threads=65535, hint_threads=32
Granted 8 threads to pid 55741 (CPUs 0+0)
Request from pid 55741: max_threads=65535, hint_threads=32
Granted 8 threads to pid 55741 (CPUs 0+0)
Request from pid 55701: max_threads=65535, hint_threads=32
Granted 8 threads to pid 55701 (CPUs 0+0)
Request from pid 55741: max_threads=65535, hint_threads=32
Granted 8 threads to pid 55741 (CPUs 0+0)
Request from pid 55741: max_threads=65535, hint_threads=32
Granted 8 threads to pid 55741 (CPUs 0+0)
Request from pid 55701: max_threads=65535, hint_threads=32
Granted 8 threads to pid 55701 (CPUs 0+0)
Request from pid 55741: max_threads=65535, hint_threads=32
Granted 8 threads to pid 55741 (CPUs 0+0)
Request from pid 55701: max_threads=65535, hint_threads=32
Granted 8 threads to pid 55701 (CPUs 0+0)
Request from pid 55741: max_threads=65535, hint_threads=32
Granted 8 threads to pid 55741 (CPUs 0+0)
Request from pid 55701: max_threads=65535, hint_threads=32
Granted 8 threads to pid 55701 (CPUs 0+0)
Request from pid 55741: max_threads=65535, hint_threads=32
Granted 8 threads to pid 55741 (CPUs 0+0)
Request from pid 55701: max_threads=65535, hint_threads=32
Granted 8 threads to pid 55701 (CPUs 0+0)
Request from pid 55741: max_threads=65535, hint_threads=32
Granted 8 threads to pid 55741 (CPUs 0+0)
Request from pid 55701: max_threads=65535, hint_threads=32
Granted 8 threads to pid 55701 (CPUs 0+0)
Request from pid 55741: max_threads=65535, hint_threads=32
Granted 8 threads to pid 55741 (CPUs 0+0)
Request from pid 55701: max_threads=65535, hint_threads=32
Granted 8 threads to pid 55701 (CPUs 0+0)
Request from pid 55741: max_threads=65535, hint_threads=32
Granted 8 threads to pid 55741 (CPUs 0+0)
Request from pid 55701: max_threads=65535, hint_threads=32
Granted 8 threads to pid 55701 (CPUs 0+0)
Request from pid 55741: max_threads=65535, hint_threads=32
Granted 8 threads to pid 55741 (CPUs 0+0)
Request from pid 55701: max_threads=65535, hint_threads=32
Granted 8 threads to pid 55701 (CPUs 0+0)
Request from pid 55741: max_threads=65535, hint_threads=32
Granted 8 threads to pid 55741 (CPUs 0+0)
Request from pid 55701: max_threads=65535, hint_threads=32
Granted 10 threads to pid 55701 (CPUs 1+10)
Request from pid 55741: max_threads=65535, hint_threads=32
Granted 10 threads to pid 55741 (CPUs 0+0)
Request from pid 55701: max_threads=65535, hint_threads=32
Granted 10 threads to pid 55701 (CPUs 1+10)
Request from pid 55741: max_threads=65535, hint_threads=32
Granted 10 threads to pid 55741 (CPUs 0+0)
Request from pid 55741: max_threads=65535, hint_threads=32
Granted 16 threads to pid 55741 (CPUs 11+16)
Request from pid 55701: max_threads=65535, hint_threads=32
Granted 16 threads to pid 55701 (CPUs 0+0)
Request from pid 55741: max_threads=65535, hint_threads=32
Granted 16 threads to pid 55741 (CPUs 11+16)
Request from pid 55701: max_threads=65535, hint_threads=32
Granted 16 threads to pid 55701 (CPUs 0+0)
Request from pid 55741: max_threads=65535, hint_threads=32
Granted 16 threads to pid 55741 (CPUs 11+16)
Request from pid 55741: max_threads=65535, hint_threads=32
Granted 16 threads to pid 55741 (CPUs 11+16)
Request from pid 55701: max_threads=65535, hint_threads=32
Granted 16 threads to pid 55701 (CPUs 0+0)
Request from pid 55741: max_threads=65535, hint_threads=32
Granted 16 threads to pid 55741 (CPUs 11+16)
Request from pid 55701: max_threads=65535, hint_threads=32
Granted 16 threads to pid 55701 (CPUs 0+0)
Request from pid 55741: max_threads=65535, hint_threads=32
Granted 16 threads to pid 55741 (CPUs 11+16)
Request from pid 55701: max_threads=65535, hint_threads=32
Granted 16 threads to pid 55701 (CPUs 0+0)
Request from pid 55741: max_threads=65535, hint_threads=32
Granted 16 threads to pid 55741 (CPUs 11+16)
Request from pid 55701: max_threads=65535, hint_threads=32
Granted 16 threads to pid 55701 (CPUs 0+0)
Request from pid 55741: max_threads=65535, hint_threads=32
Granted 16 threads to pid 55741 (CPUs 11+16)
Request from pid 55741: max_threads=65535, hint_threads=32
Granted 16 threads to pid 55741 (CPUs 11+16)
Request from pid 55701: max_threads=65535, hint_threads=32
Granted 16 threads to pid 55701 (CPUs 0+0)
Request from pid 55741: max_threads=65535, hint_threads=32
Granted 16 threads to pid 55741 (CPUs 11+16)
Request from pid 55701: max_threads=65535, hint_threads=32
Granted 16 threads to pid 55701 (CPUs 0+0)
Request from pid 55741: max_threads=65535, hint_threads=32
Granted 16 threads to pid 55741 (CPUs 11+16)
Request from pid 55701: max_threads=65535, hint_threads=32
Granted 16 threads to pid 55701 (CPUs 0+0)
Request from pid 55741: max_threads=65535, hint_threads=32
Granted 16 threads to pid 55741 (CPUs 11+16)
Request from pid 55701: max_threads=65535, hint_threads=32
Granted 16 threads to pid 55701 (CPUs 0+0)
Request from pid 55741: max_threads=65535, hint_threads=32
Granted 16 threads to pid 55741 (CPUs 11+16)
Request from pid 55741: max_threads=65535, hint_threads=32
Granted 16 threads to pid 55741 (CPUs 11+16)
Request from pid 55701: max_threads=65535, hint_threads=32
Granted 16 threads to pid 55701 (CPUs 0+0)
Request from pid 55741: max_threads=65535, hint_threads=32
Granted 16 threads to pid 55741 (CPUs 11+16)
Request from pid 55701: max_threads=65535, hint_threads=32
Granted 16 threads to pid 55701 (CPUs 0+0)
Request from pid 55741: max_threads=65535, hint_threads=32
Granted 16 threads to pid 55741 (CPUs 11+16)
Request from pid 55701: max_threads=65535, hint_threads=32
Granted 16 threads to pid 55701 (CPUs 0+0)
Request from pid 55741: max_threads=65535, hint_threads=32
Granted 16 threads to pid 55741 (CPUs 11+16)
Request from pid 55741: max_threads=65535, hint_threads=32
Granted 16 threads to pid 55741 (CPUs 11+16)
Request from pid 55701: max_threads=65535, hint_threads=32
Granted 16 threads to pid 55701 (CPUs 0+0)
Request from pid 55741: max_threads=65535, hint_threads=32
Granted 16 threads to pid 55741 (CPUs 11+16)
Request from pid 55701: max_threads=65535, hint_threads=32
Granted 16 threads to pid 55701 (CPUs 0+0)
Request from pid 55741: max_threads=65535, hint_threads=32
Granted 16 threads to pid 55741 (CPUs 11+16)
Request from pid 55741: max_threads=65535, hint_threads=32
Granted 16 threads to pid 55741 (CPUs 11+16)
Request from pid 55701: max_threads=65535, hint_threads=32
Granted 16 threads to pid 55701 (CPUs 0+0)
Request from pid 55701: max_threads=65535, hint_threads=32
Granted 16 threads to pid 55701 (CPUs 0+0)
Request from pid 55741: max_threads=65535, hint_threads=32
Granted 16 threads to pid 55741 (CPUs 11+16)
Request from pid 55701: max_threads=65535, hint_threads=32
Granted 16 threads to pid 55701 (CPUs 0+0)
Request from pid 55741: max_threads=65535, hint_threads=32
Granted 16 threads to pid 55741 (CPUs 11+16)
Request from pid 55701: max_threads=65535, hint_threads=32
Granted 16 threads to pid 55701 (CPUs 0+0)
Request from pid 55741: max_threads=65535, hint_threads=32
Granted 16 threads to pid 55741 (CPUs 11+16)
Request from pid 55701: max_threads=65535, hint_threads=32
Granted 16 threads to pid 55701 (CPUs 0+0)
Request from pid 55741: max_threads=65535, hint_threads=32
Granted 16 threads to pid 55741 (CPUs 11+16)
Request from pid 55741: max_threads=65535, hint_threads=32
Granted 16 threads to pid 55741 (CPUs 11+16)
Request from pid 55701: max_threads=65535, hint_threads=32
Granted 16 threads to pid 55701 (CPUs 0+0)
Request from pid 55741: max_threads=65535, hint_threads=32
Granted 16 threads to pid 55741 (CPUs 11+16)
Request from pid 55701: max_threads=65535, hint_threads=32
Granted 16 threads to pid 55701 (CPUs 0+0)
Request from pid 55741: max_threads=65535, hint_threads=32
Granted 16 threads to pid 55741 (CPUs 11+16)
Request from pid 55741: max_threads=65535, hint_threads=32
Granted 16 threads to pid 55741 (CPUs 11+16)
Request from pid 55701: max_threads=65535, hint_threads=32
Granted 16 threads to pid 55701 (CPUs 0+0)
Request from pid 55741: max_threads=65535, hint_threads=32
Granted 16 threads to pid 55741 (CPUs 11+16)
Request from pid 55701: max_threads=65535, hint_threads=32
Granted 16 threads to pid 55701 (CPUs 0+0)
Request from pid 55701: max_threads=65535, hint_threads=32
Granted 16 threads to pid 55701 (CPUs 0+0)
Request from pid 55741: max_threads=65535, hint_threads=32
Granted 16 threads to pid 55741 (CPUs 11+16)
Client closed connection
Accepted connection
Handling client
Request from pid 55861: max_threads=65535, hint_threads=32
Granted 10 threads to pid 55861 (CPUs 1+10)
Request from pid 55701: max_threads=65535, hint_threads=32
Granted 10 threads to pid 55701 (CPUs 0+0)
Request from pid 55701: max_threads=65535, hint_threads=32
Granted 10 threads to pid 55701 (CPUs 0+0)
Request from pid 55701: max_threads=65535, hint_threads=32
Granted 10 threads to pid 55701 (CPUs 0+0)
Client closed connection
Accepted connection
Handling client
Request from pid 55901: max_threads=65535, hint_threads=32
Granted 8 threads to pid 55901 (CPUs 0+0)
Request from pid 55861: max_threads=65535, hint_threads=32
Granted 8 threads to pid 55861 (CPUs 1+8)
Request from pid 55861: max_threads=65535, hint_threads=32
Granted 8 threads to pid 55861 (CPUs 1+8)
Request from pid 55861: max_threads=65535, hint_threads=32
Granted 8 threads to pid 55861 (CPUs 1+8)
Request from pid 55861: max_threads=65535, hint_threads=32
Granted 8 threads to pid 55861 (CPUs 1+8)
Request from pid 55901: max_threads=65535, hint_threads=32
Granted 8 threads to pid 55901 (CPUs 0+0)
Request from pid 55861: max_threads=65535, hint_threads=32
Granted 8 threads to pid 55861 (CPUs 1+8)
Request from pid 55861: max_threads=65535, hint_threads=32
Granted 8 threads to pid 55861 (CPUs 1+8)
Request from pid 55901: max_threads=65535, hint_threads=32
Granted 8 threads to pid 55901 (CPUs 0+0)
Request from pid 55861: max_threads=65535, hint_threads=32
Granted 8 threads to pid 55861 (CPUs 1+8)
Request from pid 55901: max_threads=65535, hint_threads=32
Granted 8 threads to pid 55901 (CPUs 0+0)
Request from pid 55861: max_threads=65535, hint_threads=32
Granted 8 threads to pid 55861 (CPUs 1+8)
Request from pid 55861: max_threads=65535, hint_threads=32
Granted 8 threads to pid 55861 (CPUs 1+8)
Request from pid 55901: max_threads=65535, hint_threads=32
Granted 8 threads to pid 55901 (CPUs 0+0)
Request from pid 55861: max_threads=65535, hint_threads=32
Granted 8 threads to pid 55861 (CPUs 1+8)
Request from pid 55901: max_threads=65535, hint_threads=32
Granted 8 threads to pid 55901 (CPUs 0+0)
Request from pid 55901: max_threads=65535, hint_threads=32
Granted 8 threads to pid 55901 (CPUs 0+0)
Request from pid 55861: max_threads=65535, hint_threads=32
Granted 8 threads to pid 55861 (CPUs 1+8)
Request from pid 55861: max_threads=65535, hint_threads=32
Granted 8 threads to pid 55861 (CPUs 1+8)
Request from pid 55901: max_threads=65535, hint_threads=32
Granted 8 threads to pid 55901 (CPUs 0+0)
Request from pid 55861: max_threads=65535, hint_threads=32
Granted 8 threads to pid 55861 (CPUs 1+8)
Request from pid 55901: max_threads=65535, hint_threads=32
Granted 8 threads to pid 55901 (CPUs 0+0)
Request from pid 55861: max_threads=65535, hint_threads=32
Granted 8 threads to pid 55861 (CPUs 1+8)
Request from pid 55861: max_threads=65535, hint_threads=32
Granted 8 threads to pid 55861 (CPUs 1+8)
Request from pid 55901: max_threads=65535, hint_threads=32
Granted 8 threads to pid 55901 (CPUs 0+0)
Request from pid 55901: max_threads=65535, hint_threads=32
Granted 10 threads to pid 55901 (CPUs 9+10)
Request from pid 55861: max_threads=65535, hint_threads=32
Granted 10 threads to pid 55861 (CPUs 19+10)
Request from pid 55901: max_threads=65535, hint_threads=32
Granted 10 threads to pid 55901 (CPUs 9+10)
Request from pid 55861: max_threads=65535, hint_threads=32
Granted 10 threads to pid 55861 (CPUs 19+10)
Request from pid 55861: max_threads=65535, hint_threads=32
Granted 10 threads to pid 55861 (CPUs 19+10)
Request from pid 55901: max_threads=65535, hint_threads=32
Granted 10 threads to pid 55901 (CPUs 9+10)
Request from pid 55901: max_threads=65535, hint_threads=32
Granted 10 threads to pid 55901 (CPUs 9+10)
Request from pid 55861: max_threads=65535, hint_threads=32
Granted 10 threads to pid 55861 (CPUs 19+10)
Request from pid 55901: max_threads=65535, hint_threads=32
Granted 16 threads to pid 55901 (CPUs 1+16)
Request from pid 55861: max_threads=65535, hint_threads=32
Granted 16 threads to pid 55861 (CPUs 17+16)
Request from pid 55861: max_threads=65535, hint_threads=32
Granted 16 threads to pid 55861 (CPUs 17+16)
Request from pid 55901: max_threads=65535, hint_threads=32
Granted 16 threads to pid 55901 (CPUs 1+16)
Request from pid 55901: max_threads=65535, hint_threads=32
Granted 16 threads to pid 55901 (CPUs 1+16)
Request from pid 55861: max_threads=65535, hint_threads=32
Granted 16 threads to pid 55861 (CPUs 17+16)
Request from pid 55861: max_threads=65535, hint_threads=32
Granted 16 threads to pid 55861 (CPUs 17+16)
Request from pid 55861: max_threads=65535, hint_threads=32
Granted 16 threads to pid 55861 (CPUs 17+16)
Request from pid 55901: max_threads=65535, hint_threads=32
Granted 16 threads to pid 55901 (CPUs 1+16)
Request from pid 55861: max_threads=65535, hint_threads=32
Granted 16 threads to pid 55861 (CPUs 17+16)
Request from pid 55901: max_threads=65535, hint_threads=32
Granted 16 threads to pid 55901 (CPUs 1+16)
Request from pid 55861: max_threads=65535, hint_threads=32
Granted 16 threads to pid 55861 (CPUs 17+16)
Request from pid 55901: max_threads=65535, hint_threads=32
Granted 16 threads to pid 55901 (CPUs 1+16)
Request from pid 55861: max_threads=65535, hint_threads=32
Granted 16 threads to pid 55861 (CPUs 17+16)
Request from pid 55861: max_threads=65535, hint_threads=32
Granted 16 threads to pid 55861 (CPUs 17+16)
Request from pid 55861: max_threads=65535, hint_threads=32
Granted 16 threads to pid 55861 (CPUs 17+16)
Request from pid 55901: max_threads=65535, hint_threads=32
Granted 16 threads to pid 55901 (CPUs 1+16)
Request from pid 55901: max_threads=65535, hint_threads=32
Granted 16 threads to pid 55901 (CPUs 1+16)
Request from pid 55861: max_threads=65535, hint_threads=32
Granted 16 threads to pid 55861 (CPUs 17+16)
Request from pid 55901: max_threads=65535, hint_threads=32
Granted 16 threads to pid 55901 (CPUs 1+16)
Request from pid 55901: max_threads=65535, hint_threads=32
Granted 16 threads to pid 55901 (CPUs 1+16)
Request from pid 55861: max_threads=65535, hint_threads=32
Granted 16 threads to pid 55861 (CPUs 17+16)
Request from pid 55901: max_threads=65535, hint_threads=32
Granted 16 threads to pid 55901 (CPUs 1+16)
Request from pid 55861: max_threads=65535, hint_threads=32
Granted 16 threads to pid 55861 (CPUs 17+16)
Request from pid 55861: max_threads=65535, hint_threads=32
Granted 16 threads to pid 55861 (CPUs 17+16)
Request from pid 55901: max_threads=65535, hint_threads=32
Granted 16 threads to pid 55901 (CPUs 1+16)
Request from pid 55861: max_threads=65535, hint_threads=32
Granted 16 threads to pid 55861 (CPUs 17+16)
Request from pid 55901: max_threads=65535, hint_threads=32
Granted 16 threads to pid 55901 (CPUs 1+16)
Request from pid 55861: max_threads=65535, hint_threads=32
Granted 16 threads to pid 55861 (CPUs 17+16)
Request from pid 55901: max_threads=65535, hint_threads=32
Granted 16 threads to pid 55901 (CPUs 1+16)
Request from pid 55861: max_threads=65535, hint_threads=32
Granted 16 threads to pid 55861 (CPUs 17+16)
Request from pid 55901: max_threads=65535, hint_threads=32
Granted 16 threads to pid 55901 (CPUs 1+16)
Request from pid 55861: max_threads=65535, hint_threads=32
Granted 16 threads to pid 55861 (CPUs 17+16)
Request from pid 55901: max_threads=65535, hint_threads=32
Granted 16 threads to pid 55901 (CPUs 1+16)
Request from pid 55861: max_threads=65535, hint_threads=32
Granted 16 threads to pid 55861 (CPUs 17+16)
Request from pid 55901: max_threads=65535, hint_threads=32
Granted 16 threads to pid 55901 (CPUs 1+16)
Request from pid 55861: max_threads=65535, hint_threads=32
Granted 16 threads to pid 55861 (CPUs 17+16)
Request from pid 55861: max_threads=65535, hint_threads=32
Granted 16 threads to pid 55861 (CPUs 17+16)
Request from pid 55901: max_threads=65535, hint_threads=32
Granted 16 threads to pid 55901 (CPUs 1+16)
Request from pid 55901: max_threads=65535, hint_threads=32
Granted 16 threads to pid 55901 (CPUs 1+16)
Request from pid 55861: max_threads=65535, hint_threads=32
Granted 16 threads to pid 55861 (CPUs 17+16)
Request from pid 55901: max_threads=65535, hint_threads=32
Granted 16 threads to pid 55901 (CPUs 1+16)
Request from pid 55861: max_threads=65535, hint_threads=32
Granted 16 threads to pid 55861 (CPUs 17+16)
Request from pid 55901: max_threads=65535, hint_threads=32
Granted 16 threads to pid 55901 (CPUs 1+16)
Request from pid 55861: max_threads=65535, hint_threads=32
Granted 16 threads to pid 55861 (CPUs 17+16)
Request from pid 55861: max_threads=65535, hint_threads=32
Granted 16 threads to pid 55861 (CPUs 17+16)
Request from pid 55901: max_threads=65535, hint_threads=32
Granted 16 threads to pid 55901 (CPUs 1+16)
Request from pid 55861: max_threads=65535, hint_threads=32
Granted 16 threads to pid 55861 (CPUs 17+16)
Request from pid 55861: max_threads=65535, hint_threads=32
Granted 16 threads to pid 55861 (CPUs 17+16)
Request from pid 55901: max_threads=65535, hint_threads=32
Granted 16 threads to pid 55901 (CPUs 1+16)
Request from pid 55861: max_threads=65535, hint_threads=32
Granted 16 threads to pid 55861 (CPUs 17+16)
Request from pid 55861: max_threads=65535, hint_threads=32
Granted 16 threads to pid 55861 (CPUs 17+16)
Request from pid 55901: max_threads=65535, hint_threads=32
Granted 16 threads to pid 55901 (CPUs 1+16)
Request from pid 55901: max_threads=65535, hint_threads=32
Granted 16 threads to pid 55901 (CPUs 1+16)
Request from pid 55861: max_threads=65535, hint_threads=32
Granted 16 threads to pid 55861 (CPUs 17+16)
Client closed connection
Accepted connection
Handling client
Request from pid 56036: max_threads=65535, hint_threads=32
Granted 10 threads to pid 56036 (CPUs 0+0)
Request from pid 55901: max_threads=65535, hint_threads=32
Granted 10 threads to pid 55901 (CPUs 1+10)
Request from pid 55901: max_threads=65535, hint_threads=32
Granted 10 threads to pid 55901 (CPUs 1+10)
Request from pid 56036: max_threads=65535, hint_threads=32
Granted 10 threads to pid 56036 (CPUs 0+0)
Request from pid 56036: max_threads=65535, hint_threads=32
Granted 10 threads to pid 56036 (CPUs 0+0)
Request from pid 55901: max_threads=65535, hint_threads=32
Granted 10 threads to pid 55901 (CPUs 1+10)
Request from pid 56036: max_threads=65535, hint_threads=32
Granted 10 threads to pid 56036 (CPUs 0+0)
Request from pid 55901: max_threads=65535, hint_threads=32
Granted 10 threads to pid 55901 (CPUs 1+10)
Request from pid 56036: max_threads=65535, hint_threads=32
Granted 10 threads to pid 56036 (CPUs 0+0)
Request from pid 55901: max_threads=65535, hint_threads=32
Granted 10 threads to pid 55901 (CPUs 1+10)
Request from pid 56036: max_threads=65535, hint_threads=32
Granted 10 threads to pid 56036 (CPUs 0+0)
Request from pid 55901: max_threads=65535, hint_threads=32
Granted 10 threads to pid 55901 (CPUs 1+10)
Request from pid 56036: max_threads=65535, hint_threads=32
Granted 10 threads to pid 56036 (CPUs 0+0)
Request from pid 56036: max_threads=65535, hint_threads=32
Granted 10 threads to pid 56036 (CPUs 0+0)
Request from pid 55901: max_threads=65535, hint_threads=32
Granted 10 threads to pid 55901 (CPUs 1+10)
Request from pid 56036: max_threads=65535, hint_threads=32
Granted 10 threads to pid 56036 (CPUs 0+0)
Request from pid 55901: max_threads=65535, hint_threads=32
Granted 10 threads to pid 55901 (CPUs 1+10)
Client closed connection
Accepted connection
Handling client
Request from pid 56082: max_threads=65535, hint_threads=32
Granted 8 threads to pid 56082 (CPUs 0+0)
Request from pid 56036: max_threads=65535, hint_threads=32
Granted 8 threads to pid 56036 (CPUs 0+0)
Request from pid 56036: max_threads=65535, hint_threads=32
Granted 8 threads to pid 56036 (CPUs 0+0)
Request from pid 56082: max_threads=65535, hint_threads=32
Granted 8 threads to pid 56082 (CPUs 0+0)
Request from pid 56082: max_threads=65535, hint_threads=32
Granted 8 threads to pid 56082 (CPUs 0+0)
Request from pid 56036: max_threads=65535, hint_threads=32
Granted 8 threads to pid 56036 (CPUs 0+0)
Request from pid 56082: max_threads=65535, hint_threads=32
Granted 8 threads to pid 56082 (CPUs 0+0)
Request from pid 56036: max_threads=65535, hint_threads=32
Granted 8 threads to pid 56036 (CPUs 0+0)
Request from pid 56036: max_threads=65535, hint_threads=32
Granted 8 threads to pid 56036 (CPUs 0+0)
Request from pid 56082: max_threads=65535, hint_threads=32
Granted 8 threads to pid 56082 (CPUs 0+0)
Request from pid 56082: max_threads=65535, hint_threads=32
Granted 8 threads to pid 56082 (CPUs 0+0)
Request from pid 56036: max_threads=65535, hint_threads=32
Granted 8 threads to pid 56036 (CPUs 0+0)
Request from pid 56082: max_threads=65535, hint_threads=32
Granted 10 threads to pid 56082 (CPUs 11+10)
Request from pid 56036: max_threads=65535, hint_threads=32
Granted 10 threads to pid 56036 (CPUs 21+10)
Request from pid 56036: max_threads=65535, hint_threads=32
Granted 10 threads to pid 56036 (CPUs 21+10)
Request from pid 56082: max_threads=65535, hint_threads=32
Granted 10 threads to pid 56082 (CPUs 11+10)
Request from pid 56036: max_threads=65535, hint_threads=32
Granted 10 threads to pid 56036 (CPUs 21+10)
Request from pid 56082: max_threads=65535, hint_threads=32
Granted 10 threads to pid 56082 (CPUs 11+10)
Request from pid 56036: max_threads=65535, hint_threads=32
Granted 10 threads to pid 56036 (CPUs 21+10)
Request from pid 56082: max_threads=65535, hint_threads=32
Granted 10 threads to pid 56082 (CPUs 11+10)
Request from pid 56036: max_threads=65535, hint_threads=32
Granted 10 threads to pid 56036 (CPUs 21+10)
Request from pid 56036: max_threads=65535, hint_threads=32
Granted 10 threads to pid 56036 (CPUs 21+10)
Request from pid 56082: max_threads=65535, hint_threads=32
Granted 10 threads to pid 56082 (CPUs 11+10)
Request from pid 56036: max_threads=65535, hint_threads=32
Granted 10 threads to pid 56036 (CPUs 21+10)
Request from pid 56082: max_threads=65535, hint_threads=32
Granted 10 threads to pid 56082 (CPUs 11+10)
Request from pid 56036: max_threads=65535, hint_threads=32
Granted 10 threads to pid 56036 (CPUs 21+10)
Request from pid 56082: max_threads=65535, hint_threads=32
Granted 10 threads to pid 56082 (CPUs 11+10)
Request from pid 56082: max_threads=65535, hint_threads=32
Granted 10 threads to pid 56082 (CPUs 11+10)
Request from pid 56036: max_threads=65535, hint_threads=32
Granted 10 threads to pid 56036 (CPUs 21+10)
Request from pid 56082: max_threads=65535, hint_threads=32
Granted 10 threads to pid 56082 (CPUs 11+10)
Request from pid 56036: max_threads=65535, hint_threads=32
Granted 10 threads to pid 56036 (CPUs 21+10)
Request from pid 56082: max_threads=65535, hint_threads=32
Granted 10 threads to pid 56082 (CPUs 11+10)
Request from pid 56036: max_threads=65535, hint_threads=32
Granted 10 threads to pid 56036 (CPUs 21+10)
Request from pid 56082: max_threads=65535, hint_threads=32
Granted 10 threads to pid 56082 (CPUs 11+10)
Request from pid 56036: max_threads=65535, hint_threads=32
Granted 10 threads to pid 56036 (CPUs 21+10)
Request from pid 56082: max_threads=65535, hint_threads=32
Granted 10 threads to pid 56082 (CPUs 11+10)
Request from pid 56036: max_threads=65535, hint_threads=32
Granted 10 threads to pid 56036 (CPUs 21+10)
Request from pid 56082: max_threads=65535, hint_threads=32
Granted 10 threads to pid 56082 (CPUs 11+10)
Request from pid 56036: max_threads=65535, hint_threads=32
Granted 16 threads to pid 56036 (CPUs 0+0)
Request from pid 56036: max_threads=65535, hint_threads=32
Granted 16 threads to pid 56036 (CPUs 0+0)
Request from pid 56082: max_threads=65535, hint_threads=32
Granted 16 threads to pid 56082 (CPUs 1+16)
Request from pid 56036: max_threads=65535, hint_threads=32
Granted 16 threads to pid 56036 (CPUs 17+16)
Request from pid 56082: max_threads=65535, hint_threads=32
Granted 16 threads to pid 56082 (CPUs 1+16)
Request from pid 56036: max_threads=65535, hint_threads=32
Granted 16 threads to pid 56036 (CPUs 17+16)
Request from pid 56082: max_threads=65535, hint_threads=32
Granted 16 threads to pid 56082 (CPUs 1+16)
Request from pid 56036: max_threads=65535, hint_threads=32
Granted 16 threads to pid 56036 (CPUs 17+16)
Request from pid 56082: max_threads=65535, hint_threads=32
Granted 16 threads to pid 56082 (CPUs 1+16)
Request from pid 56036: max_threads=65535, hint_threads=32
Granted 16 threads to pid 56036 (CPUs 17+16)
Request from pid 56082: max_threads=65535, hint_threads=32
Granted 16 threads to pid 56082 (CPUs 1+16)
Request from pid 56036: max_threads=65535, hint_threads=32
Granted 16 threads to pid 56036 (CPUs 17+16)
Request from pid 56082: max_threads=65535, hint_threads=32
Granted 16 threads to pid 56082 (CPUs 1+16)
Request from pid 56036: max_threads=65535, hint_threads=32
Granted 16 threads to pid 56036 (CPUs 17+16)
Request from pid 56082: max_threads=65535, hint_threads=32
Granted 16 threads to pid 56082 (CPUs 1+16)
Request from pid 56036: max_threads=65535, hint_threads=32
Granted 16 threads to pid 56036 (CPUs 17+16)
Request from pid 56082: max_threads=65535, hint_threads=32
Granted 16 threads to pid 56082 (CPUs 1+16)
Request from pid 56036: max_threads=65535, hint_threads=32
Granted 16 threads to pid 56036 (CPUs 17+16)
Request from pid 56036: max_threads=65535, hint_threads=32
Granted 16 threads to pid 56036 (CPUs 17+16)
Request from pid 56082: max_threads=65535, hint_threads=32
Granted 16 threads to pid 56082 (CPUs 1+16)
Request from pid 56036: max_threads=65535, hint_threads=32
Granted 16 threads to pid 56036 (CPUs 17+16)
Request from pid 56082: max_threads=65535, hint_threads=32
Granted 16 threads to pid 56082 (CPUs 1+16)
Request from pid 56082: max_threads=65535, hint_threads=32
Granted 16 threads to pid 56082 (CPUs 1+16)
Request from pid 56036: max_threads=65535, hint_threads=32
Granted 16 threads to pid 56036 (CPUs 17+16)
Request from pid 56036: max_threads=65535, hint_threads=32
Granted 16 threads to pid 56036 (CPUs 17+16)
Request from pid 56082: max_threads=65535, hint_threads=32
Granted 16 threads to pid 56082 (CPUs 1+16)
Request from pid 56036: max_threads=65535, hint_threads=32
Granted 16 threads to pid 56036 (CPUs 17+16)
Request from pid 56082: max_threads=65535, hint_threads=32
Granted 16 threads to pid 56082 (CPUs 1+16)
Request from pid 56082: max_threads=65535, hint_threads=32
Granted 16 threads to pid 56082 (CPUs 1+16)
Request from pid 56036: max_threads=65535, hint_threads=32
Granted 16 threads to pid 56036 (CPUs 17+16)
Request from pid 56082: max_threads=65535, hint_threads=32
Granted 16 threads to pid 56082 (CPUs 1+16)
Request from pid 56036: max_threads=65535, hint_threads=32
Granted 16 threads to pid 56036 (CPUs 17+16)
Request from pid 56082: max_threads=65535, hint_threads=32
Granted 16 threads to pid 56082 (CPUs 1+16)
Request from pid 56036: max_threads=65535, hint_threads=32
Granted 16 threads to pid 56036 (CPUs 17+16)
Request from pid 56082: max_threads=65535, hint_threads=32
Granted 16 threads to pid 56082 (CPUs 1+16)
Request from pid 56036: max_threads=65535, hint_threads=32
Granted 16 threads to pid 56036 (CPUs 17+16)
Request from pid 56082: max_threads=65535, hint_threads=32
Granted 16 threads to pid 56082 (CPUs 1+16)
Request from pid 56036: max_threads=65535, hint_threads=32
Granted 16 threads to pid 56036 (CPUs 17+16)
Client closed connection
Accepted connection
Handling client
Request from pid 56161: max_threads=65535, hint_threads=32
Granted 10 threads to pid 56161 (CPUs 0+0)
Request from pid 56082: max_threads=65535, hint_threads=32
Granted 10 threads to pid 56082 (CPUs 1+10)
Request from pid 56082: max_threads=65535, hint_threads=32
Granted 10 threads to pid 56082 (CPUs 1+10)
Request from pid 56161: max_threads=65535, hint_threads=32
Granted 10 threads to pid 56161 (CPUs 0+0)
Request from pid 56082: max_threads=65535, hint_threads=32
Granted 10 threads to pid 56082 (CPUs 1+10)
Request from pid 56161: max_threads=65535, hint_threads=32
Granted 10 threads to pid 56161 (CPUs 0+0)
Request from pid 56082: max_threads=65535, hint_threads=32
Granted 10 threads to pid 56082 (CPUs 1+10)
Request from pid 56161: max_threads=65535, hint_threads=32
Granted 10 threads to pid 56161 (CPUs 0+0)
Request from pid 56082: max_threads=65535, hint_threads=32
Granted 10 threads to pid 56082 (CPUs 1+10)
Request from pid 56161: max_threads=65535, hint_threads=32
Granted 10 threads to pid 56161 (CPUs 0+0)
Request from pid 56082: max_threads=65535, hint_threads=32
Granted 10 threads to pid 56082 (CPUs 1+10)
Request from pid 56161: max_threads=65535, hint_threads=32
Granted 10 threads to pid 56161 (CPUs 0+0)
Request from pid 56082: max_threads=65535, hint_threads=32
Granted 10 threads to pid 56082 (CPUs 1+10)
Request from pid 56161: max_threads=65535, hint_threads=32
Granted 10 threads to pid 56161 (CPUs 0+0)
Request from pid 56082: max_threads=65535, hint_threads=32
Granted 10 threads to pid 56082 (CPUs 1+10)
Request from pid 56161: max_threads=65535, hint_threads=32
Granted 10 threads to pid 56161 (CPUs 0+0)
Request from pid 56161: max_threads=65535, hint_threads=32
Granted 10 threads to pid 56161 (CPUs 0+0)
Request from pid 56082: max_threads=65535, hint_threads=32
Granted 10 threads to pid 56082 (CPUs 1+10)
Request from pid 56161: max_threads=65535, hint_threads=32
Granted 10 threads to pid 56161 (CPUs 0+0)
Request from pid 56082: max_threads=65535, hint_threads=32
Granted 10 threads to pid 56082 (CPUs 1+10)
Request from pid 56161: max_threads=65535, hint_threads=32
Granted 10 threads to pid 56161 (CPUs 0+0)
Request from pid 56082: max_threads=65535, hint_threads=32
Granted 10 threads to pid 56082 (CPUs 1+10)
Request from pid 56161: max_threads=65535, hint_threads=32
Granted 10 threads to pid 56161 (CPUs 0+0)
Request from pid 56082: max_threads=65535, hint_threads=32
Granted 10 threads to pid 56082 (CPUs 1+10)
Request from pid 56082: max_threads=65535, hint_threads=32
Granted 10 threads to pid 56082 (CPUs 1+10)
Request from pid 56161: max_threads=65535, hint_threads=32
Granted 10 threads to pid 56161 (CPUs 0+0)
Request from pid 56161: max_threads=65535, hint_threads=32
Granted 10 threads to pid 56161 (CPUs 0+0)
Request from pid 56082: max_threads=65535, hint_threads=32
Granted 10 threads to pid 56082 (CPUs 1+10)
Request from pid 56161: max_threads=65535, hint_threads=32
Granted 10 threads to pid 56161 (CPUs 0+0)
Request from pid 56082: max_threads=65535, hint_threads=32
Granted 10 threads to pid 56082 (CPUs 1+10)
Request from pid 56161: max_threads=65535, hint_threads=32
Granted 10 threads to pid 56161 (CPUs 0+0)
Request from pid 56161: max_threads=65535, hint_threads=32
Granted 10 threads to pid 56161 (CPUs 0+0)
Request from pid 56082: max_threads=65535, hint_threads=32
Granted 10 threads to pid 56082 (CPUs 1+10)
Request from pid 56161: max_threads=65535, hint_threads=32
Granted 10 threads to pid 56161 (CPUs 0+0)
Request from pid 56082: max_threads=65535, hint_threads=32
Granted 10 threads to pid 56082 (CPUs 1+10)
Client closed connection
Accepted connection
Handling client
Request from pid 56240: max_threads=65535, hint_threads=32
Granted 8 threads to pid 56240 (CPUs 0+0)
Request from pid 56161: max_threads=65535, hint_threads=32
Granted 10 threads to pid 56161 (CPUs 11+10)
Request from pid 56161: max_threads=65535, hint_threads=32
Granted 10 threads to pid 56161 (CPUs 11+10)
Request from pid 56161: max_threads=65535, hint_threads=32
Granted 10 threads to pid 56161 (CPUs 11+10)
Request from pid 56161: max_threads=65535, hint_threads=32
Granted 10 threads to pid 56161 (CPUs 11+10)
Request from pid 56240: max_threads=65535, hint_threads=32
Granted 10 threads to pid 56240 (CPUs 21+10)
Request from pid 56240: max_threads=65535, hint_threads=32
Granted 10 threads to pid 56240 (CPUs 21+10)
Request from pid 56161: max_threads=65535, hint_threads=32
Granted 10 threads to pid 56161 (CPUs 11+10)
Request from pid 56240: max_threads=65535, hint_threads=32
Granted 10 threads to pid 56240 (CPUs 21+10)
Request from pid 56161: max_threads=65535, hint_threads=32
Granted 10 threads to pid 56161 (CPUs 11+10)
Request from pid 56240: max_threads=65535, hint_threads=32
Granted 10 threads to pid 56240 (CPUs 21+10)
Request from pid 56161: max_threads=65535, hint_threads=32
Granted 10 threads to pid 56161 (CPUs 11+10)
Request from pid 56240: max_threads=65535, hint_threads=32
Granted 10 threads to pid 56240 (CPUs 21+10)
Request from pid 56161: max_threads=65535, hint_threads=32
Granted 10 threads to pid 56161 (CPUs 11+10)
Request from pid 56240: max_threads=65535, hint_threads=32
Granted 10 threads to pid 56240 (CPUs 21+10)
Request from pid 56161: max_threads=65535, hint_threads=32
Granted 10 threads to pid 56161 (CPUs 11+10)
Request from pid 56161: max_threads=65535, hint_threads=32
Granted 10 threads to pid 56161 (CPUs 11+10)
Request from pid 56240: max_threads=65535, hint_threads=32
Granted 10 threads to pid 56240 (CPUs 21+10)
Request from pid 56240: max_threads=65535, hint_threads=32
Granted 10 threads to pid 56240 (CPUs 21+10)
Request from pid 56161: max_threads=65535, hint_threads=32
Granted 10 threads to pid 56161 (CPUs 11+10)
Request from pid 56161: max_threads=65535, hint_threads=32
Granted 10 threads to pid 56161 (CPUs 11+10)
Request from pid 56240: max_threads=65535, hint_threads=32
Granted 10 threads to pid 56240 (CPUs 21+10)
Request from pid 56161: max_threads=65535, hint_threads=32
Granted 10 threads to pid 56161 (CPUs 11+10)
Request from pid 56240: max_threads=65535, hint_threads=32
Granted 10 threads to pid 56240 (CPUs 21+10)
Request from pid 56240: max_threads=65535, hint_threads=32
Granted 10 threads to pid 56240 (CPUs 21+10)
Request from pid 56161: max_threads=65535, hint_threads=32
Granted 10 threads to pid 56161 (CPUs 11+10)
Request from pid 56240: max_threads=65535, hint_threads=32
Granted 10 threads to pid 56240 (CPUs 21+10)
Request from pid 56161: max_threads=65535, hint_threads=32
Granted 10 threads to pid 56161 (CPUs 11+10)
Request from pid 56161: max_threads=65535, hint_threads=32
Granted 10 threads to pid 56161 (CPUs 11+10)
Request from pid 56240: max_threads=65535, hint_threads=32
Granted 10 threads to pid 56240 (CPUs 21+10)
Request from pid 56161: max_threads=65535, hint_threads=32
Granted 10 threads to pid 56161 (CPUs 11+10)
Request from pid 56240: max_threads=65535, hint_threads=32
Granted 10 threads to pid 56240 (CPUs 21+10)
Request from pid 56161: max_threads=65535, hint_threads=32
Granted 10 threads to pid 56161 (CPUs 11+10)
Request from pid 56240: max_threads=65535, hint_threads=32
Granted 10 threads to pid 56240 (CPUs 21+10)
Request from pid 56161: max_threads=65535, hint_threads=32
Granted 10 threads to pid 56161 (CPUs 11+10)
Request from pid 56240: max_threads=65535, hint_threads=32
Granted 10 threads to pid 56240 (CPUs 21+10)
Request from pid 56240: max_threads=65535, hint_threads=32
Granted 10 threads to pid 56240 (CPUs 21+10)
Request from pid 56161: max_threads=65535, hint_threads=32
Granted 10 threads to pid 56161 (CPUs 11+10)
Request from pid 56161: max_threads=65535, hint_threads=32
Granted 16 threads to pid 56161 (CPUs 1+16)
Request from pid 56240: max_threads=65535, hint_threads=32
Granted 16 threads to pid 56240 (CPUs 17+16)
Request from pid 56161: max_threads=65535, hint_threads=32
Granted 16 threads to pid 56161 (CPUs 1+16)
Request from pid 56240: max_threads=65535, hint_threads=32
Granted 16 threads to pid 56240 (CPUs 17+16)
Request from pid 56161: max_threads=65535, hint_threads=32
Granted 16 threads to pid 56161 (CPUs 1+16)
Request from pid 56240: max_threads=65535, hint_threads=32
Granted 16 threads to pid 56240 (CPUs 17+16)
Request from pid 56161: max_threads=65535, hint_threads=32
Granted 16 threads to pid 56161 (CPUs 1+16)
Request from pid 56240: max_threads=65535, hint_threads=32
Granted 16 threads to pid 56240 (CPUs 17+16)
Request from pid 56161: max_threads=65535, hint_threads=32
Granted 16 threads to pid 56161 (CPUs 1+16)
Request from pid 56161: max_threads=65535, hint_threads=32
Granted 16 threads to pid 56161 (CPUs 1+16)
Request from pid 56240: max_threads=65535, hint_threads=32
Granted 16 threads to pid 56240 (CPUs 17+16)
Request from pid 56161: max_threads=65535, hint_threads=32
Granted 16 threads to pid 56161 (CPUs 1+16)
Request from pid 56240: max_threads=65535, hint_threads=32
Granted 16 threads to pid 56240 (CPUs 17+16)
Request from pid 56161: max_threads=65535, hint_threads=32
Granted 16 threads to pid 56161 (CPUs 1+16)
Request from pid 56161: max_threads=65535, hint_threads=32
Granted 16 threads to pid 56161 (CPUs 1+16)
Request from pid 56240: max_threads=65535, hint_threads=32
Granted 16 threads to pid 56240 (CPUs 17+16)
Request from pid 56161: max_threads=65535, hint_threads=32
Granted 16 threads to pid 56161 (CPUs 1+16)
Request from pid 56240: max_threads=65535, hint_threads=32
Granted 16 threads to pid 56240 (CPUs 17+16)
Request from pid 56161: max_threads=65535, hint_threads=32
Granted 16 threads to pid 56161 (CPUs 1+16)
Request from pid 56240: max_threads=65535, hint_threads=32
Granted 16 threads to pid 56240 (CPUs 17+16)
Client closed connection
Accepted connection
Handling client
Request from pid 56413: max_threads=65535, hint_threads=32
Granted 10 threads to pid 56413 (CPUs 0+0)
Request from pid 56240: max_threads=65535, hint_threads=32
Granted 10 threads to pid 56240 (CPUs 17+10)
Request from pid 56240: max_threads=65535, hint_threads=32
Granted 10 threads to pid 56240 (CPUs 17+10)
Request from pid 56413: max_threads=65535, hint_threads=32
Granted 10 threads to pid 56413 (CPUs 0+0)
Request from pid 56240: max_threads=65535, hint_threads=32
Granted 10 threads to pid 56240 (CPUs 17+10)
Request from pid 56413: max_threads=65535, hint_threads=32
Granted 10 threads to pid 56413 (CPUs 0+0)
Request from pid 56413: max_threads=65535, hint_threads=32
Granted 10 threads to pid 56413 (CPUs 0+0)
Request from pid 56240: max_threads=65535, hint_threads=32
Granted 10 threads to pid 56240 (CPUs 17+10)
Request from pid 56413: max_threads=65535, hint_threads=32
Granted 10 threads to pid 56413 (CPUs 0+0)
Request from pid 56240: max_threads=65535, hint_threads=32
Granted 10 threads to pid 56240 (CPUs 17+10)
Request from pid 56413: max_threads=65535, hint_threads=32
Granted 10 threads to pid 56413 (CPUs 0+0)
Request from pid 56240: max_threads=65535, hint_threads=32
Granted 10 threads to pid 56240 (CPUs 17+10)
Request from pid 56413: max_threads=65535, hint_threads=32
Granted 10 threads to pid 56413 (CPUs 0+0)
Request from pid 56240: max_threads=65535, hint_threads=32
Granted 10 threads to pid 56240 (CPUs 17+10)
Request from pid 56413: max_threads=65535, hint_threads=32
Granted 10 threads to pid 56413 (CPUs 0+0)
Request from pid 56413: max_threads=65535, hint_threads=32
Granted 10 threads to pid 56413 (CPUs 0+0)
Request from pid 56240: max_threads=65535, hint_threads=32
Granted 10 threads to pid 56240 (CPUs 17+10)
Request from pid 56413: max_threads=65535, hint_threads=32
Granted 10 threads to pid 56413 (CPUs 0+0)
Request from pid 56240: max_threads=65535, hint_threads=32
Granted 10 threads to pid 56240 (CPUs 17+10)
Request from pid 56413: max_threads=65535, hint_threads=32
Granted 10 threads to pid 56413 (CPUs 0+0)
Request from pid 56413: max_threads=65535, hint_threads=32
Granted 10 threads to pid 56413 (CPUs 0+0)
Request from pid 56240: max_threads=65535, hint_threads=32
Granted 10 threads to pid 56240 (CPUs 17+10)
Request from pid 56413: max_threads=65535, hint_threads=32
Granted 10 threads to pid 56413 (CPUs 0+0)
Request from pid 56240: max_threads=65535, hint_threads=32
Granted 10 threads to pid 56240 (CPUs 17+10)
Request from pid 56413: max_threads=65535, hint_threads=32
Granted 10 threads to pid 56413 (CPUs 0+0)
Request from pid 56240: max_threads=65535, hint_threads=32
Granted 10 threads to pid 56240 (CPUs 17+10)
Request from pid 56413: max_threads=65535, hint_threads=32
Granted 10 threads to pid 56413 (CPUs 0+0)
Request from pid 56240: max_threads=65535, hint_threads=32
Granted 10 threads to pid 56240 (CPUs 17+10)
Request from pid 56413: max_threads=65535, hint_threads=32
Granted 10 threads to pid 56413 (CPUs 0+0)
Request from pid 56240: max_threads=65535, hint_threads=32
Granted 10 threads to pid 56240 (CPUs 17+10)
Request from pid 56413: max_threads=65535, hint_threads=32
Granted 10 threads to pid 56413 (CPUs 0+0)
Request from pid 56413: max_threads=65535, hint_threads=32
Granted 10 threads to pid 56413 (CPUs 0+0)
Request from pid 56240: max_threads=65535, hint_threads=32
Granted 10 threads to pid 56240 (CPUs 17+10)
Request from pid 56413: max_threads=65535, hint_threads=32
Granted 10 threads to pid 56413 (CPUs 0+0)
Request from pid 56240: max_threads=65535, hint_threads=32
Granted 10 threads to pid 56240 (CPUs 17+10)
Request from pid 56413: max_threads=65535, hint_threads=32
Granted 16 threads to pid 56413 (CPUs 1+16)
Request from pid 56240: max_threads=65535, hint_threads=32
Granted 16 threads to pid 56240 (CPUs 17+16)
Request from pid 56413: max_threads=65535, hint_threads=32
Granted 16 threads to pid 56413 (CPUs 1+16)
Request from pid 56413: max_threads=65535, hint_threads=32
Granted 16 threads to pid 56413 (CPUs 1+16)
Request from pid 56240: max_threads=65535, hint_threads=32
Granted 16 threads to pid 56240 (CPUs 17+16)
Request from pid 56413: max_threads=65535, hint_threads=32
Granted 16 threads to pid 56413 (CPUs 1+16)
Request from pid 56413: max_threads=65535, hint_threads=32
Granted 16 threads to pid 56413 (CPUs 1+16)
Request from pid 56240: max_threads=65535, hint_threads=32
Granted 16 threads to pid 56240 (CPUs 17+16)
Request from pid 56240: max_threads=65535, hint_threads=32
Granted 16 threads to pid 56240 (CPUs 17+16)
Request from pid 56413: max_threads=65535, hint_threads=32
Granted 16 threads to pid 56413 (CPUs 1+16)
Request from pid 56240: max_threads=65535, hint_threads=32
Granted 16 threads to pid 56240 (CPUs 17+16)
Request from pid 56413: max_threads=65535, hint_threads=32
Granted 16 threads to pid 56413 (CPUs 1+16)
Request from pid 56413: max_threads=65535, hint_threads=32
Granted 16 threads to pid 56413 (CPUs 1+16)
Request from pid 56240: max_threads=65535, hint_threads=32
Granted 16 threads to pid 56240 (CPUs 17+16)
Request from pid 56240: max_threads=65535, hint_threads=32
Granted 16 threads to pid 56240 (CPUs 17+16)
Request from pid 56413: max_threads=65535, hint_threads=32
Granted 16 threads to pid 56413 (CPUs 1+16)
Request from pid 56413: max_threads=65535, hint_threads=32
Granted 16 threads to pid 56413 (CPUs 1+16)
Request from pid 56240: max_threads=65535, hint_threads=32
Granted 16 threads to pid 56240 (CPUs 17+16)
Request from pid 56413: max_threads=65535, hint_threads=32
Granted 16 threads to pid 56413 (CPUs 1+16)
Request from pid 56413: max_threads=65535, hint_threads=32
Granted 16 threads to pid 56413 (CPUs 1+16)
Request from pid 56240: max_threads=65535, hint_threads=32
Granted 16 threads to pid 56240 (CPUs 17+16)
Client closed connection
Request from pid 56413: max_threads=65535, hint_threads=32
Granted 16 threads to pid 56413 (CPUs 1+16)
Request from pid 56413: max_threads=65535, hint_threads=32
Granted 16 threads to pid 56413 (CPUs 1+16)
Request from pid 56413: max_threads=65535, hint_threads=32
Granted 16 threads to pid 56413 (CPUs 1+16)
Request from pid 56413: max_threads=65535, hint_threads=32
Granted 16 threads to pid 56413 (CPUs 1+16)
Request from pid 56413: max_threads=65535, hint_threads=32
Granted 16 threads to pid 56413 (CPUs 1+16)
Request from pid 56413: max_threads=65535, hint_threads=32
Granted 16 threads to pid 56413 (CPUs 1+16)
Request from pid 56413: max_threads=65535, hint_threads=32
Granted 16 threads to pid 56413 (CPUs 1+16)
Request from pid 56413: max_threads=65535, hint_threads=32
Granted 16 threads to pid 56413 (CPUs 1+16)
Request from pid 56413: max_threads=65535, hint_threads=32
Granted 16 threads to pid 56413 (CPUs 1+16)
Request from pid 56413: max_threads=65535, hint_threads=32
Granted 16 threads to pid 56413 (CPUs 1+16)
Request from pid 56413: max_threads=65535, hint_threads=32
Granted 16 threads to pid 56413 (CPUs 1+16)
Request from pid 56413: max_threads=65535, hint_threads=32
Granted 16 threads to pid 56413 (CPUs 1+16)
Request from pid 56413: max_threads=65535, hint_threads=32
Granted 16 threads to pid 56413 (CPUs 1+16)
Request from pid 56413: max_threads=65535, hint_threads=32
Granted 16 threads to pid 56413 (CPUs 1+16)
Request from pid 56413: max_threads=65535, hint_threads=32
Granted 16 threads to pid 56413 (CPUs 1+16)
Client closed connection
