CPU pool (32 cores): 1–32
Listening on /tmp/omp-rm.sock (capacity=32, strategy=fair_share)
Accepted connection
Handling client
Request from pid 2889: max_threads=65535, hint_threads=32
Granted 32 threads to pid 2889 (CPUs 1+32)
Request from pid 2889: max_threads=65535, hint_threads=32
Granted 32 threads to pid 2889 (CPUs 1+32)
Request from pid 2889: max_threads=65535, hint_threads=32
Granted 32 threads to pid 2889 (CPUs 1+32)
Request from pid 2889: max_threads=65535, hint_threads=32
Granted 32 threads to pid 2889 (CPUs 1+32)
Request from pid 2889: max_threads=65535, hint_threads=32
Granted 32 threads to pid 2889 (CPUs 1+32)
Request from pid 2889: max_threads=65535, hint_threads=32
Granted 32 threads to pid 2889 (CPUs 1+32)
Request from pid 2889: max_threads=65535, hint_threads=32
Granted 32 threads to pid 2889 (CPUs 1+32)
Request from pid 2889: max_threads=65535, hint_threads=32
Granted 32 threads to pid 2889 (CPUs 1+32)
Request from pid 2889: max_threads=65535, hint_threads=32
Granted 32 threads to pid 2889 (CPUs 1+32)
Request from pid 2889: max_threads=65535, hint_threads=32
Granted 32 threads to pid 2889 (CPUs 1+32)
Request from pid 2889: max_threads=65535, hint_threads=32
Granted 32 threads to pid 2889 (CPUs 1+32)
Request from pid 2889: max_threads=65535, hint_threads=32
Granted 32 threads to pid 2889 (CPUs 1+32)
Request from pid 2889: max_threads=65535, hint_threads=32
Granted 32 threads to pid 2889 (CPUs 1+32)
Request from pid 2889: max_threads=65535, hint_threads=32
Granted 32 threads to pid 2889 (CPUs 1+32)
Request from pid 2889: max_threads=65535, hint_threads=32
Granted 32 threads to pid 2889 (CPUs 1+32)
Request from pid 2889: max_threads=65535, hint_threads=32
Granted 32 threads to pid 2889 (CPUs 1+32)
Request from pid 2889: max_threads=65535, hint_threads=32
Granted 32 threads to pid 2889 (CPUs 1+32)
Request from pid 2889: max_threads=65535, hint_threads=32
Granted 32 threads to pid 2889 (CPUs 1+32)
Request from pid 2889: max_threads=65535, hint_threads=32
Granted 32 threads to pid 2889 (CPUs 1+32)
Request from pid 2889: max_threads=65535, hint_threads=32
Granted 32 threads to pid 2889 (CPUs 1+32)
Request from pid 2889: max_threads=65535, hint_threads=32
Granted 32 threads to pid 2889 (CPUs 1+32)
Request from pid 2889: max_threads=65535, hint_threads=32
Granted 32 threads to pid 2889 (CPUs 1+32)
Request from pid 2889: max_threads=65535, hint_threads=32
Granted 32 threads to pid 2889 (CPUs 1+32)
Request from pid 2889: max_threads=65535, hint_threads=32
Granted 32 threads to pid 2889 (CPUs 1+32)
Request from pid 2889: max_threads=65535, hint_threads=32
Granted 32 threads to pid 2889 (CPUs 1+32)
Request from pid 2889: max_threads=65535, hint_threads=32
Granted 32 threads to pid 2889 (CPUs 1+32)
Request from pid 2889: max_threads=65535, hint_threads=32
Granted 32 threads to pid 2889 (CPUs 1+32)
Request from pid 2889: max_threads=65535, hint_threads=32
Granted 32 threads to pid 2889 (CPUs 1+32)
Request from pid 2889: max_threads=65535, hint_threads=32
Granted 32 threads to pid 2889 (CPUs 1+32)
Request from pid 2889: max_threads=65535, hint_threads=32
Granted 32 threads to pid 2889 (CPUs 1+32)
Request from pid 2889: max_threads=65535, hint_threads=32
Granted 32 threads to pid 2889 (CPUs 1+32)
Request from pid 2889: max_threads=65535, hint_threads=32
Granted 32 threads to pid 2889 (CPUs 1+32)
Request from pid 2889: max_threads=65535, hint_threads=32
Granted 32 threads to pid 2889 (CPUs 1+32)
Request from pid 2889: max_threads=65535, hint_threads=32
Granted 32 threads to pid 2889 (CPUs 1+32)
Request from pid 2889: max_threads=65535, hint_threads=32
Granted 32 threads to pid 2889 (CPUs 1+32)
Request from pid 2889: max_threads=65535, hint_threads=32
Granted 32 threads to pid 2889 (CPUs 1+32)
Request from pid 2889: max_threads=65535, hint_threads=32
Granted 32 threads to pid 2889 (CPUs 1+32)
Request from pid 2889: max_threads=65535, hint_threads=32
Granted 32 threads to pid 2889 (CPUs 1+32)
Request from pid 2889: max_threads=65535, hint_threads=32
Granted 32 threads to pid 2889 (CPUs 1+32)
Request from pid 2889: max_threads=65535, hint_threads=32
Granted 32 threads to pid 2889 (CPUs 1+32)
Request from pid 2889: max_threads=65535, hint_threads=32
Granted 32 threads to pid 2889 (CPUs 1+32)
Request from pid 2889: max_threads=65535, hint_threads=32
Granted 32 threads to pid 2889 (CPUs 1+32)
Request from pid 2889: max_threads=65535, hint_threads=32
Granted 32 threads to pid 2889 (CPUs 1+32)
Request from pid 2889: max_threads=65535, hint_threads=32
Granted 32 threads to pid 2889 (CPUs 1+32)
Request from pid 2889: max_threads=65535, hint_threads=32
Granted 32 threads to pid 2889 (CPUs 1+32)
Request from pid 2889: max_threads=65535, hint_threads=32
Granted 32 threads to pid 2889 (CPUs 1+32)
Request from pid 2889: max_threads=65535, hint_threads=32
Granted 32 threads to pid 2889 (CPUs 1+32)
Read error: Connection reset by peer (os error 104)
Accepted connection
Handling client
Request from pid 2962: max_threads=65535, hint_threads=32
Granted 16 threads to pid 2962 (CPUs 0+0)
Request from pid 2962: max_threads=65535, hint_threads=32
Granted 16 threads to pid 2962 (CPUs 0+0)
Request from pid 2962: max_threads=65535, hint_threads=32
Granted 16 threads to pid 2962 (CPUs 0+0)
Request from pid 2962: max_threads=65535, hint_threads=32
Granted 16 threads to pid 2962 (CPUs 0+0)
Request from pid 2962: max_threads=65535, hint_threads=32
Granted 16 threads to pid 2962 (CPUs 0+0)
Request from pid 2962: max_threads=65535, hint_threads=32
Granted 16 threads to pid 2962 (CPUs 0+0)
Request from pid 2962: max_threads=65535, hint_threads=32
Granted 16 threads to pid 2962 (CPUs 0+0)
Request from pid 2962: max_threads=65535, hint_threads=32
Granted 16 threads to pid 2962 (CPUs 0+0)
Request from pid 2962: max_threads=65535, hint_threads=32
Granted 16 threads to pid 2962 (CPUs 0+0)
Request from pid 2962: max_threads=65535, hint_threads=32
Granted 16 threads to pid 2962 (CPUs 0+0)
Request from pid 2962: max_threads=65535, hint_threads=32
Granted 16 threads to pid 2962 (CPUs 0+0)
Request from pid 2962: max_threads=65535, hint_threads=32
Granted 16 threads to pid 2962 (CPUs 0+0)
Request from pid 2962: max_threads=65535, hint_threads=32
Granted 16 threads to pid 2962 (CPUs 0+0)
Request from pid 2962: max_threads=65535, hint_threads=32
Granted 16 threads to pid 2962 (CPUs 0+0)
Request from pid 2962: max_threads=65535, hint_threads=32
Granted 16 threads to pid 2962 (CPUs 0+0)
Request from pid 2962: max_threads=65535, hint_threads=32
Granted 16 threads to pid 2962 (CPUs 0+0)
Request from pid 2962: max_threads=65535, hint_threads=32
Granted 16 threads to pid 2962 (CPUs 0+0)
Request from pid 2962: max_threads=65535, hint_threads=32
Granted 16 threads to pid 2962 (CPUs 0+0)
Request from pid 2962: max_threads=65535, hint_threads=32
Granted 16 threads to pid 2962 (CPUs 0+0)
Request from pid 2962: max_threads=65535, hint_threads=32
Granted 16 threads to pid 2962 (CPUs 0+0)
Request from pid 2962: max_threads=65535, hint_threads=32
Granted 16 threads to pid 2962 (CPUs 0+0)
Request from pid 2962: max_threads=65535, hint_threads=32
Granted 16 threads to pid 2962 (CPUs 0+0)
Request from pid 2962: max_threads=65535, hint_threads=32
Granted 16 threads to pid 2962 (CPUs 0+0)
Request from pid 2962: max_threads=65535, hint_threads=32
Granted 16 threads to pid 2962 (CPUs 0+0)
Request from pid 2962: max_threads=65535, hint_threads=32
Granted 16 threads to pid 2962 (CPUs 0+0)
Request from pid 2962: max_threads=65535, hint_threads=32
Granted 16 threads to pid 2962 (CPUs 0+0)
Request from pid 2962: max_threads=65535, hint_threads=32
Granted 16 threads to pid 2962 (CPUs 0+0)
Request from pid 2962: max_threads=65535, hint_threads=32
Granted 16 threads to pid 2962 (CPUs 0+0)
Request from pid 2962: max_threads=65535, hint_threads=32
Granted 16 threads to pid 2962 (CPUs 0+0)
Request from pid 2962: max_threads=65535, hint_threads=32
Granted 16 threads to pid 2962 (CPUs 0+0)
Request from pid 2962: max_threads=65535, hint_threads=32
Granted 16 threads to pid 2962 (CPUs 0+0)
Request from pid 2962: max_threads=65535, hint_threads=32
Granted 32 threads to pid 2962 (CPUs 1+32)
Request from pid 2962: max_threads=65535, hint_threads=32
Granted 32 threads to pid 2962 (CPUs 1+32)
Request from pid 2962: max_threads=65535, hint_threads=32
Granted 32 threads to pid 2962 (CPUs 1+32)
Request from pid 2962: max_threads=65535, hint_threads=32
Granted 32 threads to pid 2962 (CPUs 1+32)
Request from pid 2962: max_threads=65535, hint_threads=32
Granted 32 threads to pid 2962 (CPUs 1+32)
Request from pid 2962: max_threads=65535, hint_threads=32
Granted 32 threads to pid 2962 (CPUs 1+32)
Accepted connection
Handling client
Request from pid 3083: max_threads=65535, hint_threads=32
Granted 16 threads to pid 3083 (CPUs 0+0)
Request from pid 2962: max_threads=65535, hint_threads=32
Granted 16 threads to pid 2962 (CPUs 1+16)
Request from pid 3083: max_threads=65535, hint_threads=32
Granted 16 threads to pid 3083 (CPUs 17+16)
Request from pid 2962: max_threads=65535, hint_threads=32
Granted 16 threads to pid 2962 (CPUs 1+16)
Request from pid 3083: max_threads=65535, hint_threads=32
Granted 16 threads to pid 3083 (CPUs 17+16)
Request from pid 2962: max_threads=65535, hint_threads=32
Granted 16 threads to pid 2962 (CPUs 1+16)
Request from pid 3083: max_threads=65535, hint_threads=32
Granted 16 threads to pid 3083 (CPUs 17+16)
Request from pid 2962: max_threads=65535, hint_threads=32
Granted 16 threads to pid 2962 (CPUs 1+16)
Request from pid 3083: max_threads=65535, hint_threads=32
Granted 16 threads to pid 3083 (CPUs 17+16)
Request from pid 2962: max_threads=65535, hint_threads=32
Granted 16 threads to pid 2962 (CPUs 1+16)
Request from pid 3083: max_threads=65535, hint_threads=32
Granted 16 threads to pid 3083 (CPUs 17+16)
Request from pid 2962: max_threads=65535, hint_threads=32
Granted 16 threads to pid 2962 (CPUs 1+16)
Request from pid 3083: max_threads=65535, hint_threads=32
Granted 16 threads to pid 3083 (CPUs 17+16)
Request from pid 2962: max_threads=65535, hint_threads=32
Granted 16 threads to pid 2962 (CPUs 1+16)
Request from pid 3083: max_threads=65535, hint_threads=32
Granted 16 threads to pid 3083 (CPUs 17+16)
Request from pid 2962: max_threads=65535, hint_threads=32
Granted 16 threads to pid 2962 (CPUs 1+16)
Request from pid 3083: max_threads=65535, hint_threads=32
Granted 16 threads to pid 3083 (CPUs 17+16)
Request from pid 2962: max_threads=65535, hint_threads=32
Granted 16 threads to pid 2962 (CPUs 1+16)
Request from pid 3083: max_threads=65535, hint_threads=32
Granted 16 threads to pid 3083 (CPUs 17+16)
Request from pid 2962: max_threads=65535, hint_threads=32
Granted 16 threads to pid 2962 (CPUs 1+16)
Read error: Connection reset by peer (os error 104)
Accepted connection
Handling client
Request from pid 3160: max_threads=65535, hint_threads=32
Granted 10 threads to pid 3160 (CPUs 0+0)
Request from pid 3083: max_threads=65535, hint_threads=32
Granted 10 threads to pid 3083 (CPUs 17+10)
Request from pid 3160: max_threads=65535, hint_threads=32
Granted 10 threads to pid 3160 (CPUs 0+0)
Request from pid 3083: max_threads=65535, hint_threads=32
Granted 10 threads to pid 3083 (CPUs 17+10)
Request from pid 3160: max_threads=65535, hint_threads=32
Granted 10 threads to pid 3160 (CPUs 0+0)
Request from pid 3083: max_threads=65535, hint_threads=32
Granted 10 threads to pid 3083 (CPUs 17+10)
Request from pid 3160: max_threads=65535, hint_threads=32
Granted 10 threads to pid 3160 (CPUs 0+0)
Request from pid 3083: max_threads=65535, hint_threads=32
Granted 10 threads to pid 3083 (CPUs 17+10)
Request from pid 3160: max_threads=65535, hint_threads=32
Granted 10 threads to pid 3160 (CPUs 0+0)
Request from pid 3160: max_threads=65535, hint_threads=32
Granted 10 threads to pid 3160 (CPUs 0+0)
Request from pid 3083: max_threads=65535, hint_threads=32
Granted 10 threads to pid 3083 (CPUs 17+10)
Request from pid 3083: max_threads=65535, hint_threads=32
Granted 10 threads to pid 3083 (CPUs 17+10)
Request from pid 3160: max_threads=65535, hint_threads=32
Granted 10 threads to pid 3160 (CPUs 0+0)
Request from pid 3083: max_threads=65535, hint_threads=32
Granted 10 threads to pid 3083 (CPUs 17+10)
Request from pid 3160: max_threads=65535, hint_threads=32
Granted 10 threads to pid 3160 (CPUs 0+0)
Request from pid 3083: max_threads=65535, hint_threads=32
Granted 10 threads to pid 3083 (CPUs 17+10)
Request from pid 3160: max_threads=65535, hint_threads=32
Granted 10 threads to pid 3160 (CPUs 0+0)
Request from pid 3083: max_threads=65535, hint_threads=32
Granted 10 threads to pid 3083 (CPUs 17+10)
Request from pid 3160: max_threads=65535, hint_threads=32
Granted 10 threads to pid 3160 (CPUs 0+0)
Request from pid 3160: max_threads=65535, hint_threads=32
Granted 10 threads to pid 3160 (CPUs 0+0)
Request from pid 3083: max_threads=65535, hint_threads=32
Granted 10 threads to pid 3083 (CPUs 17+10)
Request from pid 3160: max_threads=65535, hint_threads=32
Granted 10 threads to pid 3160 (CPUs 0+0)
Request from pid 3083: max_threads=65535, hint_threads=32
Granted 10 threads to pid 3083 (CPUs 17+10)
Request from pid 3160: max_threads=65535, hint_threads=32
Granted 10 threads to pid 3160 (CPUs 0+0)
Request from pid 3083: max_threads=65535, hint_threads=32
Granted 10 threads to pid 3083 (CPUs 17+10)
Request from pid 3160: max_threads=65535, hint_threads=32
Granted 10 threads to pid 3160 (CPUs 0+0)
Request from pid 3083: max_threads=65535, hint_threads=32
Granted 10 threads to pid 3083 (CPUs 17+10)
Request from pid 3160: max_threads=65535, hint_threads=32
Granted 10 threads to pid 3160 (CPUs 0+0)
Request from pid 3083: max_threads=65535, hint_threads=32
Granted 10 threads to pid 3083 (CPUs 17+10)
Request from pid 3160: max_threads=65535, hint_threads=32
Granted 10 threads to pid 3160 (CPUs 0+0)
Request from pid 3083: max_threads=65535, hint_threads=32
Granted 10 threads to pid 3083 (CPUs 17+10)
Request from pid 3160: max_threads=65535, hint_threads=32
Granted 10 threads to pid 3160 (CPUs 0+0)
Request from pid 3083: max_threads=65535, hint_threads=32
Granted 10 threads to pid 3083 (CPUs 17+10)
Request from pid 3160: max_threads=65535, hint_threads=32
Granted 10 threads to pid 3160 (CPUs 0+0)
Request from pid 3083: max_threads=65535, hint_threads=32
Granted 10 threads to pid 3083 (CPUs 17+10)
Request from pid 3160: max_threads=65535, hint_threads=32
Granted 10 threads to pid 3160 (CPUs 0+0)
Request from pid 3083: max_threads=65535, hint_threads=32
Granted 10 threads to pid 3083 (CPUs 17+10)
Request from pid 3160: max_threads=65535, hint_threads=32
Granted 16 threads to pid 3160 (CPUs 1+16)
Request from pid 3083: max_threads=65535, hint_threads=32
Granted 16 threads to pid 3083 (CPUs 17+16)
Request from pid 3160: max_threads=65535, hint_threads=32
Granted 16 threads to pid 3160 (CPUs 1+16)
Request from pid 3083: max_threads=65535, hint_threads=32
Granted 16 threads to pid 3083 (CPUs 17+16)
Request from pid 3160: max_threads=65535, hint_threads=32
Granted 16 threads to pid 3160 (CPUs 1+16)
Request from pid 3083: max_threads=65535, hint_threads=32
Granted 16 threads to pid 3083 (CPUs 17+16)
Request from pid 3160: max_threads=65535, hint_threads=32
Granted 16 threads to pid 3160 (CPUs 1+16)
Request from pid 3083: max_threads=65535, hint_threads=32
Granted 16 threads to pid 3083 (CPUs 17+16)
Request from pid 3160: max_threads=65535, hint_threads=32
Granted 16 threads to pid 3160 (CPUs 1+16)
Request from pid 3083: max_threads=65535, hint_threads=32
Granted 16 threads to pid 3083 (CPUs 17+16)
Request from pid 3160: max_threads=65535, hint_threads=32
Granted 16 threads to pid 3160 (CPUs 1+16)
Request from pid 3083: max_threads=65535, hint_threads=32
Granted 16 threads to pid 3083 (CPUs 17+16)
Request from pid 3160: max_threads=65535, hint_threads=32
Granted 16 threads to pid 3160 (CPUs 1+16)
Request from pid 3083: max_threads=65535, hint_threads=32
Granted 16 threads to pid 3083 (CPUs 17+16)
Request from pid 3160: max_threads=65535, hint_threads=32
Granted 16 threads to pid 3160 (CPUs 1+16)
Request from pid 3083: max_threads=65535, hint_threads=32
Granted 16 threads to pid 3083 (CPUs 17+16)
Request from pid 3160: max_threads=65535, hint_threads=32
Granted 16 threads to pid 3160 (CPUs 1+16)
Request from pid 3083: max_threads=65535, hint_threads=32
Granted 16 threads to pid 3083 (CPUs 17+16)
Request from pid 3160: max_threads=65535, hint_threads=32
Granted 16 threads to pid 3160 (CPUs 1+16)
Request from pid 3083: max_threads=65535, hint_threads=32
Granted 16 threads to pid 3083 (CPUs 17+16)
Request from pid 3160: max_threads=65535, hint_threads=32
Granted 16 threads to pid 3160 (CPUs 1+16)
Request from pid 3083: max_threads=65535, hint_threads=32
Granted 16 threads to pid 3083 (CPUs 17+16)
Request from pid 3160: max_threads=65535, hint_threads=32
Granted 16 threads to pid 3160 (CPUs 1+16)
Request from pid 3083: max_threads=65535, hint_threads=32
Granted 16 threads to pid 3083 (CPUs 17+16)
Request from pid 3160: max_threads=65535, hint_threads=32
Granted 16 threads to pid 3160 (CPUs 1+16)
Request from pid 3083: max_threads=65535, hint_threads=32
Granted 16 threads to pid 3083 (CPUs 17+16)
Request from pid 3160: max_threads=65535, hint_threads=32
Granted 16 threads to pid 3160 (CPUs 1+16)
Request from pid 3083: max_threads=65535, hint_threads=32
Granted 16 threads to pid 3083 (CPUs 17+16)
Request from pid 3160: max_threads=65535, hint_threads=32
Granted 16 threads to pid 3160 (CPUs 1+16)
Request from pid 3083: max_threads=65535, hint_threads=32
Granted 16 threads to pid 3083 (CPUs 17+16)
Request from pid 3160: max_threads=65535, hint_threads=32
Granted 16 threads to pid 3160 (CPUs 1+16)
Request from pid 3083: max_threads=65535, hint_threads=32
Granted 16 threads to pid 3083 (CPUs 17+16)
Request from pid 3160: max_threads=65535, hint_threads=32
Granted 16 threads to pid 3160 (CPUs 1+16)
Request from pid 3083: max_threads=65535, hint_threads=32
Granted 16 threads to pid 3083 (CPUs 17+16)
Request from pid 3160: max_threads=65535, hint_threads=32
Granted 16 threads to pid 3160 (CPUs 1+16)
Request from pid 3083: max_threads=65535, hint_threads=32
Granted 16 threads to pid 3083 (CPUs 17+16)
Request from pid 3160: max_threads=65535, hint_threads=32
Granted 16 threads to pid 3160 (CPUs 1+16)
Request from pid 3083: max_threads=65535, hint_threads=32
Granted 16 threads to pid 3083 (CPUs 17+16)
Request from pid 3160: max_threads=65535, hint_threads=32
Granted 16 threads to pid 3160 (CPUs 1+16)
Request from pid 3083: max_threads=65535, hint_threads=32
Granted 16 threads to pid 3083 (CPUs 17+16)
Read error: Connection reset by peer (os error 104)
Accepted connection
Handling client
Request from pid 3265: max_threads=65535, hint_threads=32
Granted 10 threads to pid 3265 (CPUs 0+0)
Request from pid 3160: max_threads=65535, hint_threads=32
Granted 10 threads to pid 3160 (CPUs 1+10)
Request from pid 3265: max_threads=65535, hint_threads=32
Granted 10 threads to pid 3265 (CPUs 0+0)
Request from pid 3160: max_threads=65535, hint_threads=32
Granted 10 threads to pid 3160 (CPUs 1+10)
Request from pid 3265: max_threads=65535, hint_threads=32
Granted 10 threads to pid 3265 (CPUs 0+0)
Request from pid 3160: max_threads=65535, hint_threads=32
Granted 10 threads to pid 3160 (CPUs 1+10)
Request from pid 3160: max_threads=65535, hint_threads=32
Granted 10 threads to pid 3160 (CPUs 1+10)
Request from pid 3265: max_threads=65535, hint_threads=32
Granted 10 threads to pid 3265 (CPUs 0+0)
Request from pid 3265: max_threads=65535, hint_threads=32
Granted 10 threads to pid 3265 (CPUs 0+0)
Request from pid 3160: max_threads=65535, hint_threads=32
Granted 10 threads to pid 3160 (CPUs 1+10)
Request from pid 3265: max_threads=65535, hint_threads=32
Granted 10 threads to pid 3265 (CPUs 0+0)
Request from pid 3160: max_threads=65535, hint_threads=32
Granted 10 threads to pid 3160 (CPUs 1+10)
Request from pid 3265: max_threads=65535, hint_threads=32
Granted 10 threads to pid 3265 (CPUs 0+0)
Request from pid 3160: max_threads=65535, hint_threads=32
Granted 10 threads to pid 3160 (CPUs 1+10)
Request from pid 3160: max_threads=65535, hint_threads=32
Granted 10 threads to pid 3160 (CPUs 1+10)
Read error: Connection reset by peer (os error 104)
Accepted connection
Handling client
Request from pid 3346: max_threads=65535, hint_threads=32
Granted 8 threads to pid 3346 (CPUs 0+0)
Request from pid 3265: max_threads=65535, hint_threads=32
Granted 8 threads to pid 3265 (CPUs 0+0)
Request from pid 3346: max_threads=65535, hint_threads=32
Granted 8 threads to pid 3346 (CPUs 0+0)
Request from pid 3265: max_threads=65535, hint_threads=32
Granted 8 threads to pid 3265 (CPUs 0+0)
Request from pid 3346: max_threads=65535, hint_threads=32
Granted 8 threads to pid 3346 (CPUs 0+0)
Request from pid 3265: max_threads=65535, hint_threads=32
Granted 8 threads to pid 3265 (CPUs 0+0)
Request from pid 3346: max_threads=65535, hint_threads=32
Granted 8 threads to pid 3346 (CPUs 0+0)
Request from pid 3265: max_threads=65535, hint_threads=32
Granted 8 threads to pid 3265 (CPUs 0+0)
Request from pid 3346: max_threads=65535, hint_threads=32
Granted 8 threads to pid 3346 (CPUs 0+0)
Request from pid 3346: max_threads=65535, hint_threads=32
Granted 8 threads to pid 3346 (CPUs 0+0)
Request from pid 3265: max_threads=65535, hint_threads=32
Granted 8 threads to pid 3265 (CPUs 0+0)
Request from pid 3265: max_threads=65535, hint_threads=32
Granted 8 threads to pid 3265 (CPUs 0+0)
Request from pid 3346: max_threads=65535, hint_threads=32
Granted 8 threads to pid 3346 (CPUs 0+0)
Request from pid 3265: max_threads=65535, hint_threads=32
Granted 8 threads to pid 3265 (CPUs 0+0)
Request from pid 3346: max_threads=65535, hint_threads=32
Granted 8 threads to pid 3346 (CPUs 0+0)
Request from pid 3265: max_threads=65535, hint_threads=32
Granted 8 threads to pid 3265 (CPUs 0+0)
Request from pid 3346: max_threads=65535, hint_threads=32
Granted 8 threads to pid 3346 (CPUs 0+0)
Request from pid 3265: max_threads=65535, hint_threads=32
Granted 8 threads to pid 3265 (CPUs 0+0)
Request from pid 3346: max_threads=65535, hint_threads=32
Granted 8 threads to pid 3346 (CPUs 0+0)
Request from pid 3265: max_threads=65535, hint_threads=32
Granted 8 threads to pid 3265 (CPUs 0+0)
Request from pid 3346: max_threads=65535, hint_threads=32
Granted 10 threads to pid 3346 (CPUs 11+10)
Request from pid 3265: max_threads=65535, hint_threads=32
Granted 10 threads to pid 3265 (CPUs 21+10)
Request from pid 3346: max_threads=65535, hint_threads=32
Granted 10 threads to pid 3346 (CPUs 11+10)
Request from pid 3265: max_threads=65535, hint_threads=32
Granted 10 threads to pid 3265 (CPUs 21+10)
Request from pid 3346: max_threads=65535, hint_threads=32
Granted 10 threads to pid 3346 (CPUs 11+10)
Request from pid 3265: max_threads=65535, hint_threads=32
Granted 10 threads to pid 3265 (CPUs 21+10)
Request from pid 3346: max_threads=65535, hint_threads=32
Granted 10 threads to pid 3346 (CPUs 11+10)
Request from pid 3265: max_threads=65535, hint_threads=32
Granted 10 threads to pid 3265 (CPUs 21+10)
Request from pid 3346: max_threads=65535, hint_threads=32
Granted 10 threads to pid 3346 (CPUs 11+10)
Request from pid 3265: max_threads=65535, hint_threads=32
Granted 10 threads to pid 3265 (CPUs 21+10)
Request from pid 3346: max_threads=65535, hint_threads=32
Granted 10 threads to pid 3346 (CPUs 11+10)
Request from pid 3265: max_threads=65535, hint_threads=32
Granted 10 threads to pid 3265 (CPUs 21+10)
Request from pid 3346: max_threads=65535, hint_threads=32
Granted 10 threads to pid 3346 (CPUs 11+10)
Request from pid 3265: max_threads=65535, hint_threads=32
Granted 16 threads to pid 3265 (CPUs 0+0)
Request from pid 3346: max_threads=65535, hint_threads=32
Granted 16 threads to pid 3346 (CPUs 1+16)
Request from pid 3265: max_threads=65535, hint_threads=32
Granted 16 threads to pid 3265 (CPUs 17+16)
Request from pid 3346: max_threads=65535, hint_threads=32
Granted 16 threads to pid 3346 (CPUs 1+16)
Request from pid 3265: max_threads=65535, hint_threads=32
Granted 16 threads to pid 3265 (CPUs 17+16)
Request from pid 3346: max_threads=65535, hint_threads=32
Granted 16 threads to pid 3346 (CPUs 1+16)
Request from pid 3265: max_threads=65535, hint_threads=32
Granted 16 threads to pid 3265 (CPUs 17+16)
Request from pid 3346: max_threads=65535, hint_threads=32
Granted 16 threads to pid 3346 (CPUs 1+16)
Request from pid 3265: max_threads=65535, hint_threads=32
Granted 16 threads to pid 3265 (CPUs 17+16)
Request from pid 3346: max_threads=65535, hint_threads=32
Granted 16 threads to pid 3346 (CPUs 1+16)
Request from pid 3265: max_threads=65535, hint_threads=32
Granted 16 threads to pid 3265 (CPUs 17+16)
Request from pid 3346: max_threads=65535, hint_threads=32
Granted 16 threads to pid 3346 (CPUs 1+16)
Request from pid 3265: max_threads=65535, hint_threads=32
Granted 16 threads to pid 3265 (CPUs 17+16)
Request from pid 3346: max_threads=65535, hint_threads=32
Granted 16 threads to pid 3346 (CPUs 1+16)
Request from pid 3265: max_threads=65535, hint_threads=32
Granted 16 threads to pid 3265 (CPUs 17+16)
Request from pid 3346: max_threads=65535, hint_threads=32
Granted 16 threads to pid 3346 (CPUs 1+16)
Request from pid 3265: max_threads=65535, hint_threads=32
Granted 16 threads to pid 3265 (CPUs 17+16)
Request from pid 3346: max_threads=65535, hint_threads=32
Granted 16 threads to pid 3346 (CPUs 1+16)
Request from pid 3265: max_threads=65535, hint_threads=32
Granted 16 threads to pid 3265 (CPUs 17+16)
Request from pid 3346: max_threads=65535, hint_threads=32
Granted 16 threads to pid 3346 (CPUs 1+16)
Request from pid 3265: max_threads=65535, hint_threads=32
Granted 16 threads to pid 3265 (CPUs 17+16)
Request from pid 3346: max_threads=65535, hint_threads=32
Granted 16 threads to pid 3346 (CPUs 1+16)
Request from pid 3265: max_threads=65535, hint_threads=32
Granted 16 threads to pid 3265 (CPUs 17+16)
Request from pid 3346: max_threads=65535, hint_threads=32
Granted 16 threads to pid 3346 (CPUs 1+16)
Request from pid 3265: max_threads=65535, hint_threads=32
Granted 16 threads to pid 3265 (CPUs 17+16)
Request from pid 3346: max_threads=65535, hint_threads=32
Granted 16 threads to pid 3346 (CPUs 1+16)
Request from pid 3265: max_threads=65535, hint_threads=32
Granted 16 threads to pid 3265 (CPUs 17+16)
Request from pid 3346: max_threads=65535, hint_threads=32
Granted 16 threads to pid 3346 (CPUs 1+16)
Request from pid 3265: max_threads=65535, hint_threads=32
Granted 16 threads to pid 3265 (CPUs 17+16)
Request from pid 3346: max_threads=65535, hint_threads=32
Granted 16 threads to pid 3346 (CPUs 1+16)
Request from pid 3265: max_threads=65535, hint_threads=32
Granted 16 threads to pid 3265 (CPUs 17+16)
Request from pid 3346: max_threads=65535, hint_threads=32
Granted 16 threads to pid 3346 (CPUs 1+16)
Request from pid 3265: max_threads=65535, hint_threads=32
Granted 16 threads to pid 3265 (CPUs 17+16)
Request from pid 3346: max_threads=65535, hint_threads=32
Granted 16 threads to pid 3346 (CPUs 1+16)
Request from pid 3265: max_threads=65535, hint_threads=32
Granted 16 threads to pid 3265 (CPUs 17+16)
Request from pid 3346: max_threads=65535, hint_threads=32
Granted 16 threads to pid 3346 (CPUs 1+16)
Request from pid 3265: max_threads=65535, hint_threads=32
Granted 16 threads to pid 3265 (CPUs 17+16)
Request from pid 3346: max_threads=65535, hint_threads=32
Granted 16 threads to pid 3346 (CPUs 1+16)
Request from pid 3265: max_threads=65535, hint_threads=32
Granted 16 threads to pid 3265 (CPUs 17+16)
Request from pid 3346: max_threads=65535, hint_threads=32
Granted 16 threads to pid 3346 (CPUs 1+16)
Request from pid 3265: max_threads=65535, hint_threads=32
Granted 16 threads to pid 3265 (CPUs 17+16)
Request from pid 3346: max_threads=65535, hint_threads=32
Granted 16 threads to pid 3346 (CPUs 1+16)
Request from pid 3265: max_threads=65535, hint_threads=32
Granted 16 threads to pid 3265 (CPUs 17+16)
Request from pid 3346: max_threads=65535, hint_threads=32
Granted 16 threads to pid 3346 (CPUs 1+16)
Request from pid 3265: max_threads=65535, hint_threads=32
Granted 16 threads to pid 3265 (CPUs 17+16)
Request from pid 3265: max_threads=65535, hint_threads=32
Granted 16 threads to pid 3265 (CPUs 17+16)
Request from pid 3346: max_threads=65535, hint_threads=32
Granted 16 threads to pid 3346 (CPUs 1+16)
Read error: Connection reset by peer (os error 104)
Accepted connection
Handling client
Request from pid 3467: max_threads=65535, hint_threads=32
Granted 10 threads to pid 3467 (CPUs 0+0)
Request from pid 3346: max_threads=65535, hint_threads=32
Granted 10 threads to pid 3346 (CPUs 1+10)
Request from pid 3467: max_threads=65535, hint_threads=32
Granted 10 threads to pid 3467 (CPUs 0+0)
Request from pid 3467: max_threads=65535, hint_threads=32
Granted 10 threads to pid 3467 (CPUs 0+0)
Request from pid 3346: max_threads=65535, hint_threads=32
Granted 10 threads to pid 3346 (CPUs 1+10)
Request from pid 3346: max_threads=65535, hint_threads=32
Granted 10 threads to pid 3346 (CPUs 1+10)
Request from pid 3467: max_threads=65535, hint_threads=32
Granted 10 threads to pid 3467 (CPUs 0+0)
Request from pid 3467: max_threads=65535, hint_threads=32
Granted 10 threads to pid 3467 (CPUs 0+0)
Request from pid 3346: max_threads=65535, hint_threads=32
Granted 10 threads to pid 3346 (CPUs 1+10)
Request from pid 3346: max_threads=65535, hint_threads=32
Granted 10 threads to pid 3346 (CPUs 1+10)
Request from pid 3467: max_threads=65535, hint_threads=32
Granted 10 threads to pid 3467 (CPUs 0+0)
Request from pid 3467: max_threads=65535, hint_threads=32
Granted 10 threads to pid 3467 (CPUs 0+0)
Request from pid 3346: max_threads=65535, hint_threads=32
Granted 10 threads to pid 3346 (CPUs 1+10)
Request from pid 3346: max_threads=65535, hint_threads=32
Granted 10 threads to pid 3346 (CPUs 1+10)
Read error: Connection reset by peer (os error 104)
Accepted connection
Handling client
Request from pid 3507: max_threads=65535, hint_threads=32
Granted 8 threads to pid 3507 (CPUs 0+0)
Request from pid 3467: max_threads=65535, hint_threads=32
Granted 8 threads to pid 3467 (CPUs 0+0)
Request from pid 3507: max_threads=65535, hint_threads=32
Granted 8 threads to pid 3507 (CPUs 0+0)
Request from pid 3467: max_threads=65535, hint_threads=32
Granted 8 threads to pid 3467 (CPUs 0+0)
Request from pid 3507: max_threads=65535, hint_threads=32
Granted 8 threads to pid 3507 (CPUs 0+0)
Request from pid 3467: max_threads=65535, hint_threads=32
Granted 8 threads to pid 3467 (CPUs 0+0)
Request from pid 3507: max_threads=65535, hint_threads=32
Granted 8 threads to pid 3507 (CPUs 0+0)
Request from pid 3467: max_threads=65535, hint_threads=32
Granted 8 threads to pid 3467 (CPUs 0+0)
Request from pid 3507: max_threads=65535, hint_threads=32
Granted 8 threads to pid 3507 (CPUs 0+0)
Request from pid 3507: max_threads=65535, hint_threads=32
Granted 8 threads to pid 3507 (CPUs 0+0)
Request from pid 3467: max_threads=65535, hint_threads=32
Granted 8 threads to pid 3467 (CPUs 0+0)
Request from pid 3467: max_threads=65535, hint_threads=32
Granted 8 threads to pid 3467 (CPUs 0+0)
Request from pid 3507: max_threads=65535, hint_threads=32
Granted 8 threads to pid 3507 (CPUs 0+0)
Request from pid 3507: max_threads=65535, hint_threads=32
Granted 8 threads to pid 3507 (CPUs 0+0)
Request from pid 3467: max_threads=65535, hint_threads=32
Granted 8 threads to pid 3467 (CPUs 0+0)
Request from pid 3507: max_threads=65535, hint_threads=32
Granted 8 threads to pid 3507 (CPUs 0+0)
Request from pid 3467: max_threads=65535, hint_threads=32
Granted 8 threads to pid 3467 (CPUs 0+0)
Request from pid 3507: max_threads=65535, hint_threads=32
Granted 8 threads to pid 3507 (CPUs 0+0)
Request from pid 3467: max_threads=65535, hint_threads=32
Granted 8 threads to pid 3467 (CPUs 0+0)
Request from pid 3507: max_threads=65535, hint_threads=32
Granted 8 threads to pid 3507 (CPUs 0+0)
Request from pid 3467: max_threads=65535, hint_threads=32
Granted 10 threads to pid 3467 (CPUs 11+10)
Request from pid 3507: max_threads=65535, hint_threads=32
Granted 10 threads to pid 3507 (CPUs 21+10)
Request from pid 3467: max_threads=65535, hint_threads=32
Granted 10 threads to pid 3467 (CPUs 11+10)
Request from pid 3507: max_threads=65535, hint_threads=32
Granted 10 threads to pid 3507 (CPUs 21+10)
Request from pid 3467: max_threads=65535, hint_threads=32
Granted 10 threads to pid 3467 (CPUs 11+10)
Request from pid 3507: max_threads=65535, hint_threads=32
Granted 10 threads to pid 3507 (CPUs 21+10)
Request from pid 3467: max_threads=65535, hint_threads=32
Granted 10 threads to pid 3467 (CPUs 11+10)
Request from pid 3507: max_threads=65535, hint_threads=32
Granted 10 threads to pid 3507 (CPUs 21+10)
Request from pid 3467: max_threads=65535, hint_threads=32
Granted 10 threads to pid 3467 (CPUs 11+10)
Request from pid 3507: max_threads=65535, hint_threads=32
Granted 10 threads to pid 3507 (CPUs 21+10)
Request from pid 3467: max_threads=65535, hint_threads=32
Granted 10 threads to pid 3467 (CPUs 11+10)
Request from pid 3507: max_threads=65535, hint_threads=32
Granted 10 threads to pid 3507 (CPUs 21+10)
Request from pid 3467: max_threads=65535, hint_threads=32
Granted 10 threads to pid 3467 (CPUs 11+10)
Request from pid 3507: max_threads=65535, hint_threads=32
Granted 16 threads to pid 3507 (CPUs 0+0)
Request from pid 3467: max_threads=65535, hint_threads=32
Granted 16 threads to pid 3467 (CPUs 1+16)
Request from pid 3507: max_threads=65535, hint_threads=32
Granted 16 threads to pid 3507 (CPUs 17+16)
Request from pid 3467: max_threads=65535, hint_threads=32
Granted 16 threads to pid 3467 (CPUs 1+16)
Request from pid 3507: max_threads=65535, hint_threads=32
Granted 16 threads to pid 3507 (CPUs 17+16)
Request from pid 3467: max_threads=65535, hint_threads=32
Granted 16 threads to pid 3467 (CPUs 1+16)
Request from pid 3507: max_threads=65535, hint_threads=32
Granted 16 threads to pid 3507 (CPUs 17+16)
Request from pid 3467: max_threads=65535, hint_threads=32
Granted 16 threads to pid 3467 (CPUs 1+16)
Request from pid 3507: max_threads=65535, hint_threads=32
Granted 16 threads to pid 3507 (CPUs 17+16)
Request from pid 3507: max_threads=65535, hint_threads=32
Granted 16 threads to pid 3507 (CPUs 17+16)
Request from pid 3467: max_threads=65535, hint_threads=32
Granted 16 threads to pid 3467 (CPUs 1+16)
Request from pid 3467: max_threads=65535, hint_threads=32
Granted 16 threads to pid 3467 (CPUs 1+16)
Request from pid 3507: max_threads=65535, hint_threads=32
Granted 16 threads to pid 3507 (CPUs 17+16)
Request from pid 3507: max_threads=65535, hint_threads=32
Granted 16 threads to pid 3507 (CPUs 17+16)
Request from pid 3467: max_threads=65535, hint_threads=32
Granted 16 threads to pid 3467 (CPUs 1+16)
Request from pid 3467: max_threads=65535, hint_threads=32
Granted 16 threads to pid 3467 (CPUs 1+16)
Request from pid 3507: max_threads=65535, hint_threads=32
Granted 16 threads to pid 3507 (CPUs 17+16)
Request from pid 3507: max_threads=65535, hint_threads=32
Granted 16 threads to pid 3507 (CPUs 17+16)
Request from pid 3467: max_threads=65535, hint_threads=32
Granted 16 threads to pid 3467 (CPUs 1+16)
Request from pid 3467: max_threads=65535, hint_threads=32
Granted 16 threads to pid 3467 (CPUs 1+16)
Request from pid 3507: max_threads=65535, hint_threads=32
Granted 16 threads to pid 3507 (CPUs 17+16)
Request from pid 3507: max_threads=65535, hint_threads=32
Granted 16 threads to pid 3507 (CPUs 17+16)
Request from pid 3467: max_threads=65535, hint_threads=32
Granted 16 threads to pid 3467 (CPUs 1+16)
Request from pid 3467: max_threads=65535, hint_threads=32
Granted 16 threads to pid 3467 (CPUs 1+16)
Request from pid 3507: max_threads=65535, hint_threads=32
Granted 16 threads to pid 3507 (CPUs 17+16)
Request from pid 3507: max_threads=65535, hint_threads=32
Granted 16 threads to pid 3507 (CPUs 17+16)
Request from pid 3467: max_threads=65535, hint_threads=32
Granted 16 threads to pid 3467 (CPUs 1+16)
Request from pid 3467: max_threads=65535, hint_threads=32
Granted 16 threads to pid 3467 (CPUs 1+16)
Request from pid 3507: max_threads=65535, hint_threads=32
Granted 16 threads to pid 3507 (CPUs 17+16)
Request from pid 3507: max_threads=65535, hint_threads=32
Granted 16 threads to pid 3507 (CPUs 17+16)
Request from pid 3467: max_threads=65535, hint_threads=32
Granted 16 threads to pid 3467 (CPUs 1+16)
Request from pid 3467: max_threads=65535, hint_threads=32
Granted 16 threads to pid 3467 (CPUs 1+16)
Request from pid 3507: max_threads=65535, hint_threads=32
Granted 16 threads to pid 3507 (CPUs 17+16)
Request from pid 3507: max_threads=65535, hint_threads=32
Granted 16 threads to pid 3507 (CPUs 17+16)
Request from pid 3467: max_threads=65535, hint_threads=32
Granted 16 threads to pid 3467 (CPUs 1+16)
Request from pid 3507: max_threads=65535, hint_threads=32
Granted 16 threads to pid 3507 (CPUs 17+16)
Request from pid 3467: max_threads=65535, hint_threads=32
Granted 16 threads to pid 3467 (CPUs 1+16)
Request from pid 3507: max_threads=65535, hint_threads=32
Granted 16 threads to pid 3507 (CPUs 17+16)
Request from pid 3467: max_threads=65535, hint_threads=32
Granted 16 threads to pid 3467 (CPUs 1+16)
Request from pid 3507: max_threads=65535, hint_threads=32
Granted 16 threads to pid 3507 (CPUs 17+16)
Request from pid 3467: max_threads=65535, hint_threads=32
Granted 16 threads to pid 3467 (CPUs 1+16)
Request from pid 3507: max_threads=65535, hint_threads=32
Granted 16 threads to pid 3507 (CPUs 17+16)
Request from pid 3467: max_threads=65535, hint_threads=32
Granted 16 threads to pid 3467 (CPUs 1+16)
Request from pid 3507: max_threads=65535, hint_threads=32
Granted 16 threads to pid 3507 (CPUs 17+16)
Request from pid 3467: max_threads=65535, hint_threads=32
Granted 16 threads to pid 3467 (CPUs 1+16)
Request from pid 3507: max_threads=65535, hint_threads=32
Granted 16 threads to pid 3507 (CPUs 17+16)
Request from pid 3467: max_threads=65535, hint_threads=32
Granted 16 threads to pid 3467 (CPUs 1+16)
Request from pid 3507: max_threads=65535, hint_threads=32
Granted 16 threads to pid 3507 (CPUs 17+16)
Request from pid 3467: max_threads=65535, hint_threads=32
Granted 16 threads to pid 3467 (CPUs 1+16)
Read error: Connection reset by peer (os error 104)
Accepted connection
Handling client
Request from pid 3656: max_threads=65535, hint_threads=32
Granted 10 threads to pid 3656 (CPUs 0+0)
Request from pid 3507: max_threads=65535, hint_threads=32
Granted 10 threads to pid 3507 (CPUs 17+10)
Request from pid 3656: max_threads=65535, hint_threads=32
Granted 10 threads to pid 3656 (CPUs 0+0)
Request from pid 3507: max_threads=65535, hint_threads=32
Granted 10 threads to pid 3507 (CPUs 17+10)
Request from pid 3656: max_threads=65535, hint_threads=32
Granted 10 threads to pid 3656 (CPUs 0+0)
Request from pid 3507: max_threads=65535, hint_threads=32
Granted 10 threads to pid 3507 (CPUs 17+10)
Request from pid 3656: max_threads=65535, hint_threads=32
Granted 10 threads to pid 3656 (CPUs 0+0)
Request from pid 3656: max_threads=65535, hint_threads=32
Granted 10 threads to pid 3656 (CPUs 0+0)
Request from pid 3507: max_threads=65535, hint_threads=32
Granted 10 threads to pid 3507 (CPUs 17+10)
Request from pid 3507: max_threads=65535, hint_threads=32
Granted 10 threads to pid 3507 (CPUs 17+10)
Read error: Connection reset by peer (os error 104)
Accepted connection
Handling client
Request from pid 3696: max_threads=65535, hint_threads=32
Granted 8 threads to pid 3696 (CPUs 0+0)
Request from pid 3656: max_threads=65535, hint_threads=32
Granted 8 threads to pid 3656 (CPUs 0+0)
Request from pid 3696: max_threads=65535, hint_threads=32
Granted 8 threads to pid 3696 (CPUs 0+0)
Request from pid 3656: max_threads=65535, hint_threads=32
Granted 8 threads to pid 3656 (CPUs 0+0)
Request from pid 3696: max_threads=65535, hint_threads=32
Granted 8 threads to pid 3696 (CPUs 0+0)
Request from pid 3656: max_threads=65535, hint_threads=32
Granted 8 threads to pid 3656 (CPUs 0+0)
Request from pid 3696: max_threads=65535, hint_threads=32
Granted 8 threads to pid 3696 (CPUs 0+0)
Request from pid 3696: max_threads=65535, hint_threads=32
Granted 8 threads to pid 3696 (CPUs 0+0)
Request from pid 3656: max_threads=65535, hint_threads=32
Granted 8 threads to pid 3656 (CPUs 0+0)
Request from pid 3696: max_threads=65535, hint_threads=32
Granted 8 threads to pid 3696 (CPUs 0+0)
Request from pid 3656: max_threads=65535, hint_threads=32
Granted 8 threads to pid 3656 (CPUs 0+0)
Request from pid 3696: max_threads=65535, hint_threads=32
Granted 8 threads to pid 3696 (CPUs 0+0)
Request from pid 3656: max_threads=65535, hint_threads=32
Granted 8 threads to pid 3656 (CPUs 0+0)
Request from pid 3696: max_threads=65535, hint_threads=32
Granted 8 threads to pid 3696 (CPUs 0+0)
Request from pid 3656: max_threads=65535, hint_threads=32
Granted 8 threads to pid 3656 (CPUs 0+0)
Request from pid 3696: max_threads=65535, hint_threads=32
Granted 8 threads to pid 3696 (CPUs 0+0)
Request from pid 3656: max_threads=65535, hint_threads=32
Granted 8 threads to pid 3656 (CPUs 0+0)
Request from pid 3696: max_threads=65535, hint_threads=32
Granted 8 threads to pid 3696 (CPUs 0+0)
Request from pid 3656: max_threads=65535, hint_threads=32
Granted 8 threads to pid 3656 (CPUs 0+0)
Request from pid 3696: max_threads=65535, hint_threads=32
Granted 8 threads to pid 3696 (CPUs 0+0)
Request from pid 3656: max_threads=65535, hint_threads=32
Granted 8 threads to pid 3656 (CPUs 0+0)
Request from pid 3696: max_threads=65535, hint_threads=32
Granted 8 threads to pid 3696 (CPUs 0+0)
Request from pid 3656: max_threads=65535, hint_threads=32
Granted 8 threads to pid 3656 (CPUs 0+0)
Request from pid 3696: max_threads=65535, hint_threads=32
Granted 10 threads to pid 3696 (CPUs 1+10)
Request from pid 3656: max_threads=65535, hint_threads=32
Granted 10 threads to pid 3656 (CPUs 0+0)
Request from pid 3696: max_threads=65535, hint_threads=32
Granted 10 threads to pid 3696 (CPUs 1+10)
Request from pid 3656: max_threads=65535, hint_threads=32
Granted 10 threads to pid 3656 (CPUs 0+0)
Request from pid 3696: max_threads=65535, hint_threads=32
Granted 10 threads to pid 3696 (CPUs 1+10)
Request from pid 3656: max_threads=65535, hint_threads=32
Granted 10 threads to pid 3656 (CPUs 0+0)
Request from pid 3696: max_threads=65535, hint_threads=32
Granted 10 threads to pid 3696 (CPUs 1+10)
Request from pid 3656: max_threads=65535, hint_threads=32
Granted 10 threads to pid 3656 (CPUs 0+0)
Request from pid 3696: max_threads=65535, hint_threads=32
Granted 10 threads to pid 3696 (CPUs 1+10)
Request from pid 3656: max_threads=65535, hint_threads=32
Granted 10 threads to pid 3656 (CPUs 0+0)
Request from pid 3696: max_threads=65535, hint_threads=32
Granted 16 threads to pid 3696 (CPUs 1+16)
Request from pid 3656: max_threads=65535, hint_threads=32
Granted 16 threads to pid 3656 (CPUs 17+16)
Request from pid 3696: max_threads=65535, hint_threads=32
Granted 16 threads to pid 3696 (CPUs 1+16)
Request from pid 3656: max_threads=65535, hint_threads=32
Granted 16 threads to pid 3656 (CPUs 17+16)
Request from pid 3696: max_threads=65535, hint_threads=32
Granted 16 threads to pid 3696 (CPUs 1+16)
Request from pid 3656: max_threads=65535, hint_threads=32
Granted 16 threads to pid 3656 (CPUs 17+16)
Request from pid 3696: max_threads=65535, hint_threads=32
Granted 16 threads to pid 3696 (CPUs 1+16)
Request from pid 3656: max_threads=65535, hint_threads=32
Granted 16 threads to pid 3656 (CPUs 17+16)
Request from pid 3696: max_threads=65535, hint_threads=32
Granted 16 threads to pid 3696 (CPUs 1+16)
Request from pid 3656: max_threads=65535, hint_threads=32
Granted 16 threads to pid 3656 (CPUs 17+16)
Request from pid 3696: max_threads=65535, hint_threads=32
Granted 16 threads to pid 3696 (CPUs 1+16)
Request from pid 3656: max_threads=65535, hint_threads=32
Granted 16 threads to pid 3656 (CPUs 17+16)
Request from pid 3696: max_threads=65535, hint_threads=32
Granted 16 threads to pid 3696 (CPUs 1+16)
Request from pid 3656: max_threads=65535, hint_threads=32
Granted 16 threads to pid 3656 (CPUs 17+16)
Request from pid 3696: max_threads=65535, hint_threads=32
Granted 16 threads to pid 3696 (CPUs 1+16)
Request from pid 3656: max_threads=65535, hint_threads=32
Granted 16 threads to pid 3656 (CPUs 17+16)
Request from pid 3696: max_threads=65535, hint_threads=32
Granted 16 threads to pid 3696 (CPUs 1+16)
Request from pid 3656: max_threads=65535, hint_threads=32
Granted 16 threads to pid 3656 (CPUs 17+16)
Request from pid 3696: max_threads=65535, hint_threads=32
Granted 16 threads to pid 3696 (CPUs 1+16)
Request from pid 3656: max_threads=65535, hint_threads=32
Granted 16 threads to pid 3656 (CPUs 17+16)
Request from pid 3696: max_threads=65535, hint_threads=32
Granted 16 threads to pid 3696 (CPUs 1+16)
Request from pid 3656: max_threads=65535, hint_threads=32
Granted 16 threads to pid 3656 (CPUs 17+16)
Request from pid 3696: max_threads=65535, hint_threads=32
Granted 16 threads to pid 3696 (CPUs 1+16)
Request from pid 3656: max_threads=65535, hint_threads=32
Granted 16 threads to pid 3656 (CPUs 17+16)
Request from pid 3696: max_threads=65535, hint_threads=32
Granted 16 threads to pid 3696 (CPUs 1+16)
Request from pid 3656: max_threads=65535, hint_threads=32
Granted 16 threads to pid 3656 (CPUs 17+16)
Request from pid 3696: max_threads=65535, hint_threads=32
Granted 16 threads to pid 3696 (CPUs 1+16)
Request from pid 3656: max_threads=65535, hint_threads=32
Granted 16 threads to pid 3656 (CPUs 17+16)
Request from pid 3696: max_threads=65535, hint_threads=32
Granted 16 threads to pid 3696 (CPUs 1+16)
Request from pid 3656: max_threads=65535, hint_threads=32
Granted 16 threads to pid 3656 (CPUs 17+16)
Request from pid 3696: max_threads=65535, hint_threads=32
Granted 16 threads to pid 3696 (CPUs 1+16)
Request from pid 3656: max_threads=65535, hint_threads=32
Granted 16 threads to pid 3656 (CPUs 17+16)
Request from pid 3696: max_threads=65535, hint_threads=32
Granted 16 threads to pid 3696 (CPUs 1+16)
Request from pid 3656: max_threads=65535, hint_threads=32
Granted 16 threads to pid 3656 (CPUs 17+16)
Request from pid 3696: max_threads=65535, hint_threads=32
Granted 16 threads to pid 3696 (CPUs 1+16)
Request from pid 3656: max_threads=65535, hint_threads=32
Granted 16 threads to pid 3656 (CPUs 17+16)
Request from pid 3696: max_threads=65535, hint_threads=32
Granted 16 threads to pid 3696 (CPUs 1+16)
Request from pid 3656: max_threads=65535, hint_threads=32
Granted 16 threads to pid 3656 (CPUs 17+16)
Request from pid 3696: max_threads=65535, hint_threads=32
Granted 16 threads to pid 3696 (CPUs 1+16)
Request from pid 3656: max_threads=65535, hint_threads=32
Granted 16 threads to pid 3656 (CPUs 17+16)
Request from pid 3696: max_threads=65535, hint_threads=32
Granted 16 threads to pid 3696 (CPUs 1+16)
Request from pid 3656: max_threads=65535, hint_threads=32
Granted 16 threads to pid 3656 (CPUs 17+16)
Request from pid 3696: max_threads=65535, hint_threads=32
Granted 16 threads to pid 3696 (CPUs 1+16)
Request from pid 3656: max_threads=65535, hint_threads=32
Granted 16 threads to pid 3656 (CPUs 17+16)
Request from pid 3696: max_threads=65535, hint_threads=32
Granted 16 threads to pid 3696 (CPUs 1+16)
Request from pid 3656: max_threads=65535, hint_threads=32
Granted 16 threads to pid 3656 (CPUs 17+16)
Request from pid 3696: max_threads=65535, hint_threads=32
Granted 16 threads to pid 3696 (CPUs 1+16)
Request from pid 3656: max_threads=65535, hint_threads=32
Granted 16 threads to pid 3656 (CPUs 17+16)
Request from pid 3696: max_threads=65535, hint_threads=32
Granted 16 threads to pid 3696 (CPUs 1+16)
Request from pid 3656: max_threads=65535, hint_threads=32
Granted 16 threads to pid 3656 (CPUs 17+16)
Request from pid 3696: max_threads=65535, hint_threads=32
Granted 16 threads to pid 3696 (CPUs 1+16)
Request from pid 3656: max_threads=65535, hint_threads=32
Granted 16 threads to pid 3656 (CPUs 17+16)
Read error: Connection reset by peer (os error 104)
Accepted connection
Handling client
Request from pid 3828: max_threads=65535, hint_threads=32
Granted 10 threads to pid 3828 (CPUs 0+0)
Request from pid 3828: max_threads=65535, hint_threads=32
Granted 10 threads to pid 3828 (CPUs 0+0)
Request from pid 3696: max_threads=65535, hint_threads=32
Granted 10 threads to pid 3696 (CPUs 1+10)
Request from pid 3696: max_threads=65535, hint_threads=32
Granted 10 threads to pid 3696 (CPUs 1+10)
Request from pid 3828: max_threads=65535, hint_threads=32
Granted 10 threads to pid 3828 (CPUs 0+0)
Request from pid 3696: max_threads=65535, hint_threads=32
Granted 10 threads to pid 3696 (CPUs 1+10)
Request from pid 3828: max_threads=65535, hint_threads=32
Granted 10 threads to pid 3828 (CPUs 0+0)
Request from pid 3828: max_threads=65535, hint_threads=32
Granted 10 threads to pid 3828 (CPUs 0+0)
Request from pid 3696: max_threads=65535, hint_threads=32
Granted 10 threads to pid 3696 (CPUs 1+10)
Read error: Connection reset by peer (os error 104)
Accepted connection
Handling client
Request from pid 3868: max_threads=65535, hint_threads=32
Granted 8 threads to pid 3868 (CPUs 0+0)
Request from pid 3868: max_threads=65535, hint_threads=32
Granted 8 threads to pid 3868 (CPUs 0+0)
Request from pid 3828: max_threads=65535, hint_threads=32
Granted 8 threads to pid 3828 (CPUs 0+0)
Request from pid 3868: max_threads=65535, hint_threads=32
Granted 8 threads to pid 3868 (CPUs 0+0)
Request from pid 3828: max_threads=65535, hint_threads=32
Granted 8 threads to pid 3828 (CPUs 0+0)
Request from pid 3868: max_threads=65535, hint_threads=32
Granted 8 threads to pid 3868 (CPUs 0+0)
Request from pid 3828: max_threads=65535, hint_threads=32
Granted 8 threads to pid 3828 (CPUs 0+0)
Request from pid 3868: max_threads=65535, hint_threads=32
Granted 8 threads to pid 3868 (CPUs 0+0)
Request from pid 3828: max_threads=65535, hint_threads=32
Granted 8 threads to pid 3828 (CPUs 0+0)
Request from pid 3868: max_threads=65535, hint_threads=32
Granted 8 threads to pid 3868 (CPUs 0+0)
Request from pid 3828: max_threads=65535, hint_threads=32
Granted 8 threads to pid 3828 (CPUs 0+0)
Request from pid 3868: max_threads=65535, hint_threads=32
Granted 8 threads to pid 3868 (CPUs 0+0)
Request from pid 3828: max_threads=65535, hint_threads=32
Granted 8 threads to pid 3828 (CPUs 0+0)
Request from pid 3868: max_threads=65535, hint_threads=32
Granted 8 threads to pid 3868 (CPUs 0+0)
Request from pid 3828: max_threads=65535, hint_threads=32
Granted 8 threads to pid 3828 (CPUs 0+0)
Request from pid 3868: max_threads=65535, hint_threads=32
Granted 8 threads to pid 3868 (CPUs 0+0)
Request from pid 3828: max_threads=65535, hint_threads=32
Granted 8 threads to pid 3828 (CPUs 0+0)
Request from pid 3868: max_threads=65535, hint_threads=32
Granted 8 threads to pid 3868 (CPUs 0+0)
Request from pid 3828: max_threads=65535, hint_threads=32
Granted 8 threads to pid 3828 (CPUs 0+0)
Request from pid 3868: max_threads=65535, hint_threads=32
Granted 8 threads to pid 3868 (CPUs 0+0)
Request from pid 3828: max_threads=65535, hint_threads=32
Granted 8 threads to pid 3828 (CPUs 0+0)
Request from pid 3868: max_threads=65535, hint_threads=32
Granted 8 threads to pid 3868 (CPUs 0+0)
Request from pid 3828: max_threads=65535, hint_threads=32
Granted 8 threads to pid 3828 (CPUs 0+0)
Request from pid 3868: max_threads=65535, hint_threads=32
Granted 8 threads to pid 3868 (CPUs 0+0)
Request from pid 3828: max_threads=65535, hint_threads=32
Granted 8 threads to pid 3828 (CPUs 0+0)
Request from pid 3868: max_threads=65535, hint_threads=32
Granted 10 threads to pid 3868 (CPUs 11+10)
Request from pid 3828: max_threads=65535, hint_threads=32
Granted 10 threads to pid 3828 (CPUs 21+10)
Request from pid 3868: max_threads=65535, hint_threads=32
Granted 10 threads to pid 3868 (CPUs 11+10)
Request from pid 3828: max_threads=65535, hint_threads=32
Granted 10 threads to pid 3828 (CPUs 21+10)
Request from pid 3868: max_threads=65535, hint_threads=32
Granted 10 threads to pid 3868 (CPUs 11+10)
Request from pid 3868: max_threads=65535, hint_threads=32
Granted 10 threads to pid 3868 (CPUs 11+10)
Request from pid 3828: max_threads=65535, hint_threads=32
Granted 10 threads to pid 3828 (CPUs 21+10)
Request from pid 3828: max_threads=65535, hint_threads=32
Granted 16 threads to pid 3828 (CPUs 0+0)
Request from pid 3868: max_threads=65535, hint_threads=32
Granted 16 threads to pid 3868 (CPUs 1+16)
Request from pid 3828: max_threads=65535, hint_threads=32
Granted 16 threads to pid 3828 (CPUs 17+16)
Request from pid 3868: max_threads=65535, hint_threads=32
Granted 16 threads to pid 3868 (CPUs 1+16)
Request from pid 3828: max_threads=65535, hint_threads=32
Granted 16 threads to pid 3828 (CPUs 17+16)
Request from pid 3868: max_threads=65535, hint_threads=32
Granted 16 threads to pid 3868 (CPUs 1+16)
Request from pid 3828: max_threads=65535, hint_threads=32
Granted 16 threads to pid 3828 (CPUs 17+16)
Request from pid 3868: max_threads=65535, hint_threads=32
Granted 16 threads to pid 3868 (CPUs 1+16)
Request from pid 3828: max_threads=65535, hint_threads=32
Granted 16 threads to pid 3828 (CPUs 17+16)
Request from pid 3868: max_threads=65535, hint_threads=32
Granted 16 threads to pid 3868 (CPUs 1+16)
Request from pid 3828: max_threads=65535, hint_threads=32
Granted 16 threads to pid 3828 (CPUs 17+16)
Request from pid 3868: max_threads=65535, hint_threads=32
Granted 16 threads to pid 3868 (CPUs 1+16)
Request from pid 3828: max_threads=65535, hint_threads=32
Granted 16 threads to pid 3828 (CPUs 17+16)
Request from pid 3868: max_threads=65535, hint_threads=32
Granted 16 threads to pid 3868 (CPUs 1+16)
Request from pid 3828: max_threads=65535, hint_threads=32
Granted 16 threads to pid 3828 (CPUs 17+16)
Request from pid 3868: max_threads=65535, hint_threads=32
Granted 16 threads to pid 3868 (CPUs 1+16)
Request from pid 3828: max_threads=65535, hint_threads=32
Granted 16 threads to pid 3828 (CPUs 17+16)
Request from pid 3868: max_threads=65535, hint_threads=32
Granted 16 threads to pid 3868 (CPUs 1+16)
Request from pid 3828: max_threads=65535, hint_threads=32
Granted 16 threads to pid 3828 (CPUs 17+16)
Request from pid 3868: max_threads=65535, hint_threads=32
Granted 16 threads to pid 3868 (CPUs 1+16)
Request from pid 3828: max_threads=65535, hint_threads=32
Granted 16 threads to pid 3828 (CPUs 17+16)
Request from pid 3868: max_threads=65535, hint_threads=32
Granted 16 threads to pid 3868 (CPUs 1+16)
Request from pid 3828: max_threads=65535, hint_threads=32
Granted 16 threads to pid 3828 (CPUs 17+16)
Request from pid 3868: max_threads=65535, hint_threads=32
Granted 16 threads to pid 3868 (CPUs 1+16)
Request from pid 3828: max_threads=65535, hint_threads=32
Granted 16 threads to pid 3828 (CPUs 17+16)
Request from pid 3868: max_threads=65535, hint_threads=32
Granted 16 threads to pid 3868 (CPUs 1+16)
Request from pid 3828: max_threads=65535, hint_threads=32
Granted 16 threads to pid 3828 (CPUs 17+16)
Request from pid 3868: max_threads=65535, hint_threads=32
Granted 16 threads to pid 3868 (CPUs 1+16)
Request from pid 3828: max_threads=65535, hint_threads=32
Granted 16 threads to pid 3828 (CPUs 17+16)
Request from pid 3868: max_threads=65535, hint_threads=32
Granted 16 threads to pid 3868 (CPUs 1+16)
Request from pid 3828: max_threads=65535, hint_threads=32
Granted 16 threads to pid 3828 (CPUs 17+16)
Request from pid 3868: max_threads=65535, hint_threads=32
Granted 16 threads to pid 3868 (CPUs 1+16)
Request from pid 3828: max_threads=65535, hint_threads=32
Granted 16 threads to pid 3828 (CPUs 17+16)
Request from pid 3868: max_threads=65535, hint_threads=32
Granted 16 threads to pid 3868 (CPUs 1+16)
Request from pid 3828: max_threads=65535, hint_threads=32
Granted 16 threads to pid 3828 (CPUs 17+16)
Request from pid 3868: max_threads=65535, hint_threads=32
Granted 16 threads to pid 3868 (CPUs 1+16)
Request from pid 3828: max_threads=65535, hint_threads=32
Granted 16 threads to pid 3828 (CPUs 17+16)
Request from pid 3868: max_threads=65535, hint_threads=32
Granted 16 threads to pid 3868 (CPUs 1+16)
Request from pid 3828: max_threads=65535, hint_threads=32
Granted 16 threads to pid 3828 (CPUs 17+16)
Request from pid 3868: max_threads=65535, hint_threads=32
Granted 16 threads to pid 3868 (CPUs 1+16)
Request from pid 3828: max_threads=65535, hint_threads=32
Granted 16 threads to pid 3828 (CPUs 17+16)
Request from pid 3868: max_threads=65535, hint_threads=32
Granted 16 threads to pid 3868 (CPUs 1+16)
Request from pid 3828: max_threads=65535, hint_threads=32
Granted 16 threads to pid 3828 (CPUs 17+16)
Request from pid 3868: max_threads=65535, hint_threads=32
Granted 16 threads to pid 3868 (CPUs 1+16)
Request from pid 3828: max_threads=65535, hint_threads=32
Granted 16 threads to pid 3828 (CPUs 17+16)
Request from pid 3868: max_threads=65535, hint_threads=32
Granted 16 threads to pid 3868 (CPUs 1+16)
Request from pid 3828: max_threads=65535, hint_threads=32
Granted 16 threads to pid 3828 (CPUs 17+16)
Request from pid 3868: max_threads=65535, hint_threads=32
Granted 16 threads to pid 3868 (CPUs 1+16)
Request from pid 3828: max_threads=65535, hint_threads=32
Granted 16 threads to pid 3828 (CPUs 17+16)
Request from pid 3868: max_threads=65535, hint_threads=32
Granted 16 threads to pid 3868 (CPUs 1+16)
Request from pid 3828: max_threads=65535, hint_threads=32
Granted 16 threads to pid 3828 (CPUs 17+16)
Request from pid 3868: max_threads=65535, hint_threads=32
Granted 16 threads to pid 3868 (CPUs 1+16)
Request from pid 3828: max_threads=65535, hint_threads=32
Granted 16 threads to pid 3828 (CPUs 17+16)
Read error: Connection reset by peer (os error 104)
Accepted connection
Handling client
Request from pid 3986: max_threads=65535, hint_threads=32
Granted 10 threads to pid 3986 (CPUs 0+0)
Request from pid 3868: max_threads=65535, hint_threads=32
Granted 10 threads to pid 3868 (CPUs 1+10)
Request from pid 3986: max_threads=65535, hint_threads=32
Granted 10 threads to pid 3986 (CPUs 0+0)
Request from pid 3868: max_threads=65535, hint_threads=32
Granted 10 threads to pid 3868 (CPUs 1+10)
Request from pid 3986: max_threads=65535, hint_threads=32
Granted 10 threads to pid 3986 (CPUs 0+0)
Request from pid 3868: max_threads=65535, hint_threads=32
Granted 10 threads to pid 3868 (CPUs 1+10)
Request from pid 3868: max_threads=65535, hint_threads=32
Granted 10 threads to pid 3868 (CPUs 1+10)
Request from pid 3986: max_threads=65535, hint_threads=32
Granted 10 threads to pid 3986 (CPUs 0+0)
Read error: Connection reset by peer (os error 104)
Accepted connection
Handling client
Request from pid 4028: max_threads=65535, hint_threads=32
Granted 8 threads to pid 4028 (CPUs 0+0)
Request from pid 3986: max_threads=65535, hint_threads=32
Granted 8 threads to pid 3986 (CPUs 0+0)
Request from pid 4028: max_threads=65535, hint_threads=32
Granted 8 threads to pid 4028 (CPUs 0+0)
Request from pid 4028: max_threads=65535, hint_threads=32
Granted 8 threads to pid 4028 (CPUs 0+0)
Request from pid 3986: max_threads=65535, hint_threads=32
Granted 8 threads to pid 3986 (CPUs 0+0)
Request from pid 3986: max_threads=65535, hint_threads=32
Granted 8 threads to pid 3986 (CPUs 0+0)
Request from pid 4028: max_threads=65535, hint_threads=32
Granted 8 threads to pid 4028 (CPUs 0+0)
Request from pid 4028: max_threads=65535, hint_threads=32
Granted 8 threads to pid 4028 (CPUs 0+0)
Request from pid 3986: max_threads=65535, hint_threads=32
Granted 8 threads to pid 3986 (CPUs 0+0)
Request from pid 4028: max_threads=65535, hint_threads=32
Granted 8 threads to pid 4028 (CPUs 0+0)
Request from pid 3986: max_threads=65535, hint_threads=32
Granted 8 threads to pid 3986 (CPUs 0+0)
Request from pid 4028: max_threads=65535, hint_threads=32
Granted 8 threads to pid 4028 (CPUs 0+0)
Request from pid 3986: max_threads=65535, hint_threads=32
Granted 8 threads to pid 3986 (CPUs 0+0)
Request from pid 4028: max_threads=65535, hint_threads=32
Granted 8 threads to pid 4028 (CPUs 0+0)
Request from pid 3986: max_threads=65535, hint_threads=32
Granted 8 threads to pid 3986 (CPUs 0+0)
Request from pid 4028: max_threads=65535, hint_threads=32
Granted 8 threads to pid 4028 (CPUs 0+0)
Request from pid 3986: max_threads=65535, hint_threads=32
Granted 8 threads to pid 3986 (CPUs 0+0)
Request from pid 4028: max_threads=65535, hint_threads=32
Granted 8 threads to pid 4028 (CPUs 0+0)
Request from pid 3986: max_threads=65535, hint_threads=32
Granted 8 threads to pid 3986 (CPUs 0+0)
Request from pid 4028: max_threads=65535, hint_threads=32
Granted 8 threads to pid 4028 (CPUs 0+0)
Request from pid 3986: max_threads=65535, hint_threads=32
Granted 8 threads to pid 3986 (CPUs 0+0)
Request from pid 4028: max_threads=65535, hint_threads=32
Granted 8 threads to pid 4028 (CPUs 0+0)
Request from pid 3986: max_threads=65535, hint_threads=32
Granted 8 threads to pid 3986 (CPUs 0+0)
Request from pid 4028: max_threads=65535, hint_threads=32
Granted 8 threads to pid 4028 (CPUs 0+0)
Request from pid 3986: max_threads=65535, hint_threads=32
Granted 8 threads to pid 3986 (CPUs 0+0)
Request from pid 4028: max_threads=65535, hint_threads=32
Granted 10 threads to pid 4028 (CPUs 11+10)
Request from pid 3986: max_threads=65535, hint_threads=32
Granted 10 threads to pid 3986 (CPUs 21+10)
Request from pid 4028: max_threads=65535, hint_threads=32
Granted 10 threads to pid 4028 (CPUs 11+10)
Request from pid 3986: max_threads=65535, hint_threads=32
Granted 10 threads to pid 3986 (CPUs 21+10)
Request from pid 4028: max_threads=65535, hint_threads=32
Granted 10 threads to pid 4028 (CPUs 11+10)
Request from pid 3986: max_threads=65535, hint_threads=32
Granted 10 threads to pid 3986 (CPUs 21+10)
Request from pid 4028: max_threads=65535, hint_threads=32
Granted 10 threads to pid 4028 (CPUs 11+10)
Request from pid 3986: max_threads=65535, hint_threads=32
Granted 16 threads to pid 3986 (CPUs 0+0)
Request from pid 4028: max_threads=65535, hint_threads=32
Granted 16 threads to pid 4028 (CPUs 1+16)
Request from pid 3986: max_threads=65535, hint_threads=32
Granted 16 threads to pid 3986 (CPUs 17+16)
Request from pid 4028: max_threads=65535, hint_threads=32
Granted 16 threads to pid 4028 (CPUs 1+16)
Request from pid 3986: max_threads=65535, hint_threads=32
Granted 16 threads to pid 3986 (CPUs 17+16)
Request from pid 4028: max_threads=65535, hint_threads=32
Granted 16 threads to pid 4028 (CPUs 1+16)
Request from pid 3986: max_threads=65535, hint_threads=32
Granted 16 threads to pid 3986 (CPUs 17+16)
Request from pid 4028: max_threads=65535, hint_threads=32
Granted 16 threads to pid 4028 (CPUs 1+16)
Request from pid 3986: max_threads=65535, hint_threads=32
Granted 16 threads to pid 3986 (CPUs 17+16)
Request from pid 4028: max_threads=65535, hint_threads=32
Granted 16 threads to pid 4028 (CPUs 1+16)
Request from pid 3986: max_threads=65535, hint_threads=32
Granted 16 threads to pid 3986 (CPUs 17+16)
Request from pid 4028: max_threads=65535, hint_threads=32
Granted 16 threads to pid 4028 (CPUs 1+16)
Request from pid 3986: max_threads=65535, hint_threads=32
Granted 16 threads to pid 3986 (CPUs 17+16)
Request from pid 4028: max_threads=65535, hint_threads=32
Granted 16 threads to pid 4028 (CPUs 1+16)
Request from pid 3986: max_threads=65535, hint_threads=32
Granted 16 threads to pid 3986 (CPUs 17+16)
Request from pid 4028: max_threads=65535, hint_threads=32
Granted 16 threads to pid 4028 (CPUs 1+16)
Request from pid 3986: max_threads=65535, hint_threads=32
Granted 16 threads to pid 3986 (CPUs 17+16)
Request from pid 4028: max_threads=65535, hint_threads=32
Granted 16 threads to pid 4028 (CPUs 1+16)
Request from pid 3986: max_threads=65535, hint_threads=32
Granted 16 threads to pid 3986 (CPUs 17+16)
Request from pid 4028: max_threads=65535, hint_threads=32
Granted 16 threads to pid 4028 (CPUs 1+16)
Request from pid 3986: max_threads=65535, hint_threads=32
Granted 16 threads to pid 3986 (CPUs 17+16)
Request from pid 4028: max_threads=65535, hint_threads=32
Granted 16 threads to pid 4028 (CPUs 1+16)
Request from pid 3986: max_threads=65535, hint_threads=32
Granted 16 threads to pid 3986 (CPUs 17+16)
Request from pid 4028: max_threads=65535, hint_threads=32
Granted 16 threads to pid 4028 (CPUs 1+16)
Request from pid 3986: max_threads=65535, hint_threads=32
Granted 16 threads to pid 3986 (CPUs 17+16)
Request from pid 4028: max_threads=65535, hint_threads=32
Granted 16 threads to pid 4028 (CPUs 1+16)
Request from pid 3986: max_threads=65535, hint_threads=32
Granted 16 threads to pid 3986 (CPUs 17+16)
Request from pid 4028: max_threads=65535, hint_threads=32
Granted 16 threads to pid 4028 (CPUs 1+16)
Request from pid 3986: max_threads=65535, hint_threads=32
Granted 16 threads to pid 3986 (CPUs 17+16)
Request from pid 4028: max_threads=65535, hint_threads=32
Granted 16 threads to pid 4028 (CPUs 1+16)
Request from pid 3986: max_threads=65535, hint_threads=32
Granted 16 threads to pid 3986 (CPUs 17+16)
Request from pid 4028: max_threads=65535, hint_threads=32
Granted 16 threads to pid 4028 (CPUs 1+16)
Request from pid 3986: max_threads=65535, hint_threads=32
Granted 16 threads to pid 3986 (CPUs 17+16)
Request from pid 4028: max_threads=65535, hint_threads=32
Granted 16 threads to pid 4028 (CPUs 1+16)
Request from pid 3986: max_threads=65535, hint_threads=32
Granted 16 threads to pid 3986 (CPUs 17+16)
Request from pid 4028: max_threads=65535, hint_threads=32
Granted 16 threads to pid 4028 (CPUs 1+16)
Request from pid 3986: max_threads=65535, hint_threads=32
Granted 16 threads to pid 3986 (CPUs 17+16)
Request from pid 4028: max_threads=65535, hint_threads=32
Granted 16 threads to pid 4028 (CPUs 1+16)
Request from pid 3986: max_threads=65535, hint_threads=32
Granted 16 threads to pid 3986 (CPUs 17+16)
Request from pid 4028: max_threads=65535, hint_threads=32
Granted 16 threads to pid 4028 (CPUs 1+16)
Request from pid 3986: max_threads=65535, hint_threads=32
Granted 16 threads to pid 3986 (CPUs 17+16)
Request from pid 4028: max_threads=65535, hint_threads=32
Granted 16 threads to pid 4028 (CPUs 1+16)
Request from pid 4028: max_threads=65535, hint_threads=32
Granted 16 threads to pid 4028 (CPUs 1+16)
Request from pid 3986: max_threads=65535, hint_threads=32
Granted 16 threads to pid 3986 (CPUs 17+16)
Request from pid 4028: max_threads=65535, hint_threads=32
Granted 16 threads to pid 4028 (CPUs 1+16)
Request from pid 3986: max_threads=65535, hint_threads=32
Granted 16 threads to pid 3986 (CPUs 17+16)
Request from pid 4028: max_threads=65535, hint_threads=32
Granted 16 threads to pid 4028 (CPUs 1+16)
Request from pid 3986: max_threads=65535, hint_threads=32
Granted 16 threads to pid 3986 (CPUs 17+16)
Request from pid 4028: max_threads=65535, hint_threads=32
Granted 16 threads to pid 4028 (CPUs 1+16)
Request from pid 3986: max_threads=65535, hint_threads=32
Granted 16 threads to pid 3986 (CPUs 17+16)
Request from pid 4028: max_threads=65535, hint_threads=32
Granted 16 threads to pid 4028 (CPUs 1+16)
Request from pid 3986: max_threads=65535, hint_threads=32
Granted 16 threads to pid 3986 (CPUs 17+16)
Request from pid 4028: max_threads=65535, hint_threads=32
Granted 16 threads to pid 4028 (CPUs 1+16)
Request from pid 3986: max_threads=65535, hint_threads=32
Granted 16 threads to pid 3986 (CPUs 17+16)
Request from pid 3986: max_threads=65535, hint_threads=32
Granted 16 threads to pid 3986 (CPUs 17+16)
Read error: Connection reset by peer (os error 104)
Request from pid 4028: max_threads=65535, hint_threads=32
Granted 16 threads to pid 4028 (CPUs 1+16)
Accepted connection
Handling client
Request from pid 4163: max_threads=65535, hint_threads=32
Granted 10 threads to pid 4163 (CPUs 0+0)
Request from pid 4163: max_threads=65535, hint_threads=32
Granted 10 threads to pid 4163 (CPUs 0+0)
Request from pid 4028: max_threads=65535, hint_threads=32
Granted 10 threads to pid 4028 (CPUs 1+10)
Request from pid 4028: max_threads=65535, hint_threads=32
Granted 10 threads to pid 4028 (CPUs 1+10)
Read error: Connection reset by peer (os error 104)
Accepted connection
Handling client
Request from pid 4204: max_threads=65535, hint_threads=32
Granted 8 threads to pid 4204 (CPUs 0+0)
Request from pid 4163: max_threads=65535, hint_threads=32
Granted 8 threads to pid 4163 (CPUs 0+0)
Request from pid 4204: max_threads=65535, hint_threads=32
Granted 8 threads to pid 4204 (CPUs 0+0)
Request from pid 4204: max_threads=65535, hint_threads=32
Granted 8 threads to pid 4204 (CPUs 0+0)
Request from pid 4163: max_threads=65535, hint_threads=32
Granted 8 threads to pid 4163 (CPUs 0+0)
Request from pid 4163: max_threads=65535, hint_threads=32
Granted 8 threads to pid 4163 (CPUs 0+0)
Request from pid 4204: max_threads=65535, hint_threads=32
Granted 8 threads to pid 4204 (CPUs 0+0)
Request from pid 4204: max_threads=65535, hint_threads=32
Granted 8 threads to pid 4204 (CPUs 0+0)
Request from pid 4163: max_threads=65535, hint_threads=32
Granted 8 threads to pid 4163 (CPUs 0+0)
Request from pid 4163: max_threads=65535, hint_threads=32
Granted 8 threads to pid 4163 (CPUs 0+0)
Request from pid 4204: max_threads=65535, hint_threads=32
Granted 8 threads to pid 4204 (CPUs 0+0)
Request from pid 4204: max_threads=65535, hint_threads=32
Granted 8 threads to pid 4204 (CPUs 0+0)
Request from pid 4163: max_threads=65535, hint_threads=32
Granted 8 threads to pid 4163 (CPUs 0+0)
Request from pid 4163: max_threads=65535, hint_threads=32
Granted 8 threads to pid 4163 (CPUs 0+0)
Request from pid 4204: max_threads=65535, hint_threads=32
Granted 8 threads to pid 4204 (CPUs 0+0)
Request from pid 4204: max_threads=65535, hint_threads=32
Granted 8 threads to pid 4204 (CPUs 0+0)
Request from pid 4163: max_threads=65535, hint_threads=32
Granted 8 threads to pid 4163 (CPUs 0+0)
Request from pid 4163: max_threads=65535, hint_threads=32
Granted 8 threads to pid 4163 (CPUs 0+0)
Request from pid 4204: max_threads=65535, hint_threads=32
Granted 8 threads to pid 4204 (CPUs 0+0)
Request from pid 4204: max_threads=65535, hint_threads=32
Granted 8 threads to pid 4204 (CPUs 0+0)
Request from pid 4163: max_threads=65535, hint_threads=32
Granted 8 threads to pid 4163 (CPUs 0+0)
Request from pid 4204: max_threads=65535, hint_threads=32
Granted 8 threads to pid 4204 (CPUs 0+0)
Request from pid 4163: max_threads=65535, hint_threads=32
Granted 8 threads to pid 4163 (CPUs 0+0)
Request from pid 4204: max_threads=65535, hint_threads=32
Granted 8 threads to pid 4204 (CPUs 0+0)
Request from pid 4163: max_threads=65535, hint_threads=32
Granted 8 threads to pid 4163 (CPUs 0+0)
Request from pid 4204: max_threads=65535, hint_threads=32
Granted 8 threads to pid 4204 (CPUs 0+0)
Request from pid 4163: max_threads=65535, hint_threads=32
Granted 8 threads to pid 4163 (CPUs 0+0)
Request from pid 4204: max_threads=65535, hint_threads=32
Granted 8 threads to pid 4204 (CPUs 0+0)
Request from pid 4163: max_threads=65535, hint_threads=32
Granted 10 threads to pid 4163 (CPUs 11+10)
Request from pid 4204: max_threads=65535, hint_threads=32
Granted 10 threads to pid 4204 (CPUs 21+10)
Request from pid 4163: max_threads=65535, hint_threads=32
Granted 10 threads to pid 4163 (CPUs 11+10)
Request from pid 4204: max_threads=65535, hint_threads=32
Granted 10 threads to pid 4204 (CPUs 21+10)
Request from pid 4163: max_threads=65535, hint_threads=32
Granted 16 threads to pid 4163 (CPUs 1+16)
Request from pid 4204: max_threads=65535, hint_threads=32
Granted 16 threads to pid 4204 (CPUs 17+16)
Request from pid 4163: max_threads=65535, hint_threads=32
Granted 16 threads to pid 4163 (CPUs 1+16)
Request from pid 4204: max_threads=65535, hint_threads=32
Granted 16 threads to pid 4204 (CPUs 17+16)
Request from pid 4163: max_threads=65535, hint_threads=32
Granted 16 threads to pid 4163 (CPUs 1+16)
Request from pid 4204: max_threads=65535, hint_threads=32
Granted 16 threads to pid 4204 (CPUs 17+16)
Request from pid 4163: max_threads=65535, hint_threads=32
Granted 16 threads to pid 4163 (CPUs 1+16)
Request from pid 4204: max_threads=65535, hint_threads=32
Granted 16 threads to pid 4204 (CPUs 17+16)
Request from pid 4163: max_threads=65535, hint_threads=32
Granted 16 threads to pid 4163 (CPUs 1+16)
Request from pid 4204: max_threads=65535, hint_threads=32
Granted 16 threads to pid 4204 (CPUs 17+16)
Request from pid 4163: max_threads=65535, hint_threads=32
Granted 16 threads to pid 4163 (CPUs 1+16)
Request from pid 4204: max_threads=65535, hint_threads=32
Granted 16 threads to pid 4204 (CPUs 17+16)
Request from pid 4163: max_threads=65535, hint_threads=32
Granted 16 threads to pid 4163 (CPUs 1+16)
Request from pid 4204: max_threads=65535, hint_threads=32
Granted 16 threads to pid 4204 (CPUs 17+16)
Request from pid 4163: max_threads=65535, hint_threads=32
Granted 16 threads to pid 4163 (CPUs 1+16)
Request from pid 4204: max_threads=65535, hint_threads=32
Granted 16 threads to pid 4204 (CPUs 17+16)
Request from pid 4163: max_threads=65535, hint_threads=32
Granted 16 threads to pid 4163 (CPUs 1+16)
Request from pid 4204: max_threads=65535, hint_threads=32
Granted 16 threads to pid 4204 (CPUs 17+16)
Request from pid 4163: max_threads=65535, hint_threads=32
Granted 16 threads to pid 4163 (CPUs 1+16)
Request from pid 4204: max_threads=65535, hint_threads=32
Granted 16 threads to pid 4204 (CPUs 17+16)
Request from pid 4163: max_threads=65535, hint_threads=32
Granted 16 threads to pid 4163 (CPUs 1+16)
Request from pid 4204: max_threads=65535, hint_threads=32
Granted 16 threads to pid 4204 (CPUs 17+16)
Request from pid 4163: max_threads=65535, hint_threads=32
Granted 16 threads to pid 4163 (CPUs 1+16)
Request from pid 4204: max_threads=65535, hint_threads=32
Granted 16 threads to pid 4204 (CPUs 17+16)
Request from pid 4163: max_threads=65535, hint_threads=32
Granted 16 threads to pid 4163 (CPUs 1+16)
Request from pid 4204: max_threads=65535, hint_threads=32
Granted 16 threads to pid 4204 (CPUs 17+16)
Request from pid 4163: max_threads=65535, hint_threads=32
Granted 16 threads to pid 4163 (CPUs 1+16)
Request from pid 4204: max_threads=65535, hint_threads=32
Granted 16 threads to pid 4204 (CPUs 17+16)
Request from pid 4163: max_threads=65535, hint_threads=32
Granted 16 threads to pid 4163 (CPUs 1+16)
Request from pid 4204: max_threads=65535, hint_threads=32
Granted 16 threads to pid 4204 (CPUs 17+16)
Request from pid 4163: max_threads=65535, hint_threads=32
Granted 16 threads to pid 4163 (CPUs 1+16)
Request from pid 4204: max_threads=65535, hint_threads=32
Granted 16 threads to pid 4204 (CPUs 17+16)
Request from pid 4163: max_threads=65535, hint_threads=32
Granted 16 threads to pid 4163 (CPUs 1+16)
Request from pid 4204: max_threads=65535, hint_threads=32
Granted 16 threads to pid 4204 (CPUs 17+16)
Request from pid 4163: max_threads=65535, hint_threads=32
Granted 16 threads to pid 4163 (CPUs 1+16)
Request from pid 4204: max_threads=65535, hint_threads=32
Granted 16 threads to pid 4204 (CPUs 17+16)
Request from pid 4204: max_threads=65535, hint_threads=32
Granted 16 threads to pid 4204 (CPUs 17+16)
Request from pid 4163: max_threads=65535, hint_threads=32
Granted 16 threads to pid 4163 (CPUs 1+16)
Request from pid 4204: max_threads=65535, hint_threads=32
Granted 16 threads to pid 4204 (CPUs 17+16)
Request from pid 4163: max_threads=65535, hint_threads=32
Granted 16 threads to pid 4163 (CPUs 1+16)
Request from pid 4204: max_threads=65535, hint_threads=32
Granted 16 threads to pid 4204 (CPUs 17+16)
Request from pid 4163: max_threads=65535, hint_threads=32
Granted 16 threads to pid 4163 (CPUs 1+16)
Request from pid 4204: max_threads=65535, hint_threads=32
Granted 16 threads to pid 4204 (CPUs 17+16)
Request from pid 4163: max_threads=65535, hint_threads=32
Granted 16 threads to pid 4163 (CPUs 1+16)
Request from pid 4204: max_threads=65535, hint_threads=32
Granted 16 threads to pid 4204 (CPUs 17+16)
Request from pid 4163: max_threads=65535, hint_threads=32
Granted 16 threads to pid 4163 (CPUs 1+16)
Request from pid 4204: max_threads=65535, hint_threads=32
Granted 16 threads to pid 4204 (CPUs 17+16)
Request from pid 4163: max_threads=65535, hint_threads=32
Granted 16 threads to pid 4163 (CPUs 1+16)
Request from pid 4204: max_threads=65535, hint_threads=32
Granted 16 threads to pid 4204 (CPUs 17+16)
Request from pid 4163: max_threads=65535, hint_threads=32
Granted 16 threads to pid 4163 (CPUs 1+16)
Request from pid 4204: max_threads=65535, hint_threads=32
Granted 16 threads to pid 4204 (CPUs 17+16)
Request from pid 4163: max_threads=65535, hint_threads=32
Granted 16 threads to pid 4163 (CPUs 1+16)
Request from pid 4204: max_threads=65535, hint_threads=32
Granted 16 threads to pid 4204 (CPUs 17+16)
Request from pid 4163: max_threads=65535, hint_threads=32
Granted 16 threads to pid 4163 (CPUs 1+16)
Request from pid 4204: max_threads=65535, hint_threads=32
Granted 16 threads to pid 4204 (CPUs 17+16)
Request from pid 4163: max_threads=65535, hint_threads=32
Granted 16 threads to pid 4163 (CPUs 1+16)
Request from pid 4204: max_threads=65535, hint_threads=32
Granted 16 threads to pid 4204 (CPUs 17+16)
Request from pid 4163: max_threads=65535, hint_threads=32
Granted 16 threads to pid 4163 (CPUs 1+16)
Request from pid 4204: max_threads=65535, hint_threads=32
Granted 16 threads to pid 4204 (CPUs 17+16)
Read error: Connection reset by peer (os error 104)
Accepted connection
Handling client
Request from pid 4324: max_threads=65535, hint_threads=32
Granted 10 threads to pid 4324 (CPUs 0+0)
Request from pid 4163: max_threads=65535, hint_threads=32
Granted 10 threads to pid 4163 (CPUs 1+10)
Read error: Connection reset by peer (os error 104)
Accepted connection
Handling client
Request from pid 4364: max_threads=65535, hint_threads=32
Granted 8 threads to pid 4364 (CPUs 0+0)
Request from pid 4324: max_threads=65535, hint_threads=32
Granted 8 threads to pid 4324 (CPUs 0+0)
Request from pid 4364: max_threads=65535, hint_threads=32
Granted 8 threads to pid 4364 (CPUs 0+0)
Request from pid 4324: max_threads=65535, hint_threads=32
Granted 8 threads to pid 4324 (CPUs 0+0)
Request from pid 4364: max_threads=65535, hint_threads=32
Granted 8 threads to pid 4364 (CPUs 0+0)
Request from pid 4324: max_threads=65535, hint_threads=32
Granted 8 threads to pid 4324 (CPUs 0+0)
Request from pid 4324: max_threads=65535, hint_threads=32
Granted 8 threads to pid 4324 (CPUs 0+0)
Request from pid 4364: max_threads=65535, hint_threads=32
Granted 8 threads to pid 4364 (CPUs 0+0)
Request from pid 4364: max_threads=65535, hint_threads=32
Granted 8 threads to pid 4364 (CPUs 0+0)
Request from pid 4324: max_threads=65535, hint_threads=32
Granted 8 threads to pid 4324 (CPUs 0+0)
Request from pid 4364: max_threads=65535, hint_threads=32
Granted 8 threads to pid 4364 (CPUs 0+0)
Request from pid 4324: max_threads=65535, hint_threads=32
Granted 8 threads to pid 4324 (CPUs 0+0)
Request from pid 4364: max_threads=65535, hint_threads=32
Granted 8 threads to pid 4364 (CPUs 0+0)
Request from pid 4324: max_threads=65535, hint_threads=32
Granted 8 threads to pid 4324 (CPUs 0+0)
Request from pid 4364: max_threads=65535, hint_threads=32
Granted 8 threads to pid 4364 (CPUs 0+0)
Request from pid 4324: max_threads=65535, hint_threads=32
Granted 8 threads to pid 4324 (CPUs 0+0)
Request from pid 4364: max_threads=65535, hint_threads=32
Granted 8 threads to pid 4364 (CPUs 0+0)
Request from pid 4324: max_threads=65535, hint_threads=32
Granted 8 threads to pid 4324 (CPUs 0+0)
Request from pid 4364: max_threads=65535, hint_threads=32
Granted 8 threads to pid 4364 (CPUs 0+0)
Request from pid 4324: max_threads=65535, hint_threads=32
Granted 8 threads to pid 4324 (CPUs 0+0)
Request from pid 4364: max_threads=65535, hint_threads=32
Granted 8 threads to pid 4364 (CPUs 0+0)
Request from pid 4324: max_threads=65535, hint_threads=32
Granted 8 threads to pid 4324 (CPUs 0+0)
Request from pid 4364: max_threads=65535, hint_threads=32
Granted 8 threads to pid 4364 (CPUs 0+0)
Request from pid 4324: max_threads=65535, hint_threads=32
Granted 8 threads to pid 4324 (CPUs 0+0)
Request from pid 4364: max_threads=65535, hint_threads=32
Granted 8 threads to pid 4364 (CPUs 0+0)
Request from pid 4324: max_threads=65535, hint_threads=32
Granted 8 threads to pid 4324 (CPUs 0+0)
Request from pid 4364: max_threads=65535, hint_threads=32
Granted 8 threads to pid 4364 (CPUs 0+0)
Request from pid 4324: max_threads=65535, hint_threads=32
Granted 8 threads to pid 4324 (CPUs 0+0)
Request from pid 4364: max_threads=65535, hint_threads=32
Granted 8 threads to pid 4364 (CPUs 0+0)
Request from pid 4324: max_threads=65535, hint_threads=32
Granted 8 threads to pid 4324 (CPUs 0+0)
Request from pid 4364: max_threads=65535, hint_threads=32
Granted 8 threads to pid 4364 (CPUs 0+0)
Request from pid 4324: max_threads=65535, hint_threads=32
Granted 10 threads to pid 4324 (CPUs 11+10)
Request from pid 4364: max_threads=65535, hint_threads=32
Granted 16 threads to pid 4364 (CPUs 0+0)
Request from pid 4324: max_threads=65535, hint_threads=32
Granted 16 threads to pid 4324 (CPUs 1+16)
Request from pid 4364: max_threads=65535, hint_threads=32
Granted 16 threads to pid 4364 (CPUs 17+16)
Request from pid 4324: max_threads=65535, hint_threads=32
Granted 16 threads to pid 4324 (CPUs 1+16)
Request from pid 4364: max_threads=65535, hint_threads=32
Granted 16 threads to pid 4364 (CPUs 17+16)
Request from pid 4364: max_threads=65535, hint_threads=32
Granted 16 threads to pid 4364 (CPUs 17+16)
Request from pid 4324: max_threads=65535, hint_threads=32
Granted 16 threads to pid 4324 (CPUs 1+16)
Request from pid 4324: max_threads=65535, hint_threads=32
Granted 16 threads to pid 4324 (CPUs 1+16)
Request from pid 4364: max_threads=65535, hint_threads=32
Granted 16 threads to pid 4364 (CPUs 17+16)
Request from pid 4364: max_threads=65535, hint_threads=32
Granted 16 threads to pid 4364 (CPUs 17+16)
Request from pid 4324: max_threads=65535, hint_threads=32
Granted 16 threads to pid 4324 (CPUs 1+16)
Request from pid 4324: max_threads=65535, hint_threads=32
Granted 16 threads to pid 4324 (CPUs 1+16)
Request from pid 4364: max_threads=65535, hint_threads=32
Granted 16 threads to pid 4364 (CPUs 17+16)
Request from pid 4364: max_threads=65535, hint_threads=32
Granted 16 threads to pid 4364 (CPUs 17+16)
Request from pid 4324: max_threads=65535, hint_threads=32
Granted 16 threads to pid 4324 (CPUs 1+16)
Request from pid 4324: max_threads=65535, hint_threads=32
Granted 16 threads to pid 4324 (CPUs 1+16)
Request from pid 4364: max_threads=65535, hint_threads=32
Granted 16 threads to pid 4364 (CPUs 17+16)
Request from pid 4364: max_threads=65535, hint_threads=32
Granted 16 threads to pid 4364 (CPUs 17+16)
Request from pid 4324: max_threads=65535, hint_threads=32
Granted 16 threads to pid 4324 (CPUs 1+16)
Request from pid 4324: max_threads=65535, hint_threads=32
Granted 16 threads to pid 4324 (CPUs 1+16)
Request from pid 4364: max_threads=65535, hint_threads=32
Granted 16 threads to pid 4364 (CPUs 17+16)
Request from pid 4364: max_threads=65535, hint_threads=32
Granted 16 threads to pid 4364 (CPUs 17+16)
Request from pid 4324: max_threads=65535, hint_threads=32
Granted 16 threads to pid 4324 (CPUs 1+16)
Request from pid 4324: max_threads=65535, hint_threads=32
Granted 16 threads to pid 4324 (CPUs 1+16)
Request from pid 4364: max_threads=65535, hint_threads=32
Granted 16 threads to pid 4364 (CPUs 17+16)
Request from pid 4364: max_threads=65535, hint_threads=32
Granted 16 threads to pid 4364 (CPUs 17+16)
Request from pid 4324: max_threads=65535, hint_threads=32
Granted 16 threads to pid 4324 (CPUs 1+16)
Request from pid 4324: max_threads=65535, hint_threads=32
Granted 16 threads to pid 4324 (CPUs 1+16)
Request from pid 4364: max_threads=65535, hint_threads=32
Granted 16 threads to pid 4364 (CPUs 17+16)
Request from pid 4364: max_threads=65535, hint_threads=32
Granted 16 threads to pid 4364 (CPUs 17+16)
Request from pid 4324: max_threads=65535, hint_threads=32
Granted 16 threads to pid 4324 (CPUs 1+16)
Request from pid 4324: max_threads=65535, hint_threads=32
Granted 16 threads to pid 4324 (CPUs 1+16)
Request from pid 4364: max_threads=65535, hint_threads=32
Granted 16 threads to pid 4364 (CPUs 17+16)
Request from pid 4364: max_threads=65535, hint_threads=32
Granted 16 threads to pid 4364 (CPUs 17+16)
Request from pid 4324: max_threads=65535, hint_threads=32
Granted 16 threads to pid 4324 (CPUs 1+16)
Request from pid 4324: max_threads=65535, hint_threads=32
Granted 16 threads to pid 4324 (CPUs 1+16)
Request from pid 4364: max_threads=65535, hint_threads=32
Granted 16 threads to pid 4364 (CPUs 17+16)
Request from pid 4364: max_threads=65535, hint_threads=32
Granted 16 threads to pid 4364 (CPUs 17+16)
Request from pid 4324: max_threads=65535, hint_threads=32
Granted 16 threads to pid 4324 (CPUs 1+16)
Request from pid 4324: max_threads=65535, hint_threads=32
Granted 16 threads to pid 4324 (CPUs 1+16)
Request from pid 4364: max_threads=65535, hint_threads=32
Granted 16 threads to pid 4364 (CPUs 17+16)
Request from pid 4364: max_threads=65535, hint_threads=32
Granted 16 threads to pid 4364 (CPUs 17+16)
Request from pid 4324: max_threads=65535, hint_threads=32
Granted 16 threads to pid 4324 (CPUs 1+16)
Request from pid 4324: max_threads=65535, hint_threads=32
Granted 16 threads to pid 4324 (CPUs 1+16)
Request from pid 4364: max_threads=65535, hint_threads=32
Granted 16 threads to pid 4364 (CPUs 17+16)
Request from pid 4364: max_threads=65535, hint_threads=32
Granted 16 threads to pid 4364 (CPUs 17+16)
Request from pid 4324: max_threads=65535, hint_threads=32
Granted 16 threads to pid 4324 (CPUs 1+16)
Request from pid 4324: max_threads=65535, hint_threads=32
Granted 16 threads to pid 4324 (CPUs 1+16)
Request from pid 4364: max_threads=65535, hint_threads=32
Granted 16 threads to pid 4364 (CPUs 17+16)
Request from pid 4364: max_threads=65535, hint_threads=32
Granted 16 threads to pid 4364 (CPUs 17+16)
Request from pid 4324: max_threads=65535, hint_threads=32
Granted 16 threads to pid 4324 (CPUs 1+16)
Request from pid 4324: max_threads=65535, hint_threads=32
Granted 16 threads to pid 4324 (CPUs 1+16)
Request from pid 4364: max_threads=65535, hint_threads=32
Granted 16 threads to pid 4364 (CPUs 17+16)
Request from pid 4364: max_threads=65535, hint_threads=32
Granted 16 threads to pid 4364 (CPUs 17+16)
Request from pid 4324: max_threads=65535, hint_threads=32
Granted 16 threads to pid 4324 (CPUs 1+16)
Request from pid 4324: max_threads=65535, hint_threads=32
Granted 16 threads to pid 4324 (CPUs 1+16)
Request from pid 4364: max_threads=65535, hint_threads=32
Granted 16 threads to pid 4364 (CPUs 17+16)
Request from pid 4364: max_threads=65535, hint_threads=32
Granted 16 threads to pid 4364 (CPUs 17+16)
Request from pid 4324: max_threads=65535, hint_threads=32
Granted 16 threads to pid 4324 (CPUs 1+16)
Request from pid 4324: max_threads=65535, hint_threads=32
Granted 16 threads to pid 4324 (CPUs 1+16)
Read error: Connection reset by peer (os error 104)
Accepted connection
Handling client
Request from pid 4619: max_threads=65535, hint_threads=32
Granted 10 threads to pid 4619 (CPUs 0+0)
Request from pid 4364: max_threads=65535, hint_threads=32
Granted 10 threads to pid 4364 (CPUs 17+10)
Client closed connection
Accepted connection
Handling client
Request from pid 4659: max_threads=65535, hint_threads=32
Granted 8 threads to pid 4659 (CPUs 0+0)
Request from pid 4619: max_threads=65535, hint_threads=32
Granted 8 threads to pid 4619 (CPUs 0+0)
Request from pid 4659: max_threads=65535, hint_threads=32
Granted 8 threads to pid 4659 (CPUs 0+0)
Request from pid 4619: max_threads=65535, hint_threads=32
Granted 8 threads to pid 4619 (CPUs 0+0)
Request from pid 4659: max_threads=65535, hint_threads=32
Granted 8 threads to pid 4659 (CPUs 0+0)
Request from pid 4619: max_threads=65535, hint_threads=32
Granted 8 threads to pid 4619 (CPUs 0+0)
Request from pid 4659: max_threads=65535, hint_threads=32
Granted 8 threads to pid 4659 (CPUs 0+0)
Request from pid 4619: max_threads=65535, hint_threads=32
Granted 8 threads to pid 4619 (CPUs 0+0)
Request from pid 4659: max_threads=65535, hint_threads=32
Granted 8 threads to pid 4659 (CPUs 0+0)
Request from pid 4619: max_threads=65535, hint_threads=32
Granted 8 threads to pid 4619 (CPUs 0+0)
Request from pid 4659: max_threads=65535, hint_threads=32
Granted 8 threads to pid 4659 (CPUs 0+0)
Request from pid 4619: max_threads=65535, hint_threads=32
Granted 8 threads to pid 4619 (CPUs 0+0)
Request from pid 4659: max_threads=65535, hint_threads=32
Granted 8 threads to pid 4659 (CPUs 0+0)
Request from pid 4619: max_threads=65535, hint_threads=32
Granted 8 threads to pid 4619 (CPUs 0+0)
Request from pid 4659: max_threads=65535, hint_threads=32
Granted 8 threads to pid 4659 (CPUs 0+0)
Request from pid 4619: max_threads=65535, hint_threads=32
Granted 8 threads to pid 4619 (CPUs 0+0)
Request from pid 4659: max_threads=65535, hint_threads=32
Granted 8 threads to pid 4659 (CPUs 0+0)
Request from pid 4619: max_threads=65535, hint_threads=32
Granted 8 threads to pid 4619 (CPUs 0+0)
Request from pid 4659: max_threads=65535, hint_threads=32
Granted 8 threads to pid 4659 (CPUs 0+0)
Request from pid 4619: max_threads=65535, hint_threads=32
Granted 8 threads to pid 4619 (CPUs 0+0)
Request from pid 4659: max_threads=65535, hint_threads=32
Granted 8 threads to pid 4659 (CPUs 0+0)
Request from pid 4619: max_threads=65535, hint_threads=32
Granted 8 threads to pid 4619 (CPUs 0+0)
Request from pid 4659: max_threads=65535, hint_threads=32
Granted 8 threads to pid 4659 (CPUs 0+0)
Request from pid 4619: max_threads=65535, hint_threads=32
Granted 8 threads to pid 4619 (CPUs 0+0)
Request from pid 4659: max_threads=65535, hint_threads=32
Granted 8 threads to pid 4659 (CPUs 0+0)
Request from pid 4619: max_threads=65535, hint_threads=32
Granted 8 threads to pid 4619 (CPUs 0+0)
Request from pid 4659: max_threads=65535, hint_threads=32
Granted 8 threads to pid 4659 (CPUs 0+0)
Request from pid 4619: max_threads=65535, hint_threads=32
Granted 8 threads to pid 4619 (CPUs 0+0)
Request from pid 4659: max_threads=65535, hint_threads=32
Granted 8 threads to pid 4659 (CPUs 0+0)
Request from pid 4619: max_threads=65535, hint_threads=32
Granted 8 threads to pid 4619 (CPUs 0+0)
Request from pid 4659: max_threads=65535, hint_threads=32
Granted 8 threads to pid 4659 (CPUs 0+0)
Request from pid 4619: max_threads=65535, hint_threads=32
Granted 16 threads to pid 4619 (CPUs 1+16)
Request from pid 4659: max_threads=65535, hint_threads=32
Granted 16 threads to pid 4659 (CPUs 17+16)
Request from pid 4619: max_threads=65535, hint_threads=32
Granted 16 threads to pid 4619 (CPUs 1+16)
Request from pid 4659: max_threads=65535, hint_threads=32
Granted 16 threads to pid 4659 (CPUs 17+16)
Request from pid 4619: max_threads=65535, hint_threads=32
Granted 16 threads to pid 4619 (CPUs 1+16)
Request from pid 4659: max_threads=65535, hint_threads=32
Granted 16 threads to pid 4659 (CPUs 17+16)
Request from pid 4619: max_threads=65535, hint_threads=32
Granted 16 threads to pid 4619 (CPUs 1+16)
Request from pid 4659: max_threads=65535, hint_threads=32
Granted 16 threads to pid 4659 (CPUs 17+16)
Request from pid 4619: max_threads=65535, hint_threads=32
Granted 16 threads to pid 4619 (CPUs 1+16)
Request from pid 4659: max_threads=65535, hint_threads=32
Granted 16 threads to pid 4659 (CPUs 17+16)
Request from pid 4619: max_threads=65535, hint_threads=32
Granted 16 threads to pid 4619 (CPUs 1+16)
Request from pid 4659: max_threads=65535, hint_threads=32
Granted 16 threads to pid 4659 (CPUs 17+16)
Request from pid 4619: max_threads=65535, hint_threads=32
Granted 16 threads to pid 4619 (CPUs 1+16)
Request from pid 4659: max_threads=65535, hint_threads=32
Granted 16 threads to pid 4659 (CPUs 17+16)
Request from pid 4619: max_threads=65535, hint_threads=32
Granted 16 threads to pid 4619 (CPUs 1+16)
Request from pid 4659: max_threads=65535, hint_threads=32
Granted 16 threads to pid 4659 (CPUs 17+16)
Request from pid 4619: max_threads=65535, hint_threads=32
Granted 16 threads to pid 4619 (CPUs 1+16)
Request from pid 4659: max_threads=65535, hint_threads=32
Granted 16 threads to pid 4659 (CPUs 17+16)
Request from pid 4619: max_threads=65535, hint_threads=32
Granted 16 threads to pid 4619 (CPUs 1+16)
Request from pid 4659: max_threads=65535, hint_threads=32
Granted 16 threads to pid 4659 (CPUs 17+16)
Request from pid 4619: max_threads=65535, hint_threads=32
Granted 16 threads to pid 4619 (CPUs 1+16)
Request from pid 4659: max_threads=65535, hint_threads=32
Granted 16 threads to pid 4659 (CPUs 17+16)
Request from pid 4619: max_threads=65535, hint_threads=32
Granted 16 threads to pid 4619 (CPUs 1+16)
Request from pid 4659: max_threads=65535, hint_threads=32
Granted 16 threads to pid 4659 (CPUs 17+16)
Request from pid 4619: max_threads=65535, hint_threads=32
Granted 16 threads to pid 4619 (CPUs 1+16)
Request from pid 4659: max_threads=65535, hint_threads=32
Granted 16 threads to pid 4659 (CPUs 17+16)
Request from pid 4619: max_threads=65535, hint_threads=32
Granted 16 threads to pid 4619 (CPUs 1+16)
Request from pid 4659: max_threads=65535, hint_threads=32
Granted 16 threads to pid 4659 (CPUs 17+16)
Request from pid 4619: max_threads=65535, hint_threads=32
Granted 16 threads to pid 4619 (CPUs 1+16)
Request from pid 4659: max_threads=65535, hint_threads=32
Granted 16 threads to pid 4659 (CPUs 17+16)
Request from pid 4619: max_threads=65535, hint_threads=32
Granted 16 threads to pid 4619 (CPUs 1+16)
Request from pid 4659: max_threads=65535, hint_threads=32
Granted 16 threads to pid 4659 (CPUs 17+16)
Request from pid 4619: max_threads=65535, hint_threads=32
Granted 16 threads to pid 4619 (CPUs 1+16)
Request from pid 4659: max_threads=65535, hint_threads=32
Granted 16 threads to pid 4659 (CPUs 17+16)
Request from pid 4619: max_threads=65535, hint_threads=32
Granted 16 threads to pid 4619 (CPUs 1+16)
Request from pid 4659: max_threads=65535, hint_threads=32
Granted 16 threads to pid 4659 (CPUs 17+16)
Request from pid 4619: max_threads=65535, hint_threads=32
Granted 16 threads to pid 4619 (CPUs 1+16)
Request from pid 4659: max_threads=65535, hint_threads=32
Granted 16 threads to pid 4659 (CPUs 17+16)
Request from pid 4619: max_threads=65535, hint_threads=32
Granted 16 threads to pid 4619 (CPUs 1+16)
Request from pid 4659: max_threads=65535, hint_threads=32
Granted 16 threads to pid 4659 (CPUs 17+16)
Request from pid 4619: max_threads=65535, hint_threads=32
Granted 16 threads to pid 4619 (CPUs 1+16)
Request from pid 4659: max_threads=65535, hint_threads=32
Granted 16 threads to pid 4659 (CPUs 17+16)
Request from pid 4619: max_threads=65535, hint_threads=32
Granted 16 threads to pid 4619 (CPUs 1+16)
Request from pid 4659: max_threads=65535, hint_threads=32
Granted 16 threads to pid 4659 (CPUs 17+16)
Request from pid 4619: max_threads=65535, hint_threads=32
Granted 16 threads to pid 4619 (CPUs 1+16)
Request from pid 4659: max_threads=65535, hint_threads=32
Granted 16 threads to pid 4659 (CPUs 17+16)
Request from pid 4619: max_threads=65535, hint_threads=32
Granted 16 threads to pid 4619 (CPUs 1+16)
Request from pid 4659: max_threads=65535, hint_threads=32
Granted 16 threads to pid 4659 (CPUs 17+16)
Request from pid 4619: max_threads=65535, hint_threads=32
Granted 16 threads to pid 4619 (CPUs 1+16)
Request from pid 4659: max_threads=65535, hint_threads=32
Granted 16 threads to pid 4659 (CPUs 17+16)
Request from pid 4619: max_threads=65535, hint_threads=32
Granted 16 threads to pid 4619 (CPUs 1+16)
Request from pid 4659: max_threads=65535, hint_threads=32
Granted 16 threads to pid 4659 (CPUs 17+16)
Request from pid 4619: max_threads=65535, hint_threads=32
Granted 16 threads to pid 4619 (CPUs 1+16)
Request from pid 4659: max_threads=65535, hint_threads=32
Granted 16 threads to pid 4659 (CPUs 17+16)
Request from pid 4619: max_threads=65535, hint_threads=32
Granted 16 threads to pid 4619 (CPUs 1+16)
Request from pid 4659: max_threads=65535, hint_threads=32
Granted 16 threads to pid 4659 (CPUs 17+16)
Request from pid 4619: max_threads=65535, hint_threads=32
Granted 16 threads to pid 4619 (CPUs 1+16)
Request from pid 4659: max_threads=65535, hint_threads=32
Granted 16 threads to pid 4659 (CPUs 17+16)
Request from pid 4619: max_threads=65535, hint_threads=32
Granted 16 threads to pid 4619 (CPUs 1+16)
Request from pid 4659: max_threads=65535, hint_threads=32
Granted 16 threads to pid 4659 (CPUs 17+16)
Request from pid 4659: max_threads=65535, hint_threads=32
Granted 16 threads to pid 4659 (CPUs 17+16)
Request from pid 4619: max_threads=65535, hint_threads=32
Granted 16 threads to pid 4619 (CPUs 1+16)
Read error: Connection reset by peer (os error 104)
Read error: Connection reset by peer (os error 104)
Accepted connection
Handling client
Request from pid 4798: max_threads=65535, hint_threads=32
Granted 10 threads to pid 4798 (CPUs 0+0)
Accepted connection
Handling client
Request from pid 4800: max_threads=65535, hint_threads=32
Granted 8 threads to pid 4800 (CPUs 0+0)
Request from pid 4798: max_threads=65535, hint_threads=32
Granted 8 threads to pid 4798 (CPUs 0+0)
Request from pid 4800: max_threads=65535, hint_threads=32
Granted 8 threads to pid 4800 (CPUs 0+0)
Request from pid 4798: max_threads=65535, hint_threads=32
Granted 8 threads to pid 4798 (CPUs 0+0)
Request from pid 4800: max_threads=65535, hint_threads=32
Granted 8 threads to pid 4800 (CPUs 0+0)
Request from pid 4798: max_threads=65535, hint_threads=32
Granted 8 threads to pid 4798 (CPUs 0+0)
Request from pid 4800: max_threads=65535, hint_threads=32
Granted 8 threads to pid 4800 (CPUs 0+0)
Request from pid 4798: max_threads=65535, hint_threads=32
Granted 8 threads to pid 4798 (CPUs 0+0)
Request from pid 4800: max_threads=65535, hint_threads=32
Granted 8 threads to pid 4800 (CPUs 0+0)
Request from pid 4798: max_threads=65535, hint_threads=32
Granted 8 threads to pid 4798 (CPUs 0+0)
Request from pid 4800: max_threads=65535, hint_threads=32
Granted 8 threads to pid 4800 (CPUs 0+0)
Request from pid 4798: max_threads=65535, hint_threads=32
Granted 8 threads to pid 4798 (CPUs 0+0)
Request from pid 4800: max_threads=65535, hint_threads=32
Granted 8 threads to pid 4800 (CPUs 0+0)
Request from pid 4798: max_threads=65535, hint_threads=32
Granted 8 threads to pid 4798 (CPUs 0+0)
Request from pid 4800: max_threads=65535, hint_threads=32
Granted 8 threads to pid 4800 (CPUs 0+0)
Request from pid 4798: max_threads=65535, hint_threads=32
Granted 8 threads to pid 4798 (CPUs 0+0)
Request from pid 4800: max_threads=65535, hint_threads=32
Granted 8 threads to pid 4800 (CPUs 0+0)
Request from pid 4798: max_threads=65535, hint_threads=32
Granted 8 threads to pid 4798 (CPUs 0+0)
Request from pid 4800: max_threads=65535, hint_threads=32
Granted 8 threads to pid 4800 (CPUs 0+0)
Request from pid 4798: max_threads=65535, hint_threads=32
Granted 8 threads to pid 4798 (CPUs 0+0)
Request from pid 4800: max_threads=65535, hint_threads=32
Granted 8 threads to pid 4800 (CPUs 0+0)
Request from pid 4798: max_threads=65535, hint_threads=32
Granted 8 threads to pid 4798 (CPUs 0+0)
Request from pid 4800: max_threads=65535, hint_threads=32
Granted 8 threads to pid 4800 (CPUs 0+0)
Request from pid 4798: max_threads=65535, hint_threads=32
Granted 8 threads to pid 4798 (CPUs 0+0)
Request from pid 4800: max_threads=65535, hint_threads=32
Granted 8 threads to pid 4800 (CPUs 0+0)
Request from pid 4798: max_threads=65535, hint_threads=32
Granted 8 threads to pid 4798 (CPUs 0+0)
Request from pid 4800: max_threads=65535, hint_threads=32
Granted 8 threads to pid 4800 (CPUs 0+0)
Request from pid 4798: max_threads=65535, hint_threads=32
Granted 8 threads to pid 4798 (CPUs 0+0)
Request from pid 4800: max_threads=65535, hint_threads=32
Granted 8 threads to pid 4800 (CPUs 0+0)
Request from pid 4798: max_threads=65535, hint_threads=32
Granted 8 threads to pid 4798 (CPUs 0+0)
Request from pid 4800: max_threads=65535, hint_threads=32
Granted 8 threads to pid 4800 (CPUs 0+0)
Request from pid 4798: max_threads=65535, hint_threads=32
Granted 16 threads to pid 4798 (CPUs 1+16)
Request from pid 4800: max_threads=65535, hint_threads=32
Granted 16 threads to pid 4800 (CPUs 17+16)
Request from pid 4798: max_threads=65535, hint_threads=32
Granted 16 threads to pid 4798 (CPUs 1+16)
Request from pid 4800: max_threads=65535, hint_threads=32
Granted 16 threads to pid 4800 (CPUs 17+16)
Request from pid 4798: max_threads=65535, hint_threads=32
Granted 16 threads to pid 4798 (CPUs 1+16)
Request from pid 4800: max_threads=65535, hint_threads=32
Granted 16 threads to pid 4800 (CPUs 17+16)
Request from pid 4798: max_threads=65535, hint_threads=32
Granted 16 threads to pid 4798 (CPUs 1+16)
Request from pid 4800: max_threads=65535, hint_threads=32
Granted 16 threads to pid 4800 (CPUs 17+16)
Request from pid 4798: max_threads=65535, hint_threads=32
Granted 16 threads to pid 4798 (CPUs 1+16)
Request from pid 4800: max_threads=65535, hint_threads=32
Granted 16 threads to pid 4800 (CPUs 17+16)
Request from pid 4798: max_threads=65535, hint_threads=32
Granted 16 threads to pid 4798 (CPUs 1+16)
Request from pid 4800: max_threads=65535, hint_threads=32
Granted 16 threads to pid 4800 (CPUs 17+16)
Request from pid 4798: max_threads=65535, hint_threads=32
Granted 16 threads to pid 4798 (CPUs 1+16)
Request from pid 4800: max_threads=65535, hint_threads=32
Granted 16 threads to pid 4800 (CPUs 17+16)
Request from pid 4798: max_threads=65535, hint_threads=32
Granted 16 threads to pid 4798 (CPUs 1+16)
Request from pid 4800: max_threads=65535, hint_threads=32
Granted 16 threads to pid 4800 (CPUs 17+16)
Request from pid 4798: max_threads=65535, hint_threads=32
Granted 16 threads to pid 4798 (CPUs 1+16)
Request from pid 4800: max_threads=65535, hint_threads=32
Granted 16 threads to pid 4800 (CPUs 17+16)
Request from pid 4798: max_threads=65535, hint_threads=32
Granted 16 threads to pid 4798 (CPUs 1+16)
Request from pid 4800: max_threads=65535, hint_threads=32
Granted 16 threads to pid 4800 (CPUs 17+16)
Request from pid 4798: max_threads=65535, hint_threads=32
Granted 16 threads to pid 4798 (CPUs 1+16)
Request from pid 4800: max_threads=65535, hint_threads=32
Granted 16 threads to pid 4800 (CPUs 17+16)
Request from pid 4798: max_threads=65535, hint_threads=32
Granted 16 threads to pid 4798 (CPUs 1+16)
Request from pid 4800: max_threads=65535, hint_threads=32
Granted 16 threads to pid 4800 (CPUs 17+16)
Request from pid 4798: max_threads=65535, hint_threads=32
Granted 16 threads to pid 4798 (CPUs 1+16)
Request from pid 4800: max_threads=65535, hint_threads=32
Granted 16 threads to pid 4800 (CPUs 17+16)
Request from pid 4798: max_threads=65535, hint_threads=32
Granted 16 threads to pid 4798 (CPUs 1+16)
Request from pid 4800: max_threads=65535, hint_threads=32
Granted 16 threads to pid 4800 (CPUs 17+16)
Request from pid 4798: max_threads=65535, hint_threads=32
Granted 16 threads to pid 4798 (CPUs 1+16)
Request from pid 4800: max_threads=65535, hint_threads=32
Granted 16 threads to pid 4800 (CPUs 17+16)
Request from pid 4798: max_threads=65535, hint_threads=32
Granted 16 threads to pid 4798 (CPUs 1+16)
Request from pid 4800: max_threads=65535, hint_threads=32
Granted 16 threads to pid 4800 (CPUs 17+16)
Request from pid 4798: max_threads=65535, hint_threads=32
Granted 16 threads to pid 4798 (CPUs 1+16)
Request from pid 4800: max_threads=65535, hint_threads=32
Granted 16 threads to pid 4800 (CPUs 17+16)
Request from pid 4798: max_threads=65535, hint_threads=32
Granted 16 threads to pid 4798 (CPUs 1+16)
Request from pid 4800: max_threads=65535, hint_threads=32
Granted 16 threads to pid 4800 (CPUs 17+16)
Request from pid 4798: max_threads=65535, hint_threads=32
Granted 16 threads to pid 4798 (CPUs 1+16)
Request from pid 4800: max_threads=65535, hint_threads=32
Granted 16 threads to pid 4800 (CPUs 17+16)
Request from pid 4798: max_threads=65535, hint_threads=32
Granted 16 threads to pid 4798 (CPUs 1+16)
Request from pid 4800: max_threads=65535, hint_threads=32
Granted 16 threads to pid 4800 (CPUs 17+16)
Request from pid 4798: max_threads=65535, hint_threads=32
Granted 16 threads to pid 4798 (CPUs 1+16)
Request from pid 4800: max_threads=65535, hint_threads=32
Granted 16 threads to pid 4800 (CPUs 17+16)
Request from pid 4798: max_threads=65535, hint_threads=32
Granted 16 threads to pid 4798 (CPUs 1+16)
Request from pid 4800: max_threads=65535, hint_threads=32
Granted 16 threads to pid 4800 (CPUs 17+16)
Request from pid 4798: max_threads=65535, hint_threads=32
Granted 16 threads to pid 4798 (CPUs 1+16)
Request from pid 4800: max_threads=65535, hint_threads=32
Granted 16 threads to pid 4800 (CPUs 17+16)
Request from pid 4798: max_threads=65535, hint_threads=32
Granted 16 threads to pid 4798 (CPUs 1+16)
Request from pid 4800: max_threads=65535, hint_threads=32
Granted 16 threads to pid 4800 (CPUs 17+16)
Request from pid 4798: max_threads=65535, hint_threads=32
Granted 16 threads to pid 4798 (CPUs 1+16)
Request from pid 4800: max_threads=65535, hint_threads=32
Granted 16 threads to pid 4800 (CPUs 17+16)
Request from pid 4798: max_threads=65535, hint_threads=32
Granted 16 threads to pid 4798 (CPUs 1+16)
Request from pid 4800: max_threads=65535, hint_threads=32
Granted 16 threads to pid 4800 (CPUs 17+16)
Request from pid 4798: max_threads=65535, hint_threads=32
Granted 16 threads to pid 4798 (CPUs 1+16)
Request from pid 4800: max_threads=65535, hint_threads=32
Granted 16 threads to pid 4800 (CPUs 17+16)
Request from pid 4798: max_threads=65535, hint_threads=32
Granted 16 threads to pid 4798 (CPUs 1+16)
Request from pid 4800: max_threads=65535, hint_threads=32
Granted 16 threads to pid 4800 (CPUs 17+16)
Request from pid 4798: max_threads=65535, hint_threads=32
Granted 16 threads to pid 4798 (CPUs 1+16)
Request from pid 4800: max_threads=65535, hint_threads=32
Granted 16 threads to pid 4800 (CPUs 17+16)
Request from pid 4798: max_threads=65535, hint_threads=32
Granted 16 threads to pid 4798 (CPUs 1+16)
Request from pid 4800: max_threads=65535, hint_threads=32
Granted 16 threads to pid 4800 (CPUs 17+16)
Request from pid 4798: max_threads=65535, hint_threads=32
Granted 16 threads to pid 4798 (CPUs 1+16)
Read error: Connection reset by peer (os error 104)
Accepted connection
Handling client
Request from pid 4952: max_threads=65535, hint_threads=32
Granted 10 threads to pid 4952 (CPUs 0+0)
Request from pid 4800: max_threads=65535, hint_threads=32
Granted 10 threads to pid 4800 (CPUs 17+10)
Read error: Connection reset by peer (os error 104)
Accepted connection
Handling client
Request from pid 4992: max_threads=65535, hint_threads=32
Granted 8 threads to pid 4992 (CPUs 0+0)
Request from pid 4952: max_threads=65535, hint_threads=32
Granted 8 threads to pid 4952 (CPUs 0+0)
Request from pid 4992: max_threads=65535, hint_threads=32
Granted 8 threads to pid 4992 (CPUs 0+0)
Request from pid 4952: max_threads=65535, hint_threads=32
Granted 8 threads to pid 4952 (CPUs 0+0)
Request from pid 4992: max_threads=65535, hint_threads=32
Granted 8 threads to pid 4992 (CPUs 0+0)
Request from pid 4952: max_threads=65535, hint_threads=32
Granted 8 threads to pid 4952 (CPUs 0+0)
Request from pid 4952: max_threads=65535, hint_threads=32
Granted 8 threads to pid 4952 (CPUs 0+0)
Request from pid 4992: max_threads=65535, hint_threads=32
Granted 8 threads to pid 4992 (CPUs 0+0)
Request from pid 4992: max_threads=65535, hint_threads=32
Granted 8 threads to pid 4992 (CPUs 0+0)
Request from pid 4952: max_threads=65535, hint_threads=32
Granted 8 threads to pid 4952 (CPUs 0+0)
Request from pid 4992: max_threads=65535, hint_threads=32
Granted 8 threads to pid 4992 (CPUs 0+0)
Request from pid 4952: max_threads=65535, hint_threads=32
Granted 8 threads to pid 4952 (CPUs 0+0)
Request from pid 4992: max_threads=65535, hint_threads=32
Granted 8 threads to pid 4992 (CPUs 0+0)
Request from pid 4952: max_threads=65535, hint_threads=32
Granted 8 threads to pid 4952 (CPUs 0+0)
Request from pid 4992: max_threads=65535, hint_threads=32
Granted 8 threads to pid 4992 (CPUs 0+0)
Request from pid 4952: max_threads=65535, hint_threads=32
Granted 8 threads to pid 4952 (CPUs 0+0)
Request from pid 4992: max_threads=65535, hint_threads=32
Granted 8 threads to pid 4992 (CPUs 0+0)
Request from pid 4952: max_threads=65535, hint_threads=32
Granted 8 threads to pid 4952 (CPUs 0+0)
Request from pid 4992: max_threads=65535, hint_threads=32
Granted 8 threads to pid 4992 (CPUs 0+0)
Request from pid 4952: max_threads=65535, hint_threads=32
Granted 8 threads to pid 4952 (CPUs 0+0)
Request from pid 4992: max_threads=65535, hint_threads=32
Granted 8 threads to pid 4992 (CPUs 0+0)
Request from pid 4952: max_threads=65535, hint_threads=32
Granted 8 threads to pid 4952 (CPUs 0+0)
Request from pid 4992: max_threads=65535, hint_threads=32
Granted 8 threads to pid 4992 (CPUs 0+0)
Request from pid 4952: max_threads=65535, hint_threads=32
Granted 8 threads to pid 4952 (CPUs 0+0)
Request from pid 4992: max_threads=65535, hint_threads=32
Granted 8 threads to pid 4992 (CPUs 0+0)
Request from pid 4952: max_threads=65535, hint_threads=32
Granted 8 threads to pid 4952 (CPUs 0+0)
Request from pid 4992: max_threads=65535, hint_threads=32
Granted 8 threads to pid 4992 (CPUs 0+0)
Request from pid 4952: max_threads=65535, hint_threads=32
Granted 8 threads to pid 4952 (CPUs 0+0)
Request from pid 4992: max_threads=65535, hint_threads=32
Granted 8 threads to pid 4992 (CPUs 0+0)
Request from pid 4952: max_threads=65535, hint_threads=32
Granted 8 threads to pid 4952 (CPUs 0+0)
Request from pid 4992: max_threads=65535, hint_threads=32
Granted 8 threads to pid 4992 (CPUs 0+0)
Request from pid 4952: max_threads=65535, hint_threads=32
Granted 10 threads to pid 4952 (CPUs 1+10)
Request from pid 4992: max_threads=65535, hint_threads=32
Granted 16 threads to pid 4992 (CPUs 11+16)
Request from pid 4952: max_threads=65535, hint_threads=32
Granted 16 threads to pid 4952 (CPUs 0+0)
Request from pid 4992: max_threads=65535, hint_threads=32
Granted 16 threads to pid 4992 (CPUs 11+16)
Request from pid 4952: max_threads=65535, hint_threads=32
Granted 16 threads to pid 4952 (CPUs 0+0)
Request from pid 4992: max_threads=65535, hint_threads=32
Granted 16 threads to pid 4992 (CPUs 11+16)
Request from pid 4952: max_threads=65535, hint_threads=32
Granted 16 threads to pid 4952 (CPUs 0+0)
Request from pid 4992: max_threads=65535, hint_threads=32
Granted 16 threads to pid 4992 (CPUs 11+16)
Request from pid 4952: max_threads=65535, hint_threads=32
Granted 16 threads to pid 4952 (CPUs 0+0)
Request from pid 4992: max_threads=65535, hint_threads=32
Granted 16 threads to pid 4992 (CPUs 11+16)
Request from pid 4952: max_threads=65535, hint_threads=32
Granted 16 threads to pid 4952 (CPUs 0+0)
Request from pid 4992: max_threads=65535, hint_threads=32
Granted 16 threads to pid 4992 (CPUs 11+16)
Request from pid 4952: max_threads=65535, hint_threads=32
Granted 16 threads to pid 4952 (CPUs 0+0)
Request from pid 4992: max_threads=65535, hint_threads=32
Granted 16 threads to pid 4992 (CPUs 11+16)
Request from pid 4952: max_threads=65535, hint_threads=32
Granted 16 threads to pid 4952 (CPUs 0+0)
Request from pid 4992: max_threads=65535, hint_threads=32
Granted 16 threads to pid 4992 (CPUs 11+16)
Request from pid 4952: max_threads=65535, hint_threads=32
Granted 16 threads to pid 4952 (CPUs 0+0)
Request from pid 4992: max_threads=65535, hint_threads=32
Granted 16 threads to pid 4992 (CPUs 11+16)
Request from pid 4952: max_threads=65535, hint_threads=32
Granted 16 threads to pid 4952 (CPUs 0+0)
Request from pid 4992: max_threads=65535, hint_threads=32
Granted 16 threads to pid 4992 (CPUs 11+16)
Request from pid 4952: max_threads=65535, hint_threads=32
Granted 16 threads to pid 4952 (CPUs 0+0)
Request from pid 4992: max_threads=65535, hint_threads=32
Granted 16 threads to pid 4992 (CPUs 11+16)
Request from pid 4952: max_threads=65535, hint_threads=32
Granted 16 threads to pid 4952 (CPUs 0+0)
Request from pid 4992: max_threads=65535, hint_threads=32
Granted 16 threads to pid 4992 (CPUs 11+16)
Request from pid 4952: max_threads=65535, hint_threads=32
Granted 16 threads to pid 4952 (CPUs 0+0)
Request from pid 4992: max_threads=65535, hint_threads=32
Granted 16 threads to pid 4992 (CPUs 11+16)
Request from pid 4952: max_threads=65535, hint_threads=32
Granted 16 threads to pid 4952 (CPUs 0+0)
Request from pid 4992: max_threads=65535, hint_threads=32
Granted 16 threads to pid 4992 (CPUs 11+16)
Request from pid 4952: max_threads=65535, hint_threads=32
Granted 16 threads to pid 4952 (CPUs 0+0)
Request from pid 4992: max_threads=65535, hint_threads=32
Granted 16 threads to pid 4992 (CPUs 11+16)
Request from pid 4952: max_threads=65535, hint_threads=32
Granted 16 threads to pid 4952 (CPUs 0+0)
Request from pid 4992: max_threads=65535, hint_threads=32
Granted 16 threads to pid 4992 (CPUs 11+16)
Request from pid 4952: max_threads=65535, hint_threads=32
Granted 16 threads to pid 4952 (CPUs 0+0)
Request from pid 4992: max_threads=65535, hint_threads=32
Granted 16 threads to pid 4992 (CPUs 11+16)
Request from pid 4952: max_threads=65535, hint_threads=32
Granted 16 threads to pid 4952 (CPUs 0+0)
Request from pid 4992: max_threads=65535, hint_threads=32
Granted 16 threads to pid 4992 (CPUs 11+16)
Request from pid 4952: max_threads=65535, hint_threads=32
Granted 16 threads to pid 4952 (CPUs 0+0)
Request from pid 4992: max_threads=65535, hint_threads=32
Granted 16 threads to pid 4992 (CPUs 11+16)
Request from pid 4952: max_threads=65535, hint_threads=32
Granted 16 threads to pid 4952 (CPUs 0+0)
Request from pid 4992: max_threads=65535, hint_threads=32
Granted 16 threads to pid 4992 (CPUs 11+16)
Request from pid 4952: max_threads=65535, hint_threads=32
Granted 16 threads to pid 4952 (CPUs 0+0)
Request from pid 4992: max_threads=65535, hint_threads=32
Granted 16 threads to pid 4992 (CPUs 11+16)
Request from pid 4952: max_threads=65535, hint_threads=32
Granted 16 threads to pid 4952 (CPUs 0+0)
Request from pid 4992: max_threads=65535, hint_threads=32
Granted 16 threads to pid 4992 (CPUs 11+16)
Request from pid 4952: max_threads=65535, hint_threads=32
Granted 16 threads to pid 4952 (CPUs 0+0)
Request from pid 4992: max_threads=65535, hint_threads=32
Granted 16 threads to pid 4992 (CPUs 11+16)
Request from pid 4952: max_threads=65535, hint_threads=32
Granted 16 threads to pid 4952 (CPUs 0+0)
Request from pid 4992: max_threads=65535, hint_threads=32
Granted 16 threads to pid 4992 (CPUs 11+16)
Request from pid 4952: max_threads=65535, hint_threads=32
Granted 16 threads to pid 4952 (CPUs 0+0)
Request from pid 4992: max_threads=65535, hint_threads=32
Granted 16 threads to pid 4992 (CPUs 11+16)
Request from pid 4952: max_threads=65535, hint_threads=32
Granted 16 threads to pid 4952 (CPUs 0+0)
Request from pid 4992: max_threads=65535, hint_threads=32
Granted 16 threads to pid 4992 (CPUs 11+16)
Request from pid 4952: max_threads=65535, hint_threads=32
Granted 16 threads to pid 4952 (CPUs 0+0)
Request from pid 4992: max_threads=65535, hint_threads=32
Granted 16 threads to pid 4992 (CPUs 11+16)
Request from pid 4952: max_threads=65535, hint_threads=32
Granted 16 threads to pid 4952 (CPUs 0+0)
Request from pid 4992: max_threads=65535, hint_threads=32
Granted 16 threads to pid 4992 (CPUs 11+16)
Request from pid 4952: max_threads=65535, hint_threads=32
Granted 16 threads to pid 4952 (CPUs 0+0)
Request from pid 4992: max_threads=65535, hint_threads=32
Granted 16 threads to pid 4992 (CPUs 11+16)
Request from pid 4952: max_threads=65535, hint_threads=32
Granted 16 threads to pid 4952 (CPUs 0+0)
Request from pid 4992: max_threads=65535, hint_threads=32
Granted 16 threads to pid 4992 (CPUs 11+16)
Request from pid 4952: max_threads=65535, hint_threads=32
Granted 16 threads to pid 4952 (CPUs 0+0)
Request from pid 4992: max_threads=65535, hint_threads=32
Granted 16 threads to pid 4992 (CPUs 11+16)
Read error: Connection reset by peer (os error 104)
Read error: Connection reset by peer (os error 104)
Accepted connection
Handling client
Request from pid 5118: max_threads=65535, hint_threads=32
Granted 10 threads to pid 5118 (CPUs 1+10)
Accepted connection
Handling client
Request from pid 5120: max_threads=65535, hint_threads=32
Granted 8 threads to pid 5120 (CPUs 0+0)
Request from pid 5120: max_threads=65535, hint_threads=32
Granted 8 threads to pid 5120 (CPUs 0+0)
Request from pid 5118: max_threads=65535, hint_threads=32
Granted 8 threads to pid 5118 (CPUs 1+8)
Request from pid 5118: max_threads=65535, hint_threads=32
Granted 8 threads to pid 5118 (CPUs 1+8)
Request from pid 5120: max_threads=65535, hint_threads=32
Granted 8 threads to pid 5120 (CPUs 0+0)
Request from pid 5118: max_threads=65535, hint_threads=32
Granted 8 threads to pid 5118 (CPUs 1+8)
Request from pid 5120: max_threads=65535, hint_threads=32
Granted 8 threads to pid 5120 (CPUs 0+0)
Request from pid 5118: max_threads=65535, hint_threads=32
Granted 8 threads to pid 5118 (CPUs 1+8)
Request from pid 5120: max_threads=65535, hint_threads=32
Granted 8 threads to pid 5120 (CPUs 0+0)
Request from pid 5118: max_threads=65535, hint_threads=32
Granted 8 threads to pid 5118 (CPUs 1+8)
Request from pid 5120: max_threads=65535, hint_threads=32
Granted 8 threads to pid 5120 (CPUs 0+0)
Request from pid 5118: max_threads=65535, hint_threads=32
Granted 8 threads to pid 5118 (CPUs 1+8)
Request from pid 5120: max_threads=65535, hint_threads=32
Granted 8 threads to pid 5120 (CPUs 0+0)
Request from pid 5118: max_threads=65535, hint_threads=32
Granted 8 threads to pid 5118 (CPUs 1+8)
Request from pid 5120: max_threads=65535, hint_threads=32
Granted 8 threads to pid 5120 (CPUs 0+0)
Request from pid 5118: max_threads=65535, hint_threads=32
Granted 8 threads to pid 5118 (CPUs 1+8)
Request from pid 5120: max_threads=65535, hint_threads=32
Granted 8 threads to pid 5120 (CPUs 0+0)
Request from pid 5118: max_threads=65535, hint_threads=32
Granted 8 threads to pid 5118 (CPUs 1+8)
Request from pid 5120: max_threads=65535, hint_threads=32
Granted 8 threads to pid 5120 (CPUs 0+0)
Request from pid 5118: max_threads=65535, hint_threads=32
Granted 8 threads to pid 5118 (CPUs 1+8)
Request from pid 5120: max_threads=65535, hint_threads=32
Granted 8 threads to pid 5120 (CPUs 0+0)
Request from pid 5118: max_threads=65535, hint_threads=32
Granted 8 threads to pid 5118 (CPUs 1+8)
Request from pid 5120: max_threads=65535, hint_threads=32
Granted 8 threads to pid 5120 (CPUs 0+0)
Request from pid 5118: max_threads=65535, hint_threads=32
Granted 8 threads to pid 5118 (CPUs 1+8)
Request from pid 5120: max_threads=65535, hint_threads=32
Granted 8 threads to pid 5120 (CPUs 0+0)
Request from pid 5118: max_threads=65535, hint_threads=32
Granted 8 threads to pid 5118 (CPUs 1+8)
Request from pid 5120: max_threads=65535, hint_threads=32
Granted 8 threads to pid 5120 (CPUs 0+0)
Request from pid 5118: max_threads=65535, hint_threads=32
Granted 8 threads to pid 5118 (CPUs 1+8)
Request from pid 5120: max_threads=65535, hint_threads=32
Granted 8 threads to pid 5120 (CPUs 0+0)
Request from pid 5118: max_threads=65535, hint_threads=32
Granted 8 threads to pid 5118 (CPUs 1+8)
Request from pid 5120: max_threads=65535, hint_threads=32
Granted 8 threads to pid 5120 (CPUs 0+0)
Request from pid 5118: max_threads=65535, hint_threads=32
Granted 16 threads to pid 5118 (CPUs 1+16)
Request from pid 5120: max_threads=65535, hint_threads=32
Granted 16 threads to pid 5120 (CPUs 17+16)
Request from pid 5118: max_threads=65535, hint_threads=32
Granted 16 threads to pid 5118 (CPUs 1+16)
Request from pid 5120: max_threads=65535, hint_threads=32
Granted 16 threads to pid 5120 (CPUs 17+16)
Request from pid 5118: max_threads=65535, hint_threads=32
Granted 16 threads to pid 5118 (CPUs 1+16)
Request from pid 5120: max_threads=65535, hint_threads=32
Granted 16 threads to pid 5120 (CPUs 17+16)
Request from pid 5118: max_threads=65535, hint_threads=32
Granted 16 threads to pid 5118 (CPUs 1+16)
Request from pid 5120: max_threads=65535, hint_threads=32
Granted 16 threads to pid 5120 (CPUs 17+16)
Request from pid 5118: max_threads=65535, hint_threads=32
Granted 16 threads to pid 5118 (CPUs 1+16)
Request from pid 5120: max_threads=65535, hint_threads=32
Granted 16 threads to pid 5120 (CPUs 17+16)
Request from pid 5118: max_threads=65535, hint_threads=32
Granted 16 threads to pid 5118 (CPUs 1+16)
Request from pid 5120: max_threads=65535, hint_threads=32
Granted 16 threads to pid 5120 (CPUs 17+16)
Request from pid 5118: max_threads=65535, hint_threads=32
Granted 16 threads to pid 5118 (CPUs 1+16)
Request from pid 5120: max_threads=65535, hint_threads=32
Granted 16 threads to pid 5120 (CPUs 17+16)
Request from pid 5118: max_threads=65535, hint_threads=32
Granted 16 threads to pid 5118 (CPUs 1+16)
Request from pid 5120: max_threads=65535, hint_threads=32
Granted 16 threads to pid 5120 (CPUs 17+16)
Request from pid 5118: max_threads=65535, hint_threads=32
Granted 16 threads to pid 5118 (CPUs 1+16)
Request from pid 5120: max_threads=65535, hint_threads=32
Granted 16 threads to pid 5120 (CPUs 17+16)
Request from pid 5118: max_threads=65535, hint_threads=32
Granted 16 threads to pid 5118 (CPUs 1+16)
Request from pid 5118: max_threads=65535, hint_threads=32
Granted 16 threads to pid 5118 (CPUs 1+16)
Request from pid 5120: max_threads=65535, hint_threads=32
Granted 16 threads to pid 5120 (CPUs 17+16)
Request from pid 5120: max_threads=65535, hint_threads=32
Granted 16 threads to pid 5120 (CPUs 17+16)
Request from pid 5118: max_threads=65535, hint_threads=32
Granted 16 threads to pid 5118 (CPUs 1+16)
Request from pid 5118: max_threads=65535, hint_threads=32
Granted 16 threads to pid 5118 (CPUs 1+16)
Request from pid 5120: max_threads=65535, hint_threads=32
Granted 16 threads to pid 5120 (CPUs 17+16)
Request from pid 5120: max_threads=65535, hint_threads=32
Granted 16 threads to pid 5120 (CPUs 17+16)
Request from pid 5118: max_threads=65535, hint_threads=32
Granted 16 threads to pid 5118 (CPUs 1+16)
Request from pid 5118: max_threads=65535, hint_threads=32
Granted 16 threads to pid 5118 (CPUs 1+16)
Request from pid 5120: max_threads=65535, hint_threads=32
Granted 16 threads to pid 5120 (CPUs 17+16)
Request from pid 5120: max_threads=65535, hint_threads=32
Granted 16 threads to pid 5120 (CPUs 17+16)
Request from pid 5118: max_threads=65535, hint_threads=32
Granted 16 threads to pid 5118 (CPUs 1+16)
Request from pid 5118: max_threads=65535, hint_threads=32
Granted 16 threads to pid 5118 (CPUs 1+16)
Request from pid 5120: max_threads=65535, hint_threads=32
Granted 16 threads to pid 5120 (CPUs 17+16)
Request from pid 5120: max_threads=65535, hint_threads=32
Granted 16 threads to pid 5120 (CPUs 17+16)
Request from pid 5118: max_threads=65535, hint_threads=32
Granted 16 threads to pid 5118 (CPUs 1+16)
Request from pid 5118: max_threads=65535, hint_threads=32
Granted 16 threads to pid 5118 (CPUs 1+16)
Request from pid 5120: max_threads=65535, hint_threads=32
Granted 16 threads to pid 5120 (CPUs 17+16)
Request from pid 5120: max_threads=65535, hint_threads=32
Granted 16 threads to pid 5120 (CPUs 17+16)
Request from pid 5118: max_threads=65535, hint_threads=32
Granted 16 threads to pid 5118 (CPUs 1+16)
Request from pid 5118: max_threads=65535, hint_threads=32
Granted 16 threads to pid 5118 (CPUs 1+16)
Request from pid 5120: max_threads=65535, hint_threads=32
Granted 16 threads to pid 5120 (CPUs 17+16)
Request from pid 5120: max_threads=65535, hint_threads=32
Granted 16 threads to pid 5120 (CPUs 17+16)
Request from pid 5118: max_threads=65535, hint_threads=32
Granted 16 threads to pid 5118 (CPUs 1+16)
Request from pid 5118: max_threads=65535, hint_threads=32
Granted 16 threads to pid 5118 (CPUs 1+16)
Request from pid 5120: max_threads=65535, hint_threads=32
Granted 16 threads to pid 5120 (CPUs 17+16)
Request from pid 5120: max_threads=65535, hint_threads=32
Granted 16 threads to pid 5120 (CPUs 17+16)
Request from pid 5118: max_threads=65535, hint_threads=32
Granted 16 threads to pid 5118 (CPUs 1+16)
Request from pid 5118: max_threads=65535, hint_threads=32
Granted 16 threads to pid 5118 (CPUs 1+16)
Request from pid 5120: max_threads=65535, hint_threads=32
Granted 16 threads to pid 5120 (CPUs 17+16)
Request from pid 5120: max_threads=65535, hint_threads=32
Granted 16 threads to pid 5120 (CPUs 17+16)
Request from pid 5118: max_threads=65535, hint_threads=32
Granted 16 threads to pid 5118 (CPUs 1+16)
Request from pid 5118: max_threads=65535, hint_threads=32
Granted 16 threads to pid 5118 (CPUs 1+16)
Request from pid 5120: max_threads=65535, hint_threads=32
Granted 16 threads to pid 5120 (CPUs 17+16)
Request from pid 5120: max_threads=65535, hint_threads=32
Granted 16 threads to pid 5120 (CPUs 17+16)
Request from pid 5118: max_threads=65535, hint_threads=32
Granted 16 threads to pid 5118 (CPUs 1+16)
Request from pid 5118: max_threads=65535, hint_threads=32
Granted 16 threads to pid 5118 (CPUs 1+16)
Request from pid 5120: max_threads=65535, hint_threads=32
Granted 16 threads to pid 5120 (CPUs 17+16)
Request from pid 5118: max_threads=65535, hint_threads=32
Granted 16 threads to pid 5118 (CPUs 1+16)
Request from pid 5120: max_threads=65535, hint_threads=32
Granted 16 threads to pid 5120 (CPUs 17+16)
Request from pid 5118: max_threads=65535, hint_threads=32
Granted 16 threads to pid 5118 (CPUs 1+16)
Read error: Connection reset by peer (os error 104)
Accepted connection
Handling client
Request from pid 5292: max_threads=65535, hint_threads=32
Granted 10 threads to pid 5292 (CPUs 0+0)
Request from pid 5120: max_threads=65535, hint_threads=32
Granted 10 threads to pid 5120 (CPUs 17+10)
Request from pid 5292: max_threads=65535, hint_threads=32
Granted 10 threads to pid 5292 (CPUs 0+0)
Request from pid 5120: max_threads=65535, hint_threads=32
Granted 10 threads to pid 5120 (CPUs 17+10)
Read error: Connection reset by peer (os error 104)
Accepted connection
Handling client
Request from pid 5334: max_threads=65535, hint_threads=32
Granted 8 threads to pid 5334 (CPUs 0+0)
Request from pid 5292: max_threads=65535, hint_threads=32
Granted 8 threads to pid 5292 (CPUs 0+0)
Request from pid 5334: max_threads=65535, hint_threads=32
Granted 8 threads to pid 5334 (CPUs 0+0)
Request from pid 5334: max_threads=65535, hint_threads=32
Granted 8 threads to pid 5334 (CPUs 0+0)
Request from pid 5292: max_threads=65535, hint_threads=32
Granted 8 threads to pid 5292 (CPUs 0+0)
Request from pid 5292: max_threads=65535, hint_threads=32
Granted 8 threads to pid 5292 (CPUs 0+0)
Request from pid 5334: max_threads=65535, hint_threads=32
Granted 8 threads to pid 5334 (CPUs 0+0)
Request from pid 5334: max_threads=65535, hint_threads=32
Granted 8 threads to pid 5334 (CPUs 0+0)
Request from pid 5292: max_threads=65535, hint_threads=32
Granted 8 threads to pid 5292 (CPUs 0+0)
Request from pid 5292: max_threads=65535, hint_threads=32
Granted 8 threads to pid 5292 (CPUs 0+0)
Request from pid 5334: max_threads=65535, hint_threads=32
Granted 8 threads to pid 5334 (CPUs 0+0)
Request from pid 5334: max_threads=65535, hint_threads=32
Granted 8 threads to pid 5334 (CPUs 0+0)
Request from pid 5292: max_threads=65535, hint_threads=32
Granted 8 threads to pid 5292 (CPUs 0+0)
Request from pid 5292: max_threads=65535, hint_threads=32
Granted 8 threads to pid 5292 (CPUs 0+0)
Request from pid 5334: max_threads=65535, hint_threads=32
Granted 8 threads to pid 5334 (CPUs 0+0)
Request from pid 5334: max_threads=65535, hint_threads=32
Granted 8 threads to pid 5334 (CPUs 0+0)
Request from pid 5292: max_threads=65535, hint_threads=32
Granted 8 threads to pid 5292 (CPUs 0+0)
Request from pid 5292: max_threads=65535, hint_threads=32
Granted 8 threads to pid 5292 (CPUs 0+0)
Request from pid 5334: max_threads=65535, hint_threads=32
Granted 8 threads to pid 5334 (CPUs 0+0)
Request from pid 5334: max_threads=65535, hint_threads=32
Granted 8 threads to pid 5334 (CPUs 0+0)
Request from pid 5292: max_threads=65535, hint_threads=32
Granted 8 threads to pid 5292 (CPUs 0+0)
Request from pid 5292: max_threads=65535, hint_threads=32
Granted 8 threads to pid 5292 (CPUs 0+0)
Request from pid 5334: max_threads=65535, hint_threads=32
Granted 8 threads to pid 5334 (CPUs 0+0)
Request from pid 5334: max_threads=65535, hint_threads=32
Granted 8 threads to pid 5334 (CPUs 0+0)
Request from pid 5292: max_threads=65535, hint_threads=32
Granted 8 threads to pid 5292 (CPUs 0+0)
Request from pid 5292: max_threads=65535, hint_threads=32
Granted 8 threads to pid 5292 (CPUs 0+0)
Request from pid 5334: max_threads=65535, hint_threads=32
Granted 8 threads to pid 5334 (CPUs 0+0)
Request from pid 5334: max_threads=65535, hint_threads=32
Granted 8 threads to pid 5334 (CPUs 0+0)
Request from pid 5292: max_threads=65535, hint_threads=32
Granted 8 threads to pid 5292 (CPUs 0+0)
Request from pid 5292: max_threads=65535, hint_threads=32
Granted 10 threads to pid 5292 (CPUs 1+10)
Request from pid 5334: max_threads=65535, hint_threads=32
Granted 10 threads to pid 5334 (CPUs 0+0)
Request from pid 5334: max_threads=65535, hint_threads=32
Granted 16 threads to pid 5334 (CPUs 11+16)
Request from pid 5292: max_threads=65535, hint_threads=32
Granted 16 threads to pid 5292 (CPUs 0+0)
Request from pid 5334: max_threads=65535, hint_threads=32
Granted 16 threads to pid 5334 (CPUs 11+16)
Request from pid 5292: max_threads=65535, hint_threads=32
Granted 16 threads to pid 5292 (CPUs 0+0)
Request from pid 5334: max_threads=65535, hint_threads=32
Granted 16 threads to pid 5334 (CPUs 11+16)
Request from pid 5292: max_threads=65535, hint_threads=32
Granted 16 threads to pid 5292 (CPUs 0+0)
Request from pid 5334: max_threads=65535, hint_threads=32
Granted 16 threads to pid 5334 (CPUs 11+16)
Request from pid 5292: max_threads=65535, hint_threads=32
Granted 16 threads to pid 5292 (CPUs 0+0)
Request from pid 5334: max_threads=65535, hint_threads=32
Granted 16 threads to pid 5334 (CPUs 11+16)
Request from pid 5292: max_threads=65535, hint_threads=32
Granted 16 threads to pid 5292 (CPUs 0+0)
Request from pid 5334: max_threads=65535, hint_threads=32
Granted 16 threads to pid 5334 (CPUs 11+16)
Request from pid 5292: max_threads=65535, hint_threads=32
Granted 16 threads to pid 5292 (CPUs 0+0)
Request from pid 5334: max_threads=65535, hint_threads=32
Granted 16 threads to pid 5334 (CPUs 11+16)
Request from pid 5292: max_threads=65535, hint_threads=32
Granted 16 threads to pid 5292 (CPUs 0+0)
Request from pid 5334: max_threads=65535, hint_threads=32
Granted 16 threads to pid 5334 (CPUs 11+16)
Request from pid 5292: max_threads=65535, hint_threads=32
Granted 16 threads to pid 5292 (CPUs 0+0)
Request from pid 5334: max_threads=65535, hint_threads=32
Granted 16 threads to pid 5334 (CPUs 11+16)
Request from pid 5292: max_threads=65535, hint_threads=32
Granted 16 threads to pid 5292 (CPUs 0+0)
Request from pid 5334: max_threads=65535, hint_threads=32
Granted 16 threads to pid 5334 (CPUs 11+16)
Request from pid 5292: max_threads=65535, hint_threads=32
Granted 16 threads to pid 5292 (CPUs 0+0)
Request from pid 5334: max_threads=65535, hint_threads=32
Granted 16 threads to pid 5334 (CPUs 11+16)
Request from pid 5292: max_threads=65535, hint_threads=32
Granted 16 threads to pid 5292 (CPUs 0+0)
Request from pid 5334: max_threads=65535, hint_threads=32
Granted 16 threads to pid 5334 (CPUs 11+16)
Request from pid 5292: max_threads=65535, hint_threads=32
Granted 16 threads to pid 5292 (CPUs 0+0)
Request from pid 5334: max_threads=65535, hint_threads=32
Granted 16 threads to pid 5334 (CPUs 11+16)
Request from pid 5292: max_threads=65535, hint_threads=32
Granted 16 threads to pid 5292 (CPUs 0+0)
Request from pid 5334: max_threads=65535, hint_threads=32
Granted 16 threads to pid 5334 (CPUs 11+16)
Request from pid 5292: max_threads=65535, hint_threads=32
Granted 16 threads to pid 5292 (CPUs 0+0)
Request from pid 5334: max_threads=65535, hint_threads=32
Granted 16 threads to pid 5334 (CPUs 11+16)
Request from pid 5292: max_threads=65535, hint_threads=32
Granted 16 threads to pid 5292 (CPUs 0+0)
Request from pid 5334: max_threads=65535, hint_threads=32
Granted 16 threads to pid 5334 (CPUs 11+16)
Request from pid 5292: max_threads=65535, hint_threads=32
Granted 16 threads to pid 5292 (CPUs 0+0)
Request from pid 5334: max_threads=65535, hint_threads=32
Granted 16 threads to pid 5334 (CPUs 11+16)
Request from pid 5292: max_threads=65535, hint_threads=32
Granted 16 threads to pid 5292 (CPUs 0+0)
Request from pid 5334: max_threads=65535, hint_threads=32
Granted 16 threads to pid 5334 (CPUs 11+16)
Request from pid 5292: max_threads=65535, hint_threads=32
Granted 16 threads to pid 5292 (CPUs 0+0)
Request from pid 5334: max_threads=65535, hint_threads=32
Granted 16 threads to pid 5334 (CPUs 11+16)
Request from pid 5292: max_threads=65535, hint_threads=32
Granted 16 threads to pid 5292 (CPUs 0+0)
Request from pid 5334: max_threads=65535, hint_threads=32
Granted 16 threads to pid 5334 (CPUs 11+16)
Request from pid 5292: max_threads=65535, hint_threads=32
Granted 16 threads to pid 5292 (CPUs 0+0)
Request from pid 5334: max_threads=65535, hint_threads=32
Granted 16 threads to pid 5334 (CPUs 11+16)
Request from pid 5292: max_threads=65535, hint_threads=32
Granted 16 threads to pid 5292 (CPUs 0+0)
Request from pid 5334: max_threads=65535, hint_threads=32
Granted 16 threads to pid 5334 (CPUs 11+16)
Request from pid 5292: max_threads=65535, hint_threads=32
Granted 16 threads to pid 5292 (CPUs 0+0)
Request from pid 5334: max_threads=65535, hint_threads=32
Granted 16 threads to pid 5334 (CPUs 11+16)
Request from pid 5292: max_threads=65535, hint_threads=32
Granted 16 threads to pid 5292 (CPUs 0+0)
Request from pid 5334: max_threads=65535, hint_threads=32
Granted 16 threads to pid 5334 (CPUs 11+16)
Request from pid 5292: max_threads=65535, hint_threads=32
Granted 16 threads to pid 5292 (CPUs 0+0)
Request from pid 5334: max_threads=65535, hint_threads=32
Granted 16 threads to pid 5334 (CPUs 11+16)
Request from pid 5292: max_threads=65535, hint_threads=32
Granted 16 threads to pid 5292 (CPUs 0+0)
Request from pid 5334: max_threads=65535, hint_threads=32
Granted 16 threads to pid 5334 (CPUs 11+16)
Request from pid 5292: max_threads=65535, hint_threads=32
Granted 16 threads to pid 5292 (CPUs 0+0)
Request from pid 5334: max_threads=65535, hint_threads=32
Granted 16 threads to pid 5334 (CPUs 11+16)
Request from pid 5292: max_threads=65535, hint_threads=32
Granted 16 threads to pid 5292 (CPUs 0+0)
Request from pid 5334: max_threads=65535, hint_threads=32
Granted 16 threads to pid 5334 (CPUs 11+16)
Request from pid 5292: max_threads=65535, hint_threads=32
Granted 16 threads to pid 5292 (CPUs 0+0)
Request from pid 5334: max_threads=65535, hint_threads=32
Granted 16 threads to pid 5334 (CPUs 11+16)
Request from pid 5292: max_threads=65535, hint_threads=32
Granted 16 threads to pid 5292 (CPUs 0+0)
Request from pid 5334: max_threads=65535, hint_threads=32
Granted 16 threads to pid 5334 (CPUs 11+16)
Request from pid 5292: max_threads=65535, hint_threads=32
Granted 16 threads to pid 5292 (CPUs 0+0)
Read error: Connection reset by peer (os error 104)
Request from pid 5334: max_threads=65535, hint_threads=32
Granted 16 threads to pid 5334 (CPUs 11+16)
Read error: Connection reset by peer (os error 104)
Accepted connection
Handling client
Request from pid 5462: max_threads=65535, hint_threads=32
Granted 10 threads to pid 5462 (CPUs 1+10)
Request from pid 5462: max_threads=65535, hint_threads=32
Granted 10 threads to pid 5462 (CPUs 1+10)
Request from pid 5462: max_threads=65535, hint_threads=32
Granted 10 threads to pid 5462 (CPUs 1+10)
Request from pid 5462: max_threads=65535, hint_threads=32
Granted 10 threads to pid 5462 (CPUs 1+10)
Request from pid 5462: max_threads=65535, hint_threads=32
Granted 10 threads to pid 5462 (CPUs 1+10)
Request from pid 5462: max_threads=65535, hint_threads=32
Granted 10 threads to pid 5462 (CPUs 1+10)
Request from pid 5462: max_threads=65535, hint_threads=32
Granted 10 threads to pid 5462 (CPUs 1+10)
Request from pid 5462: max_threads=65535, hint_threads=32
Granted 10 threads to pid 5462 (CPUs 1+10)
Request from pid 5462: max_threads=65535, hint_threads=32
Granted 10 threads to pid 5462 (CPUs 1+10)
Request from pid 5462: max_threads=65535, hint_threads=32
Granted 10 threads to pid 5462 (CPUs 1+10)
Request from pid 5462: max_threads=65535, hint_threads=32
Granted 10 threads to pid 5462 (CPUs 1+10)
Request from pid 5462: max_threads=65535, hint_threads=32
Granted 10 threads to pid 5462 (CPUs 1+10)
Request from pid 5462: max_threads=65535, hint_threads=32
Granted 10 threads to pid 5462 (CPUs 1+10)
Request from pid 5462: max_threads=65535, hint_threads=32
Granted 10 threads to pid 5462 (CPUs 1+10)
Request from pid 5462: max_threads=65535, hint_threads=32
Granted 10 threads to pid 5462 (CPUs 1+10)
Request from pid 5462: max_threads=65535, hint_threads=32
Granted 10 threads to pid 5462 (CPUs 1+10)
Request from pid 5462: max_threads=65535, hint_threads=32
Granted 10 threads to pid 5462 (CPUs 1+10)
Request from pid 5462: max_threads=65535, hint_threads=32
Granted 10 threads to pid 5462 (CPUs 1+10)
Request from pid 5462: max_threads=65535, hint_threads=32
Granted 10 threads to pid 5462 (CPUs 1+10)
Request from pid 5462: max_threads=65535, hint_threads=32
Granted 10 threads to pid 5462 (CPUs 1+10)
Request from pid 5462: max_threads=65535, hint_threads=32
Granted 10 threads to pid 5462 (CPUs 1+10)
Request from pid 5462: max_threads=65535, hint_threads=32
Granted 32 threads to pid 5462 (CPUs 1+32)
Request from pid 5462: max_threads=65535, hint_threads=32
Granted 32 threads to pid 5462 (CPUs 1+32)
Request from pid 5462: max_threads=65535, hint_threads=32
Granted 32 threads to pid 5462 (CPUs 1+32)
Request from pid 5462: max_threads=65535, hint_threads=32
Granted 32 threads to pid 5462 (CPUs 1+32)
Request from pid 5462: max_threads=65535, hint_threads=32
Granted 32 threads to pid 5462 (CPUs 1+32)
Request from pid 5462: max_threads=65535, hint_threads=32
Granted 32 threads to pid 5462 (CPUs 1+32)
Request from pid 5462: max_threads=65535, hint_threads=32
Granted 32 threads to pid 5462 (CPUs 1+32)
Request from pid 5462: max_threads=65535, hint_threads=32
Granted 32 threads to pid 5462 (CPUs 1+32)
Request from pid 5462: max_threads=65535, hint_threads=32
Granted 32 threads to pid 5462 (CPUs 1+32)
Request from pid 5462: max_threads=65535, hint_threads=32
Granted 32 threads to pid 5462 (CPUs 1+32)
Request from pid 5462: max_threads=65535, hint_threads=32
Granted 32 threads to pid 5462 (CPUs 1+32)
Request from pid 5462: max_threads=65535, hint_threads=32
Granted 32 threads to pid 5462 (CPUs 1+32)
Request from pid 5462: max_threads=65535, hint_threads=32
Granted 32 threads to pid 5462 (CPUs 1+32)
Request from pid 5462: max_threads=65535, hint_threads=32
Granted 32 threads to pid 5462 (CPUs 1+32)
Request from pid 5462: max_threads=65535, hint_threads=32
Granted 32 threads to pid 5462 (CPUs 1+32)
Request from pid 5462: max_threads=65535, hint_threads=32
Granted 32 threads to pid 5462 (CPUs 1+32)
Request from pid 5462: max_threads=65535, hint_threads=32
Granted 32 threads to pid 5462 (CPUs 1+32)
Request from pid 5462: max_threads=65535, hint_threads=32
Granted 32 threads to pid 5462 (CPUs 1+32)
Request from pid 5462: max_threads=65535, hint_threads=32
Granted 32 threads to pid 5462 (CPUs 1+32)
Request from pid 5462: max_threads=65535, hint_threads=32
Granted 32 threads to pid 5462 (CPUs 1+32)
Request from pid 5462: max_threads=65535, hint_threads=32
Granted 32 threads to pid 5462 (CPUs 1+32)
Request from pid 5462: max_threads=65535, hint_threads=32
Granted 32 threads to pid 5462 (CPUs 1+32)
Request from pid 5462: max_threads=65535, hint_threads=32
Granted 32 threads to pid 5462 (CPUs 1+32)
Request from pid 5462: max_threads=65535, hint_threads=32
Granted 32 threads to pid 5462 (CPUs 1+32)
Request from pid 5462: max_threads=65535, hint_threads=32
Granted 32 threads to pid 5462 (CPUs 1+32)
Request from pid 5462: max_threads=65535, hint_threads=32
Granted 32 threads to pid 5462 (CPUs 1+32)
Read error: Connection reset by peer (os error 104)
Accepted connection
Handling client
Request from pid 5510: max_threads=65535, hint_threads=32
Granted 16 threads to pid 5510 (CPUs 0+0)
Request from pid 5510: max_threads=65535, hint_threads=32
Granted 16 threads to pid 5510 (CPUs 0+0)
Request from pid 5510: max_threads=65535, hint_threads=32
Granted 16 threads to pid 5510 (CPUs 0+0)
Request from pid 5510: max_threads=65535, hint_threads=32
Granted 16 threads to pid 5510 (CPUs 0+0)
Request from pid 5510: max_threads=65535, hint_threads=32
Granted 16 threads to pid 5510 (CPUs 0+0)
Request from pid 5510: max_threads=65535, hint_threads=32
Granted 16 threads to pid 5510 (CPUs 0+0)
Request from pid 5510: max_threads=65535, hint_threads=32
Granted 16 threads to pid 5510 (CPUs 0+0)
Request from pid 5510: max_threads=65535, hint_threads=32
Granted 16 threads to pid 5510 (CPUs 0+0)
Request from pid 5510: max_threads=65535, hint_threads=32
Granted 16 threads to pid 5510 (CPUs 0+0)
Request from pid 5510: max_threads=65535, hint_threads=32
Granted 16 threads to pid 5510 (CPUs 0+0)
Request from pid 5510: max_threads=65535, hint_threads=32
Granted 16 threads to pid 5510 (CPUs 0+0)
Request from pid 5510: max_threads=65535, hint_threads=32
Granted 16 threads to pid 5510 (CPUs 0+0)
Request from pid 5510: max_threads=65535, hint_threads=32
Granted 16 threads to pid 5510 (CPUs 0+0)
Request from pid 5510: max_threads=65535, hint_threads=32
Granted 16 threads to pid 5510 (CPUs 0+0)
Request from pid 5510: max_threads=65535, hint_threads=32
Granted 16 threads to pid 5510 (CPUs 0+0)
Request from pid 5510: max_threads=65535, hint_threads=32
Granted 16 threads to pid 5510 (CPUs 0+0)
Request from pid 5510: max_threads=65535, hint_threads=32
Granted 16 threads to pid 5510 (CPUs 0+0)
Request from pid 5510: max_threads=65535, hint_threads=32
Granted 16 threads to pid 5510 (CPUs 0+0)
Request from pid 5510: max_threads=65535, hint_threads=32
Granted 16 threads to pid 5510 (CPUs 0+0)
Request from pid 5510: max_threads=65535, hint_threads=32
Granted 16 threads to pid 5510 (CPUs 0+0)
Request from pid 5510: max_threads=65535, hint_threads=32
Granted 16 threads to pid 5510 (CPUs 0+0)
Request from pid 5510: max_threads=65535, hint_threads=32
Granted 16 threads to pid 5510 (CPUs 0+0)
Request from pid 5510: max_threads=65535, hint_threads=32
Granted 16 threads to pid 5510 (CPUs 0+0)
Request from pid 5510: max_threads=65535, hint_threads=32
Granted 16 threads to pid 5510 (CPUs 0+0)
Request from pid 5510: max_threads=65535, hint_threads=32
Granted 16 threads to pid 5510 (CPUs 0+0)
Request from pid 5510: max_threads=65535, hint_threads=32
Granted 16 threads to pid 5510 (CPUs 0+0)
Request from pid 5510: max_threads=65535, hint_threads=32
Granted 16 threads to pid 5510 (CPUs 0+0)
Request from pid 5510: max_threads=65535, hint_threads=32
Granted 16 threads to pid 5510 (CPUs 0+0)
Request from pid 5510: max_threads=65535, hint_threads=32
Granted 16 threads to pid 5510 (CPUs 0+0)
Request from pid 5510: max_threads=65535, hint_threads=32
Granted 16 threads to pid 5510 (CPUs 0+0)
Request from pid 5510: max_threads=65535, hint_threads=32
Granted 16 threads to pid 5510 (CPUs 0+0)
Request from pid 5510: max_threads=65535, hint_threads=32
Granted 32 threads to pid 5510 (CPUs 1+32)
Request from pid 5510: max_threads=65535, hint_threads=32
Granted 32 threads to pid 5510 (CPUs 1+32)
Request from pid 5510: max_threads=65535, hint_threads=32
Granted 32 threads to pid 5510 (CPUs 1+32)
Request from pid 5510: max_threads=65535, hint_threads=32
Granted 32 threads to pid 5510 (CPUs 1+32)
Request from pid 5510: max_threads=65535, hint_threads=32
Granted 32 threads to pid 5510 (CPUs 1+32)
Request from pid 5510: max_threads=65535, hint_threads=32
Granted 32 threads to pid 5510 (CPUs 1+32)
Request from pid 5510: max_threads=65535, hint_threads=32
Granted 32 threads to pid 5510 (CPUs 1+32)
Request from pid 5510: max_threads=65535, hint_threads=32
Granted 32 threads to pid 5510 (CPUs 1+32)
Request from pid 5510: max_threads=65535, hint_threads=32
Granted 32 threads to pid 5510 (CPUs 1+32)
Request from pid 5510: max_threads=65535, hint_threads=32
Granted 32 threads to pid 5510 (CPUs 1+32)
Request from pid 5510: max_threads=65535, hint_threads=32
Granted 32 threads to pid 5510 (CPUs 1+32)
Request from pid 5510: max_threads=65535, hint_threads=32
Granted 32 threads to pid 5510 (CPUs 1+32)
Request from pid 5510: max_threads=65535, hint_threads=32
Granted 32 threads to pid 5510 (CPUs 1+32)
Request from pid 5510: max_threads=65535, hint_threads=32
Granted 32 threads to pid 5510 (CPUs 1+32)
Request from pid 5510: max_threads=65535, hint_threads=32
Granted 32 threads to pid 5510 (CPUs 1+32)
Request from pid 5510: max_threads=65535, hint_threads=32
Granted 32 threads to pid 5510 (CPUs 1+32)
Read error: Connection reset by peer (os error 104)
CPU pool (32 cores): 1–32
Listening on /tmp/omp-rm.sock (capacity=32, strategy=fair_share)
Accepted connection
Handling client
Request from pid 111809: max_threads=65535, hint_threads=32
Granted 32 threads to pid 111809 (CPUs 1+32)
Request from pid 111809: max_threads=65535, hint_threads=32
Granted 32 threads to pid 111809 (CPUs 1+32)
Request from pid 111809: max_threads=65535, hint_threads=32
Granted 32 threads to pid 111809 (CPUs 1+32)
Request from pid 111809: max_threads=65535, hint_threads=32
Granted 32 threads to pid 111809 (CPUs 1+32)
Request from pid 111809: max_threads=65535, hint_threads=32
Granted 32 threads to pid 111809 (CPUs 1+32)
Request from pid 111809: max_threads=65535, hint_threads=32
Granted 32 threads to pid 111809 (CPUs 1+32)
Request from pid 111809: max_threads=65535, hint_threads=32
Granted 32 threads to pid 111809 (CPUs 1+32)
Request from pid 111809: max_threads=65535, hint_threads=32
Granted 32 threads to pid 111809 (CPUs 1+32)
Request from pid 111809: max_threads=65535, hint_threads=32
Granted 32 threads to pid 111809 (CPUs 1+32)
Request from pid 111809: max_threads=65535, hint_threads=32
Granted 32 threads to pid 111809 (CPUs 1+32)
Request from pid 111809: max_threads=65535, hint_threads=32
Granted 32 threads to pid 111809 (CPUs 1+32)
Request from pid 111809: max_threads=65535, hint_threads=32
Granted 32 threads to pid 111809 (CPUs 1+32)
Request from pid 111809: max_threads=65535, hint_threads=32
Granted 32 threads to pid 111809 (CPUs 1+32)
Request from pid 111809: max_threads=65535, hint_threads=32
Granted 32 threads to pid 111809 (CPUs 1+32)
Request from pid 111809: max_threads=65535, hint_threads=32
Granted 32 threads to pid 111809 (CPUs 1+32)
Request from pid 111809: max_threads=65535, hint_threads=32
Granted 32 threads to pid 111809 (CPUs 1+32)
Request from pid 111809: max_threads=65535, hint_threads=32
Granted 32 threads to pid 111809 (CPUs 1+32)
Request from pid 111809: max_threads=65535, hint_threads=32
Granted 32 threads to pid 111809 (CPUs 1+32)
Request from pid 111809: max_threads=65535, hint_threads=32
Granted 32 threads to pid 111809 (CPUs 1+32)
Request from pid 111809: max_threads=65535, hint_threads=32
Granted 32 threads to pid 111809 (CPUs 1+32)
Request from pid 111809: max_threads=65535, hint_threads=32
Granted 32 threads to pid 111809 (CPUs 1+32)
Request from pid 111809: max_threads=65535, hint_threads=32
Granted 32 threads to pid 111809 (CPUs 1+32)
Request from pid 111809: max_threads=65535, hint_threads=32
Granted 32 threads to pid 111809 (CPUs 1+32)
Request from pid 111809: max_threads=65535, hint_threads=32
Granted 32 threads to pid 111809 (CPUs 1+32)
Request from pid 111809: max_threads=65535, hint_threads=32
Granted 32 threads to pid 111809 (CPUs 1+32)
Request from pid 111809: max_threads=65535, hint_threads=32
Granted 32 threads to pid 111809 (CPUs 1+32)
Request from pid 111809: max_threads=65535, hint_threads=32
Granted 32 threads to pid 111809 (CPUs 1+32)
Request from pid 111809: max_threads=65535, hint_threads=32
Granted 32 threads to pid 111809 (CPUs 1+32)
Request from pid 111809: max_threads=65535, hint_threads=32
Granted 32 threads to pid 111809 (CPUs 1+32)
Request from pid 111809: max_threads=65535, hint_threads=32
Granted 32 threads to pid 111809 (CPUs 1+32)
Request from pid 111809: max_threads=65535, hint_threads=32
Granted 32 threads to pid 111809 (CPUs 1+32)
Request from pid 111809: max_threads=65535, hint_threads=32
Granted 32 threads to pid 111809 (CPUs 1+32)
Request from pid 111809: max_threads=65535, hint_threads=32
Granted 32 threads to pid 111809 (CPUs 1+32)
Request from pid 111809: max_threads=65535, hint_threads=32
Granted 32 threads to pid 111809 (CPUs 1+32)
Request from pid 111809: max_threads=65535, hint_threads=32
Granted 32 threads to pid 111809 (CPUs 1+32)
Request from pid 111809: max_threads=65535, hint_threads=32
Granted 32 threads to pid 111809 (CPUs 1+32)
Request from pid 111809: max_threads=65535, hint_threads=32
Granted 32 threads to pid 111809 (CPUs 1+32)
Request from pid 111809: max_threads=65535, hint_threads=32
Granted 32 threads to pid 111809 (CPUs 1+32)
Request from pid 111809: max_threads=65535, hint_threads=32
Granted 32 threads to pid 111809 (CPUs 1+32)
Request from pid 111809: max_threads=65535, hint_threads=32
Granted 32 threads to pid 111809 (CPUs 1+32)
Request from pid 111809: max_threads=65535, hint_threads=32
Granted 32 threads to pid 111809 (CPUs 1+32)
Request from pid 111809: max_threads=65535, hint_threads=32
Granted 32 threads to pid 111809 (CPUs 1+32)
Request from pid 111809: max_threads=65535, hint_threads=32
Granted 32 threads to pid 111809 (CPUs 1+32)
Request from pid 111809: max_threads=65535, hint_threads=32
Granted 32 threads to pid 111809 (CPUs 1+32)
Request from pid 111809: max_threads=65535, hint_threads=32
Granted 32 threads to pid 111809 (CPUs 1+32)
Request from pid 111809: max_threads=65535, hint_threads=32
Granted 32 threads to pid 111809 (CPUs 1+32)
Request from pid 111809: max_threads=65535, hint_threads=32
Granted 32 threads to pid 111809 (CPUs 1+32)
Read error: Connection reset by peer (os error 104)
Accepted connection
Handling client
Request from pid 111883: max_threads=65535, hint_threads=32
Granted 16 threads to pid 111883 (CPUs 0+0)
Request from pid 111883: max_threads=65535, hint_threads=32
Granted 16 threads to pid 111883 (CPUs 0+0)
Request from pid 111883: max_threads=65535, hint_threads=32
Granted 16 threads to pid 111883 (CPUs 0+0)
Request from pid 111883: max_threads=65535, hint_threads=32
Granted 16 threads to pid 111883 (CPUs 0+0)
Request from pid 111883: max_threads=65535, hint_threads=32
Granted 16 threads to pid 111883 (CPUs 0+0)
Request from pid 111883: max_threads=65535, hint_threads=32
Granted 16 threads to pid 111883 (CPUs 0+0)
Request from pid 111883: max_threads=65535, hint_threads=32
Granted 16 threads to pid 111883 (CPUs 0+0)
Request from pid 111883: max_threads=65535, hint_threads=32
Granted 16 threads to pid 111883 (CPUs 0+0)
Request from pid 111883: max_threads=65535, hint_threads=32
Granted 16 threads to pid 111883 (CPUs 0+0)
Request from pid 111883: max_threads=65535, hint_threads=32
Granted 16 threads to pid 111883 (CPUs 0+0)
Request from pid 111883: max_threads=65535, hint_threads=32
Granted 16 threads to pid 111883 (CPUs 0+0)
Request from pid 111883: max_threads=65535, hint_threads=32
Granted 16 threads to pid 111883 (CPUs 0+0)
Request from pid 111883: max_threads=65535, hint_threads=32
Granted 16 threads to pid 111883 (CPUs 0+0)
Request from pid 111883: max_threads=65535, hint_threads=32
Granted 16 threads to pid 111883 (CPUs 0+0)
Request from pid 111883: max_threads=65535, hint_threads=32
Granted 16 threads to pid 111883 (CPUs 0+0)
Request from pid 111883: max_threads=65535, hint_threads=32
Granted 16 threads to pid 111883 (CPUs 0+0)
Request from pid 111883: max_threads=65535, hint_threads=32
Granted 16 threads to pid 111883 (CPUs 0+0)
Request from pid 111883: max_threads=65535, hint_threads=32
Granted 16 threads to pid 111883 (CPUs 0+0)
Request from pid 111883: max_threads=65535, hint_threads=32
Granted 16 threads to pid 111883 (CPUs 0+0)
Request from pid 111883: max_threads=65535, hint_threads=32
Granted 16 threads to pid 111883 (CPUs 0+0)
Request from pid 111883: max_threads=65535, hint_threads=32
Granted 16 threads to pid 111883 (CPUs 0+0)
Request from pid 111883: max_threads=65535, hint_threads=32
Granted 16 threads to pid 111883 (CPUs 0+0)
Request from pid 111883: max_threads=65535, hint_threads=32
Granted 16 threads to pid 111883 (CPUs 0+0)
Request from pid 111883: max_threads=65535, hint_threads=32
Granted 16 threads to pid 111883 (CPUs 0+0)
Request from pid 111883: max_threads=65535, hint_threads=32
Granted 16 threads to pid 111883 (CPUs 0+0)
Request from pid 111883: max_threads=65535, hint_threads=32
Granted 16 threads to pid 111883 (CPUs 0+0)
Request from pid 111883: max_threads=65535, hint_threads=32
Granted 16 threads to pid 111883 (CPUs 0+0)
Request from pid 111883: max_threads=65535, hint_threads=32
Granted 16 threads to pid 111883 (CPUs 0+0)
Request from pid 111883: max_threads=65535, hint_threads=32
Granted 16 threads to pid 111883 (CPUs 0+0)
Request from pid 111883: max_threads=65535, hint_threads=32
Granted 16 threads to pid 111883 (CPUs 0+0)
Request from pid 111883: max_threads=65535, hint_threads=32
Granted 16 threads to pid 111883 (CPUs 0+0)
Request from pid 111883: max_threads=65535, hint_threads=32
Granted 32 threads to pid 111883 (CPUs 1+32)
Request from pid 111883: max_threads=65535, hint_threads=32
Granted 32 threads to pid 111883 (CPUs 1+32)
Request from pid 111883: max_threads=65535, hint_threads=32
Granted 32 threads to pid 111883 (CPUs 1+32)
Request from pid 111883: max_threads=65535, hint_threads=32
Granted 32 threads to pid 111883 (CPUs 1+32)
Request from pid 111883: max_threads=65535, hint_threads=32
Granted 32 threads to pid 111883 (CPUs 1+32)
Request from pid 111883: max_threads=65535, hint_threads=32
Granted 32 threads to pid 111883 (CPUs 1+32)
Accepted connection
Handling client
Request from pid 112063: max_threads=65535, hint_threads=32
Granted 16 threads to pid 112063 (CPUs 0+0)
Request from pid 111883: max_threads=65535, hint_threads=32
Granted 16 threads to pid 111883 (CPUs 1+16)
Request from pid 112063: max_threads=65535, hint_threads=32
Granted 16 threads to pid 112063 (CPUs 17+16)
Request from pid 111883: max_threads=65535, hint_threads=32
Granted 16 threads to pid 111883 (CPUs 1+16)
Request from pid 112063: max_threads=65535, hint_threads=32
Granted 16 threads to pid 112063 (CPUs 17+16)
Request from pid 111883: max_threads=65535, hint_threads=32
Granted 16 threads to pid 111883 (CPUs 1+16)
Request from pid 112063: max_threads=65535, hint_threads=32
Granted 16 threads to pid 112063 (CPUs 17+16)
Request from pid 111883: max_threads=65535, hint_threads=32
Granted 16 threads to pid 111883 (CPUs 1+16)
Request from pid 112063: max_threads=65535, hint_threads=32
Granted 16 threads to pid 112063 (CPUs 17+16)
Request from pid 112063: max_threads=65535, hint_threads=32
Granted 16 threads to pid 112063 (CPUs 17+16)
Request from pid 111883: max_threads=65535, hint_threads=32
Granted 16 threads to pid 111883 (CPUs 1+16)
Request from pid 111883: max_threads=65535, hint_threads=32
Granted 16 threads to pid 111883 (CPUs 1+16)
Request from pid 112063: max_threads=65535, hint_threads=32
Granted 16 threads to pid 112063 (CPUs 17+16)
Request from pid 111883: max_threads=65535, hint_threads=32
Granted 16 threads to pid 111883 (CPUs 1+16)
Request from pid 112063: max_threads=65535, hint_threads=32
Granted 16 threads to pid 112063 (CPUs 17+16)
Request from pid 111883: max_threads=65535, hint_threads=32
Granted 16 threads to pid 111883 (CPUs 1+16)
Request from pid 112063: max_threads=65535, hint_threads=32
Granted 16 threads to pid 112063 (CPUs 17+16)
Request from pid 111883: max_threads=65535, hint_threads=32
Granted 16 threads to pid 111883 (CPUs 1+16)
Request from pid 112063: max_threads=65535, hint_threads=32
Granted 16 threads to pid 112063 (CPUs 17+16)
Request from pid 111883: max_threads=65535, hint_threads=32
Granted 16 threads to pid 111883 (CPUs 1+16)
Read error: Connection reset by peer (os error 104)
Accepted connection
Handling client
Request from pid 112103: max_threads=65535, hint_threads=32
Granted 10 threads to pid 112103 (CPUs 0+0)
Request from pid 112063: max_threads=65535, hint_threads=32
Granted 10 threads to pid 112063 (CPUs 17+10)
Request from pid 112103: max_threads=65535, hint_threads=32
Granted 10 threads to pid 112103 (CPUs 0+0)
Request from pid 112063: max_threads=65535, hint_threads=32
Granted 10 threads to pid 112063 (CPUs 17+10)
Request from pid 112103: max_threads=65535, hint_threads=32
Granted 10 threads to pid 112103 (CPUs 0+0)
Request from pid 112063: max_threads=65535, hint_threads=32
Granted 10 threads to pid 112063 (CPUs 17+10)
Request from pid 112103: max_threads=65535, hint_threads=32
Granted 10 threads to pid 112103 (CPUs 0+0)
Request from pid 112103: max_threads=65535, hint_threads=32
Granted 10 threads to pid 112103 (CPUs 0+0)
Request from pid 112063: max_threads=65535, hint_threads=32
Granted 10 threads to pid 112063 (CPUs 17+10)
Request from pid 112103: max_threads=65535, hint_threads=32
Granted 10 threads to pid 112103 (CPUs 0+0)
Request from pid 112063: max_threads=65535, hint_threads=32
Granted 10 threads to pid 112063 (CPUs 17+10)
Request from pid 112103: max_threads=65535, hint_threads=32
Granted 10 threads to pid 112103 (CPUs 0+0)
Request from pid 112063: max_threads=65535, hint_threads=32
Granted 10 threads to pid 112063 (CPUs 17+10)
Request from pid 112063: max_threads=65535, hint_threads=32
Granted 10 threads to pid 112063 (CPUs 17+10)
Request from pid 112103: max_threads=65535, hint_threads=32
Granted 10 threads to pid 112103 (CPUs 0+0)
Request from pid 112103: max_threads=65535, hint_threads=32
Granted 10 threads to pid 112103 (CPUs 0+0)
Request from pid 112063: max_threads=65535, hint_threads=32
Granted 10 threads to pid 112063 (CPUs 17+10)
Request from pid 112063: max_threads=65535, hint_threads=32
Granted 10 threads to pid 112063 (CPUs 17+10)
Request from pid 112103: max_threads=65535, hint_threads=32
Granted 10 threads to pid 112103 (CPUs 0+0)
Request from pid 112103: max_threads=65535, hint_threads=32
Granted 10 threads to pid 112103 (CPUs 0+0)
Request from pid 112063: max_threads=65535, hint_threads=32
Granted 10 threads to pid 112063 (CPUs 17+10)
Request from pid 112103: max_threads=65535, hint_threads=32
Granted 10 threads to pid 112103 (CPUs 0+0)
Request from pid 112063: max_threads=65535, hint_threads=32
Granted 10 threads to pid 112063 (CPUs 17+10)
Request from pid 112103: max_threads=65535, hint_threads=32
Granted 10 threads to pid 112103 (CPUs 0+0)
Request from pid 112063: max_threads=65535, hint_threads=32
Granted 10 threads to pid 112063 (CPUs 17+10)
Request from pid 112103: max_threads=65535, hint_threads=32
Granted 10 threads to pid 112103 (CPUs 0+0)
Request from pid 112063: max_threads=65535, hint_threads=32
Granted 10 threads to pid 112063 (CPUs 17+10)
Request from pid 112103: max_threads=65535, hint_threads=32
Granted 10 threads to pid 112103 (CPUs 0+0)
Request from pid 112063: max_threads=65535, hint_threads=32
Granted 10 threads to pid 112063 (CPUs 17+10)
Request from pid 112103: max_threads=65535, hint_threads=32
Granted 10 threads to pid 112103 (CPUs 0+0)
Request from pid 112063: max_threads=65535, hint_threads=32
Granted 10 threads to pid 112063 (CPUs 17+10)
Request from pid 112103: max_threads=65535, hint_threads=32
Granted 10 threads to pid 112103 (CPUs 0+0)
Request from pid 112063: max_threads=65535, hint_threads=32
Granted 10 threads to pid 112063 (CPUs 17+10)
Request from pid 112103: max_threads=65535, hint_threads=32
Granted 10 threads to pid 112103 (CPUs 0+0)
Request from pid 112063: max_threads=65535, hint_threads=32
Granted 10 threads to pid 112063 (CPUs 17+10)
Request from pid 112103: max_threads=65535, hint_threads=32
Granted 10 threads to pid 112103 (CPUs 0+0)
Request from pid 112063: max_threads=65535, hint_threads=32
Granted 10 threads to pid 112063 (CPUs 17+10)
Request from pid 112103: max_threads=65535, hint_threads=32
Granted 16 threads to pid 112103 (CPUs 1+16)
Request from pid 112063: max_threads=65535, hint_threads=32
Granted 16 threads to pid 112063 (CPUs 17+16)
Request from pid 112103: max_threads=65535, hint_threads=32
Granted 16 threads to pid 112103 (CPUs 1+16)
Request from pid 112103: max_threads=65535, hint_threads=32
Granted 16 threads to pid 112103 (CPUs 1+16)
Request from pid 112063: max_threads=65535, hint_threads=32
Granted 16 threads to pid 112063 (CPUs 17+16)
Request from pid 112103: max_threads=65535, hint_threads=32
Granted 16 threads to pid 112103 (CPUs 1+16)
Request from pid 112063: max_threads=65535, hint_threads=32
Granted 16 threads to pid 112063 (CPUs 17+16)
Request from pid 112103: max_threads=65535, hint_threads=32
Granted 16 threads to pid 112103 (CPUs 1+16)
Request from pid 112063: max_threads=65535, hint_threads=32
Granted 16 threads to pid 112063 (CPUs 17+16)
Request from pid 112103: max_threads=65535, hint_threads=32
Granted 16 threads to pid 112103 (CPUs 1+16)
Request from pid 112063: max_threads=65535, hint_threads=32
Granted 16 threads to pid 112063 (CPUs 17+16)
Request from pid 112103: max_threads=65535, hint_threads=32
Granted 16 threads to pid 112103 (CPUs 1+16)
Request from pid 112063: max_threads=65535, hint_threads=32
Granted 16 threads to pid 112063 (CPUs 17+16)
Request from pid 112103: max_threads=65535, hint_threads=32
Granted 16 threads to pid 112103 (CPUs 1+16)
Request from pid 112063: max_threads=65535, hint_threads=32
Granted 16 threads to pid 112063 (CPUs 17+16)
Request from pid 112103: max_threads=65535, hint_threads=32
Granted 16 threads to pid 112103 (CPUs 1+16)
Request from pid 112063: max_threads=65535, hint_threads=32
Granted 16 threads to pid 112063 (CPUs 17+16)
Request from pid 112103: max_threads=65535, hint_threads=32
Granted 16 threads to pid 112103 (CPUs 1+16)
Request from pid 112063: max_threads=65535, hint_threads=32
Granted 16 threads to pid 112063 (CPUs 17+16)
Request from pid 112103: max_threads=65535, hint_threads=32
Granted 16 threads to pid 112103 (CPUs 1+16)
Request from pid 112063: max_threads=65535, hint_threads=32
Granted 16 threads to pid 112063 (CPUs 17+16)
Request from pid 112103: max_threads=65535, hint_threads=32
Granted 16 threads to pid 112103 (CPUs 1+16)
Request from pid 112063: max_threads=65535, hint_threads=32
Granted 16 threads to pid 112063 (CPUs 17+16)
Request from pid 112103: max_threads=65535, hint_threads=32
Granted 16 threads to pid 112103 (CPUs 1+16)
Request from pid 112063: max_threads=65535, hint_threads=32
Granted 16 threads to pid 112063 (CPUs 17+16)
Request from pid 112103: max_threads=65535, hint_threads=32
Granted 16 threads to pid 112103 (CPUs 1+16)
Request from pid 112063: max_threads=65535, hint_threads=32
Granted 16 threads to pid 112063 (CPUs 17+16)
Request from pid 112103: max_threads=65535, hint_threads=32
Granted 16 threads to pid 112103 (CPUs 1+16)
Request from pid 112063: max_threads=65535, hint_threads=32
Granted 16 threads to pid 112063 (CPUs 17+16)
Request from pid 112103: max_threads=65535, hint_threads=32
Granted 16 threads to pid 112103 (CPUs 1+16)
Request from pid 112063: max_threads=65535, hint_threads=32
Granted 16 threads to pid 112063 (CPUs 17+16)
Request from pid 112103: max_threads=65535, hint_threads=32
Granted 16 threads to pid 112103 (CPUs 1+16)
Request from pid 112063: max_threads=65535, hint_threads=32
Granted 16 threads to pid 112063 (CPUs 17+16)
Request from pid 112103: max_threads=65535, hint_threads=32
Granted 16 threads to pid 112103 (CPUs 1+16)
Request from pid 112063: max_threads=65535, hint_threads=32
Granted 16 threads to pid 112063 (CPUs 17+16)
Request from pid 112103: max_threads=65535, hint_threads=32
Granted 16 threads to pid 112103 (CPUs 1+16)
Request from pid 112063: max_threads=65535, hint_threads=32
Granted 16 threads to pid 112063 (CPUs 17+16)
Request from pid 112103: max_threads=65535, hint_threads=32
Granted 16 threads to pid 112103 (CPUs 1+16)
Request from pid 112063: max_threads=65535, hint_threads=32
Granted 16 threads to pid 112063 (CPUs 17+16)
Read error: Connection reset by peer (os error 104)
Accepted connection
Handling client
Request from pid 112185: max_threads=65535, hint_threads=32
Granted 10 threads to pid 112185 (CPUs 0+0)
Request from pid 112103: max_threads=65535, hint_threads=32
Granted 10 threads to pid 112103 (CPUs 1+10)
Request from pid 112185: max_threads=65535, hint_threads=32
Granted 10 threads to pid 112185 (CPUs 0+0)
Request from pid 112103: max_threads=65535, hint_threads=32
Granted 10 threads to pid 112103 (CPUs 1+10)
Request from pid 112185: max_threads=65535, hint_threads=32
Granted 10 threads to pid 112185 (CPUs 0+0)
Request from pid 112103: max_threads=65535, hint_threads=32
Granted 10 threads to pid 112103 (CPUs 1+10)
Request from pid 112185: max_threads=65535, hint_threads=32
Granted 10 threads to pid 112185 (CPUs 0+0)
Request from pid 112185: max_threads=65535, hint_threads=32
Granted 10 threads to pid 112185 (CPUs 0+0)
Request from pid 112103: max_threads=65535, hint_threads=32
Granted 10 threads to pid 112103 (CPUs 1+10)
Request from pid 112185: max_threads=65535, hint_threads=32
Granted 10 threads to pid 112185 (CPUs 0+0)
Request from pid 112103: max_threads=65535, hint_threads=32
Granted 10 threads to pid 112103 (CPUs 1+10)
Request from pid 112103: max_threads=65535, hint_threads=32
Granted 10 threads to pid 112103 (CPUs 1+10)
Request from pid 112185: max_threads=65535, hint_threads=32
Granted 10 threads to pid 112185 (CPUs 0+0)
Request from pid 112103: max_threads=65535, hint_threads=32
Granted 10 threads to pid 112103 (CPUs 1+10)
Request from pid 112185: max_threads=65535, hint_threads=32
Granted 10 threads to pid 112185 (CPUs 0+0)
Request from pid 112103: max_threads=65535, hint_threads=32
Granted 10 threads to pid 112103 (CPUs 1+10)
Read error: Connection reset by peer (os error 104)
Accepted connection
Handling client
Request from pid 112264: max_threads=65535, hint_threads=32
Granted 8 threads to pid 112264 (CPUs 0+0)
Request from pid 112185: max_threads=65535, hint_threads=32
Granted 8 threads to pid 112185 (CPUs 0+0)
Request from pid 112264: max_threads=65535, hint_threads=32
Granted 8 threads to pid 112264 (CPUs 0+0)
Request from pid 112185: max_threads=65535, hint_threads=32
Granted 8 threads to pid 112185 (CPUs 0+0)
Request from pid 112264: max_threads=65535, hint_threads=32
Granted 8 threads to pid 112264 (CPUs 0+0)
Request from pid 112185: max_threads=65535, hint_threads=32
Granted 8 threads to pid 112185 (CPUs 0+0)
Request from pid 112264: max_threads=65535, hint_threads=32
Granted 8 threads to pid 112264 (CPUs 0+0)
Request from pid 112264: max_threads=65535, hint_threads=32
Granted 8 threads to pid 112264 (CPUs 0+0)
Request from pid 112185: max_threads=65535, hint_threads=32
Granted 8 threads to pid 112185 (CPUs 0+0)
Request from pid 112185: max_threads=65535, hint_threads=32
Granted 8 threads to pid 112185 (CPUs 0+0)
Request from pid 112264: max_threads=65535, hint_threads=32
Granted 8 threads to pid 112264 (CPUs 0+0)
Request from pid 112185: max_threads=65535, hint_threads=32
Granted 8 threads to pid 112185 (CPUs 0+0)
Request from pid 112264: max_threads=65535, hint_threads=32
Granted 8 threads to pid 112264 (CPUs 0+0)
Request from pid 112185: max_threads=65535, hint_threads=32
Granted 8 threads to pid 112185 (CPUs 0+0)
Request from pid 112264: max_threads=65535, hint_threads=32
Granted 8 threads to pid 112264 (CPUs 0+0)
Request from pid 112185: max_threads=65535, hint_threads=32
Granted 8 threads to pid 112185 (CPUs 0+0)
Request from pid 112264: max_threads=65535, hint_threads=32
Granted 8 threads to pid 112264 (CPUs 0+0)
Request from pid 112185: max_threads=65535, hint_threads=32
Granted 8 threads to pid 112185 (CPUs 0+0)
Request from pid 112264: max_threads=65535, hint_threads=32
Granted 8 threads to pid 112264 (CPUs 0+0)
Request from pid 112185: max_threads=65535, hint_threads=32
Granted 10 threads to pid 112185 (CPUs 11+10)
Request from pid 112264: max_threads=65535, hint_threads=32
Granted 10 threads to pid 112264 (CPUs 21+10)
Request from pid 112185: max_threads=65535, hint_threads=32
Granted 10 threads to pid 112185 (CPUs 11+10)
Request from pid 112264: max_threads=65535, hint_threads=32
Granted 10 threads to pid 112264 (CPUs 21+10)
Request from pid 112185: max_threads=65535, hint_threads=32
Granted 10 threads to pid 112185 (CPUs 11+10)
Request from pid 112264: max_threads=65535, hint_threads=32
Granted 10 threads to pid 112264 (CPUs 21+10)
Request from pid 112185: max_threads=65535, hint_threads=32
Granted 10 threads to pid 112185 (CPUs 11+10)
Request from pid 112264: max_threads=65535, hint_threads=32
Granted 10 threads to pid 112264 (CPUs 21+10)
Request from pid 112185: max_threads=65535, hint_threads=32
Granted 10 threads to pid 112185 (CPUs 11+10)
Request from pid 112264: max_threads=65535, hint_threads=32
Granted 10 threads to pid 112264 (CPUs 21+10)
Request from pid 112185: max_threads=65535, hint_threads=32
Granted 10 threads to pid 112185 (CPUs 11+10)
Request from pid 112264: max_threads=65535, hint_threads=32
Granted 10 threads to pid 112264 (CPUs 21+10)
Request from pid 112185: max_threads=65535, hint_threads=32
Granted 10 threads to pid 112185 (CPUs 11+10)
Request from pid 112264: max_threads=65535, hint_threads=32
Granted 10 threads to pid 112264 (CPUs 21+10)
Request from pid 112185: max_threads=65535, hint_threads=32
Granted 16 threads to pid 112185 (CPUs 1+16)
Request from pid 112264: max_threads=65535, hint_threads=32
Granted 16 threads to pid 112264 (CPUs 17+16)
Request from pid 112185: max_threads=65535, hint_threads=32
Granted 16 threads to pid 112185 (CPUs 1+16)
Request from pid 112185: max_threads=65535, hint_threads=32
Granted 16 threads to pid 112185 (CPUs 1+16)
Request from pid 112264: max_threads=65535, hint_threads=32
Granted 16 threads to pid 112264 (CPUs 17+16)
Request from pid 112185: max_threads=65535, hint_threads=32
Granted 16 threads to pid 112185 (CPUs 1+16)
Request from pid 112264: max_threads=65535, hint_threads=32
Granted 16 threads to pid 112264 (CPUs 17+16)
Request from pid 112185: max_threads=65535, hint_threads=32
Granted 16 threads to pid 112185 (CPUs 1+16)
Request from pid 112264: max_threads=65535, hint_threads=32
Granted 16 threads to pid 112264 (CPUs 17+16)
Request from pid 112185: max_threads=65535, hint_threads=32
Granted 16 threads to pid 112185 (CPUs 1+16)
Request from pid 112264: max_threads=65535, hint_threads=32
Granted 16 threads to pid 112264 (CPUs 17+16)
Request from pid 112185: max_threads=65535, hint_threads=32
Granted 16 threads to pid 112185 (CPUs 1+16)
Request from pid 112264: max_threads=65535, hint_threads=32
Granted 16 threads to pid 112264 (CPUs 17+16)
Request from pid 112185: max_threads=65535, hint_threads=32
Granted 16 threads to pid 112185 (CPUs 1+16)
Request from pid 112264: max_threads=65535, hint_threads=32
Granted 16 threads to pid 112264 (CPUs 17+16)
Request from pid 112185: max_threads=65535, hint_threads=32
Granted 16 threads to pid 112185 (CPUs 1+16)
Request from pid 112264: max_threads=65535, hint_threads=32
Granted 16 threads to pid 112264 (CPUs 17+16)
Request from pid 112185: max_threads=65535, hint_threads=32
Granted 16 threads to pid 112185 (CPUs 1+16)
Request from pid 112264: max_threads=65535, hint_threads=32
Granted 16 threads to pid 112264 (CPUs 17+16)
Request from pid 112185: max_threads=65535, hint_threads=32
Granted 16 threads to pid 112185 (CPUs 1+16)
Request from pid 112264: max_threads=65535, hint_threads=32
Granted 16 threads to pid 112264 (CPUs 17+16)
Request from pid 112185: max_threads=65535, hint_threads=32
Granted 16 threads to pid 112185 (CPUs 1+16)
Request from pid 112264: max_threads=65535, hint_threads=32
Granted 16 threads to pid 112264 (CPUs 17+16)
Request from pid 112185: max_threads=65535, hint_threads=32
Granted 16 threads to pid 112185 (CPUs 1+16)
Request from pid 112264: max_threads=65535, hint_threads=32
Granted 16 threads to pid 112264 (CPUs 17+16)
Request from pid 112185: max_threads=65535, hint_threads=32
Granted 16 threads to pid 112185 (CPUs 1+16)
Request from pid 112264: max_threads=65535, hint_threads=32
Granted 16 threads to pid 112264 (CPUs 17+16)
Request from pid 112185: max_threads=65535, hint_threads=32
Granted 16 threads to pid 112185 (CPUs 1+16)
Request from pid 112264: max_threads=65535, hint_threads=32
Granted 16 threads to pid 112264 (CPUs 17+16)
Request from pid 112185: max_threads=65535, hint_threads=32
Granted 16 threads to pid 112185 (CPUs 1+16)
Request from pid 112264: max_threads=65535, hint_threads=32
Granted 16 threads to pid 112264 (CPUs 17+16)
Request from pid 112185: max_threads=65535, hint_threads=32
Granted 16 threads to pid 112185 (CPUs 1+16)
Request from pid 112264: max_threads=65535, hint_threads=32
Granted 16 threads to pid 112264 (CPUs 17+16)
Request from pid 112185: max_threads=65535, hint_threads=32
Granted 16 threads to pid 112185 (CPUs 1+16)
Request from pid 112264: max_threads=65535, hint_threads=32
Granted 16 threads to pid 112264 (CPUs 17+16)
Request from pid 112185: max_threads=65535, hint_threads=32
Granted 16 threads to pid 112185 (CPUs 1+16)
Request from pid 112264: max_threads=65535, hint_threads=32
Granted 16 threads to pid 112264 (CPUs 17+16)
Request from pid 112185: max_threads=65535, hint_threads=32
Granted 16 threads to pid 112185 (CPUs 1+16)
Request from pid 112185: max_threads=65535, hint_threads=32
Granted 16 threads to pid 112185 (CPUs 1+16)
Request from pid 112264: max_threads=65535, hint_threads=32
Granted 16 threads to pid 112264 (CPUs 17+16)
Request from pid 112264: max_threads=65535, hint_threads=32
Granted 16 threads to pid 112264 (CPUs 17+16)
Request from pid 112185: max_threads=65535, hint_threads=32
Granted 16 threads to pid 112185 (CPUs 1+16)
Request from pid 112185: max_threads=65535, hint_threads=32
Granted 16 threads to pid 112185 (CPUs 1+16)
Read error: Connection reset by peer (os error 104)
Accepted connection
Handling client
Request from pid 112515: max_threads=65535, hint_threads=32
Granted 10 threads to pid 112515 (CPUs 0+0)
Request from pid 112264: max_threads=65535, hint_threads=32
Granted 10 threads to pid 112264 (CPUs 17+10)
Request from pid 112515: max_threads=65535, hint_threads=32
Granted 10 threads to pid 112515 (CPUs 0+0)
Request from pid 112264: max_threads=65535, hint_threads=32
Granted 10 threads to pid 112264 (CPUs 17+10)
Request from pid 112515: max_threads=65535, hint_threads=32
Granted 10 threads to pid 112515 (CPUs 0+0)
Request from pid 112264: max_threads=65535, hint_threads=32
Granted 10 threads to pid 112264 (CPUs 17+10)
Request from pid 112515: max_threads=65535, hint_threads=32
Granted 10 threads to pid 112515 (CPUs 0+0)
Request from pid 112264: max_threads=65535, hint_threads=32
Granted 10 threads to pid 112264 (CPUs 17+10)
Request from pid 112515: max_threads=65535, hint_threads=32
Granted 10 threads to pid 112515 (CPUs 0+0)
Request from pid 112515: max_threads=65535, hint_threads=32
Granted 10 threads to pid 112515 (CPUs 0+0)
Request from pid 112264: max_threads=65535, hint_threads=32
Granted 10 threads to pid 112264 (CPUs 17+10)
Request from pid 112264: max_threads=65535, hint_threads=32
Granted 10 threads to pid 112264 (CPUs 17+10)
Request from pid 112515: max_threads=65535, hint_threads=32
Granted 10 threads to pid 112515 (CPUs 0+0)
Request from pid 112264: max_threads=65535, hint_threads=32
Granted 10 threads to pid 112264 (CPUs 17+10)
Request from pid 112515: max_threads=65535, hint_threads=32
Granted 10 threads to pid 112515 (CPUs 0+0)
Request from pid 112264: max_threads=65535, hint_threads=32
Granted 10 threads to pid 112264 (CPUs 17+10)
Request from pid 112515: max_threads=65535, hint_threads=32
Granted 10 threads to pid 112515 (CPUs 0+0)
Request from pid 112515: max_threads=65535, hint_threads=32
Granted 10 threads to pid 112515 (CPUs 0+0)
Request from pid 112264: max_threads=65535, hint_threads=32
Granted 10 threads to pid 112264 (CPUs 17+10)
Request from pid 112264: max_threads=65535, hint_threads=32
Request from pid 112515: max_threads=65535, hint_threads=32
Granted 10 threads to pid 112515 (CPUs 0+0)
Accepted connection
Handling client
Request from pid 112555: max_threads=65535, hint_threads=32
Granted 8 threads to pid 112555 (CPUs 0+0)
Request from pid 112555: max_threads=65535, hint_threads=32
Granted 8 threads to pid 112555 (CPUs 0+0)
Request from pid 112515: max_threads=65535, hint_threads=32
Granted 8 threads to pid 112515 (CPUs 0+0)
Request from pid 112555: max_threads=65535, hint_threads=32
Granted 8 threads to pid 112555 (CPUs 0+0)
Request from pid 112515: max_threads=65535, hint_threads=32
Granted 8 threads to pid 112515 (CPUs 0+0)
Request from pid 112555: max_threads=65535, hint_threads=32
Granted 8 threads to pid 112555 (CPUs 0+0)
Request from pid 112515: max_threads=65535, hint_threads=32
Granted 8 threads to pid 112515 (CPUs 0+0)
Request from pid 112555: max_threads=65535, hint_threads=32
Granted 8 threads to pid 112555 (CPUs 0+0)
Request from pid 112515: max_threads=65535, hint_threads=32
Granted 8 threads to pid 112515 (CPUs 0+0)
Request from pid 112555: max_threads=65535, hint_threads=32
Granted 8 threads to pid 112555 (CPUs 0+0)
Request from pid 112515: max_threads=65535, hint_threads=32
Granted 8 threads to pid 112515 (CPUs 0+0)
Request from pid 112555: max_threads=65535, hint_threads=32
Granted 8 threads to pid 112555 (CPUs 0+0)
Request from pid 112515: max_threads=65535, hint_threads=32
Granted 8 threads to pid 112515 (CPUs 0+0)
Request from pid 112555: max_threads=65535, hint_threads=32
Granted 8 threads to pid 112555 (CPUs 0+0)
Request from pid 112515: max_threads=65535, hint_threads=32
Granted 8 threads to pid 112515 (CPUs 0+0)
Request from pid 112555: max_threads=65535, hint_threads=32
Granted 10 threads to pid 112555 (CPUs 1+10)
Request from pid 112515: max_threads=65535, hint_threads=32
Granted 10 threads to pid 112515 (CPUs 0+0)
Request from pid 112555: max_threads=65535, hint_threads=32
Granted 10 threads to pid 112555 (CPUs 1+10)
Request from pid 112515: max_threads=65535, hint_threads=32
Granted 10 threads to pid 112515 (CPUs 0+0)
Request from pid 112555: max_threads=65535, hint_threads=32
Granted 10 threads to pid 112555 (CPUs 1+10)
Request from pid 112515: max_threads=65535, hint_threads=32
Granted 10 threads to pid 112515 (CPUs 0+0)
Request from pid 112555: max_threads=65535, hint_threads=32
Granted 10 threads to pid 112555 (CPUs 1+10)
Request from pid 112515: max_threads=65535, hint_threads=32
Granted 10 threads to pid 112515 (CPUs 0+0)
Request from pid 112555: max_threads=65535, hint_threads=32
Granted 10 threads to pid 112555 (CPUs 1+10)
Request from pid 112515: max_threads=65535, hint_threads=32
Granted 10 threads to pid 112515 (CPUs 0+0)
Request from pid 112555: max_threads=65535, hint_threads=32
Granted 10 threads to pid 112555 (CPUs 1+10)
Request from pid 112515: max_threads=65535, hint_threads=32
Granted 10 threads to pid 112515 (CPUs 0+0)
Request from pid 112555: max_threads=65535, hint_threads=32
Granted 10 threads to pid 112555 (CPUs 1+10)
Request from pid 112515: max_threads=65535, hint_threads=32
Granted 10 threads to pid 112515 (CPUs 0+0)
Request from pid 112555: max_threads=65535, hint_threads=32
Granted 10 threads to pid 112555 (CPUs 1+10)
Request from pid 112515: max_threads=65535, hint_threads=32
Granted 10 threads to pid 112515 (CPUs 0+0)
Request from pid 112555: max_threads=65535, hint_threads=32
Granted 10 threads to pid 112555 (CPUs 1+10)
Request from pid 112515: max_threads=65535, hint_threads=32
Granted 10 threads to pid 112515 (CPUs 0+0)
Request from pid 112555: max_threads=65535, hint_threads=32
Granted 10 threads to pid 112555 (CPUs 1+10)
Request from pid 112515: max_threads=65535, hint_threads=32
Granted 16 threads to pid 112515 (CPUs 11+16)
Request from pid 112555: max_threads=65535, hint_threads=32
Granted 16 threads to pid 112555 (CPUs 0+0)
Request from pid 112515: max_threads=65535, hint_threads=32
Granted 16 threads to pid 112515 (CPUs 11+16)
Request from pid 112515: max_threads=65535, hint_threads=32
Granted 16 threads to pid 112515 (CPUs 11+16)
Request from pid 112555: max_threads=65535, hint_threads=32
Granted 16 threads to pid 112555 (CPUs 0+0)
Request from pid 112515: max_threads=65535, hint_threads=32
Granted 16 threads to pid 112515 (CPUs 11+16)
Request from pid 112555: max_threads=65535, hint_threads=32
Granted 16 threads to pid 112555 (CPUs 0+0)
Request from pid 112515: max_threads=65535, hint_threads=32
Granted 16 threads to pid 112515 (CPUs 11+16)
Request from pid 112555: max_threads=65535, hint_threads=32
Granted 16 threads to pid 112555 (CPUs 0+0)
Request from pid 112515: max_threads=65535, hint_threads=32
Granted 16 threads to pid 112515 (CPUs 11+16)
Request from pid 112555: max_threads=65535, hint_threads=32
Granted 16 threads to pid 112555 (CPUs 0+0)
Request from pid 112515: max_threads=65535, hint_threads=32
Granted 16 threads to pid 112515 (CPUs 11+16)
Request from pid 112555: max_threads=65535, hint_threads=32
Granted 16 threads to pid 112555 (CPUs 0+0)
Request from pid 112515: max_threads=65535, hint_threads=32
Granted 16 threads to pid 112515 (CPUs 11+16)
Request from pid 112555: max_threads=65535, hint_threads=32
Granted 16 threads to pid 112555 (CPUs 0+0)
Request from pid 112555: max_threads=65535, hint_threads=32
Granted 16 threads to pid 112555 (CPUs 0+0)
Request from pid 112515: max_threads=65535, hint_threads=32
Granted 16 threads to pid 112515 (CPUs 11+16)
Request from pid 112555: max_threads=65535, hint_threads=32
Granted 16 threads to pid 112555 (CPUs 0+0)
Request from pid 112515: max_threads=65535, hint_threads=32
Granted 16 threads to pid 112515 (CPUs 11+16)
Request from pid 112555: max_threads=65535, hint_threads=32
Granted 16 threads to pid 112555 (CPUs 0+0)
Request from pid 112515: max_threads=65535, hint_threads=32
Granted 16 threads to pid 112515 (CPUs 11+16)
Request from pid 112555: max_threads=65535, hint_threads=32
Granted 16 threads to pid 112555 (CPUs 0+0)
Request from pid 112515: max_threads=65535, hint_threads=32
Granted 16 threads to pid 112515 (CPUs 11+16)
Request from pid 112555: max_threads=65535, hint_threads=32
Granted 16 threads to pid 112555 (CPUs 0+0)
Request from pid 112515: max_threads=65535, hint_threads=32
Granted 16 threads to pid 112515 (CPUs 11+16)
Request from pid 112555: max_threads=65535, hint_threads=32
Granted 16 threads to pid 112555 (CPUs 0+0)
Request from pid 112515: max_threads=65535, hint_threads=32
Granted 16 threads to pid 112515 (CPUs 11+16)
Request from pid 112555: max_threads=65535, hint_threads=32
Granted 16 threads to pid 112555 (CPUs 0+0)
Request from pid 112515: max_threads=65535, hint_threads=32
Granted 16 threads to pid 112515 (CPUs 11+16)
Request from pid 112555: max_threads=65535, hint_threads=32
Granted 16 threads to pid 112555 (CPUs 0+0)
Request from pid 112515: max_threads=65535, hint_threads=32
Granted 16 threads to pid 112515 (CPUs 11+16)
Request from pid 112555: max_threads=65535, hint_threads=32
Granted 16 threads to pid 112555 (CPUs 0+0)
Request from pid 112515: max_threads=65535, hint_threads=32
Granted 16 threads to pid 112515 (CPUs 11+16)
Request from pid 112555: max_threads=65535, hint_threads=32
Granted 16 threads to pid 112555 (CPUs 0+0)
Request from pid 112515: max_threads=65535, hint_threads=32
Granted 16 threads to pid 112515 (CPUs 11+16)
Request from pid 112555: max_threads=65535, hint_threads=32
Granted 16 threads to pid 112555 (CPUs 0+0)
Request from pid 112515: max_threads=65535, hint_threads=32
Granted 16 threads to pid 112515 (CPUs 11+16)
Request from pid 112515: max_threads=65535, hint_threads=32
Granted 16 threads to pid 112515 (CPUs 11+16)
Read error: Connection reset by peer (os error 104)
Request from pid 112555: max_threads=65535, hint_threads=32
Granted 16 threads to pid 112555 (CPUs 0+0)
Accepted connection
Handling client
Request from pid 112682: max_threads=65535, hint_threads=32
Granted 10 threads to pid 112682 (CPUs 1+10)
Request from pid 112682: max_threads=65535, hint_threads=32
Granted 10 threads to pid 112682 (CPUs 1+10)
Request from pid 112555: max_threads=65535, hint_threads=32
Granted 10 threads to pid 112555 (CPUs 0+0)
Request from pid 112682: max_threads=65535, hint_threads=32
Granted 10 threads to pid 112682 (CPUs 1+10)
Request from pid 112555: max_threads=65535, hint_threads=32
Granted 10 threads to pid 112555 (CPUs 0+0)
Request from pid 112682: max_threads=65535, hint_threads=32
Granted 10 threads to pid 112682 (CPUs 1+10)
Request from pid 112555: max_threads=65535, hint_threads=32
Granted 10 threads to pid 112555 (CPUs 0+0)
Request from pid 112682: max_threads=65535, hint_threads=32
Granted 10 threads to pid 112682 (CPUs 1+10)
Request from pid 112555: max_threads=65535, hint_threads=32
Granted 10 threads to pid 112555 (CPUs 0+0)
Request from pid 112682: max_threads=65535, hint_threads=32
Granted 10 threads to pid 112682 (CPUs 1+10)
Request from pid 112555: max_threads=65535, hint_threads=32
Granted 10 threads to pid 112555 (CPUs 0+0)
Request from pid 112682: max_threads=65535, hint_threads=32
Granted 10 threads to pid 112682 (CPUs 1+10)
Request from pid 112555: max_threads=65535, hint_threads=32
Granted 10 threads to pid 112555 (CPUs 0+0)
Request from pid 112682: max_threads=65535, hint_threads=32
Granted 10 threads to pid 112682 (CPUs 1+10)
Request from pid 112555: max_threads=65535, hint_threads=32
Granted 10 threads to pid 112555 (CPUs 0+0)
Request from pid 112682: max_threads=65535, hint_threads=32
Granted 10 threads to pid 112682 (CPUs 1+10)
Request from pid 112682: max_threads=65535, hint_threads=32
Granted 10 threads to pid 112682 (CPUs 1+10)
Request from pid 112555: max_threads=65535, hint_threads=32
Granted 10 threads to pid 112555 (CPUs 0+0)
Request from pid 112682: max_threads=65535, hint_threads=32
Granted 10 threads to pid 112682 (CPUs 1+10)
Request from pid 112555: max_threads=65535, hint_threads=32
Granted 10 threads to pid 112555 (CPUs 0+0)
Request from pid 112682: max_threads=65535, hint_threads=32
Granted 10 threads to pid 112682 (CPUs 1+10)
Request from pid 112555: max_threads=65535, hint_threads=32
Granted 10 threads to pid 112555 (CPUs 0+0)
Read error: Connection reset by peer (os error 104)
Accepted connection
Handling client
Request from pid 112724: max_threads=65535, hint_threads=32
Granted 8 threads to pid 112724 (CPUs 0+0)
Request from pid 112724: max_threads=65535, hint_threads=32
Granted 8 threads to pid 112724 (CPUs 0+0)
Request from pid 112682: max_threads=65535, hint_threads=32
Granted 8 threads to pid 112682 (CPUs 1+8)
Request from pid 112724: max_threads=65535, hint_threads=32
Granted 8 threads to pid 112724 (CPUs 0+0)
Request from pid 112682: max_threads=65535, hint_threads=32
Granted 8 threads to pid 112682 (CPUs 1+8)
Request from pid 112682: max_threads=65535, hint_threads=32
Granted 8 threads to pid 112682 (CPUs 1+8)
Request from pid 112724: max_threads=65535, hint_threads=32
Granted 8 threads to pid 112724 (CPUs 0+0)
Request from pid 112724: max_threads=65535, hint_threads=32
Granted 8 threads to pid 112724 (CPUs 0+0)
Request from pid 112682: max_threads=65535, hint_threads=32
Granted 8 threads to pid 112682 (CPUs 1+8)
Request from pid 112724: max_threads=65535, hint_threads=32
Granted 8 threads to pid 112724 (CPUs 0+0)
Request from pid 112682: max_threads=65535, hint_threads=32
Granted 8 threads to pid 112682 (CPUs 1+8)
Request from pid 112724: max_threads=65535, hint_threads=32
Granted 8 threads to pid 112724 (CPUs 0+0)
Request from pid 112682: max_threads=65535, hint_threads=32
Granted 8 threads to pid 112682 (CPUs 1+8)
Request from pid 112724: max_threads=65535, hint_threads=32
Granted 8 threads to pid 112724 (CPUs 0+0)
Request from pid 112682: max_threads=65535, hint_threads=32
Granted 8 threads to pid 112682 (CPUs 1+8)
Request from pid 112724: max_threads=65535, hint_threads=32
Granted 10 threads to pid 112724 (CPUs 9+10)
Request from pid 112682: max_threads=65535, hint_threads=32
Granted 10 threads to pid 112682 (CPUs 19+10)
Request from pid 112724: max_threads=65535, hint_threads=32
Granted 10 threads to pid 112724 (CPUs 9+10)
Request from pid 112682: max_threads=65535, hint_threads=32
Granted 10 threads to pid 112682 (CPUs 19+10)
Request from pid 112724: max_threads=65535, hint_threads=32
Granted 10 threads to pid 112724 (CPUs 9+10)
Request from pid 112682: max_threads=65535, hint_threads=32
Granted 10 threads to pid 112682 (CPUs 19+10)
Request from pid 112724: max_threads=65535, hint_threads=32
Granted 10 threads to pid 112724 (CPUs 9+10)
Request from pid 112682: max_threads=65535, hint_threads=32
Granted 10 threads to pid 112682 (CPUs 19+10)
Request from pid 112724: max_threads=65535, hint_threads=32
Granted 10 threads to pid 112724 (CPUs 9+10)
Request from pid 112682: max_threads=65535, hint_threads=32
Granted 10 threads to pid 112682 (CPUs 19+10)
Request from pid 112724: max_threads=65535, hint_threads=32
Granted 10 threads to pid 112724 (CPUs 9+10)
Request from pid 112682: max_threads=65535, hint_threads=32
Granted 10 threads to pid 112682 (CPUs 19+10)
Request from pid 112724: max_threads=65535, hint_threads=32
Granted 10 threads to pid 112724 (CPUs 9+10)
Request from pid 112682: max_threads=65535, hint_threads=32
Granted 10 threads to pid 112682 (CPUs 19+10)
Request from pid 112724: max_threads=65535, hint_threads=32
Granted 10 threads to pid 112724 (CPUs 9+10)
Request from pid 112682: max_threads=65535, hint_threads=32
Granted 10 threads to pid 112682 (CPUs 19+10)
Request from pid 112724: max_threads=65535, hint_threads=32
Granted 10 threads to pid 112724 (CPUs 9+10)
Request from pid 112682: max_threads=65535, hint_threads=32
Granted 10 threads to pid 112682 (CPUs 19+10)
Request from pid 112724: max_threads=65535, hint_threads=32
Granted 10 threads to pid 112724 (CPUs 9+10)
Request from pid 112682: max_threads=65535, hint_threads=32
Granted 10 threads to pid 112682 (CPUs 19+10)
Request from pid 112724: max_threads=65535, hint_threads=32
Granted 16 threads to pid 112724 (CPUs 1+16)
Request from pid 112682: max_threads=65535, hint_threads=32
Granted 16 threads to pid 112682 (CPUs 17+16)
Request from pid 112724: max_threads=65535, hint_threads=32
Granted 16 threads to pid 112724 (CPUs 1+16)
Request from pid 112682: max_threads=65535, hint_threads=32
Granted 16 threads to pid 112682 (CPUs 17+16)
Request from pid 112724: max_threads=65535, hint_threads=32
Granted 16 threads to pid 112724 (CPUs 1+16)
Request from pid 112682: max_threads=65535, hint_threads=32
Granted 16 threads to pid 112682 (CPUs 17+16)
Request from pid 112724: max_threads=65535, hint_threads=32
Granted 16 threads to pid 112724 (CPUs 1+16)
Request from pid 112682: max_threads=65535, hint_threads=32
Granted 16 threads to pid 112682 (CPUs 17+16)
Request from pid 112724: max_threads=65535, hint_threads=32
Granted 16 threads to pid 112724 (CPUs 1+16)
Request from pid 112682: max_threads=65535, hint_threads=32
Granted 16 threads to pid 112682 (CPUs 17+16)
Request from pid 112724: max_threads=65535, hint_threads=32
Granted 16 threads to pid 112724 (CPUs 1+16)
Request from pid 112682: max_threads=65535, hint_threads=32
Granted 16 threads to pid 112682 (CPUs 17+16)
Request from pid 112724: max_threads=65535, hint_threads=32
Granted 16 threads to pid 112724 (CPUs 1+16)
Request from pid 112682: max_threads=65535, hint_threads=32
Granted 16 threads to pid 112682 (CPUs 17+16)
Request from pid 112724: max_threads=65535, hint_threads=32
Granted 16 threads to pid 112724 (CPUs 1+16)
Request from pid 112682: max_threads=65535, hint_threads=32
Granted 16 threads to pid 112682 (CPUs 17+16)
Request from pid 112724: max_threads=65535, hint_threads=32
Granted 16 threads to pid 112724 (CPUs 1+16)
Request from pid 112682: max_threads=65535, hint_threads=32
Granted 16 threads to pid 112682 (CPUs 17+16)
Request from pid 112724: max_threads=65535, hint_threads=32
Granted 16 threads to pid 112724 (CPUs 1+16)
Request from pid 112682: max_threads=65535, hint_threads=32
Granted 16 threads to pid 112682 (CPUs 17+16)
Request from pid 112724: max_threads=65535, hint_threads=32
Granted 16 threads to pid 112724 (CPUs 1+16)
Request from pid 112682: max_threads=65535, hint_threads=32
Granted 16 threads to pid 112682 (CPUs 17+16)
Request from pid 112724: max_threads=65535, hint_threads=32
Granted 16 threads to pid 112724 (CPUs 1+16)
Request from pid 112682: max_threads=65535, hint_threads=32
Granted 16 threads to pid 112682 (CPUs 17+16)
Request from pid 112724: max_threads=65535, hint_threads=32
Granted 16 threads to pid 112724 (CPUs 1+16)
Request from pid 112682: max_threads=65535, hint_threads=32
Granted 16 threads to pid 112682 (CPUs 17+16)
Request from pid 112724: max_threads=65535, hint_threads=32
Granted 16 threads to pid 112724 (CPUs 1+16)
Request from pid 112682: max_threads=65535, hint_threads=32
Granted 16 threads to pid 112682 (CPUs 17+16)
Request from pid 112724: max_threads=65535, hint_threads=32
Granted 16 threads to pid 112724 (CPUs 1+16)
Request from pid 112682: max_threads=65535, hint_threads=32
Granted 16 threads to pid 112682 (CPUs 17+16)
Request from pid 112724: max_threads=65535, hint_threads=32
Granted 16 threads to pid 112724 (CPUs 1+16)
Request from pid 112682: max_threads=65535, hint_threads=32
Granted 16 threads to pid 112682 (CPUs 17+16)
Request from pid 112724: max_threads=65535, hint_threads=32
Granted 16 threads to pid 112724 (CPUs 1+16)
Request from pid 112682: max_threads=65535, hint_threads=32
Granted 16 threads to pid 112682 (CPUs 17+16)
Request from pid 112724: max_threads=65535, hint_threads=32
Granted 16 threads to pid 112724 (CPUs 1+16)
Request from pid 112682: max_threads=65535, hint_threads=32
Granted 16 threads to pid 112682 (CPUs 17+16)
Request from pid 112682: max_threads=65535, hint_threads=32
Granted 16 threads to pid 112682 (CPUs 17+16)
Read error: Connection reset by peer (os error 104)
Request from pid 112724: max_threads=65535, hint_threads=32
Granted 16 threads to pid 112724 (CPUs 1+16)
Accepted connection
Handling client
Request from pid 112842: max_threads=65535, hint_threads=32
Granted 10 threads to pid 112842 (CPUs 0+0)
Request from pid 112842: max_threads=65535, hint_threads=32
Granted 10 threads to pid 112842 (CPUs 0+0)
Request from pid 112724: max_threads=65535, hint_threads=32
Granted 10 threads to pid 112724 (CPUs 1+10)
Request from pid 112724: max_threads=65535, hint_threads=32
Granted 10 threads to pid 112724 (CPUs 1+10)
Request from pid 112842: max_threads=65535, hint_threads=32
Granted 10 threads to pid 112842 (CPUs 0+0)
Request from pid 112724: max_threads=65535, hint_threads=32
Granted 10 threads to pid 112724 (CPUs 1+10)
Request from pid 112842: max_threads=65535, hint_threads=32
Granted 10 threads to pid 112842 (CPUs 0+0)
Request from pid 112842: max_threads=65535, hint_threads=32
Granted 10 threads to pid 112842 (CPUs 0+0)
Request from pid 112724: max_threads=65535, hint_threads=32
Granted 10 threads to pid 112724 (CPUs 1+10)
Request from pid 112842: max_threads=65535, hint_threads=32
Granted 10 threads to pid 112842 (CPUs 0+0)
Request from pid 112724: max_threads=65535, hint_threads=32
Granted 10 threads to pid 112724 (CPUs 1+10)
Request from pid 112842: max_threads=65535, hint_threads=32
Granted 10 threads to pid 112842 (CPUs 0+0)
Request from pid 112724: max_threads=65535, hint_threads=32
Granted 10 threads to pid 112724 (CPUs 1+10)
Request from pid 112842: max_threads=65535, hint_threads=32
Granted 10 threads to pid 112842 (CPUs 0+0)
Request from pid 112724: max_threads=65535, hint_threads=32
Granted 10 threads to pid 112724 (CPUs 1+10)
Request from pid 112842: max_threads=65535, hint_threads=32
Granted 10 threads to pid 112842 (CPUs 0+0)
Request from pid 112724: max_threads=65535, hint_threads=32
Granted 10 threads to pid 112724 (CPUs 1+10)
Request from pid 112842: max_threads=65535, hint_threads=32
Granted 10 threads to pid 112842 (CPUs 0+0)
Request from pid 112724: max_threads=65535, hint_threads=32
Granted 10 threads to pid 112724 (CPUs 1+10)
Request from pid 112842: max_threads=65535, hint_threads=32
Granted 10 threads to pid 112842 (CPUs 0+0)
Request from pid 112724: max_threads=65535, hint_threads=32
Granted 10 threads to pid 112724 (CPUs 1+10)
Read error: Connection reset by peer (os error 104)
Accepted connection
Handling client
Request from pid 112882: max_threads=65535, hint_threads=32
Granted 8 threads to pid 112882 (CPUs 0+0)
Request from pid 112882: max_threads=65535, hint_threads=32
Granted 8 threads to pid 112882 (CPUs 0+0)
Request from pid 112842: max_threads=65535, hint_threads=32
Granted 8 threads to pid 112842 (CPUs 0+0)
Request from pid 112882: max_threads=65535, hint_threads=32
Granted 8 threads to pid 112882 (CPUs 0+0)
Request from pid 112842: max_threads=65535, hint_threads=32
Granted 8 threads to pid 112842 (CPUs 0+0)
Request from pid 112882: max_threads=65535, hint_threads=32
Granted 8 threads to pid 112882 (CPUs 0+0)
Request from pid 112842: max_threads=65535, hint_threads=32
Granted 8 threads to pid 112842 (CPUs 0+0)
Request from pid 112882: max_threads=65535, hint_threads=32
Granted 8 threads to pid 112882 (CPUs 0+0)
Request from pid 112842: max_threads=65535, hint_threads=32
Granted 8 threads to pid 112842 (CPUs 0+0)
Request from pid 112882: max_threads=65535, hint_threads=32
Granted 8 threads to pid 112882 (CPUs 0+0)
Request from pid 112842: max_threads=65535, hint_threads=32
Granted 8 threads to pid 112842 (CPUs 0+0)
Request from pid 112882: max_threads=65535, hint_threads=32
Granted 8 threads to pid 112882 (CPUs 0+0)
Request from pid 112842: max_threads=65535, hint_threads=32
Granted 8 threads to pid 112842 (CPUs 0+0)
Request from pid 112882: max_threads=65535, hint_threads=32
Granted 8 threads to pid 112882 (CPUs 0+0)
Request from pid 112842: max_threads=65535, hint_threads=32
Granted 8 threads to pid 112842 (CPUs 0+0)
Request from pid 112882: max_threads=65535, hint_threads=32
Granted 8 threads to pid 112882 (CPUs 0+0)
Request from pid 112842: max_threads=65535, hint_threads=32
Granted 10 threads to pid 112842 (CPUs 11+10)
Request from pid 112882: max_threads=65535, hint_threads=32
Granted 10 threads to pid 112882 (CPUs 21+10)
Request from pid 112842: max_threads=65535, hint_threads=32
Granted 10 threads to pid 112842 (CPUs 11+10)
Request from pid 112882: max_threads=65535, hint_threads=32
Granted 10 threads to pid 112882 (CPUs 21+10)
Request from pid 112842: max_threads=65535, hint_threads=32
Granted 10 threads to pid 112842 (CPUs 11+10)
Request from pid 112882: max_threads=65535, hint_threads=32
Granted 10 threads to pid 112882 (CPUs 21+10)
Request from pid 112842: max_threads=65535, hint_threads=32
Granted 10 threads to pid 112842 (CPUs 11+10)
Request from pid 112882: max_threads=65535, hint_threads=32
Granted 10 threads to pid 112882 (CPUs 21+10)
Request from pid 112842: max_threads=65535, hint_threads=32
Granted 10 threads to pid 112842 (CPUs 11+10)
Request from pid 112882: max_threads=65535, hint_threads=32
Granted 10 threads to pid 112882 (CPUs 21+10)
Request from pid 112842: max_threads=65535, hint_threads=32
Granted 10 threads to pid 112842 (CPUs 11+10)
Request from pid 112882: max_threads=65535, hint_threads=32
Granted 10 threads to pid 112882 (CPUs 21+10)
Request from pid 112842: max_threads=65535, hint_threads=32
Granted 10 threads to pid 112842 (CPUs 11+10)
Request from pid 112882: max_threads=65535, hint_threads=32
Granted 10 threads to pid 112882 (CPUs 21+10)
Request from pid 112842: max_threads=65535, hint_threads=32
Granted 10 threads to pid 112842 (CPUs 11+10)
Request from pid 112882: max_threads=65535, hint_threads=32
Granted 10 threads to pid 112882 (CPUs 21+10)
Request from pid 112842: max_threads=65535, hint_threads=32
Granted 10 threads to pid 112842 (CPUs 11+10)
Request from pid 112882: max_threads=65535, hint_threads=32
Granted 10 threads to pid 112882 (CPUs 21+10)
Request from pid 112842: max_threads=65535, hint_threads=32
Granted 16 threads to pid 112842 (CPUs 1+16)
Request from pid 112882: max_threads=65535, hint_threads=32
Granted 16 threads to pid 112882 (CPUs 17+16)
Request from pid 112842: max_threads=65535, hint_threads=32
Granted 16 threads to pid 112842 (CPUs 1+16)
Request from pid 112842: max_threads=65535, hint_threads=32
Granted 16 threads to pid 112842 (CPUs 1+16)
Request from pid 112882: max_threads=65535, hint_threads=32
Granted 16 threads to pid 112882 (CPUs 17+16)
Request from pid 112842: max_threads=65535, hint_threads=32
Granted 16 threads to pid 112842 (CPUs 1+16)
Request from pid 112882: max_threads=65535, hint_threads=32
Granted 16 threads to pid 112882 (CPUs 17+16)
Request from pid 112842: max_threads=65535, hint_threads=32
Granted 16 threads to pid 112842 (CPUs 1+16)
Request from pid 112882: max_threads=65535, hint_threads=32
Granted 16 threads to pid 112882 (CPUs 17+16)
Request from pid 112842: max_threads=65535, hint_threads=32
Granted 16 threads to pid 112842 (CPUs 1+16)
Request from pid 112882: max_threads=65535, hint_threads=32
Granted 16 threads to pid 112882 (CPUs 17+16)
Request from pid 112842: max_threads=65535, hint_threads=32
Granted 16 threads to pid 112842 (CPUs 1+16)
Request from pid 112882: max_threads=65535, hint_threads=32
Granted 16 threads to pid 112882 (CPUs 17+16)
Request from pid 112842: max_threads=65535, hint_threads=32
Granted 16 threads to pid 112842 (CPUs 1+16)
Request from pid 112882: max_threads=65535, hint_threads=32
Granted 16 threads to pid 112882 (CPUs 17+16)
Request from pid 112842: max_threads=65535, hint_threads=32
Granted 16 threads to pid 112842 (CPUs 1+16)
Request from pid 112882: max_threads=65535, hint_threads=32
Granted 16 threads to pid 112882 (CPUs 17+16)
Request from pid 112842: max_threads=65535, hint_threads=32
Granted 16 threads to pid 112842 (CPUs 1+16)
Request from pid 112882: max_threads=65535, hint_threads=32
Granted 16 threads to pid 112882 (CPUs 17+16)
Request from pid 112842: max_threads=65535, hint_threads=32
Granted 16 threads to pid 112842 (CPUs 1+16)
Request from pid 112882: max_threads=65535, hint_threads=32
Granted 16 threads to pid 112882 (CPUs 17+16)
Request from pid 112842: max_threads=65535, hint_threads=32
Granted 16 threads to pid 112842 (CPUs 1+16)
Request from pid 112882: max_threads=65535, hint_threads=32
Granted 16 threads to pid 112882 (CPUs 17+16)
Request from pid 112842: max_threads=65535, hint_threads=32
Granted 16 threads to pid 112842 (CPUs 1+16)
Request from pid 112882: max_threads=65535, hint_threads=32
Granted 16 threads to pid 112882 (CPUs 17+16)
Request from pid 112842: max_threads=65535, hint_threads=32
Granted 16 threads to pid 112842 (CPUs 1+16)
Request from pid 112882: max_threads=65535, hint_threads=32
Granted 16 threads to pid 112882 (CPUs 17+16)
Request from pid 112842: max_threads=65535, hint_threads=32
Granted 16 threads to pid 112842 (CPUs 1+16)
Request from pid 112882: max_threads=65535, hint_threads=32
Granted 16 threads to pid 112882 (CPUs 17+16)
Request from pid 112842: max_threads=65535, hint_threads=32
Granted 16 threads to pid 112842 (CPUs 1+16)
Request from pid 112882: max_threads=65535, hint_threads=32
Granted 16 threads to pid 112882 (CPUs 17+16)
Request from pid 112842: max_threads=65535, hint_threads=32
Granted 16 threads to pid 112842 (CPUs 1+16)
Request from pid 112882: max_threads=65535, hint_threads=32
Granted 16 threads to pid 112882 (CPUs 17+16)
Request from pid 112842: max_threads=65535, hint_threads=32
Granted 16 threads to pid 112842 (CPUs 1+16)
Request from pid 112882: max_threads=65535, hint_threads=32
Granted 16 threads to pid 112882 (CPUs 17+16)
Request from pid 112842: max_threads=65535, hint_threads=32
Granted 16 threads to pid 112842 (CPUs 1+16)
Request from pid 112882: max_threads=65535, hint_threads=32
Granted 16 threads to pid 112882 (CPUs 17+16)
Request from pid 112842: max_threads=65535, hint_threads=32
Granted 16 threads to pid 112842 (CPUs 1+16)
Read error: Connection reset by peer (os error 104)
Accepted connection
Handling client
Request from pid 113004: max_threads=65535, hint_threads=32
Granted 10 threads to pid 113004 (CPUs 0+0)
Request from pid 112882: max_threads=65535, hint_threads=32
Granted 10 threads to pid 112882 (CPUs 17+10)
Request from pid 113004: max_threads=65535, hint_threads=32
Granted 10 threads to pid 113004 (CPUs 0+0)
Request from pid 113004: max_threads=65535, hint_threads=32
Granted 10 threads to pid 113004 (CPUs 0+0)
Request from pid 112882: max_threads=65535, hint_threads=32
Granted 10 threads to pid 112882 (CPUs 17+10)
Request from pid 112882: max_threads=65535, hint_threads=32
Granted 10 threads to pid 112882 (CPUs 17+10)
Request from pid 113004: max_threads=65535, hint_threads=32
Granted 10 threads to pid 113004 (CPUs 0+0)
Request from pid 113004: max_threads=65535, hint_threads=32
Granted 10 threads to pid 113004 (CPUs 0+0)
Request from pid 112882: max_threads=65535, hint_threads=32
Granted 10 threads to pid 112882 (CPUs 17+10)
Request from pid 112882: max_threads=65535, hint_threads=32
Granted 10 threads to pid 112882 (CPUs 17+10)
Request from pid 113004: max_threads=65535, hint_threads=32
Granted 10 threads to pid 113004 (CPUs 0+0)
Request from pid 113004: max_threads=65535, hint_threads=32
Granted 10 threads to pid 113004 (CPUs 0+0)
Request from pid 112882: max_threads=65535, hint_threads=32
Granted 10 threads to pid 112882 (CPUs 17+10)
Request from pid 112882: max_threads=65535, hint_threads=32
Granted 10 threads to pid 112882 (CPUs 17+10)
Request from pid 113004: max_threads=65535, hint_threads=32
Granted 10 threads to pid 113004 (CPUs 0+0)
Request from pid 113004: max_threads=65535, hint_threads=32
Granted 10 threads to pid 113004 (CPUs 0+0)
Request from pid 112882: max_threads=65535, hint_threads=32
Granted 10 threads to pid 112882 (CPUs 17+10)
Request from pid 112882: max_threads=65535, hint_threads=32
Granted 10 threads to pid 112882 (CPUs 17+10)
Request from pid 113004: max_threads=65535, hint_threads=32
Granted 10 threads to pid 113004 (CPUs 0+0)
Request from pid 113004: max_threads=65535, hint_threads=32
Granted 10 threads to pid 113004 (CPUs 0+0)
Request from pid 112882: max_threads=65535, hint_threads=32
Granted 10 threads to pid 112882 (CPUs 17+10)
Request from pid 112882: max_threads=65535, hint_threads=32
Granted 10 threads to pid 112882 (CPUs 17+10)
Read error: Connection reset by peer (os error 104)
Accepted connection
Handling client
Request from pid 113111: max_threads=65535, hint_threads=32
Granted 8 threads to pid 113111 (CPUs 0+0)
Request from pid 113004: max_threads=65535, hint_threads=32
Granted 8 threads to pid 113004 (CPUs 0+0)
Request from pid 113111: max_threads=65535, hint_threads=32
Granted 8 threads to pid 113111 (CPUs 0+0)
Request from pid 113004: max_threads=65535, hint_threads=32
Granted 8 threads to pid 113004 (CPUs 0+0)
Request from pid 113111: max_threads=65535, hint_threads=32
Granted 8 threads to pid 113111 (CPUs 0+0)
Request from pid 113004: max_threads=65535, hint_threads=32
Granted 8 threads to pid 113004 (CPUs 0+0)
Request from pid 113111: max_threads=65535, hint_threads=32
Granted 8 threads to pid 113111 (CPUs 0+0)
Request from pid 113111: max_threads=65535, hint_threads=32
Granted 8 threads to pid 113111 (CPUs 0+0)
Request from pid 113004: max_threads=65535, hint_threads=32
Granted 8 threads to pid 113004 (CPUs 0+0)
Request from pid 113111: max_threads=65535, hint_threads=32
Granted 8 threads to pid 113111 (CPUs 0+0)
Request from pid 113004: max_threads=65535, hint_threads=32
Granted 8 threads to pid 113004 (CPUs 0+0)
Request from pid 113004: max_threads=65535, hint_threads=32
Granted 8 threads to pid 113004 (CPUs 0+0)
Request from pid 113111: max_threads=65535, hint_threads=32
Granted 8 threads to pid 113111 (CPUs 0+0)
Request from pid 113004: max_threads=65535, hint_threads=32
Granted 8 threads to pid 113004 (CPUs 0+0)
Request from pid 113111: max_threads=65535, hint_threads=32
Granted 8 threads to pid 113111 (CPUs 0+0)
Request from pid 113004: max_threads=65535, hint_threads=32
Granted 10 threads to pid 113004 (CPUs 1+10)
Request from pid 113111: max_threads=65535, hint_threads=32
Granted 10 threads to pid 113111 (CPUs 0+0)
Request from pid 113004: max_threads=65535, hint_threads=32
Granted 10 threads to pid 113004 (CPUs 1+10)
Request from pid 113111: max_threads=65535, hint_threads=32
Granted 10 threads to pid 113111 (CPUs 0+0)
Request from pid 113004: max_threads=65535, hint_threads=32
Granted 10 threads to pid 113004 (CPUs 1+10)
Request from pid 113111: max_threads=65535, hint_threads=32
Granted 10 threads to pid 113111 (CPUs 0+0)
Request from pid 113004: max_threads=65535, hint_threads=32
Granted 10 threads to pid 113004 (CPUs 1+10)
Request from pid 113111: max_threads=65535, hint_threads=32
Granted 10 threads to pid 113111 (CPUs 0+0)
Request from pid 113004: max_threads=65535, hint_threads=32
Granted 10 threads to pid 113004 (CPUs 1+10)
Request from pid 113111: max_threads=65535, hint_threads=32
Granted 10 threads to pid 113111 (CPUs 0+0)
Request from pid 113004: max_threads=65535, hint_threads=32
Granted 10 threads to pid 113004 (CPUs 1+10)
Request from pid 113111: max_threads=65535, hint_threads=32
Granted 10 threads to pid 113111 (CPUs 0+0)
Request from pid 113004: max_threads=65535, hint_threads=32
Granted 10 threads to pid 113004 (CPUs 1+10)
Request from pid 113111: max_threads=65535, hint_threads=32
Granted 10 threads to pid 113111 (CPUs 0+0)
Request from pid 113004: max_threads=65535, hint_threads=32
Granted 10 threads to pid 113004 (CPUs 1+10)
Request from pid 113111: max_threads=65535, hint_threads=32
Granted 10 threads to pid 113111 (CPUs 0+0)
Request from pid 113004: max_threads=65535, hint_threads=32
Granted 10 threads to pid 113004 (CPUs 1+10)
Request from pid 113111: max_threads=65535, hint_threads=32
Granted 10 threads to pid 113111 (CPUs 0+0)
Request from pid 113004: max_threads=65535, hint_threads=32
Granted 10 threads to pid 113004 (CPUs 1+10)
Request from pid 113111: max_threads=65535, hint_threads=32
Granted 16 threads to pid 113111 (CPUs 11+16)
Request from pid 113004: max_threads=65535, hint_threads=32
Granted 16 threads to pid 113004 (CPUs 0+0)
Request from pid 113111: max_threads=65535, hint_threads=32
Granted 16 threads to pid 113111 (CPUs 11+16)
Request from pid 113111: max_threads=65535, hint_threads=32
Granted 16 threads to pid 113111 (CPUs 11+16)
Request from pid 113004: max_threads=65535, hint_threads=32
Granted 16 threads to pid 113004 (CPUs 0+0)
Request from pid 113111: max_threads=65535, hint_threads=32
Granted 16 threads to pid 113111 (CPUs 11+16)
Request from pid 113004: max_threads=65535, hint_threads=32
Granted 16 threads to pid 113004 (CPUs 0+0)
Request from pid 113111: max_threads=65535, hint_threads=32
Granted 16 threads to pid 113111 (CPUs 11+16)
Request from pid 113004: max_threads=65535, hint_threads=32
Granted 16 threads to pid 113004 (CPUs 0+0)
Request from pid 113111: max_threads=65535, hint_threads=32
Granted 16 threads to pid 113111 (CPUs 11+16)
Request from pid 113004: max_threads=65535, hint_threads=32
Granted 16 threads to pid 113004 (CPUs 0+0)
Request from pid 113111: max_threads=65535, hint_threads=32
Granted 16 threads to pid 113111 (CPUs 11+16)
Request from pid 113004: max_threads=65535, hint_threads=32
Granted 16 threads to pid 113004 (CPUs 0+0)
Request from pid 113111: max_threads=65535, hint_threads=32
Granted 16 threads to pid 113111 (CPUs 11+16)
Request from pid 113004: max_threads=65535, hint_threads=32
Granted 16 threads to pid 113004 (CPUs 0+0)
Request from pid 113111: max_threads=65535, hint_threads=32
Granted 16 threads to pid 113111 (CPUs 11+16)
Request from pid 113004: max_threads=65535, hint_threads=32
Granted 16 threads to pid 113004 (CPUs 0+0)
Request from pid 113111: max_threads=65535, hint_threads=32
Granted 16 threads to pid 113111 (CPUs 11+16)
Request from pid 113004: max_threads=65535, hint_threads=32
Granted 16 threads to pid 113004 (CPUs 0+0)
Request from pid 113111: max_threads=65535, hint_threads=32
Granted 16 threads to pid 113111 (CPUs 11+16)
Request from pid 113004: max_threads=65535, hint_threads=32
Granted 16 threads to pid 113004 (CPUs 0+0)
Request from pid 113111: max_threads=65535, hint_threads=32
Granted 16 threads to pid 113111 (CPUs 11+16)
Request from pid 113004: max_threads=65535, hint_threads=32
Granted 16 threads to pid 113004 (CPUs 0+0)
Request from pid 113111: max_threads=65535, hint_threads=32
Granted 16 threads to pid 113111 (CPUs 11+16)
Request from pid 113004: max_threads=65535, hint_threads=32
Granted 16 threads to pid 113004 (CPUs 0+0)
Request from pid 113111: max_threads=65535, hint_threads=32
Granted 16 threads to pid 113111 (CPUs 11+16)
Request from pid 113004: max_threads=65535, hint_threads=32
Granted 16 threads to pid 113004 (CPUs 0+0)
Request from pid 113111: max_threads=65535, hint_threads=32
Granted 16 threads to pid 113111 (CPUs 11+16)
Request from pid 113004: max_threads=65535, hint_threads=32
Granted 16 threads to pid 113004 (CPUs 0+0)
Request from pid 113111: max_threads=65535, hint_threads=32
Granted 16 threads to pid 113111 (CPUs 11+16)
Request from pid 113004: max_threads=65535, hint_threads=32
Granted 16 threads to pid 113004 (CPUs 0+0)
Request from pid 113111: max_threads=65535, hint_threads=32
Granted 16 threads to pid 113111 (CPUs 11+16)
Request from pid 113004: max_threads=65535, hint_threads=32
Granted 16 threads to pid 113004 (CPUs 0+0)
Request from pid 113111: max_threads=65535, hint_threads=32
Granted 16 threads to pid 113111 (CPUs 11+16)
Request from pid 113004: max_threads=65535, hint_threads=32
Granted 16 threads to pid 113004 (CPUs 0+0)
Request from pid 113111: max_threads=65535, hint_threads=32
Granted 16 threads to pid 113111 (CPUs 11+16)
Request from pid 113004: max_threads=65535, hint_threads=32
Granted 16 threads to pid 113004 (CPUs 0+0)
Request from pid 113004: max_threads=65535, hint_threads=32
Granted 16 threads to pid 113004 (CPUs 0+0)
Read error: Connection reset by peer (os error 104)
Request from pid 113111: max_threads=65535, hint_threads=32
Granted 16 threads to pid 113111 (CPUs 11+16)
Accepted connection
Handling client
Request from pid 113232: max_threads=65535, hint_threads=32
Granted 10 threads to pid 113232 (CPUs 1+10)
Request from pid 113232: max_threads=65535, hint_threads=32
Granted 10 threads to pid 113232 (CPUs 1+10)
Request from pid 113111: max_threads=65535, hint_threads=32
Granted 10 threads to pid 113111 (CPUs 11+10)
Request from pid 113232: max_threads=65535, hint_threads=32
Granted 10 threads to pid 113232 (CPUs 1+10)
Request from pid 113111: max_threads=65535, hint_threads=32
Granted 10 threads to pid 113111 (CPUs 11+10)
Request from pid 113111: max_threads=65535, hint_threads=32
Granted 10 threads to pid 113111 (CPUs 11+10)
Request from pid 113232: max_threads=65535, hint_threads=32
Granted 10 threads to pid 113232 (CPUs 1+10)
Request from pid 113232: max_threads=65535, hint_threads=32
Granted 10 threads to pid 113232 (CPUs 1+10)
Request from pid 113111: max_threads=65535, hint_threads=32
Granted 10 threads to pid 113111 (CPUs 11+10)
Request from pid 113232: max_threads=65535, hint_threads=32
Granted 10 threads to pid 113232 (CPUs 1+10)
Request from pid 113111: max_threads=65535, hint_threads=32
Granted 10 threads to pid 113111 (CPUs 11+10)
Request from pid 113232: max_threads=65535, hint_threads=32
Granted 10 threads to pid 113232 (CPUs 1+10)
Request from pid 113111: max_threads=65535, hint_threads=32
Granted 10 threads to pid 113111 (CPUs 11+10)
Request from pid 113232: max_threads=65535, hint_threads=32
Granted 10 threads to pid 113232 (CPUs 1+10)
Request from pid 113111: max_threads=65535, hint_threads=32
Granted 10 threads to pid 113111 (CPUs 11+10)
Request from pid 113232: max_threads=65535, hint_threads=32
Granted 10 threads to pid 113232 (CPUs 1+10)
Request from pid 113111: max_threads=65535, hint_threads=32
Granted 10 threads to pid 113111 (CPUs 11+10)
Request from pid 113232: max_threads=65535, hint_threads=32
Granted 10 threads to pid 113232 (CPUs 1+10)
Request from pid 113111: max_threads=65535, hint_threads=32
Granted 10 threads to pid 113111 (CPUs 11+10)
Request from pid 113232: max_threads=65535, hint_threads=32
Granted 10 threads to pid 113232 (CPUs 1+10)
Request from pid 113111: max_threads=65535, hint_threads=32
Granted 10 threads to pid 113111 (CPUs 11+10)
Read error: Connection reset by peer (os error 104)
Accepted connection
Handling client
Request from pid 113272: max_threads=65535, hint_threads=32
Granted 8 threads to pid 113272 (CPUs 21+8)
Request from pid 113272: max_threads=65535, hint_threads=32
Granted 8 threads to pid 113272 (CPUs 21+8)
Request from pid 113232: max_threads=65535, hint_threads=32
Granted 8 threads to pid 113232 (CPUs 1+8)
Request from pid 113272: max_threads=65535, hint_threads=32
Granted 8 threads to pid 113272 (CPUs 21+8)
Request from pid 113232: max_threads=65535, hint_threads=32
Granted 8 threads to pid 113232 (CPUs 1+8)
Request from pid 113272: max_threads=65535, hint_threads=32
Granted 8 threads to pid 113272 (CPUs 21+8)
Request from pid 113232: max_threads=65535, hint_threads=32
Granted 8 threads to pid 113232 (CPUs 1+8)
Request from pid 113272: max_threads=65535, hint_threads=32
Granted 8 threads to pid 113272 (CPUs 21+8)
Request from pid 113232: max_threads=65535, hint_threads=32
Granted 8 threads to pid 113232 (CPUs 1+8)
Request from pid 113272: max_threads=65535, hint_threads=32
Granted 8 threads to pid 113272 (CPUs 21+8)
Request from pid 113232: max_threads=65535, hint_threads=32
Granted 8 threads to pid 113232 (CPUs 1+8)
Request from pid 113272: max_threads=65535, hint_threads=32
Granted 8 threads to pid 113272 (CPUs 21+8)
Request from pid 113232: max_threads=65535, hint_threads=32
Granted 8 threads to pid 113232 (CPUs 1+8)
Request from pid 113272: max_threads=65535, hint_threads=32
Granted 8 threads to pid 113272 (CPUs 21+8)
Request from pid 113232: max_threads=65535, hint_threads=32
Granted 8 threads to pid 113232 (CPUs 1+8)
Request from pid 113272: max_threads=65535, hint_threads=32
Granted 10 threads to pid 113272 (CPUs 21+10)
Request from pid 113232: max_threads=65535, hint_threads=32
Granted 10 threads to pid 113232 (CPUs 1+10)
Request from pid 113272: max_threads=65535, hint_threads=32
Granted 10 threads to pid 113272 (CPUs 21+10)
Request from pid 113232: max_threads=65535, hint_threads=32
Granted 10 threads to pid 113232 (CPUs 1+10)
Request from pid 113272: max_threads=65535, hint_threads=32
Granted 10 threads to pid 113272 (CPUs 21+10)
Request from pid 113232: max_threads=65535, hint_threads=32
Granted 10 threads to pid 113232 (CPUs 1+10)
Request from pid 113272: max_threads=65535, hint_threads=32
Granted 10 threads to pid 113272 (CPUs 21+10)
Request from pid 113232: max_threads=65535, hint_threads=32
Granted 10 threads to pid 113232 (CPUs 1+10)
Request from pid 113272: max_threads=65535, hint_threads=32
Granted 10 threads to pid 113272 (CPUs 21+10)
Request from pid 113232: max_threads=65535, hint_threads=32
Granted 10 threads to pid 113232 (CPUs 1+10)
Request from pid 113272: max_threads=65535, hint_threads=32
Granted 10 threads to pid 113272 (CPUs 21+10)
Request from pid 113232: max_threads=65535, hint_threads=32
Granted 10 threads to pid 113232 (CPUs 1+10)
Request from pid 113272: max_threads=65535, hint_threads=32
Granted 10 threads to pid 113272 (CPUs 21+10)
Request from pid 113232: max_threads=65535, hint_threads=32
Granted 10 threads to pid 113232 (CPUs 1+10)
Request from pid 113272: max_threads=65535, hint_threads=32
Granted 10 threads to pid 113272 (CPUs 21+10)
Request from pid 113232: max_threads=65535, hint_threads=32
Granted 10 threads to pid 113232 (CPUs 1+10)
Request from pid 113272: max_threads=65535, hint_threads=32
Granted 10 threads to pid 113272 (CPUs 21+10)
Request from pid 113232: max_threads=65535, hint_threads=32
Granted 10 threads to pid 113232 (CPUs 1+10)
Request from pid 113272: max_threads=65535, hint_threads=32
Granted 10 threads to pid 113272 (CPUs 21+10)
Request from pid 113232: max_threads=65535, hint_threads=32
Granted 16 threads to pid 113232 (CPUs 1+16)
Request from pid 113272: max_threads=65535, hint_threads=32
Granted 16 threads to pid 113272 (CPUs 17+16)
Request from pid 113232: max_threads=65535, hint_threads=32
Granted 16 threads to pid 113232 (CPUs 1+16)
Request from pid 113272: max_threads=65535, hint_threads=32
Granted 16 threads to pid 113272 (CPUs 17+16)
Request from pid 113232: max_threads=65535, hint_threads=32
Granted 16 threads to pid 113232 (CPUs 1+16)
Request from pid 113272: max_threads=65535, hint_threads=32
Granted 16 threads to pid 113272 (CPUs 17+16)
Request from pid 113232: max_threads=65535, hint_threads=32
Granted 16 threads to pid 113232 (CPUs 1+16)
Request from pid 113272: max_threads=65535, hint_threads=32
Granted 16 threads to pid 113272 (CPUs 17+16)
Request from pid 113232: max_threads=65535, hint_threads=32
Granted 16 threads to pid 113232 (CPUs 1+16)
Request from pid 113272: max_threads=65535, hint_threads=32
Granted 16 threads to pid 113272 (CPUs 17+16)
Request from pid 113232: max_threads=65535, hint_threads=32
Granted 16 threads to pid 113232 (CPUs 1+16)
Request from pid 113272: max_threads=65535, hint_threads=32
Granted 16 threads to pid 113272 (CPUs 17+16)
Request from pid 113232: max_threads=65535, hint_threads=32
Granted 16 threads to pid 113232 (CPUs 1+16)
Request from pid 113272: max_threads=65535, hint_threads=32
Granted 16 threads to pid 113272 (CPUs 17+16)
Request from pid 113232: max_threads=65535, hint_threads=32
Granted 16 threads to pid 113232 (CPUs 1+16)
Request from pid 113272: max_threads=65535, hint_threads=32
Granted 16 threads to pid 113272 (CPUs 17+16)
Request from pid 113232: max_threads=65535, hint_threads=32
Granted 16 threads to pid 113232 (CPUs 1+16)
Request from pid 113272: max_threads=65535, hint_threads=32
Granted 16 threads to pid 113272 (CPUs 17+16)
Request from pid 113232: max_threads=65535, hint_threads=32
Granted 16 threads to pid 113232 (CPUs 1+16)
Request from pid 113272: max_threads=65535, hint_threads=32
Granted 16 threads to pid 113272 (CPUs 17+16)
Request from pid 113232: max_threads=65535, hint_threads=32
Granted 16 threads to pid 113232 (CPUs 1+16)
Request from pid 113272: max_threads=65535, hint_threads=32
Granted 16 threads to pid 113272 (CPUs 17+16)
Request from pid 113232: max_threads=65535, hint_threads=32
Granted 16 threads to pid 113232 (CPUs 1+16)
Request from pid 113232: max_threads=65535, hint_threads=32
Granted 16 threads to pid 113232 (CPUs 1+16)
Request from pid 113272: max_threads=65535, hint_threads=32
Granted 16 threads to pid 113272 (CPUs 17+16)
Request from pid 113232: max_threads=65535, hint_threads=32
Granted 16 threads to pid 113232 (CPUs 1+16)
Request from pid 113272: max_threads=65535, hint_threads=32
Granted 16 threads to pid 113272 (CPUs 17+16)
Request from pid 113232: max_threads=65535, hint_threads=32
Granted 16 threads to pid 113232 (CPUs 1+16)
Request from pid 113272: max_threads=65535, hint_threads=32
Granted 16 threads to pid 113272 (CPUs 17+16)
Request from pid 113232: max_threads=65535, hint_threads=32
Granted 16 threads to pid 113232 (CPUs 1+16)
Request from pid 113272: max_threads=65535, hint_threads=32
Granted 16 threads to pid 113272 (CPUs 17+16)
Request from pid 113232: max_threads=65535, hint_threads=32
Granted 16 threads to pid 113232 (CPUs 1+16)
Request from pid 113272: max_threads=65535, hint_threads=32
Granted 16 threads to pid 113272 (CPUs 17+16)
Request from pid 113232: max_threads=65535, hint_threads=32
Granted 16 threads to pid 113232 (CPUs 1+16)
Request from pid 113272: max_threads=65535, hint_threads=32
Granted 16 threads to pid 113272 (CPUs 17+16)
Request from pid 113232: max_threads=65535, hint_threads=32
Granted 16 threads to pid 113232 (CPUs 1+16)
Request from pid 113272: max_threads=65535, hint_threads=32
Granted 16 threads to pid 113272 (CPUs 17+16)
Request from pid 113232: max_threads=65535, hint_threads=32
Granted 16 threads to pid 113232 (CPUs 1+16)
Read error: Connection reset by peer (os error 104)
Accepted connection
Handling client
Request from pid 113391: max_threads=65535, hint_threads=32
Granted 10 threads to pid 113391 (CPUs 0+0)
Request from pid 113272: max_threads=65535, hint_threads=32
Granted 10 threads to pid 113272 (CPUs 17+10)
Request from pid 113391: max_threads=65535, hint_threads=32
Granted 10 threads to pid 113391 (CPUs 0+0)
Request from pid 113272: max_threads=65535, hint_threads=32
Granted 10 threads to pid 113272 (CPUs 17+10)
Request from pid 113391: max_threads=65535, hint_threads=32
Granted 10 threads to pid 113391 (CPUs 0+0)
Request from pid 113272: max_threads=65535, hint_threads=32
Granted 10 threads to pid 113272 (CPUs 17+10)
Request from pid 113391: max_threads=65535, hint_threads=32
Granted 10 threads to pid 113391 (CPUs 0+0)
Request from pid 113391: max_threads=65535, hint_threads=32
Granted 10 threads to pid 113391 (CPUs 0+0)
Request from pid 113272: max_threads=65535, hint_threads=32
Granted 10 threads to pid 113272 (CPUs 17+10)
Request from pid 113272: max_threads=65535, hint_threads=32
Granted 10 threads to pid 113272 (CPUs 17+10)
Request from pid 113391: max_threads=65535, hint_threads=32
Granted 10 threads to pid 113391 (CPUs 0+0)
Request from pid 113391: max_threads=65535, hint_threads=32
Granted 10 threads to pid 113391 (CPUs 0+0)
Request from pid 113272: max_threads=65535, hint_threads=32
Granted 10 threads to pid 113272 (CPUs 17+10)
Request from pid 113272: max_threads=65535, hint_threads=32
Granted 10 threads to pid 113272 (CPUs 17+10)
Request from pid 113391: max_threads=65535, hint_threads=32
Granted 10 threads to pid 113391 (CPUs 0+0)
Request from pid 113391: max_threads=65535, hint_threads=32
Granted 10 threads to pid 113391 (CPUs 0+0)
Request from pid 113272: max_threads=65535, hint_threads=32
Granted 10 threads to pid 113272 (CPUs 17+10)
Request from pid 113272: max_threads=65535, hint_threads=32
Granted 10 threads to pid 113272 (CPUs 17+10)
Request from pid 113391: max_threads=65535, hint_threads=32
Granted 10 threads to pid 113391 (CPUs 0+0)
Request from pid 113391: max_threads=65535, hint_threads=32
Granted 10 threads to pid 113391 (CPUs 0+0)
Request from pid 113272: max_threads=65535, hint_threads=32
Granted 10 threads to pid 113272 (CPUs 17+10)
Request from pid 113272: max_threads=65535, hint_threads=32
Granted 10 threads to pid 113272 (CPUs 17+10)
Read error: Connection reset by peer (os error 104)
Accepted connection
Handling client
Request from pid 113433: max_threads=65535, hint_threads=32
Granted 8 threads to pid 113433 (CPUs 0+0)
Request from pid 113391: max_threads=65535, hint_threads=32
Granted 8 threads to pid 113391 (CPUs 0+0)
Request from pid 113433: max_threads=65535, hint_threads=32
Granted 8 threads to pid 113433 (CPUs 0+0)
Request from pid 113391: max_threads=65535, hint_threads=32
Granted 8 threads to pid 113391 (CPUs 0+0)
Request from pid 113433: max_threads=65535, hint_threads=32
Granted 8 threads to pid 113433 (CPUs 0+0)
Request from pid 113391: max_threads=65535, hint_threads=32
Granted 8 threads to pid 113391 (CPUs 0+0)
Request from pid 113433: max_threads=65535, hint_threads=32
Granted 8 threads to pid 113433 (CPUs 0+0)
Request from pid 113391: max_threads=65535, hint_threads=32
Granted 8 threads to pid 113391 (CPUs 0+0)
Request from pid 113433: max_threads=65535, hint_threads=32
Granted 8 threads to pid 113433 (CPUs 0+0)
Request from pid 113391: max_threads=65535, hint_threads=32
Granted 8 threads to pid 113391 (CPUs 0+0)
Request from pid 113433: max_threads=65535, hint_threads=32
Granted 8 threads to pid 113433 (CPUs 0+0)
Request from pid 113391: max_threads=65535, hint_threads=32
Granted 8 threads to pid 113391 (CPUs 0+0)
Request from pid 113433: max_threads=65535, hint_threads=32
Granted 8 threads to pid 113433 (CPUs 0+0)
Request from pid 113391: max_threads=65535, hint_threads=32
Granted 8 threads to pid 113391 (CPUs 0+0)
Request from pid 113433: max_threads=65535, hint_threads=32
Granted 8 threads to pid 113433 (CPUs 0+0)
Request from pid 113391: max_threads=65535, hint_threads=32
Granted 8 threads to pid 113391 (CPUs 0+0)
Request from pid 113433: max_threads=65535, hint_threads=32
Granted 10 threads to pid 113433 (CPUs 1+10)
Request from pid 113391: max_threads=65535, hint_threads=32
Granted 10 threads to pid 113391 (CPUs 0+0)
Request from pid 113433: max_threads=65535, hint_threads=32
Granted 10 threads to pid 113433 (CPUs 1+10)
Request from pid 113391: max_threads=65535, hint_threads=32
Granted 10 threads to pid 113391 (CPUs 0+0)
Request from pid 113433: max_threads=65535, hint_threads=32
Granted 10 threads to pid 113433 (CPUs 1+10)
Request from pid 113391: max_threads=65535, hint_threads=32
Granted 10 threads to pid 113391 (CPUs 0+0)
Request from pid 113433: max_threads=65535, hint_threads=32
Granted 10 threads to pid 113433 (CPUs 1+10)
Request from pid 113391: max_threads=65535, hint_threads=32
Granted 10 threads to pid 113391 (CPUs 0+0)
Request from pid 113433: max_threads=65535, hint_threads=32
Granted 10 threads to pid 113433 (CPUs 1+10)
Request from pid 113391: max_threads=65535, hint_threads=32
Granted 10 threads to pid 113391 (CPUs 0+0)
Request from pid 113433: max_threads=65535, hint_threads=32
Granted 10 threads to pid 113433 (CPUs 1+10)
Request from pid 113391: max_threads=65535, hint_threads=32
Granted 10 threads to pid 113391 (CPUs 0+0)
Request from pid 113433: max_threads=65535, hint_threads=32
Granted 10 threads to pid 113433 (CPUs 1+10)
Request from pid 113391: max_threads=65535, hint_threads=32
Granted 10 threads to pid 113391 (CPUs 0+0)
Request from pid 113433: max_threads=65535, hint_threads=32
Granted 10 threads to pid 113433 (CPUs 1+10)
Request from pid 113391: max_threads=65535, hint_threads=32
Granted 10 threads to pid 113391 (CPUs 0+0)
Request from pid 113433: max_threads=65535, hint_threads=32
Granted 10 threads to pid 113433 (CPUs 1+10)
Request from pid 113391: max_threads=65535, hint_threads=32
Granted 10 threads to pid 113391 (CPUs 0+0)
Request from pid 113433: max_threads=65535, hint_threads=32
Granted 10 threads to pid 113433 (CPUs 1+10)
Request from pid 113391: max_threads=65535, hint_threads=32
Granted 16 threads to pid 113391 (CPUs 11+16)
Request from pid 113433: max_threads=65535, hint_threads=32
Granted 16 threads to pid 113433 (CPUs 0+0)
Request from pid 113391: max_threads=65535, hint_threads=32
Granted 16 threads to pid 113391 (CPUs 11+16)
Request from pid 113433: max_threads=65535, hint_threads=32
Granted 16 threads to pid 113433 (CPUs 0+0)
Request from pid 113391: max_threads=65535, hint_threads=32
Granted 16 threads to pid 113391 (CPUs 11+16)
Request from pid 113433: max_threads=65535, hint_threads=32
Granted 16 threads to pid 113433 (CPUs 0+0)
Request from pid 113391: max_threads=65535, hint_threads=32
Granted 16 threads to pid 113391 (CPUs 11+16)
Request from pid 113433: max_threads=65535, hint_threads=32
Granted 16 threads to pid 113433 (CPUs 0+0)
Request from pid 113391: max_threads=65535, hint_threads=32
Granted 16 threads to pid 113391 (CPUs 11+16)
Request from pid 113433: max_threads=65535, hint_threads=32
Granted 16 threads to pid 113433 (CPUs 0+0)
Request from pid 113391: max_threads=65535, hint_threads=32
Granted 16 threads to pid 113391 (CPUs 11+16)
Request from pid 113433: max_threads=65535, hint_threads=32
Granted 16 threads to pid 113433 (CPUs 0+0)
Request from pid 113391: max_threads=65535, hint_threads=32
Granted 16 threads to pid 113391 (CPUs 11+16)
Request from pid 113433: max_threads=65535, hint_threads=32
Granted 16 threads to pid 113433 (CPUs 0+0)
Request from pid 113391: max_threads=65535, hint_threads=32
Granted 16 threads to pid 113391 (CPUs 11+16)
Request from pid 113433: max_threads=65535, hint_threads=32
Granted 16 threads to pid 113433 (CPUs 0+0)
Request from pid 113391: max_threads=65535, hint_threads=32
Granted 16 threads to pid 113391 (CPUs 11+16)
Request from pid 113433: max_threads=65535, hint_threads=32
Granted 16 threads to pid 113433 (CPUs 0+0)
Request from pid 113391: max_threads=65535, hint_threads=32
Granted 16 threads to pid 113391 (CPUs 11+16)
Request from pid 113433: max_threads=65535, hint_threads=32
Granted 16 threads to pid 113433 (CPUs 0+0)
Request from pid 113391: max_threads=65535, hint_threads=32
Granted 16 threads to pid 113391 (CPUs 11+16)
Request from pid 113433: max_threads=65535, hint_threads=32
Granted 16 threads to pid 113433 (CPUs 0+0)
Request from pid 113391: max_threads=65535, hint_threads=32
Granted 16 threads to pid 113391 (CPUs 11+16)
Request from pid 113433: max_threads=65535, hint_threads=32
Granted 16 threads to pid 113433 (CPUs 0+0)
Request from pid 113391: max_threads=65535, hint_threads=32
Granted 16 threads to pid 113391 (CPUs 11+16)
Request from pid 113433: max_threads=65535, hint_threads=32
Granted 16 threads to pid 113433 (CPUs 0+0)
Request from pid 113391: max_threads=65535, hint_threads=32
Granted 16 threads to pid 113391 (CPUs 11+16)
Request from pid 113433: max_threads=65535, hint_threads=32
Granted 16 threads to pid 113433 (CPUs 0+0)
Request from pid 113391: max_threads=65535, hint_threads=32
Granted 16 threads to pid 113391 (CPUs 11+16)
Request from pid 113433: max_threads=65535, hint_threads=32
Granted 16 threads to pid 113433 (CPUs 0+0)
Request from pid 113391: max_threads=65535, hint_threads=32
Granted 16 threads to pid 113391 (CPUs 11+16)
Request from pid 113433: max_threads=65535, hint_threads=32
Granted 16 threads to pid 113433 (CPUs 0+0)
Request from pid 113391: max_threads=65535, hint_threads=32
Granted 16 threads to pid 113391 (CPUs 11+16)
Request from pid 113433: max_threads=65535, hint_threads=32
Granted 16 threads to pid 113433 (CPUs 0+0)
Request from pid 113391: max_threads=65535, hint_threads=32
Granted 16 threads to pid 113391 (CPUs 11+16)
Request from pid 113433: max_threads=65535, hint_threads=32
Granted 16 threads to pid 113433 (CPUs 0+0)
Request from pid 113391: max_threads=65535, hint_threads=32
Granted 16 threads to pid 113391 (CPUs 11+16)
Read error: Connection reset by peer (os error 104)
Accepted connection
Handling client
Request from pid 113564: max_threads=65535, hint_threads=32
Granted 10 threads to pid 113564 (CPUs 1+10)
Request from pid 113433: max_threads=65535, hint_threads=32
Granted 10 threads to pid 113433 (CPUs 0+0)
Request from pid 113564: max_threads=65535, hint_threads=32
Granted 10 threads to pid 113564 (CPUs 1+10)
Request from pid 113433: max_threads=65535, hint_threads=32
Granted 10 threads to pid 113433 (CPUs 0+0)
Request from pid 113564: max_threads=65535, hint_threads=32
Granted 10 threads to pid 113564 (CPUs 1+10)
Request from pid 113433: max_threads=65535, hint_threads=32
Granted 10 threads to pid 113433 (CPUs 0+0)
Request from pid 113564: max_threads=65535, hint_threads=32
Granted 10 threads to pid 113564 (CPUs 1+10)
Request from pid 113564: max_threads=65535, hint_threads=32
Granted 10 threads to pid 113564 (CPUs 1+10)
Request from pid 113433: max_threads=65535, hint_threads=32
Granted 10 threads to pid 113433 (CPUs 0+0)
Request from pid 113433: max_threads=65535, hint_threads=32
Granted 10 threads to pid 113433 (CPUs 0+0)
Request from pid 113564: max_threads=65535, hint_threads=32
Granted 10 threads to pid 113564 (CPUs 1+10)
Request from pid 113433: max_threads=65535, hint_threads=32
Granted 10 threads to pid 113433 (CPUs 0+0)
Request from pid 113564: max_threads=65535, hint_threads=32
Granted 10 threads to pid 113564 (CPUs 1+10)
Request from pid 113433: max_threads=65535, hint_threads=32
Granted 10 threads to pid 113433 (CPUs 0+0)
Request from pid 113564: max_threads=65535, hint_threads=32
Granted 10 threads to pid 113564 (CPUs 1+10)
Request from pid 113433: max_threads=65535, hint_threads=32
Granted 10 threads to pid 113433 (CPUs 0+0)
Request from pid 113564: max_threads=65535, hint_threads=32
Granted 10 threads to pid 113564 (CPUs 1+10)
Request from pid 113433: max_threads=65535, hint_threads=32
Granted 10 threads to pid 113433 (CPUs 0+0)
Request from pid 113564: max_threads=65535, hint_threads=32
Granted 10 threads to pid 113564 (CPUs 1+10)
Request from pid 113433: max_threads=65535, hint_threads=32
Granted 10 threads to pid 113433 (CPUs 0+0)
Request from pid 113564: max_threads=65535, hint_threads=32
Granted 10 threads to pid 113564 (CPUs 1+10)
Request from pid 113433: max_threads=65535, hint_threads=32
Granted 10 threads to pid 113433 (CPUs 0+0)
Read error: Connection reset by peer (os error 104)
Accepted connection
Handling client
Request from pid 113604: max_threads=65535, hint_threads=32
Granted 8 threads to pid 113604 (CPUs 0+0)
Request from pid 113564: max_threads=65535, hint_threads=32
Granted 8 threads to pid 113564 (CPUs 1+8)
Request from pid 113604: max_threads=65535, hint_threads=32
Granted 8 threads to pid 113604 (CPUs 0+0)
Request from pid 113564: max_threads=65535, hint_threads=32
Granted 8 threads to pid 113564 (CPUs 1+8)
Request from pid 113604: max_threads=65535, hint_threads=32
Granted 8 threads to pid 113604 (CPUs 0+0)
Request from pid 113564: max_threads=65535, hint_threads=32
Granted 8 threads to pid 113564 (CPUs 1+8)
Request from pid 113604: max_threads=65535, hint_threads=32
Granted 8 threads to pid 113604 (CPUs 0+0)
Request from pid 113604: max_threads=65535, hint_threads=32
Granted 8 threads to pid 113604 (CPUs 0+0)
Request from pid 113564: max_threads=65535, hint_threads=32
Granted 8 threads to pid 113564 (CPUs 1+8)
Request from pid 113604: max_threads=65535, hint_threads=32
Granted 8 threads to pid 113604 (CPUs 0+0)
Request from pid 113564: max_threads=65535, hint_threads=32
Granted 8 threads to pid 113564 (CPUs 1+8)
Request from pid 113564: max_threads=65535, hint_threads=32
Granted 8 threads to pid 113564 (CPUs 1+8)
Request from pid 113604: max_threads=65535, hint_threads=32
Granted 8 threads to pid 113604 (CPUs 0+0)
Request from pid 113604: max_threads=65535, hint_threads=32
Granted 8 threads to pid 113604 (CPUs 0+0)
Request from pid 113564: max_threads=65535, hint_threads=32
Granted 8 threads to pid 113564 (CPUs 1+8)
Request from pid 113604: max_threads=65535, hint_threads=32
Granted 10 threads to pid 113604 (CPUs 9+10)
Request from pid 113564: max_threads=65535, hint_threads=32
Granted 10 threads to pid 113564 (CPUs 19+10)
Request from pid 113604: max_threads=65535, hint_threads=32
Granted 10 threads to pid 113604 (CPUs 9+10)
Request from pid 113564: max_threads=65535, hint_threads=32
Granted 10 threads to pid 113564 (CPUs 19+10)
Request from pid 113604: max_threads=65535, hint_threads=32
Granted 10 threads to pid 113604 (CPUs 9+10)
Request from pid 113564: max_threads=65535, hint_threads=32
Granted 10 threads to pid 113564 (CPUs 19+10)
Request from pid 113604: max_threads=65535, hint_threads=32
Granted 10 threads to pid 113604 (CPUs 9+10)
Request from pid 113564: max_threads=65535, hint_threads=32
Granted 10 threads to pid 113564 (CPUs 19+10)
Request from pid 113604: max_threads=65535, hint_threads=32
Granted 10 threads to pid 113604 (CPUs 9+10)
Request from pid 113564: max_threads=65535, hint_threads=32
Granted 10 threads to pid 113564 (CPUs 19+10)
Request from pid 113604: max_threads=65535, hint_threads=32
Granted 10 threads to pid 113604 (CPUs 9+10)
Request from pid 113564: max_threads=65535, hint_threads=32
Granted 10 threads to pid 113564 (CPUs 19+10)
Request from pid 113604: max_threads=65535, hint_threads=32
Granted 10 threads to pid 113604 (CPUs 9+10)
Request from pid 113564: max_threads=65535, hint_threads=32
Granted 10 threads to pid 113564 (CPUs 19+10)
Request from pid 113604: max_threads=65535, hint_threads=32
Granted 10 threads to pid 113604 (CPUs 9+10)
Request from pid 113564: max_threads=65535, hint_threads=32
Granted 10 threads to pid 113564 (CPUs 19+10)
Request from pid 113604: max_threads=65535, hint_threads=32
Granted 10 threads to pid 113604 (CPUs 9+10)
Request from pid 113564: max_threads=65535, hint_threads=32
Granted 10 threads to pid 113564 (CPUs 19+10)
Request from pid 113604: max_threads=65535, hint_threads=32
Granted 10 threads to pid 113604 (CPUs 9+10)
Request from pid 113564: max_threads=65535, hint_threads=32
Granted 10 threads to pid 113564 (CPUs 19+10)
Request from pid 113604: max_threads=65535, hint_threads=32
Granted 16 threads to pid 113604 (CPUs 1+16)
Request from pid 113564: max_threads=65535, hint_threads=32
Granted 16 threads to pid 113564 (CPUs 17+16)
Request from pid 113604: max_threads=65535, hint_threads=32
Granted 16 threads to pid 113604 (CPUs 1+16)
Request from pid 113564: max_threads=65535, hint_threads=32
Granted 16 threads to pid 113564 (CPUs 17+16)
Request from pid 113604: max_threads=65535, hint_threads=32
Granted 16 threads to pid 113604 (CPUs 1+16)
Request from pid 113564: max_threads=65535, hint_threads=32
Granted 16 threads to pid 113564 (CPUs 17+16)
Request from pid 113604: max_threads=65535, hint_threads=32
Granted 16 threads to pid 113604 (CPUs 1+16)
Request from pid 113564: max_threads=65535, hint_threads=32
Granted 16 threads to pid 113564 (CPUs 17+16)
Request from pid 113604: max_threads=65535, hint_threads=32
Granted 16 threads to pid 113604 (CPUs 1+16)
Request from pid 113564: max_threads=65535, hint_threads=32
Granted 16 threads to pid 113564 (CPUs 17+16)
Request from pid 113604: max_threads=65535, hint_threads=32
Granted 16 threads to pid 113604 (CPUs 1+16)
Request from pid 113564: max_threads=65535, hint_threads=32
Granted 16 threads to pid 113564 (CPUs 17+16)
Request from pid 113604: max_threads=65535, hint_threads=32
Granted 16 threads to pid 113604 (CPUs 1+16)
Request from pid 113564: max_threads=65535, hint_threads=32
Granted 16 threads to pid 113564 (CPUs 17+16)
Request from pid 113604: max_threads=65535, hint_threads=32
Granted 16 threads to pid 113604 (CPUs 1+16)
Request from pid 113564: max_threads=65535, hint_threads=32
Granted 16 threads to pid 113564 (CPUs 17+16)
Request from pid 113604: max_threads=65535, hint_threads=32
Granted 16 threads to pid 113604 (CPUs 1+16)
Request from pid 113564: max_threads=65535, hint_threads=32
Granted 16 threads to pid 113564 (CPUs 17+16)
Request from pid 113604: max_threads=65535, hint_threads=32
Granted 16 threads to pid 113604 (CPUs 1+16)
Request from pid 113564: max_threads=65535, hint_threads=32
Granted 16 threads to pid 113564 (CPUs 17+16)
Request from pid 113604: max_threads=65535, hint_threads=32
Granted 16 threads to pid 113604 (CPUs 1+16)
Request from pid 113564: max_threads=65535, hint_threads=32
Granted 16 threads to pid 113564 (CPUs 17+16)
Request from pid 113604: max_threads=65535, hint_threads=32
Granted 16 threads to pid 113604 (CPUs 1+16)
Request from pid 113564: max_threads=65535, hint_threads=32
Granted 16 threads to pid 113564 (CPUs 17+16)
Request from pid 113604: max_threads=65535, hint_threads=32
Granted 16 threads to pid 113604 (CPUs 1+16)
Request from pid 113564: max_threads=65535, hint_threads=32
Granted 16 threads to pid 113564 (CPUs 17+16)
Request from pid 113604: max_threads=65535, hint_threads=32
Granted 16 threads to pid 113604 (CPUs 1+16)
Request from pid 113564: max_threads=65535, hint_threads=32
Granted 16 threads to pid 113564 (CPUs 17+16)
Request from pid 113604: max_threads=65535, hint_threads=32
Granted 16 threads to pid 113604 (CPUs 1+16)
Request from pid 113564: max_threads=65535, hint_threads=32
Granted 16 threads to pid 113564 (CPUs 17+16)
Request from pid 113604: max_threads=65535, hint_threads=32
Granted 16 threads to pid 113604 (CPUs 1+16)
Request from pid 113564: max_threads=65535, hint_threads=32
Granted 16 threads to pid 113564 (CPUs 17+16)
Request from pid 113604: max_threads=65535, hint_threads=32
Granted 16 threads to pid 113604 (CPUs 1+16)
Request from pid 113564: max_threads=65535, hint_threads=32
Granted 16 threads to pid 113564 (CPUs 17+16)
Request from pid 113604: max_threads=65535, hint_threads=32
Granted 16 threads to pid 113604 (CPUs 1+16)
Request from pid 113564: max_threads=65535, hint_threads=32
Granted 16 threads to pid 113564 (CPUs 17+16)
Request from pid 113604: max_threads=65535, hint_threads=32
Granted 16 threads to pid 113604 (CPUs 1+16)
Request from pid 113564: max_threads=65535, hint_threads=32
Granted 16 threads to pid 113564 (CPUs 17+16)
Read error: Connection reset by peer (os error 104)
Accepted connection
Handling client
Request from pid 113725: max_threads=65535, hint_threads=32
Granted 10 threads to pid 113725 (CPUs 0+0)
Request from pid 113604: max_threads=65535, hint_threads=32
Granted 10 threads to pid 113604 (CPUs 1+10)
Request from pid 113725: max_threads=65535, hint_threads=32
Granted 10 threads to pid 113725 (CPUs 0+0)
Request from pid 113604: max_threads=65535, hint_threads=32
Granted 10 threads to pid 113604 (CPUs 1+10)
Request from pid 113725: max_threads=65535, hint_threads=32
Granted 10 threads to pid 113725 (CPUs 0+0)
Request from pid 113604: max_threads=65535, hint_threads=32
Granted 10 threads to pid 113604 (CPUs 1+10)
Request from pid 113725: max_threads=65535, hint_threads=32
Granted 10 threads to pid 113725 (CPUs 0+0)
Request from pid 113725: max_threads=65535, hint_threads=32
Granted 10 threads to pid 113725 (CPUs 0+0)
Request from pid 113604: max_threads=65535, hint_threads=32
Granted 10 threads to pid 113604 (CPUs 1+10)
Request from pid 113725: max_threads=65535, hint_threads=32
Granted 10 threads to pid 113725 (CPUs 0+0)
Request from pid 113604: max_threads=65535, hint_threads=32
Granted 10 threads to pid 113604 (CPUs 1+10)
Request from pid 113604: max_threads=65535, hint_threads=32
Granted 10 threads to pid 113604 (CPUs 1+10)
Request from pid 113725: max_threads=65535, hint_threads=32
Granted 10 threads to pid 113725 (CPUs 0+0)
Request from pid 113604: max_threads=65535, hint_threads=32
Granted 10 threads to pid 113604 (CPUs 1+10)
Request from pid 113725: max_threads=65535, hint_threads=32
Granted 10 threads to pid 113725 (CPUs 0+0)
Request from pid 113604: max_threads=65535, hint_threads=32
Granted 10 threads to pid 113604 (CPUs 1+10)
Request from pid 113725: max_threads=65535, hint_threads=32
Granted 10 threads to pid 113725 (CPUs 0+0)
Request from pid 113604: max_threads=65535, hint_threads=32
Granted 10 threads to pid 113604 (CPUs 1+10)
Request from pid 113725: max_threads=65535, hint_threads=32
Granted 10 threads to pid 113725 (CPUs 0+0)
Request from pid 113604: max_threads=65535, hint_threads=32
Granted 10 threads to pid 113604 (CPUs 1+10)
Read error: Connection reset by peer (os error 104)
Accepted connection
Handling client
Request from pid 113765: max_threads=65535, hint_threads=32
Granted 8 threads to pid 113765 (CPUs 0+0)
Request from pid 113725: max_threads=65535, hint_threads=32
Granted 8 threads to pid 113725 (CPUs 0+0)
Request from pid 113765: max_threads=65535, hint_threads=32
Granted 8 threads to pid 113765 (CPUs 0+0)
Request from pid 113765: max_threads=65535, hint_threads=32
Granted 8 threads to pid 113765 (CPUs 0+0)
Request from pid 113725: max_threads=65535, hint_threads=32
Granted 8 threads to pid 113725 (CPUs 0+0)
Request from pid 113725: max_threads=65535, hint_threads=32
Granted 8 threads to pid 113725 (CPUs 0+0)
Request from pid 113765: max_threads=65535, hint_threads=32
Granted 8 threads to pid 113765 (CPUs 0+0)
Request from pid 113765: max_threads=65535, hint_threads=32
Granted 8 threads to pid 113765 (CPUs 0+0)
Request from pid 113725: max_threads=65535, hint_threads=32
Granted 8 threads to pid 113725 (CPUs 0+0)
Request from pid 113765: max_threads=65535, hint_threads=32
Granted 8 threads to pid 113765 (CPUs 0+0)
Request from pid 113725: max_threads=65535, hint_threads=32
Granted 8 threads to pid 113725 (CPUs 0+0)
Request from pid 113765: max_threads=65535, hint_threads=32
Granted 8 threads to pid 113765 (CPUs 0+0)
Request from pid 113725: max_threads=65535, hint_threads=32
Granted 8 threads to pid 113725 (CPUs 0+0)
Request from pid 113725: max_threads=65535, hint_threads=32
Granted 8 threads to pid 113725 (CPUs 0+0)
Request from pid 113765: max_threads=65535, hint_threads=32
Granted 8 threads to pid 113765 (CPUs 0+0)
Request from pid 113765: max_threads=65535, hint_threads=32
Granted 8 threads to pid 113765 (CPUs 0+0)
Request from pid 113725: max_threads=65535, hint_threads=32
Granted 10 threads to pid 113725 (CPUs 11+10)
Request from pid 113725: max_threads=65535, hint_threads=32
Granted 10 threads to pid 113725 (CPUs 11+10)
Request from pid 113765: max_threads=65535, hint_threads=32
Granted 10 threads to pid 113765 (CPUs 21+10)
Request from pid 113765: max_threads=65535, hint_threads=32
Granted 10 threads to pid 113765 (CPUs 21+10)
Request from pid 113725: max_threads=65535, hint_threads=32
Granted 10 threads to pid 113725 (CPUs 11+10)
Request from pid 113725: max_threads=65535, hint_threads=32
Granted 10 threads to pid 113725 (CPUs 11+10)
Request from pid 113765: max_threads=65535, hint_threads=32
Granted 10 threads to pid 113765 (CPUs 21+10)
Request from pid 113765: max_threads=65535, hint_threads=32
Granted 10 threads to pid 113765 (CPUs 21+10)
Request from pid 113725: max_threads=65535, hint_threads=32
Granted 10 threads to pid 113725 (CPUs 11+10)
Request from pid 113725: max_threads=65535, hint_threads=32
Granted 10 threads to pid 113725 (CPUs 11+10)
Request from pid 113765: max_threads=65535, hint_threads=32
Granted 10 threads to pid 113765 (CPUs 21+10)
Request from pid 113765: max_threads=65535, hint_threads=32
Granted 10 threads to pid 113765 (CPUs 21+10)
Request from pid 113725: max_threads=65535, hint_threads=32
Granted 10 threads to pid 113725 (CPUs 11+10)
Request from pid 113725: max_threads=65535, hint_threads=32
Granted 10 threads to pid 113725 (CPUs 11+10)
Request from pid 113765: max_threads=65535, hint_threads=32
Granted 10 threads to pid 113765 (CPUs 21+10)
Request from pid 113765: max_threads=65535, hint_threads=32
Granted 10 threads to pid 113765 (CPUs 21+10)
Request from pid 113725: max_threads=65535, hint_threads=32
Granted 10 threads to pid 113725 (CPUs 11+10)
Request from pid 113725: max_threads=65535, hint_threads=32
Granted 10 threads to pid 113725 (CPUs 11+10)
Request from pid 113765: max_threads=65535, hint_threads=32
Granted 10 threads to pid 113765 (CPUs 21+10)
Request from pid 113765: max_threads=65535, hint_threads=32
Granted 16 threads to pid 113765 (CPUs 0+0)
Request from pid 113725: max_threads=65535, hint_threads=32
Granted 16 threads to pid 113725 (CPUs 1+16)
Request from pid 113725: max_threads=65535, hint_threads=32
Granted 16 threads to pid 113725 (CPUs 1+16)
Request from pid 113765: max_threads=65535, hint_threads=32
Granted 16 threads to pid 113765 (CPUs 17+16)
Request from pid 113765: max_threads=65535, hint_threads=32
Granted 16 threads to pid 113765 (CPUs 17+16)
Request from pid 113725: max_threads=65535, hint_threads=32
Granted 16 threads to pid 113725 (CPUs 1+16)
Request from pid 113725: max_threads=65535, hint_threads=32
Granted 16 threads to pid 113725 (CPUs 1+16)
Request from pid 113765: max_threads=65535, hint_threads=32
Granted 16 threads to pid 113765 (CPUs 17+16)
Request from pid 113765: max_threads=65535, hint_threads=32
Granted 16 threads to pid 113765 (CPUs 17+16)
Request from pid 113725: max_threads=65535, hint_threads=32
Granted 16 threads to pid 113725 (CPUs 1+16)
Request from pid 113725: max_threads=65535, hint_threads=32
Granted 16 threads to pid 113725 (CPUs 1+16)
Request from pid 113765: max_threads=65535, hint_threads=32
Granted 16 threads to pid 113765 (CPUs 17+16)
Request from pid 113765: max_threads=65535, hint_threads=32
Granted 16 threads to pid 113765 (CPUs 17+16)
Request from pid 113725: max_threads=65535, hint_threads=32
Granted 16 threads to pid 113725 (CPUs 1+16)
Request from pid 113725: max_threads=65535, hint_threads=32
Granted 16 threads to pid 113725 (CPUs 1+16)
Request from pid 113765: max_threads=65535, hint_threads=32
Granted 16 threads to pid 113765 (CPUs 17+16)
Request from pid 113765: max_threads=65535, hint_threads=32
Granted 16 threads to pid 113765 (CPUs 17+16)
Request from pid 113725: max_threads=65535, hint_threads=32
Granted 16 threads to pid 113725 (CPUs 1+16)
Request from pid 113725: max_threads=65535, hint_threads=32
Granted 16 threads to pid 113725 (CPUs 1+16)
Request from pid 113765: max_threads=65535, hint_threads=32
Granted 16 threads to pid 113765 (CPUs 17+16)
Request from pid 113765: max_threads=65535, hint_threads=32
Granted 16 threads to pid 113765 (CPUs 17+16)
Request from pid 113725: max_threads=65535, hint_threads=32
Granted 16 threads to pid 113725 (CPUs 1+16)
Request from pid 113725: max_threads=65535, hint_threads=32
Granted 16 threads to pid 113725 (CPUs 1+16)
Request from pid 113765: max_threads=65535, hint_threads=32
Granted 16 threads to pid 113765 (CPUs 17+16)
Request from pid 113765: max_threads=65535, hint_threads=32
Granted 16 threads to pid 113765 (CPUs 17+16)
Request from pid 113725: max_threads=65535, hint_threads=32
Granted 16 threads to pid 113725 (CPUs 1+16)
Request from pid 113725: max_threads=65535, hint_threads=32
Granted 16 threads to pid 113725 (CPUs 1+16)
Request from pid 113765: max_threads=65535, hint_threads=32
Granted 16 threads to pid 113765 (CPUs 17+16)
Request from pid 113765: max_threads=65535, hint_threads=32
Granted 16 threads to pid 113765 (CPUs 17+16)
Request from pid 113725: max_threads=65535, hint_threads=32
Granted 16 threads to pid 113725 (CPUs 1+16)
Request from pid 113725: max_threads=65535, hint_threads=32
Granted 16 threads to pid 113725 (CPUs 1+16)
Request from pid 113765: max_threads=65535, hint_threads=32
Granted 16 threads to pid 113765 (CPUs 17+16)
Request from pid 113765: max_threads=65535, hint_threads=32
Granted 16 threads to pid 113765 (CPUs 17+16)
Request from pid 113725: max_threads=65535, hint_threads=32
Granted 16 threads to pid 113725 (CPUs 1+16)
Request from pid 113725: max_threads=65535, hint_threads=32
Granted 16 threads to pid 113725 (CPUs 1+16)
Request from pid 113765: max_threads=65535, hint_threads=32
Granted 16 threads to pid 113765 (CPUs 17+16)
Request from pid 113765: max_threads=65535, hint_threads=32
Granted 16 threads to pid 113765 (CPUs 17+16)
Request from pid 113725: max_threads=65535, hint_threads=32
Granted 16 threads to pid 113725 (CPUs 1+16)
Request from pid 113725: max_threads=65535, hint_threads=32
Granted 16 threads to pid 113725 (CPUs 1+16)
Read error: Connection reset by peer (os error 104)
Accepted connection
Handling client
Request from pid 113885: max_threads=65535, hint_threads=32
Granted 10 threads to pid 113885 (CPUs 0+0)
Request from pid 113765: max_threads=65535, hint_threads=32
Granted 10 threads to pid 113765 (CPUs 17+10)
Request from pid 113885: max_threads=65535, hint_threads=32
Granted 10 threads to pid 113885 (CPUs 0+0)
Request from pid 113765: max_threads=65535, hint_threads=32
Granted 10 threads to pid 113765 (CPUs 17+10)
Request from pid 113885: max_threads=65535, hint_threads=32
Granted 10 threads to pid 113885 (CPUs 0+0)
Request from pid 113765: max_threads=65535, hint_threads=32
Granted 10 threads to pid 113765 (CPUs 17+10)
Request from pid 113765: max_threads=65535, hint_threads=32
Granted 10 threads to pid 113765 (CPUs 17+10)
Request from pid 113885: max_threads=65535, hint_threads=32
Granted 10 threads to pid 113885 (CPUs 0+0)
Request from pid 113885: max_threads=65535, hint_threads=32
Granted 10 threads to pid 113885 (CPUs 0+0)
Request from pid 113765: max_threads=65535, hint_threads=32
Granted 10 threads to pid 113765 (CPUs 17+10)
Request from pid 113885: max_threads=65535, hint_threads=32
Granted 10 threads to pid 113885 (CPUs 0+0)
Request from pid 113765: max_threads=65535, hint_threads=32
Granted 10 threads to pid 113765 (CPUs 17+10)
Request from pid 113885: max_threads=65535, hint_threads=32
Granted 10 threads to pid 113885 (CPUs 0+0)
Request from pid 113765: max_threads=65535, hint_threads=32
Granted 10 threads to pid 113765 (CPUs 17+10)
Request from pid 113765: max_threads=65535, hint_threads=32
Granted 10 threads to pid 113765 (CPUs 17+10)
Request from pid 113885: max_threads=65535, hint_threads=32
Granted 10 threads to pid 113885 (CPUs 0+0)
Request from pid 113885: max_threads=65535, hint_threads=32
Granted 10 threads to pid 113885 (CPUs 0+0)
Request from pid 113765: max_threads=65535, hint_threads=32
Granted 10 threads to pid 113765 (CPUs 17+10)
Request from pid 113765: max_threads=65535, hint_threads=32
Granted 10 threads to pid 113765 (CPUs 17+10)
Read error: Connection reset by peer (os error 104)
Accepted connection
Handling client
Request from pid 113925: max_threads=65535, hint_threads=32
Granted 8 threads to pid 113925 (CPUs 0+0)
Request from pid 113885: max_threads=65535, hint_threads=32
Granted 8 threads to pid 113885 (CPUs 0+0)
Request from pid 113925: max_threads=65535, hint_threads=32
Granted 8 threads to pid 113925 (CPUs 0+0)
Request from pid 113885: max_threads=65535, hint_threads=32
Granted 8 threads to pid 113885 (CPUs 0+0)
Request from pid 113925: max_threads=65535, hint_threads=32
Granted 8 threads to pid 113925 (CPUs 0+0)
Request from pid 113885: max_threads=65535, hint_threads=32
Granted 8 threads to pid 113885 (CPUs 0+0)
Request from pid 113925: max_threads=65535, hint_threads=32
Granted 8 threads to pid 113925 (CPUs 0+0)
Request from pid 113925: max_threads=65535, hint_threads=32
Granted 8 threads to pid 113925 (CPUs 0+0)
Request from pid 113885: max_threads=65535, hint_threads=32
Granted 8 threads to pid 113885 (CPUs 0+0)
Request from pid 113925: max_threads=65535, hint_threads=32
Granted 8 threads to pid 113925 (CPUs 0+0)
Request from pid 113885: max_threads=65535, hint_threads=32
Granted 8 threads to pid 113885 (CPUs 0+0)
Request from pid 113925: max_threads=65535, hint_threads=32
Granted 8 threads to pid 113925 (CPUs 0+0)
Request from pid 113885: max_threads=65535, hint_threads=32
Granted 8 threads to pid 113885 (CPUs 0+0)
Request from pid 113925: max_threads=65535, hint_threads=32
Granted 8 threads to pid 113925 (CPUs 0+0)
Request from pid 113885: max_threads=65535, hint_threads=32
Granted 8 threads to pid 113885 (CPUs 0+0)
Request from pid 113925: max_threads=65535, hint_threads=32
Granted 8 threads to pid 113925 (CPUs 0+0)
Request from pid 113885: max_threads=65535, hint_threads=32
Granted 8 threads to pid 113885 (CPUs 0+0)
Request from pid 113925: max_threads=65535, hint_threads=32
Granted 10 threads to pid 113925 (CPUs 1+10)
Request from pid 113885: max_threads=65535, hint_threads=32
Granted 10 threads to pid 113885 (CPUs 0+0)
Request from pid 113925: max_threads=65535, hint_threads=32
Granted 10 threads to pid 113925 (CPUs 1+10)
Request from pid 113885: max_threads=65535, hint_threads=32
Granted 10 threads to pid 113885 (CPUs 0+0)
Request from pid 113925: max_threads=65535, hint_threads=32
Granted 10 threads to pid 113925 (CPUs 1+10)
Request from pid 113885: max_threads=65535, hint_threads=32
Granted 10 threads to pid 113885 (CPUs 0+0)
Request from pid 113925: max_threads=65535, hint_threads=32
Granted 10 threads to pid 113925 (CPUs 1+10)
Request from pid 113885: max_threads=65535, hint_threads=32
Granted 10 threads to pid 113885 (CPUs 0+0)
Request from pid 113925: max_threads=65535, hint_threads=32
Granted 10 threads to pid 113925 (CPUs 1+10)
Request from pid 113885: max_threads=65535, hint_threads=32
Granted 10 threads to pid 113885 (CPUs 0+0)
Request from pid 113925: max_threads=65535, hint_threads=32
Granted 10 threads to pid 113925 (CPUs 1+10)
Request from pid 113885: max_threads=65535, hint_threads=32
Granted 10 threads to pid 113885 (CPUs 0+0)
Request from pid 113925: max_threads=65535, hint_threads=32
Granted 10 threads to pid 113925 (CPUs 1+10)
Request from pid 113925: max_threads=65535, hint_threads=32
Granted 10 threads to pid 113925 (CPUs 1+10)
Request from pid 113885: max_threads=65535, hint_threads=32
Granted 10 threads to pid 113885 (CPUs 0+0)
Request from pid 113885: max_threads=65535, hint_threads=32
Granted 10 threads to pid 113885 (CPUs 0+0)
Request from pid 113925: max_threads=65535, hint_threads=32
Granted 10 threads to pid 113925 (CPUs 1+10)
Request from pid 113925: max_threads=65535, hint_threads=32
Granted 16 threads to pid 113925 (CPUs 1+16)
Request from pid 113885: max_threads=65535, hint_threads=32
Granted 16 threads to pid 113885 (CPUs 17+16)
Request from pid 113885: max_threads=65535, hint_threads=32
Granted 16 threads to pid 113885 (CPUs 17+16)
Request from pid 113925: max_threads=65535, hint_threads=32
Granted 16 threads to pid 113925 (CPUs 1+16)
Request from pid 113925: max_threads=65535, hint_threads=32
Granted 16 threads to pid 113925 (CPUs 1+16)
Request from pid 113885: max_threads=65535, hint_threads=32
Granted 16 threads to pid 113885 (CPUs 17+16)
Request from pid 113885: max_threads=65535, hint_threads=32
Granted 16 threads to pid 113885 (CPUs 17+16)
Request from pid 113925: max_threads=65535, hint_threads=32
Granted 16 threads to pid 113925 (CPUs 1+16)
Request from pid 113925: max_threads=65535, hint_threads=32
Granted 16 threads to pid 113925 (CPUs 1+16)
Request from pid 113885: max_threads=65535, hint_threads=32
Granted 16 threads to pid 113885 (CPUs 17+16)
Request from pid 113925: max_threads=65535, hint_threads=32
Granted 16 threads to pid 113925 (CPUs 1+16)
Request from pid 113885: max_threads=65535, hint_threads=32
Granted 16 threads to pid 113885 (CPUs 17+16)
Request from pid 113925: max_threads=65535, hint_threads=32
Granted 16 threads to pid 113925 (CPUs 1+16)
Request from pid 113885: max_threads=65535, hint_threads=32
Granted 16 threads to pid 113885 (CPUs 17+16)
Request from pid 113925: max_threads=65535, hint_threads=32
Granted 16 threads to pid 113925 (CPUs 1+16)
Request from pid 113885: max_threads=65535, hint_threads=32
Granted 16 threads to pid 113885 (CPUs 17+16)
Request from pid 113925: max_threads=65535, hint_threads=32
Granted 16 threads to pid 113925 (CPUs 1+16)
Request from pid 113885: max_threads=65535, hint_threads=32
Granted 16 threads to pid 113885 (CPUs 17+16)
Request from pid 113925: max_threads=65535, hint_threads=32
Granted 16 threads to pid 113925 (CPUs 1+16)
Request from pid 113885: max_threads=65535, hint_threads=32
Granted 16 threads to pid 113885 (CPUs 17+16)
Request from pid 113925: max_threads=65535, hint_threads=32
Granted 16 threads to pid 113925 (CPUs 1+16)
Request from pid 113885: max_threads=65535, hint_threads=32
Granted 16 threads to pid 113885 (CPUs 17+16)
Request from pid 113925: max_threads=65535, hint_threads=32
Granted 16 threads to pid 113925 (CPUs 1+16)
Request from pid 113885: max_threads=65535, hint_threads=32
Granted 16 threads to pid 113885 (CPUs 17+16)
Request from pid 113925: max_threads=65535, hint_threads=32
Granted 16 threads to pid 113925 (CPUs 1+16)
Request from pid 113885: max_threads=65535, hint_threads=32
Granted 16 threads to pid 113885 (CPUs 17+16)
Request from pid 113925: max_threads=65535, hint_threads=32
Granted 16 threads to pid 113925 (CPUs 1+16)
Request from pid 113885: max_threads=65535, hint_threads=32
Granted 16 threads to pid 113885 (CPUs 17+16)
Request from pid 113925: max_threads=65535, hint_threads=32
Granted 16 threads to pid 113925 (CPUs 1+16)
Request from pid 113885: max_threads=65535, hint_threads=32
Granted 16 threads to pid 113885 (CPUs 17+16)
Request from pid 113925: max_threads=65535, hint_threads=32
Granted 16 threads to pid 113925 (CPUs 1+16)
Request from pid 113885: max_threads=65535, hint_threads=32
Granted 16 threads to pid 113885 (CPUs 17+16)
Request from pid 113925: max_threads=65535, hint_threads=32
Granted 16 threads to pid 113925 (CPUs 1+16)
Request from pid 113885: max_threads=65535, hint_threads=32
Granted 16 threads to pid 113885 (CPUs 17+16)
Request from pid 113925: max_threads=65535, hint_threads=32
Granted 16 threads to pid 113925 (CPUs 1+16)
Request from pid 113885: max_threads=65535, hint_threads=32
Granted 16 threads to pid 113885 (CPUs 17+16)
Request from pid 113925: max_threads=65535, hint_threads=32
Granted 16 threads to pid 113925 (CPUs 1+16)
Request from pid 113885: max_threads=65535, hint_threads=32
Granted 16 threads to pid 113885 (CPUs 17+16)
Request from pid 113925: max_threads=65535, hint_threads=32
Granted 16 threads to pid 113925 (CPUs 1+16)
Request from pid 113885: max_threads=65535, hint_threads=32
Granted 16 threads to pid 113885 (CPUs 17+16)
Request from pid 113925: max_threads=65535, hint_threads=32
Granted 16 threads to pid 113925 (CPUs 1+16)
Request from pid 113885: max_threads=65535, hint_threads=32
Granted 16 threads to pid 113885 (CPUs 17+16)
Request from pid 113925: max_threads=65535, hint_threads=32
Granted 16 threads to pid 113925 (CPUs 1+16)
Request from pid 113885: max_threads=65535, hint_threads=32
Granted 16 threads to pid 113885 (CPUs 17+16)
Read error: Connection reset by peer (os error 104)
Accepted connection
Handling client
Request from pid 114060: max_threads=65535, hint_threads=32
Granted 10 threads to pid 114060 (CPUs 0+0)
Request from pid 113925: max_threads=65535, hint_threads=32
Granted 10 threads to pid 113925 (CPUs 1+10)
Request from pid 114060: max_threads=65535, hint_threads=32
Granted 10 threads to pid 114060 (CPUs 0+0)
Request from pid 113925: max_threads=65535, hint_threads=32
Granted 10 threads to pid 113925 (CPUs 1+10)
Request from pid 114060: max_threads=65535, hint_threads=32
Granted 10 threads to pid 114060 (CPUs 0+0)
Request from pid 113925: max_threads=65535, hint_threads=32
Granted 10 threads to pid 113925 (CPUs 1+10)
Request from pid 114060: max_threads=65535, hint_threads=32
Granted 10 threads to pid 114060 (CPUs 0+0)
Request from pid 114060: max_threads=65535, hint_threads=32
Granted 10 threads to pid 114060 (CPUs 0+0)
Request from pid 113925: max_threads=65535, hint_threads=32
Granted 10 threads to pid 113925 (CPUs 1+10)
Request from pid 113925: max_threads=65535, hint_threads=32
Granted 10 threads to pid 113925 (CPUs 1+10)
Request from pid 114060: max_threads=65535, hint_threads=32
Granted 10 threads to pid 114060 (CPUs 0+0)
Request from pid 113925: max_threads=65535, hint_threads=32
Granted 10 threads to pid 113925 (CPUs 1+10)
Request from pid 114060: max_threads=65535, hint_threads=32
Granted 10 threads to pid 114060 (CPUs 0+0)
Request from pid 113925: max_threads=65535, hint_threads=32
Granted 10 threads to pid 113925 (CPUs 1+10)
Read error: Connection reset by peer (os error 104)
Accepted connection
Handling client
Request from pid 114102: max_threads=65535, hint_threads=32
Granted 8 threads to pid 114102 (CPUs 0+0)
Request from pid 114060: max_threads=65535, hint_threads=32
Granted 8 threads to pid 114060 (CPUs 0+0)
Request from pid 114102: max_threads=65535, hint_threads=32
Granted 8 threads to pid 114102 (CPUs 0+0)
Request from pid 114060: max_threads=65535, hint_threads=32
Granted 8 threads to pid 114060 (CPUs 0+0)
Request from pid 114102: max_threads=65535, hint_threads=32
Granted 8 threads to pid 114102 (CPUs 0+0)
Request from pid 114060: max_threads=65535, hint_threads=32
Granted 8 threads to pid 114060 (CPUs 0+0)
Request from pid 114102: max_threads=65535, hint_threads=32
Granted 8 threads to pid 114102 (CPUs 0+0)
Request from pid 114060: max_threads=65535, hint_threads=32
Granted 8 threads to pid 114060 (CPUs 0+0)
Request from pid 114102: max_threads=65535, hint_threads=32
Granted 8 threads to pid 114102 (CPUs 0+0)
Request from pid 114060: max_threads=65535, hint_threads=32
Granted 8 threads to pid 114060 (CPUs 0+0)
Request from pid 114102: max_threads=65535, hint_threads=32
Granted 8 threads to pid 114102 (CPUs 0+0)
Request from pid 114060: max_threads=65535, hint_threads=32
Granted 8 threads to pid 114060 (CPUs 0+0)
Request from pid 114102: max_threads=65535, hint_threads=32
Granted 8 threads to pid 114102 (CPUs 0+0)
Request from pid 114060: max_threads=65535, hint_threads=32
Granted 8 threads to pid 114060 (CPUs 0+0)
Request from pid 114102: max_threads=65535, hint_threads=32
Granted 8 threads to pid 114102 (CPUs 0+0)
Request from pid 114060: max_threads=65535, hint_threads=32
Granted 8 threads to pid 114060 (CPUs 0+0)
Request from pid 114102: max_threads=65535, hint_threads=32
Granted 8 threads to pid 114102 (CPUs 0+0)
Request from pid 114060: max_threads=65535, hint_threads=32
Granted 8 threads to pid 114060 (CPUs 0+0)
Request from pid 114102: max_threads=65535, hint_threads=32
Granted 8 threads to pid 114102 (CPUs 0+0)
Request from pid 114060: max_threads=65535, hint_threads=32
Granted 8 threads to pid 114060 (CPUs 0+0)
Request from pid 114102: max_threads=65535, hint_threads=32
Granted 8 threads to pid 114102 (CPUs 0+0)
Request from pid 114060: max_threads=65535, hint_threads=32
Granted 10 threads to pid 114060 (CPUs 11+10)
Request from pid 114102: max_threads=65535, hint_threads=32
Granted 10 threads to pid 114102 (CPUs 21+10)
Request from pid 114060: max_threads=65535, hint_threads=32
Granted 10 threads to pid 114060 (CPUs 11+10)
Request from pid 114102: max_threads=65535, hint_threads=32
Granted 10 threads to pid 114102 (CPUs 21+10)
Request from pid 114060: max_threads=65535, hint_threads=32
Granted 10 threads to pid 114060 (CPUs 11+10)
Request from pid 114060: max_threads=65535, hint_threads=32
Granted 10 threads to pid 114060 (CPUs 11+10)
Request from pid 114102: max_threads=65535, hint_threads=32
Granted 10 threads to pid 114102 (CPUs 21+10)
Request from pid 114102: max_threads=65535, hint_threads=32
Granted 10 threads to pid 114102 (CPUs 21+10)
Request from pid 114060: max_threads=65535, hint_threads=32
Granted 10 threads to pid 114060 (CPUs 11+10)
Request from pid 114060: max_threads=65535, hint_threads=32
Granted 10 threads to pid 114060 (CPUs 11+10)
Request from pid 114102: max_threads=65535, hint_threads=32
Granted 10 threads to pid 114102 (CPUs 21+10)
Request from pid 114102: max_threads=65535, hint_threads=32
Granted 10 threads to pid 114102 (CPUs 21+10)
Request from pid 114060: max_threads=65535, hint_threads=32
Granted 16 threads to pid 114060 (CPUs 1+16)
Request from pid 114060: max_threads=65535, hint_threads=32
Granted 16 threads to pid 114060 (CPUs 1+16)
Request from pid 114102: max_threads=65535, hint_threads=32
Granted 16 threads to pid 114102 (CPUs 17+16)
Request from pid 114060: max_threads=65535, hint_threads=32
Granted 16 threads to pid 114060 (CPUs 1+16)
Request from pid 114102: max_threads=65535, hint_threads=32
Granted 16 threads to pid 114102 (CPUs 17+16)
Request from pid 114060: max_threads=65535, hint_threads=32
Granted 16 threads to pid 114060 (CPUs 1+16)
Request from pid 114102: max_threads=65535, hint_threads=32
Granted 16 threads to pid 114102 (CPUs 17+16)
Request from pid 114060: max_threads=65535, hint_threads=32
Granted 16 threads to pid 114060 (CPUs 1+16)
Request from pid 114102: max_threads=65535, hint_threads=32
Granted 16 threads to pid 114102 (CPUs 17+16)
Request from pid 114060: max_threads=65535, hint_threads=32
Granted 16 threads to pid 114060 (CPUs 1+16)
Request from pid 114102: max_threads=65535, hint_threads=32
Granted 16 threads to pid 114102 (CPUs 17+16)
Request from pid 114060: max_threads=65535, hint_threads=32
Granted 16 threads to pid 114060 (CPUs 1+16)
Request from pid 114102: max_threads=65535, hint_threads=32
Granted 16 threads to pid 114102 (CPUs 17+16)
Request from pid 114060: max_threads=65535, hint_threads=32
Granted 16 threads to pid 114060 (CPUs 1+16)
Request from pid 114102: max_threads=65535, hint_threads=32
Granted 16 threads to pid 114102 (CPUs 17+16)
Request from pid 114060: max_threads=65535, hint_threads=32
Granted 16 threads to pid 114060 (CPUs 1+16)
Request from pid 114102: max_threads=65535, hint_threads=32
Granted 16 threads to pid 114102 (CPUs 17+16)
Request from pid 114060: max_threads=65535, hint_threads=32
Granted 16 threads to pid 114060 (CPUs 1+16)
Request from pid 114102: max_threads=65535, hint_threads=32
Granted 16 threads to pid 114102 (CPUs 17+16)
Request from pid 114060: max_threads=65535, hint_threads=32
Granted 16 threads to pid 114060 (CPUs 1+16)
Request from pid 114102: max_threads=65535, hint_threads=32
Granted 16 threads to pid 114102 (CPUs 17+16)
Request from pid 114060: max_threads=65535, hint_threads=32
Granted 16 threads to pid 114060 (CPUs 1+16)
Request from pid 114060: max_threads=65535, hint_threads=32
Granted 16 threads to pid 114060 (CPUs 1+16)
Request from pid 114102: max_threads=65535, hint_threads=32
Granted 16 threads to pid 114102 (CPUs 17+16)
Request from pid 114060: max_threads=65535, hint_threads=32
Granted 16 threads to pid 114060 (CPUs 1+16)
Request from pid 114102: max_threads=65535, hint_threads=32
Granted 16 threads to pid 114102 (CPUs 17+16)
Request from pid 114060: max_threads=65535, hint_threads=32
Granted 16 threads to pid 114060 (CPUs 1+16)
Request from pid 114102: max_threads=65535, hint_threads=32
Granted 16 threads to pid 114102 (CPUs 17+16)
Request from pid 114060: max_threads=65535, hint_threads=32
Granted 16 threads to pid 114060 (CPUs 1+16)
Request from pid 114102: max_threads=65535, hint_threads=32
Granted 16 threads to pid 114102 (CPUs 17+16)
Request from pid 114060: max_threads=65535, hint_threads=32
Granted 16 threads to pid 114060 (CPUs 1+16)
Request from pid 114102: max_threads=65535, hint_threads=32
Granted 16 threads to pid 114102 (CPUs 17+16)
Request from pid 114060: max_threads=65535, hint_threads=32
Granted 16 threads to pid 114060 (CPUs 1+16)
Request from pid 114102: max_threads=65535, hint_threads=32
Granted 16 threads to pid 114102 (CPUs 17+16)
Request from pid 114060: max_threads=65535, hint_threads=32
Granted 16 threads to pid 114060 (CPUs 1+16)
Request from pid 114102: max_threads=65535, hint_threads=32
Granted 16 threads to pid 114102 (CPUs 17+16)
Request from pid 114060: max_threads=65535, hint_threads=32
Granted 16 threads to pid 114060 (CPUs 1+16)
Request from pid 114102: max_threads=65535, hint_threads=32
Granted 16 threads to pid 114102 (CPUs 17+16)
Request from pid 114060: max_threads=65535, hint_threads=32
Granted 16 threads to pid 114060 (CPUs 1+16)
Request from pid 114102: max_threads=65535, hint_threads=32
Granted 16 threads to pid 114102 (CPUs 17+16)
Request from pid 114060: max_threads=65535, hint_threads=32
Granted 16 threads to pid 114060 (CPUs 1+16)
Request from pid 114102: max_threads=65535, hint_threads=32
Granted 16 threads to pid 114102 (CPUs 17+16)
Request from pid 114060: max_threads=65535, hint_threads=32
Granted 16 threads to pid 114060 (CPUs 1+16)
Request from pid 114102: max_threads=65535, hint_threads=32
Granted 16 threads to pid 114102 (CPUs 17+16)
Request from pid 114060: max_threads=65535, hint_threads=32
Granted 16 threads to pid 114060 (CPUs 1+16)
Read error: Connection reset by peer (os error 104)
Accepted connection
Handling client
Request from pid 114220: max_threads=65535, hint_threads=32
Granted 10 threads to pid 114220 (CPUs 0+0)
Request from pid 114102: max_threads=65535, hint_threads=32
Granted 10 threads to pid 114102 (CPUs 17+10)
Request from pid 114220: max_threads=65535, hint_threads=32
Granted 10 threads to pid 114220 (CPUs 0+0)
Request from pid 114220: max_threads=65535, hint_threads=32
Granted 10 threads to pid 114220 (CPUs 0+0)
Request from pid 114102: max_threads=65535, hint_threads=32
Granted 10 threads to pid 114102 (CPUs 17+10)
Request from pid 114102: max_threads=65535, hint_threads=32
Granted 10 threads to pid 114102 (CPUs 17+10)
Request from pid 114220: max_threads=65535, hint_threads=32
Granted 10 threads to pid 114220 (CPUs 0+0)
Request from pid 114220: max_threads=65535, hint_threads=32
Granted 10 threads to pid 114220 (CPUs 0+0)
Request from pid 114102: max_threads=65535, hint_threads=32
Granted 10 threads to pid 114102 (CPUs 17+10)
Request from pid 114220: max_threads=65535, hint_threads=32
Granted 10 threads to pid 114220 (CPUs 0+0)
Request from pid 114102: max_threads=65535, hint_threads=32
Granted 10 threads to pid 114102 (CPUs 17+10)
Request from pid 114220: max_threads=65535, hint_threads=32
Granted 10 threads to pid 114220 (CPUs 0+0)
Request from pid 114102: max_threads=65535, hint_threads=32
Granted 10 threads to pid 114102 (CPUs 17+10)
Request from pid 114102: max_threads=65535, hint_threads=32
Granted 10 threads to pid 114102 (CPUs 17+10)
Request from pid 114220: max_threads=65535, hint_threads=32
Granted 10 threads to pid 114220 (CPUs 0+0)
Request from pid 114220: max_threads=65535, hint_threads=32
Granted 10 threads to pid 114220 (CPUs 0+0)
Request from pid 114102: max_threads=65535, hint_threads=32
Granted 10 threads to pid 114102 (CPUs 17+10)
Request from pid 114102: max_threads=65535, hint_threads=32
Granted 10 threads to pid 114102 (CPUs 17+10)
Read error: Connection reset by peer (os error 104)
Accepted connection
Handling client
Request from pid 114265: max_threads=65535, hint_threads=32
Granted 8 threads to pid 114265 (CPUs 0+0)
Request from pid 114220: max_threads=65535, hint_threads=32
Granted 8 threads to pid 114220 (CPUs 0+0)
Request from pid 114265: max_threads=65535, hint_threads=32
Granted 8 threads to pid 114265 (CPUs 0+0)
Request from pid 114220: max_threads=65535, hint_threads=32
Granted 8 threads to pid 114220 (CPUs 0+0)
Request from pid 114265: max_threads=65535, hint_threads=32
Granted 8 threads to pid 114265 (CPUs 0+0)
Request from pid 114220: max_threads=65535, hint_threads=32
Granted 8 threads to pid 114220 (CPUs 0+0)
Request from pid 114265: max_threads=65535, hint_threads=32
Granted 8 threads to pid 114265 (CPUs 0+0)
Request from pid 114220: max_threads=65535, hint_threads=32
Granted 8 threads to pid 114220 (CPUs 0+0)
Request from pid 114265: max_threads=65535, hint_threads=32
Granted 8 threads to pid 114265 (CPUs 0+0)
Request from pid 114220: max_threads=65535, hint_threads=32
Granted 8 threads to pid 114220 (CPUs 0+0)
Request from pid 114265: max_threads=65535, hint_threads=32
Granted 8 threads to pid 114265 (CPUs 0+0)
Request from pid 114220: max_threads=65535, hint_threads=32
Granted 8 threads to pid 114220 (CPUs 0+0)
Request from pid 114265: max_threads=65535, hint_threads=32
Granted 8 threads to pid 114265 (CPUs 0+0)
Request from pid 114220: max_threads=65535, hint_threads=32
Granted 8 threads to pid 114220 (CPUs 0+0)
Request from pid 114265: max_threads=65535, hint_threads=32
Granted 8 threads to pid 114265 (CPUs 0+0)
Request from pid 114220: max_threads=65535, hint_threads=32
Granted 8 threads to pid 114220 (CPUs 0+0)
Request from pid 114265: max_threads=65535, hint_threads=32
Granted 8 threads to pid 114265 (CPUs 0+0)
Request from pid 114220: max_threads=65535, hint_threads=32
Granted 10 threads to pid 114220 (CPUs 1+10)
Request from pid 114265: max_threads=65535, hint_threads=32
Granted 10 threads to pid 114265 (CPUs 0+0)
Request from pid 114220: max_threads=65535, hint_threads=32
Granted 10 threads to pid 114220 (CPUs 1+10)
Request from pid 114265: max_threads=65535, hint_threads=32
Granted 10 threads to pid 114265 (CPUs 0+0)
Request from pid 114220: max_threads=65535, hint_threads=32
Granted 10 threads to pid 114220 (CPUs 1+10)
Request from pid 114265: max_threads=65535, hint_threads=32
Granted 10 threads to pid 114265 (CPUs 0+0)
Request from pid 114220: max_threads=65535, hint_threads=32
Granted 10 threads to pid 114220 (CPUs 1+10)
Request from pid 114265: max_threads=65535, hint_threads=32
Granted 10 threads to pid 114265 (CPUs 0+0)
Request from pid 114220: max_threads=65535, hint_threads=32
Granted 10 threads to pid 114220 (CPUs 1+10)
Request from pid 114265: max_threads=65535, hint_threads=32
Granted 10 threads to pid 114265 (CPUs 0+0)
Request from pid 114220: max_threads=65535, hint_threads=32
Granted 10 threads to pid 114220 (CPUs 1+10)
Request from pid 114265: max_threads=65535, hint_threads=32
Granted 10 threads to pid 114265 (CPUs 0+0)
Request from pid 114220: max_threads=65535, hint_threads=32
Granted 10 threads to pid 114220 (CPUs 1+10)
Request from pid 114265: max_threads=65535, hint_threads=32
Granted 10 threads to pid 114265 (CPUs 0+0)
Request from pid 114220: max_threads=65535, hint_threads=32
Granted 10 threads to pid 114220 (CPUs 1+10)
Request from pid 114265: max_threads=65535, hint_threads=32
Granted 10 threads to pid 114265 (CPUs 0+0)
Request from pid 114220: max_threads=65535, hint_threads=32
Granted 10 threads to pid 114220 (CPUs 1+10)
Request from pid 114265: max_threads=65535, hint_threads=32
Granted 16 threads to pid 114265 (CPUs 11+16)
Request from pid 114220: max_threads=65535, hint_threads=32
Granted 16 threads to pid 114220 (CPUs 0+0)
Request from pid 114265: max_threads=65535, hint_threads=32
Granted 16 threads to pid 114265 (CPUs 11+16)
Request from pid 114265: max_threads=65535, hint_threads=32
Granted 16 threads to pid 114265 (CPUs 11+16)
Request from pid 114220: max_threads=65535, hint_threads=32
Granted 16 threads to pid 114220 (CPUs 0+0)
Request from pid 114265: max_threads=65535, hint_threads=32
Granted 16 threads to pid 114265 (CPUs 11+16)
Request from pid 114220: max_threads=65535, hint_threads=32
Granted 16 threads to pid 114220 (CPUs 0+0)
Request from pid 114265: max_threads=65535, hint_threads=32
Granted 16 threads to pid 114265 (CPUs 11+16)
Request from pid 114220: max_threads=65535, hint_threads=32
Granted 16 threads to pid 114220 (CPUs 0+0)
Request from pid 114220: max_threads=65535, hint_threads=32
Granted 16 threads to pid 114220 (CPUs 0+0)
Request from pid 114265: max_threads=65535, hint_threads=32
Granted 16 threads to pid 114265 (CPUs 11+16)
Request from pid 114220: max_threads=65535, hint_threads=32
Granted 16 threads to pid 114220 (CPUs 0+0)
Request from pid 114265: max_threads=65535, hint_threads=32
Granted 16 threads to pid 114265 (CPUs 11+16)
Request from pid 114220: max_threads=65535, hint_threads=32
Granted 16 threads to pid 114220 (CPUs 0+0)
Request from pid 114265: max_threads=65535, hint_threads=32
Granted 16 threads to pid 114265 (CPUs 11+16)
Request from pid 114220: max_threads=65535, hint_threads=32
Granted 16 threads to pid 114220 (CPUs 0+0)
Request from pid 114265: max_threads=65535, hint_threads=32
Granted 16 threads to pid 114265 (CPUs 11+16)
Request from pid 114220: max_threads=65535, hint_threads=32
Granted 16 threads to pid 114220 (CPUs 0+0)
Request from pid 114265: max_threads=65535, hint_threads=32
Granted 16 threads to pid 114265 (CPUs 11+16)
Request from pid 114220: max_threads=65535, hint_threads=32
Granted 16 threads to pid 114220 (CPUs 0+0)
Request from pid 114265: max_threads=65535, hint_threads=32
Granted 16 threads to pid 114265 (CPUs 11+16)
Request from pid 114220: max_threads=65535, hint_threads=32
Granted 16 threads to pid 114220 (CPUs 0+0)
Request from pid 114265: max_threads=65535, hint_threads=32
Granted 16 threads to pid 114265 (CPUs 11+16)
Request from pid 114220: max_threads=65535, hint_threads=32
Granted 16 threads to pid 114220 (CPUs 0+0)
Request from pid 114265: max_threads=65535, hint_threads=32
Granted 16 threads to pid 114265 (CPUs 11+16)
Request from pid 114220: max_threads=65535, hint_threads=32
Granted 16 threads to pid 114220 (CPUs 0+0)
Request from pid 114265: max_threads=65535, hint_threads=32
Granted 16 threads to pid 114265 (CPUs 11+16)
Request from pid 114220: max_threads=65535, hint_threads=32
Granted 16 threads to pid 114220 (CPUs 0+0)
Request from pid 114265: max_threads=65535, hint_threads=32
Granted 16 threads to pid 114265 (CPUs 11+16)
Request from pid 114220: max_threads=65535, hint_threads=32
Granted 16 threads to pid 114220 (CPUs 0+0)
Request from pid 114265: max_threads=65535, hint_threads=32
Granted 16 threads to pid 114265 (CPUs 11+16)
Request from pid 114220: max_threads=65535, hint_threads=32
Granted 16 threads to pid 114220 (CPUs 0+0)
Request from pid 114265: max_threads=65535, hint_threads=32
Granted 16 threads to pid 114265 (CPUs 11+16)
Request from pid 114220: max_threads=65535, hint_threads=32
Granted 16 threads to pid 114220 (CPUs 0+0)
Request from pid 114265: max_threads=65535, hint_threads=32
Granted 16 threads to pid 114265 (CPUs 11+16)
Request from pid 114220: max_threads=65535, hint_threads=32
Granted 16 threads to pid 114220 (CPUs 0+0)
Request from pid 114265: max_threads=65535, hint_threads=32
Granted 16 threads to pid 114265 (CPUs 11+16)
Request from pid 114220: max_threads=65535, hint_threads=32
Granted 16 threads to pid 114220 (CPUs 0+0)
Request from pid 114265: max_threads=65535, hint_threads=32
Granted 16 threads to pid 114265 (CPUs 11+16)
Request from pid 114220: max_threads=65535, hint_threads=32
Granted 16 threads to pid 114220 (CPUs 0+0)
Request from pid 114265: max_threads=65535, hint_threads=32
Granted 16 threads to pid 114265 (CPUs 11+16)
Request from pid 114220: max_threads=65535, hint_threads=32
Granted 16 threads to pid 114220 (CPUs 0+0)
Read error: Connection reset by peer (os error 104)
Accepted connection
Request from pid 114265: max_threads=65535, hint_threads=32
Granted 16 threads to pid 114265 (CPUs 11+16)
Handling client
Request from pid 114528: max_threads=65535, hint_threads=32
Granted 10 threads to pid 114528 (CPUs 1+10)
Request from pid 114528: max_threads=65535, hint_threads=32
Granted 10 threads to pid 114528 (CPUs 1+10)
Request from pid 114265: max_threads=65535, hint_threads=32
Granted 10 threads to pid 114265 (CPUs 11+10)
Request from pid 114528: max_threads=65535, hint_threads=32
Granted 10 threads to pid 114528 (CPUs 1+10)
Request from pid 114265: max_threads=65535, hint_threads=32
Granted 10 threads to pid 114265 (CPUs 11+10)
Request from pid 114265: max_threads=65535, hint_threads=32
Granted 10 threads to pid 114265 (CPUs 11+10)
Request from pid 114528: max_threads=65535, hint_threads=32
Granted 10 threads to pid 114528 (CPUs 1+10)
Request from pid 114528: max_threads=65535, hint_threads=32
Granted 10 threads to pid 114528 (CPUs 1+10)
Request from pid 114265: max_threads=65535, hint_threads=32
Granted 10 threads to pid 114265 (CPUs 11+10)
Request from pid 114528: max_threads=65535, hint_threads=32
Granted 10 threads to pid 114528 (CPUs 1+10)
Request from pid 114265: max_threads=65535, hint_threads=32
Granted 10 threads to pid 114265 (CPUs 11+10)
Request from pid 114528: max_threads=65535, hint_threads=32
Granted 10 threads to pid 114528 (CPUs 1+10)
Request from pid 114265: max_threads=65535, hint_threads=32
Granted 10 threads to pid 114265 (CPUs 11+10)
Request from pid 114528: max_threads=65535, hint_threads=32
Granted 10 threads to pid 114528 (CPUs 1+10)
Request from pid 114265: max_threads=65535, hint_threads=32
Granted 10 threads to pid 114265 (CPUs 11+10)
Request from pid 114528: max_threads=65535, hint_threads=32
Granted 10 threads to pid 114528 (CPUs 1+10)
Request from pid 114265: max_threads=65535, hint_threads=32
Granted 10 threads to pid 114265 (CPUs 11+10)
Read error: Connection reset by peer (os error 104)
Request from pid 114528: max_threads=65535, hint_threads=32
Granted 10 threads to pid 114528 (CPUs 1+10)
Request from pid 114528: max_threads=65535, hint_threads=32
Granted 10 threads to pid 114528 (CPUs 1+10)
Request from pid 114528: max_threads=65535, hint_threads=32
Granted 10 threads to pid 114528 (CPUs 1+10)
Request from pid 114528: max_threads=65535, hint_threads=32
Granted 10 threads to pid 114528 (CPUs 1+10)
Request from pid 114528: max_threads=65535, hint_threads=32
Granted 10 threads to pid 114528 (CPUs 1+10)
Request from pid 114528: max_threads=65535, hint_threads=32
Granted 10 threads to pid 114528 (CPUs 1+10)
Request from pid 114528: max_threads=65535, hint_threads=32
Granted 10 threads to pid 114528 (CPUs 1+10)
Request from pid 114528: max_threads=65535, hint_threads=32
Granted 10 threads to pid 114528 (CPUs 1+10)
Request from pid 114528: max_threads=65535, hint_threads=32
Granted 10 threads to pid 114528 (CPUs 1+10)
Request from pid 114528: max_threads=65535, hint_threads=32
Granted 10 threads to pid 114528 (CPUs 1+10)
Request from pid 114528: max_threads=65535, hint_threads=32
Granted 10 threads to pid 114528 (CPUs 1+10)
Request from pid 114528: max_threads=65535, hint_threads=32
Granted 16 threads to pid 114528 (CPUs 0+0)
Request from pid 114528: max_threads=65535, hint_threads=32
Granted 16 threads to pid 114528 (CPUs 0+0)
Request from pid 114528: max_threads=65535, hint_threads=32
Granted 16 threads to pid 114528 (CPUs 0+0)
Request from pid 114528: max_threads=65535, hint_threads=32
Granted 16 threads to pid 114528 (CPUs 0+0)
Request from pid 114528: max_threads=65535, hint_threads=32
Granted 16 threads to pid 114528 (CPUs 0+0)
Request from pid 114528: max_threads=65535, hint_threads=32
Granted 16 threads to pid 114528 (CPUs 0+0)
Request from pid 114528: max_threads=65535, hint_threads=32
Granted 16 threads to pid 114528 (CPUs 0+0)
Request from pid 114528: max_threads=65535, hint_threads=32
Granted 16 threads to pid 114528 (CPUs 0+0)
Request from pid 114528: max_threads=65535, hint_threads=32
Granted 16 threads to pid 114528 (CPUs 0+0)
Request from pid 114528: max_threads=65535, hint_threads=32
Granted 16 threads to pid 114528 (CPUs 0+0)
Request from pid 114528: max_threads=65535, hint_threads=32
Granted 16 threads to pid 114528 (CPUs 0+0)
Request from pid 114528: max_threads=65535, hint_threads=32
Granted 32 threads to pid 114528 (CPUs 1+32)
Request from pid 114528: max_threads=65535, hint_threads=32
Granted 32 threads to pid 114528 (CPUs 1+32)
Request from pid 114528: max_threads=65535, hint_threads=32
Granted 32 threads to pid 114528 (CPUs 1+32)
Request from pid 114528: max_threads=65535, hint_threads=32
Granted 32 threads to pid 114528 (CPUs 1+32)
Request from pid 114528: max_threads=65535, hint_threads=32
Granted 32 threads to pid 114528 (CPUs 1+32)
Request from pid 114528: max_threads=65535, hint_threads=32
Granted 32 threads to pid 114528 (CPUs 1+32)
Request from pid 114528: max_threads=65535, hint_threads=32
Granted 32 threads to pid 114528 (CPUs 1+32)
Request from pid 114528: max_threads=65535, hint_threads=32
Granted 32 threads to pid 114528 (CPUs 1+32)
Request from pid 114528: max_threads=65535, hint_threads=32
Granted 32 threads to pid 114528 (CPUs 1+32)
Request from pid 114528: max_threads=65535, hint_threads=32
Granted 32 threads to pid 114528 (CPUs 1+32)
Request from pid 114528: max_threads=65535, hint_threads=32
Granted 32 threads to pid 114528 (CPUs 1+32)
Request from pid 114528: max_threads=65535, hint_threads=32
Granted 32 threads to pid 114528 (CPUs 1+32)
Request from pid 114528: max_threads=65535, hint_threads=32
Granted 32 threads to pid 114528 (CPUs 1+32)
Request from pid 114528: max_threads=65535, hint_threads=32
Granted 32 threads to pid 114528 (CPUs 1+32)
Request from pid 114528: max_threads=65535, hint_threads=32
Granted 32 threads to pid 114528 (CPUs 1+32)
Request from pid 114528: max_threads=65535, hint_threads=32
Granted 32 threads to pid 114528 (CPUs 1+32)
Read error: Connection reset by peer (os error 104)
Accepted connection
Handling client
Request from pid 114589: max_threads=65535, hint_threads=32
Granted 16 threads to pid 114589 (CPUs 0+0)
Request from pid 114589: max_threads=65535, hint_threads=32
Granted 16 threads to pid 114589 (CPUs 0+0)
Request from pid 114589: max_threads=65535, hint_threads=32
Granted 16 threads to pid 114589 (CPUs 0+0)
Request from pid 114589: max_threads=65535, hint_threads=32
Granted 16 threads to pid 114589 (CPUs 0+0)
Request from pid 114589: max_threads=65535, hint_threads=32
Granted 16 threads to pid 114589 (CPUs 0+0)
Request from pid 114589: max_threads=65535, hint_threads=32
Granted 16 threads to pid 114589 (CPUs 0+0)
Request from pid 114589: max_threads=65535, hint_threads=32
Granted 16 threads to pid 114589 (CPUs 0+0)
Request from pid 114589: max_threads=65535, hint_threads=32
Granted 16 threads to pid 114589 (CPUs 0+0)
Request from pid 114589: max_threads=65535, hint_threads=32
Granted 16 threads to pid 114589 (CPUs 0+0)
Request from pid 114589: max_threads=65535, hint_threads=32
Granted 16 threads to pid 114589 (CPUs 0+0)
Request from pid 114589: max_threads=65535, hint_threads=32
Granted 16 threads to pid 114589 (CPUs 0+0)
Request from pid 114589: max_threads=65535, hint_threads=32
Granted 16 threads to pid 114589 (CPUs 0+0)
Request from pid 114589: max_threads=65535, hint_threads=32
Granted 16 threads to pid 114589 (CPUs 0+0)
Request from pid 114589: max_threads=65535, hint_threads=32
Granted 16 threads to pid 114589 (CPUs 0+0)
Request from pid 114589: max_threads=65535, hint_threads=32
Granted 16 threads to pid 114589 (CPUs 0+0)
Request from pid 114589: max_threads=65535, hint_threads=32
Granted 16 threads to pid 114589 (CPUs 0+0)
Request from pid 114589: max_threads=65535, hint_threads=32
Granted 16 threads to pid 114589 (CPUs 0+0)
Request from pid 114589: max_threads=65535, hint_threads=32
Granted 16 threads to pid 114589 (CPUs 0+0)
Request from pid 114589: max_threads=65535, hint_threads=32
Granted 16 threads to pid 114589 (CPUs 0+0)
Request from pid 114589: max_threads=65535, hint_threads=32
Granted 16 threads to pid 114589 (CPUs 0+0)
Request from pid 114589: max_threads=65535, hint_threads=32
Granted 16 threads to pid 114589 (CPUs 0+0)
Request from pid 114589: max_threads=65535, hint_threads=32
Granted 16 threads to pid 114589 (CPUs 0+0)
Request from pid 114589: max_threads=65535, hint_threads=32
Granted 16 threads to pid 114589 (CPUs 0+0)
Request from pid 114589: max_threads=65535, hint_threads=32
Granted 16 threads to pid 114589 (CPUs 0+0)
Request from pid 114589: max_threads=65535, hint_threads=32
Granted 16 threads to pid 114589 (CPUs 0+0)
Request from pid 114589: max_threads=65535, hint_threads=32
Granted 16 threads to pid 114589 (CPUs 0+0)
Request from pid 114589: max_threads=65535, hint_threads=32
Granted 16 threads to pid 114589 (CPUs 0+0)
Request from pid 114589: max_threads=65535, hint_threads=32
Granted 16 threads to pid 114589 (CPUs 0+0)
Request from pid 114589: max_threads=65535, hint_threads=32
Granted 16 threads to pid 114589 (CPUs 0+0)
Request from pid 114589: max_threads=65535, hint_threads=32
Granted 16 threads to pid 114589 (CPUs 0+0)
Request from pid 114589: max_threads=65535, hint_threads=32
Granted 16 threads to pid 114589 (CPUs 0+0)
Request from pid 114589: max_threads=65535, hint_threads=32
Granted 32 threads to pid 114589 (CPUs 1+32)
Request from pid 114589: max_threads=65535, hint_threads=32
Granted 32 threads to pid 114589 (CPUs 1+32)
Request from pid 114589: max_threads=65535, hint_threads=32
Granted 32 threads to pid 114589 (CPUs 1+32)
Request from pid 114589: max_threads=65535, hint_threads=32
Granted 32 threads to pid 114589 (CPUs 1+32)
Request from pid 114589: max_threads=65535, hint_threads=32
Granted 32 threads to pid 114589 (CPUs 1+32)
Request from pid 114589: max_threads=65535, hint_threads=32
Granted 32 threads to pid 114589 (CPUs 1+32)
Request from pid 114589: max_threads=65535, hint_threads=32
Granted 32 threads to pid 114589 (CPUs 1+32)
Request from pid 114589: max_threads=65535, hint_threads=32
Granted 32 threads to pid 114589 (CPUs 1+32)
Request from pid 114589: max_threads=65535, hint_threads=32
Granted 32 threads to pid 114589 (CPUs 1+32)
Request from pid 114589: max_threads=65535, hint_threads=32
Granted 32 threads to pid 114589 (CPUs 1+32)
Request from pid 114589: max_threads=65535, hint_threads=32
Granted 32 threads to pid 114589 (CPUs 1+32)
Request from pid 114589: max_threads=65535, hint_threads=32
Granted 32 threads to pid 114589 (CPUs 1+32)
Request from pid 114589: max_threads=65535, hint_threads=32
Granted 32 threads to pid 114589 (CPUs 1+32)
Request from pid 114589: max_threads=65535, hint_threads=32
Granted 32 threads to pid 114589 (CPUs 1+32)
Request from pid 114589: max_threads=65535, hint_threads=32
Granted 32 threads to pid 114589 (CPUs 1+32)
Request from pid 114589: max_threads=65535, hint_threads=32
Granted 32 threads to pid 114589 (CPUs 1+32)
Read error: Connection reset by peer (os error 104)
CPU pool (32 cores): 1–32
Listening on /tmp/omp-rm.sock (capacity=32, strategy=fair_share)
Accepted connection
Handling client
Request from pid 51223: max_threads=65535, hint_threads=32
Granted 32 threads to pid 51223 (CPUs 1+32)
Request from pid 51223: max_threads=65535, hint_threads=32
Granted 32 threads to pid 51223 (CPUs 1+32)
Request from pid 51223: max_threads=65535, hint_threads=32
Granted 32 threads to pid 51223 (CPUs 1+32)
Request from pid 51223: max_threads=65535, hint_threads=32
Granted 32 threads to pid 51223 (CPUs 1+32)
Request from pid 51223: max_threads=65535, hint_threads=32
Granted 32 threads to pid 51223 (CPUs 1+32)
Request from pid 51223: max_threads=65535, hint_threads=32
Granted 32 threads to pid 51223 (CPUs 1+32)
Request from pid 51223: max_threads=65535, hint_threads=32
Granted 32 threads to pid 51223 (CPUs 1+32)
Request from pid 51223: max_threads=65535, hint_threads=32
Granted 32 threads to pid 51223 (CPUs 1+32)
Request from pid 51223: max_threads=65535, hint_threads=32
Granted 32 threads to pid 51223 (CPUs 1+32)
Request from pid 51223: max_threads=65535, hint_threads=32
Granted 32 threads to pid 51223 (CPUs 1+32)
Request from pid 51223: max_threads=65535, hint_threads=32
Granted 32 threads to pid 51223 (CPUs 1+32)
Request from pid 51223: max_threads=65535, hint_threads=32
Granted 32 threads to pid 51223 (CPUs 1+32)
Request from pid 51223: max_threads=65535, hint_threads=32
Granted 32 threads to pid 51223 (CPUs 1+32)
Request from pid 51223: max_threads=65535, hint_threads=32
Granted 32 threads to pid 51223 (CPUs 1+32)
Request from pid 51223: max_threads=65535, hint_threads=32
Granted 32 threads to pid 51223 (CPUs 1+32)
Request from pid 51223: max_threads=65535, hint_threads=32
Granted 32 threads to pid 51223 (CPUs 1+32)
Request from pid 51223: max_threads=65535, hint_threads=32
Granted 32 threads to pid 51223 (CPUs 1+32)
Request from pid 51223: max_threads=65535, hint_threads=32
Granted 32 threads to pid 51223 (CPUs 1+32)
Request from pid 51223: max_threads=65535, hint_threads=32
Granted 32 threads to pid 51223 (CPUs 1+32)
Request from pid 51223: max_threads=65535, hint_threads=32
Granted 32 threads to pid 51223 (CPUs 1+32)
Request from pid 51223: max_threads=65535, hint_threads=32
Granted 32 threads to pid 51223 (CPUs 1+32)
Request from pid 51223: max_threads=65535, hint_threads=32
Granted 32 threads to pid 51223 (CPUs 1+32)
Request from pid 51223: max_threads=65535, hint_threads=32
Granted 32 threads to pid 51223 (CPUs 1+32)
Request from pid 51223: max_threads=65535, hint_threads=32
Granted 32 threads to pid 51223 (CPUs 1+32)
Request from pid 51223: max_threads=65535, hint_threads=32
Granted 32 threads to pid 51223 (CPUs 1+32)
Request from pid 51223: max_threads=65535, hint_threads=32
Granted 32 threads to pid 51223 (CPUs 1+32)
Request from pid 51223: max_threads=65535, hint_threads=32
Granted 32 threads to pid 51223 (CPUs 1+32)
Request from pid 51223: max_threads=65535, hint_threads=32
Granted 32 threads to pid 51223 (CPUs 1+32)
Request from pid 51223: max_threads=65535, hint_threads=32
Granted 32 threads to pid 51223 (CPUs 1+32)
Request from pid 51223: max_threads=65535, hint_threads=32
Granted 32 threads to pid 51223 (CPUs 1+32)
Request from pid 51223: max_threads=65535, hint_threads=32
Granted 32 threads to pid 51223 (CPUs 1+32)
Request from pid 51223: max_threads=65535, hint_threads=32
Granted 32 threads to pid 51223 (CPUs 1+32)
Request from pid 51223: max_threads=65535, hint_threads=32
Granted 32 threads to pid 51223 (CPUs 1+32)
Request from pid 51223: max_threads=65535, hint_threads=32
Granted 32 threads to pid 51223 (CPUs 1+32)
Request from pid 51223: max_threads=65535, hint_threads=32
Granted 32 threads to pid 51223 (CPUs 1+32)
Request from pid 51223: max_threads=65535, hint_threads=32
Granted 32 threads to pid 51223 (CPUs 1+32)
Request from pid 51223: max_threads=65535, hint_threads=32
Granted 32 threads to pid 51223 (CPUs 1+32)
Request from pid 51223: max_threads=65535, hint_threads=32
Granted 32 threads to pid 51223 (CPUs 1+32)
Request from pid 51223: max_threads=65535, hint_threads=32
Granted 32 threads to pid 51223 (CPUs 1+32)
Request from pid 51223: max_threads=65535, hint_threads=32
Granted 32 threads to pid 51223 (CPUs 1+32)
Request from pid 51223: max_threads=65535, hint_threads=32
Granted 32 threads to pid 51223 (CPUs 1+32)
Request from pid 51223: max_threads=65535, hint_threads=32
Granted 32 threads to pid 51223 (CPUs 1+32)
Request from pid 51223: max_threads=65535, hint_threads=32
Granted 32 threads to pid 51223 (CPUs 1+32)
Request from pid 51223: max_threads=65535, hint_threads=32
Granted 32 threads to pid 51223 (CPUs 1+32)
Request from pid 51223: max_threads=65535, hint_threads=32
Granted 32 threads to pid 51223 (CPUs 1+32)
Request from pid 51223: max_threads=65535, hint_threads=32
Granted 32 threads to pid 51223 (CPUs 1+32)
Request from pid 51223: max_threads=65535, hint_threads=32
Granted 32 threads to pid 51223 (CPUs 1+32)
Read error: Connection reset by peer (os error 104)
Accepted connection
Handling client
Request from pid 51313: max_threads=65535, hint_threads=32
Granted 16 threads to pid 51313 (CPUs 0+0)
Request from pid 51313: max_threads=65535, hint_threads=32
Granted 16 threads to pid 51313 (CPUs 0+0)
Request from pid 51313: max_threads=65535, hint_threads=32
Granted 16 threads to pid 51313 (CPUs 0+0)
Request from pid 51313: max_threads=65535, hint_threads=32
Granted 16 threads to pid 51313 (CPUs 0+0)
Request from pid 51313: max_threads=65535, hint_threads=32
Granted 16 threads to pid 51313 (CPUs 0+0)
Request from pid 51313: max_threads=65535, hint_threads=32
Granted 16 threads to pid 51313 (CPUs 0+0)
Request from pid 51313: max_threads=65535, hint_threads=32
Granted 16 threads to pid 51313 (CPUs 0+0)
Request from pid 51313: max_threads=65535, hint_threads=32
Granted 16 threads to pid 51313 (CPUs 0+0)
Request from pid 51313: max_threads=65535, hint_threads=32
Granted 16 threads to pid 51313 (CPUs 0+0)
Request from pid 51313: max_threads=65535, hint_threads=32
Granted 16 threads to pid 51313 (CPUs 0+0)
Request from pid 51313: max_threads=65535, hint_threads=32
Granted 16 threads to pid 51313 (CPUs 0+0)
Request from pid 51313: max_threads=65535, hint_threads=32
Granted 16 threads to pid 51313 (CPUs 0+0)
Request from pid 51313: max_threads=65535, hint_threads=32
Granted 16 threads to pid 51313 (CPUs 0+0)
Request from pid 51313: max_threads=65535, hint_threads=32
Granted 16 threads to pid 51313 (CPUs 0+0)
Request from pid 51313: max_threads=65535, hint_threads=32
Granted 16 threads to pid 51313 (CPUs 0+0)
Request from pid 51313: max_threads=65535, hint_threads=32
Granted 16 threads to pid 51313 (CPUs 0+0)
Request from pid 51313: max_threads=65535, hint_threads=32
Granted 16 threads to pid 51313 (CPUs 0+0)
Request from pid 51313: max_threads=65535, hint_threads=32
Granted 16 threads to pid 51313 (CPUs 0+0)
Request from pid 51313: max_threads=65535, hint_threads=32
Granted 16 threads to pid 51313 (CPUs 0+0)
Request from pid 51313: max_threads=65535, hint_threads=32
Granted 16 threads to pid 51313 (CPUs 0+0)
Request from pid 51313: max_threads=65535, hint_threads=32
Granted 16 threads to pid 51313 (CPUs 0+0)
Request from pid 51313: max_threads=65535, hint_threads=32
Granted 16 threads to pid 51313 (CPUs 0+0)
Request from pid 51313: max_threads=65535, hint_threads=32
Granted 16 threads to pid 51313 (CPUs 0+0)
Request from pid 51313: max_threads=65535, hint_threads=32
Granted 16 threads to pid 51313 (CPUs 0+0)
Request from pid 51313: max_threads=65535, hint_threads=32
Granted 16 threads to pid 51313 (CPUs 0+0)
Request from pid 51313: max_threads=65535, hint_threads=32
Granted 16 threads to pid 51313 (CPUs 0+0)
Request from pid 51313: max_threads=65535, hint_threads=32
Granted 16 threads to pid 51313 (CPUs 0+0)
Request from pid 51313: max_threads=65535, hint_threads=32
Granted 16 threads to pid 51313 (CPUs 0+0)
Request from pid 51313: max_threads=65535, hint_threads=32
Granted 16 threads to pid 51313 (CPUs 0+0)
Request from pid 51313: max_threads=65535, hint_threads=32
Granted 16 threads to pid 51313 (CPUs 0+0)
Request from pid 51313: max_threads=65535, hint_threads=32
Granted 16 threads to pid 51313 (CPUs 0+0)
Request from pid 51313: max_threads=65535, hint_threads=32
Granted 32 threads to pid 51313 (CPUs 1+32)
Request from pid 51313: max_threads=65535, hint_threads=32
Granted 32 threads to pid 51313 (CPUs 1+32)
Request from pid 51313: max_threads=65535, hint_threads=32
Granted 32 threads to pid 51313 (CPUs 1+32)
Request from pid 51313: max_threads=65535, hint_threads=32
Granted 32 threads to pid 51313 (CPUs 1+32)
Request from pid 51313: max_threads=65535, hint_threads=32
Granted 32 threads to pid 51313 (CPUs 1+32)
Accepted connection
Handling client
Request from pid 51426: max_threads=65535, hint_threads=32
Granted 16 threads to pid 51426 (CPUs 0+0)
Request from pid 51313: max_threads=65535, hint_threads=32
Granted 16 threads to pid 51313 (CPUs 1+16)
Request from pid 51426: max_threads=65535, hint_threads=32
Granted 16 threads to pid 51426 (CPUs 17+16)
Request from pid 51313: max_threads=65535, hint_threads=32
Granted 16 threads to pid 51313 (CPUs 1+16)
Request from pid 51426: max_threads=65535, hint_threads=32
Granted 16 threads to pid 51426 (CPUs 17+16)
Request from pid 51313: max_threads=65535, hint_threads=32
Granted 16 threads to pid 51313 (CPUs 1+16)
Request from pid 51313: max_threads=65535, hint_threads=32
Granted 16 threads to pid 51313 (CPUs 1+16)
Request from pid 51426: max_threads=65535, hint_threads=32
Granted 16 threads to pid 51426 (CPUs 17+16)
Request from pid 51426: max_threads=65535, hint_threads=32
Granted 16 threads to pid 51426 (CPUs 17+16)
Request from pid 51313: max_threads=65535, hint_threads=32
Granted 16 threads to pid 51313 (CPUs 1+16)
Request from pid 51313: max_threads=65535, hint_threads=32
Granted 16 threads to pid 51313 (CPUs 1+16)
Request from pid 51426: max_threads=65535, hint_threads=32
Granted 16 threads to pid 51426 (CPUs 17+16)
Request from pid 51426: max_threads=65535, hint_threads=32
Granted 16 threads to pid 51426 (CPUs 17+16)
Request from pid 51313: max_threads=65535, hint_threads=32
Granted 16 threads to pid 51313 (CPUs 1+16)
Request from pid 51313: max_threads=65535, hint_threads=32
Granted 16 threads to pid 51313 (CPUs 1+16)
Request from pid 51426: max_threads=65535, hint_threads=32
Granted 16 threads to pid 51426 (CPUs 17+16)
Request from pid 51426: max_threads=65535, hint_threads=32
Granted 16 threads to pid 51426 (CPUs 17+16)
Request from pid 51313: max_threads=65535, hint_threads=32
Granted 16 threads to pid 51313 (CPUs 1+16)
Request from pid 51313: max_threads=65535, hint_threads=32
Granted 16 threads to pid 51313 (CPUs 1+16)
Request from pid 51426: max_threads=65535, hint_threads=32
Granted 16 threads to pid 51426 (CPUs 17+16)
Request from pid 51426: max_threads=65535, hint_threads=32
Granted 16 threads to pid 51426 (CPUs 17+16)
Request from pid 51313: max_threads=65535, hint_threads=32
Granted 16 threads to pid 51313 (CPUs 1+16)
Request from pid 51313: max_threads=65535, hint_threads=32
Granted 16 threads to pid 51313 (CPUs 1+16)
Read error: Connection reset by peer (os error 104)
Accepted connection
Handling client
Request from pid 51497: max_threads=65535, hint_threads=32
Granted 10 threads to pid 51497 (CPUs 0+0)
Request from pid 51426: max_threads=65535, hint_threads=32
Granted 10 threads to pid 51426 (CPUs 17+10)
Request from pid 51497: max_threads=65535, hint_threads=32
Granted 10 threads to pid 51497 (CPUs 0+0)
Request from pid 51426: max_threads=65535, hint_threads=32
Granted 10 threads to pid 51426 (CPUs 17+10)
Request from pid 51497: max_threads=65535, hint_threads=32
Granted 10 threads to pid 51497 (CPUs 0+0)
Request from pid 51426: max_threads=65535, hint_threads=32
Granted 10 threads to pid 51426 (CPUs 17+10)
Request from pid 51497: max_threads=65535, hint_threads=32
Granted 10 threads to pid 51497 (CPUs 0+0)
Request from pid 51497: max_threads=65535, hint_threads=32
Granted 10 threads to pid 51497 (CPUs 0+0)
Request from pid 51426: max_threads=65535, hint_threads=32
Granted 10 threads to pid 51426 (CPUs 17+10)
Request from pid 51497: max_threads=65535, hint_threads=32
Granted 10 threads to pid 51497 (CPUs 0+0)
Request from pid 51426: max_threads=65535, hint_threads=32
Granted 10 threads to pid 51426 (CPUs 17+10)
Request from pid 51497: max_threads=65535, hint_threads=32
Granted 10 threads to pid 51497 (CPUs 0+0)
Request from pid 51426: max_threads=65535, hint_threads=32
Granted 10 threads to pid 51426 (CPUs 17+10)
Request from pid 51497: max_threads=65535, hint_threads=32
Granted 10 threads to pid 51497 (CPUs 0+0)
Request from pid 51426: max_threads=65535, hint_threads=32
Granted 10 threads to pid 51426 (CPUs 17+10)
Request from pid 51497: max_threads=65535, hint_threads=32
Granted 10 threads to pid 51497 (CPUs 0+0)
Request from pid 51426: max_threads=65535, hint_threads=32
Granted 10 threads to pid 51426 (CPUs 17+10)
Request from pid 51497: max_threads=65535, hint_threads=32
Granted 10 threads to pid 51497 (CPUs 0+0)
Request from pid 51426: max_threads=65535, hint_threads=32
Granted 10 threads to pid 51426 (CPUs 17+10)
Request from pid 51497: max_threads=65535, hint_threads=32
Granted 10 threads to pid 51497 (CPUs 0+0)
Request from pid 51426: max_threads=65535, hint_threads=32
Granted 10 threads to pid 51426 (CPUs 17+10)
Request from pid 51497: max_threads=65535, hint_threads=32
Granted 10 threads to pid 51497 (CPUs 0+0)
Request from pid 51426: max_threads=65535, hint_threads=32
Granted 10 threads to pid 51426 (CPUs 17+10)
Request from pid 51497: max_threads=65535, hint_threads=32
Granted 10 threads to pid 51497 (CPUs 0+0)
Request from pid 51426: max_threads=65535, hint_threads=32
Granted 10 threads to pid 51426 (CPUs 17+10)
Request from pid 51497: max_threads=65535, hint_threads=32
Granted 10 threads to pid 51497 (CPUs 0+0)
Request from pid 51426: max_threads=65535, hint_threads=32
Granted 10 threads to pid 51426 (CPUs 17+10)
Request from pid 51497: max_threads=65535, hint_threads=32
Granted 10 threads to pid 51497 (CPUs 0+0)
Request from pid 51426: max_threads=65535, hint_threads=32
Granted 10 threads to pid 51426 (CPUs 17+10)
Request from pid 51497: max_threads=65535, hint_threads=32
Granted 10 threads to pid 51497 (CPUs 0+0)
Request from pid 51426: max_threads=65535, hint_threads=32
Granted 10 threads to pid 51426 (CPUs 17+10)
Request from pid 51497: max_threads=65535, hint_threads=32
Granted 10 threads to pid 51497 (CPUs 0+0)
Request from pid 51426: max_threads=65535, hint_threads=32
Granted 10 threads to pid 51426 (CPUs 17+10)
Request from pid 51497: max_threads=65535, hint_threads=32
Granted 10 threads to pid 51497 (CPUs 0+0)
Request from pid 51426: max_threads=65535, hint_threads=32
Granted 10 threads to pid 51426 (CPUs 17+10)
Request from pid 51497: max_threads=65535, hint_threads=32
Granted 10 threads to pid 51497 (CPUs 0+0)
Request from pid 51426: max_threads=65535, hint_threads=32
Granted 10 threads to pid 51426 (CPUs 17+10)
Request from pid 51497: max_threads=65535, hint_threads=32
Granted 16 threads to pid 51497 (CPUs 1+16)
Request from pid 51426: max_threads=65535, hint_threads=32
Granted 16 threads to pid 51426 (CPUs 17+16)
Request from pid 51497: max_threads=65535, hint_threads=32
Granted 16 threads to pid 51497 (CPUs 1+16)
Request from pid 51426: max_threads=65535, hint_threads=32
Granted 16 threads to pid 51426 (CPUs 17+16)
Request from pid 51497: max_threads=65535, hint_threads=32
Granted 16 threads to pid 51497 (CPUs 1+16)
Request from pid 51426: max_threads=65535, hint_threads=32
Granted 16 threads to pid 51426 (CPUs 17+16)
Request from pid 51497: max_threads=65535, hint_threads=32
Granted 16 threads to pid 51497 (CPUs 1+16)
Request from pid 51426: max_threads=65535, hint_threads=32
Granted 16 threads to pid 51426 (CPUs 17+16)
Request from pid 51497: max_threads=65535, hint_threads=32
Granted 16 threads to pid 51497 (CPUs 1+16)
Request from pid 51426: max_threads=65535, hint_threads=32
Granted 16 threads to pid 51426 (CPUs 17+16)
Request from pid 51497: max_threads=65535, hint_threads=32
Granted 16 threads to pid 51497 (CPUs 1+16)
Request from pid 51426: max_threads=65535, hint_threads=32
Granted 16 threads to pid 51426 (CPUs 17+16)
Request from pid 51497: max_threads=65535, hint_threads=32
Granted 16 threads to pid 51497 (CPUs 1+16)
Request from pid 51426: max_threads=65535, hint_threads=32
Granted 16 threads to pid 51426 (CPUs 17+16)
Request from pid 51497: max_threads=65535, hint_threads=32
Granted 16 threads to pid 51497 (CPUs 1+16)
Request from pid 51426: max_threads=65535, hint_threads=32
Granted 16 threads to pid 51426 (CPUs 17+16)
Request from pid 51497: max_threads=65535, hint_threads=32
Granted 16 threads to pid 51497 (CPUs 1+16)
Request from pid 51426: max_threads=65535, hint_threads=32
Granted 16 threads to pid 51426 (CPUs 17+16)
Request from pid 51497: max_threads=65535, hint_threads=32
Granted 16 threads to pid 51497 (CPUs 1+16)
Request from pid 51426: max_threads=65535, hint_threads=32
Granted 16 threads to pid 51426 (CPUs 17+16)
Request from pid 51497: max_threads=65535, hint_threads=32
Granted 16 threads to pid 51497 (CPUs 1+16)
Request from pid 51426: max_threads=65535, hint_threads=32
Granted 16 threads to pid 51426 (CPUs 17+16)
Request from pid 51497: max_threads=65535, hint_threads=32
Granted 16 threads to pid 51497 (CPUs 1+16)
Request from pid 51426: max_threads=65535, hint_threads=32
Granted 16 threads to pid 51426 (CPUs 17+16)
Request from pid 51497: max_threads=65535, hint_threads=32
Granted 16 threads to pid 51497 (CPUs 1+16)
Request from pid 51426: max_threads=65535, hint_threads=32
Granted 16 threads to pid 51426 (CPUs 17+16)
Request from pid 51497: max_threads=65535, hint_threads=32
Granted 16 threads to pid 51497 (CPUs 1+16)
Request from pid 51426: max_threads=65535, hint_threads=32
Granted 16 threads to pid 51426 (CPUs 17+16)
Request from pid 51497: max_threads=65535, hint_threads=32
Granted 16 threads to pid 51497 (CPUs 1+16)
Request from pid 51426: max_threads=65535, hint_threads=32
Granted 16 threads to pid 51426 (CPUs 17+16)
Request from pid 51497: max_threads=65535, hint_threads=32
Granted 16 threads to pid 51497 (CPUs 1+16)
Request from pid 51426: max_threads=65535, hint_threads=32
Granted 16 threads to pid 51426 (CPUs 17+16)
Request from pid 51497: max_threads=65535, hint_threads=32
Granted 16 threads to pid 51497 (CPUs 1+16)
Request from pid 51426: max_threads=65535, hint_threads=32
Granted 16 threads to pid 51426 (CPUs 17+16)
Request from pid 51497: max_threads=65535, hint_threads=32
Granted 16 threads to pid 51497 (CPUs 1+16)
Request from pid 51426: max_threads=65535, hint_threads=32
Granted 16 threads to pid 51426 (CPUs 17+16)
Read error: Connection reset by peer (os error 104)
Accepted connection
Handling client
Request from pid 51578: max_threads=65535, hint_threads=32
Granted 10 threads to pid 51578 (CPUs 0+0)
Request from pid 51497: max_threads=65535, hint_threads=32
Granted 10 threads to pid 51497 (CPUs 1+10)
Request from pid 51578: max_threads=65535, hint_threads=32
Granted 10 threads to pid 51578 (CPUs 0+0)
Request from pid 51497: max_threads=65535, hint_threads=32
Granted 10 threads to pid 51497 (CPUs 1+10)
Request from pid 51578: max_threads=65535, hint_threads=32
Granted 10 threads to pid 51578 (CPUs 0+0)
Request from pid 51497: max_threads=65535, hint_threads=32
Granted 10 threads to pid 51497 (CPUs 1+10)
Request from pid 51578: max_threads=65535, hint_threads=32
Granted 10 threads to pid 51578 (CPUs 0+0)
Request from pid 51578: max_threads=65535, hint_threads=32
Granted 10 threads to pid 51578 (CPUs 0+0)
Request from pid 51497: max_threads=65535, hint_threads=32
Granted 10 threads to pid 51497 (CPUs 1+10)
Request from pid 51578: max_threads=65535, hint_threads=32
Granted 10 threads to pid 51578 (CPUs 0+0)
Request from pid 51497: max_threads=65535, hint_threads=32
Granted 10 threads to pid 51497 (CPUs 1+10)
Request from pid 51497: max_threads=65535, hint_threads=32
Granted 10 threads to pid 51497 (CPUs 1+10)
Request from pid 51578: max_threads=65535, hint_threads=32
Granted 10 threads to pid 51578 (CPUs 0+0)
Request from pid 51497: max_threads=65535, hint_threads=32
Granted 10 threads to pid 51497 (CPUs 1+10)
Request from pid 51578: max_threads=65535, hint_threads=32
Granted 10 threads to pid 51578 (CPUs 0+0)
Request from pid 51497: max_threads=65535, hint_threads=32
Granted 10 threads to pid 51497 (CPUs 1+10)
Request from pid 51578: max_threads=65535, hint_threads=32
Granted 10 threads to pid 51578 (CPUs 0+0)
Request from pid 51497: max_threads=65535, hint_threads=32
Granted 10 threads to pid 51497 (CPUs 1+10)
Request from pid 51578: max_threads=65535, hint_threads=32
Granted 10 threads to pid 51578 (CPUs 0+0)
Request from pid 51497: max_threads=65535, hint_threads=32
Granted 10 threads to pid 51497 (CPUs 1+10)
Read error: Connection reset by peer (os error 104)
Accepted connection
Handling client
Request from pid 51657: max_threads=65535, hint_threads=32
Granted 8 threads to pid 51657 (CPUs 0+0)
Request from pid 51578: max_threads=65535, hint_threads=32
Granted 8 threads to pid 51578 (CPUs 0+0)
Request from pid 51657: max_threads=65535, hint_threads=32
Granted 8 threads to pid 51657 (CPUs 0+0)
Request from pid 51578: max_threads=65535, hint_threads=32
Granted 8 threads to pid 51578 (CPUs 0+0)
Request from pid 51657: max_threads=65535, hint_threads=32
Granted 8 threads to pid 51657 (CPUs 0+0)
Request from pid 51578: max_threads=65535, hint_threads=32
Granted 8 threads to pid 51578 (CPUs 0+0)
Request from pid 51657: max_threads=65535, hint_threads=32
Granted 8 threads to pid 51657 (CPUs 0+0)
Request from pid 51657: max_threads=65535, hint_threads=32
Granted 8 threads to pid 51657 (CPUs 0+0)
Request from pid 51578: max_threads=65535, hint_threads=32
Granted 8 threads to pid 51578 (CPUs 0+0)
Request from pid 51578: max_threads=65535, hint_threads=32
Granted 8 threads to pid 51578 (CPUs 0+0)
Request from pid 51657: max_threads=65535, hint_threads=32
Granted 8 threads to pid 51657 (CPUs 0+0)
Request from pid 51578: max_threads=65535, hint_threads=32
Granted 8 threads to pid 51578 (CPUs 0+0)
Request from pid 51657: max_threads=65535, hint_threads=32
Granted 8 threads to pid 51657 (CPUs 0+0)
Request from pid 51578: max_threads=65535, hint_threads=32
Granted 8 threads to pid 51578 (CPUs 0+0)
Request from pid 51657: max_threads=65535, hint_threads=32
Granted 8 threads to pid 51657 (CPUs 0+0)
Request from pid 51578: max_threads=65535, hint_threads=32
Granted 10 threads to pid 51578 (CPUs 11+10)
Request from pid 51657: max_threads=65535, hint_threads=32
Granted 10 threads to pid 51657 (CPUs 21+10)
Request from pid 51578: max_threads=65535, hint_threads=32
Granted 10 threads to pid 51578 (CPUs 11+10)
Request from pid 51657: max_threads=65535, hint_threads=32
Granted 10 threads to pid 51657 (CPUs 21+10)
Request from pid 51578: max_threads=65535, hint_threads=32
Granted 10 threads to pid 51578 (CPUs 11+10)
Request from pid 51578: max_threads=65535, hint_threads=32
Granted 10 threads to pid 51578 (CPUs 11+10)
Request from pid 51657: max_threads=65535, hint_threads=32
Granted 10 threads to pid 51657 (CPUs 21+10)
Request from pid 51578: max_threads=65535, hint_threads=32
Granted 10 threads to pid 51578 (CPUs 11+10)
Request from pid 51657: max_threads=65535, hint_threads=32
Granted 10 threads to pid 51657 (CPUs 21+10)
Request from pid 51578: max_threads=65535, hint_threads=32
Granted 10 threads to pid 51578 (CPUs 11+10)
Request from pid 51657: max_threads=65535, hint_threads=32
Granted 10 threads to pid 51657 (CPUs 21+10)
Request from pid 51578: max_threads=65535, hint_threads=32
Granted 10 threads to pid 51578 (CPUs 11+10)
Request from pid 51657: max_threads=65535, hint_threads=32
Granted 10 threads to pid 51657 (CPUs 21+10)
Request from pid 51578: max_threads=65535, hint_threads=32
Granted 10 threads to pid 51578 (CPUs 11+10)
Request from pid 51657: max_threads=65535, hint_threads=32
Granted 10 threads to pid 51657 (CPUs 21+10)
Request from pid 51578: max_threads=65535, hint_threads=32
Granted 10 threads to pid 51578 (CPUs 11+10)
Request from pid 51657: max_threads=65535, hint_threads=32
Granted 10 threads to pid 51657 (CPUs 21+10)
Request from pid 51578: max_threads=65535, hint_threads=32
Granted 10 threads to pid 51578 (CPUs 11+10)
Request from pid 51657: max_threads=65535, hint_threads=32
Granted 10 threads to pid 51657 (CPUs 21+10)
Request from pid 51578: max_threads=65535, hint_threads=32
Granted 16 threads to pid 51578 (CPUs 1+16)
Request from pid 51657: max_threads=65535, hint_threads=32
Granted 16 threads to pid 51657 (CPUs 17+16)
Request from pid 51578: max_threads=65535, hint_threads=32
Granted 16 threads to pid 51578 (CPUs 1+16)
Request from pid 51657: max_threads=65535, hint_threads=32
Granted 16 threads to pid 51657 (CPUs 17+16)
Request from pid 51657: max_threads=65535, hint_threads=32
Granted 16 threads to pid 51657 (CPUs 17+16)
Request from pid 51578: max_threads=65535, hint_threads=32
Granted 16 threads to pid 51578 (CPUs 1+16)
Request from pid 51657: max_threads=65535, hint_threads=32
Granted 16 threads to pid 51657 (CPUs 17+16)
Request from pid 51578: max_threads=65535, hint_threads=32
Granted 16 threads to pid 51578 (CPUs 1+16)
Request from pid 51657: max_threads=65535, hint_threads=32
Granted 16 threads to pid 51657 (CPUs 17+16)
Request from pid 51578: max_threads=65535, hint_threads=32
Granted 16 threads to pid 51578 (CPUs 1+16)
Request from pid 51657: max_threads=65535, hint_threads=32
Granted 16 threads to pid 51657 (CPUs 17+16)
Request from pid 51578: max_threads=65535, hint_threads=32
Granted 16 threads to pid 51578 (CPUs 1+16)
Request from pid 51657: max_threads=65535, hint_threads=32
Granted 16 threads to pid 51657 (CPUs 17+16)
Request from pid 51578: max_threads=65535, hint_threads=32
Granted 16 threads to pid 51578 (CPUs 1+16)
Request from pid 51657: max_threads=65535, hint_threads=32
Granted 16 threads to pid 51657 (CPUs 17+16)
Request from pid 51578: max_threads=65535, hint_threads=32
Granted 16 threads to pid 51578 (CPUs 1+16)
Request from pid 51657: max_threads=65535, hint_threads=32
Granted 16 threads to pid 51657 (CPUs 17+16)
Request from pid 51578: max_threads=65535, hint_threads=32
Granted 16 threads to pid 51578 (CPUs 1+16)
Request from pid 51657: max_threads=65535, hint_threads=32
Granted 16 threads to pid 51657 (CPUs 17+16)
Request from pid 51578: max_threads=65535, hint_threads=32
Granted 16 threads to pid 51578 (CPUs 1+16)
Request from pid 51657: max_threads=65535, hint_threads=32
Granted 16 threads to pid 51657 (CPUs 17+16)
Request from pid 51578: max_threads=65535, hint_threads=32
Granted 16 threads to pid 51578 (CPUs 1+16)
Request from pid 51657: max_threads=65535, hint_threads=32
Granted 16 threads to pid 51657 (CPUs 17+16)
Request from pid 51578: max_threads=65535, hint_threads=32
Granted 16 threads to pid 51578 (CPUs 1+16)
Request from pid 51657: max_threads=65535, hint_threads=32
Granted 16 threads to pid 51657 (CPUs 17+16)
Request from pid 51578: max_threads=65535, hint_threads=32
Granted 16 threads to pid 51578 (CPUs 1+16)
Request from pid 51657: max_threads=65535, hint_threads=32
Granted 16 threads to pid 51657 (CPUs 17+16)
Request from pid 51578: max_threads=65535, hint_threads=32
Granted 16 threads to pid 51578 (CPUs 1+16)
Request from pid 51657: max_threads=65535, hint_threads=32
Granted 16 threads to pid 51657 (CPUs 17+16)
Request from pid 51578: max_threads=65535, hint_threads=32
Granted 16 threads to pid 51578 (CPUs 1+16)
Request from pid 51657: max_threads=65535, hint_threads=32
Granted 16 threads to pid 51657 (CPUs 17+16)
Request from pid 51578: max_threads=65535, hint_threads=32
Granted 16 threads to pid 51578 (CPUs 1+16)
Request from pid 51657: max_threads=65535, hint_threads=32
Granted 16 threads to pid 51657 (CPUs 17+16)
Request from pid 51578: max_threads=65535, hint_threads=32
Granted 16 threads to pid 51578 (CPUs 1+16)
Request from pid 51657: max_threads=65535, hint_threads=32
Granted 16 threads to pid 51657 (CPUs 17+16)
Request from pid 51578: max_threads=65535, hint_threads=32
Granted 16 threads to pid 51578 (CPUs 1+16)
Request from pid 51657: max_threads=65535, hint_threads=32
Granted 16 threads to pid 51657 (CPUs 17+16)
Request from pid 51578: max_threads=65535, hint_threads=32
Granted 16 threads to pid 51578 (CPUs 1+16)
Request from pid 51657: max_threads=65535, hint_threads=32
Granted 16 threads to pid 51657 (CPUs 17+16)
Request from pid 51578: max_threads=65535, hint_threads=32
Granted 16 threads to pid 51578 (CPUs 1+16)
Read error: Connection reset by peer (os error 104)
Accepted connection
Handling client
Request from pid 51790: max_threads=65535, hint_threads=32
Granted 10 threads to pid 51790 (CPUs 0+0)
Request from pid 51657: max_threads=65535, hint_threads=32
Granted 10 threads to pid 51657 (CPUs 17+10)
Request from pid 51790: max_threads=65535, hint_threads=32
Granted 10 threads to pid 51790 (CPUs 0+0)
Request from pid 51657: max_threads=65535, hint_threads=32
Granted 10 threads to pid 51657 (CPUs 17+10)
Request from pid 51790: max_threads=65535, hint_threads=32
Granted 10 threads to pid 51790 (CPUs 0+0)
Request from pid 51790: max_threads=65535, hint_threads=32
Granted 10 threads to pid 51790 (CPUs 0+0)
Request from pid 51790: max_threads=65535, hint_threads=32
Granted 10 threads to pid 51790 (CPUs 0+0)
Request from pid 51657: max_threads=65535, hint_threads=32
Granted 10 threads to pid 51657 (CPUs 17+10)
Request from pid 51790: max_threads=65535, hint_threads=32
Granted 10 threads to pid 51790 (CPUs 0+0)
Request from pid 51657: max_threads=65535, hint_threads=32
Granted 10 threads to pid 51657 (CPUs 17+10)
Request from pid 51790: max_threads=65535, hint_threads=32
Granted 10 threads to pid 51790 (CPUs 0+0)
Request from pid 51790: max_threads=65535, hint_threads=32
Granted 10 threads to pid 51790 (CPUs 0+0)
Request from pid 51790: max_threads=65535, hint_threads=32
Granted 10 threads to pid 51790 (CPUs 0+0)
Request from pid 51657: max_threads=65535, hint_threads=32
Granted 10 threads to pid 51657 (CPUs 17+10)
Request from pid 51657: max_threads=65535, hint_threads=32
Granted 10 threads to pid 51657 (CPUs 17+10)
Request from pid 51790: max_threads=65535, hint_threads=32
Granted 10 threads to pid 51790 (CPUs 0+0)
Request from pid 51790: max_threads=65535, hint_threads=32
Granted 10 threads to pid 51790 (CPUs 0+0)
Request from pid 51657: max_threads=65535, hint_threads=32
Granted 10 threads to pid 51657 (CPUs 17+10)
Request from pid 51657: max_threads=65535, hint_threads=32
Granted 10 threads to pid 51657 (CPUs 17+10)
Request from pid 51790: max_threads=65535, hint_threads=32
Granted 10 threads to pid 51790 (CPUs 0+0)
Request from pid 51657: max_threads=65535, hint_threads=32
Granted 10 threads to pid 51657 (CPUs 17+10)
Request from pid 51790: max_threads=65535, hint_threads=32
Granted 10 threads to pid 51790 (CPUs 0+0)
Request from pid 51657: max_threads=65535, hint_threads=32
Granted 10 threads to pid 51657 (CPUs 17+10)
Read error: Connection reset by peer (os error 104)
Accepted connection
Handling client
Request from pid 51832: max_threads=65535, hint_threads=32
Granted 8 threads to pid 51832 (CPUs 0+0)
Request from pid 51790: max_threads=65535, hint_threads=32
Granted 8 threads to pid 51790 (CPUs 0+0)
Request from pid 51832: max_threads=65535, hint_threads=32
Granted 8 threads to pid 51832 (CPUs 0+0)
Request from pid 51790: max_threads=65535, hint_threads=32
Granted 8 threads to pid 51790 (CPUs 0+0)
Request from pid 51832: max_threads=65535, hint_threads=32
Granted 8 threads to pid 51832 (CPUs 0+0)
Request from pid 51790: max_threads=65535, hint_threads=32
Granted 8 threads to pid 51790 (CPUs 0+0)
Request from pid 51832: max_threads=65535, hint_threads=32
Granted 8 threads to pid 51832 (CPUs 0+0)
Request from pid 51832: max_threads=65535, hint_threads=32
Granted 8 threads to pid 51832 (CPUs 0+0)
Request from pid 51790: max_threads=65535, hint_threads=32
Granted 8 threads to pid 51790 (CPUs 0+0)
Request from pid 51832: max_threads=65535, hint_threads=32
Granted 8 threads to pid 51832 (CPUs 0+0)
Request from pid 51790: max_threads=65535, hint_threads=32
Granted 8 threads to pid 51790 (CPUs 0+0)
Request from pid 51832: max_threads=65535, hint_threads=32
Granted 10 threads to pid 51832 (CPUs 1+10)
Request from pid 51790: max_threads=65535, hint_threads=32
Granted 10 threads to pid 51790 (CPUs 0+0)
Request from pid 51790: max_threads=65535, hint_threads=32
Granted 10 threads to pid 51790 (CPUs 0+0)
Request from pid 51832: max_threads=65535, hint_threads=32
Granted 10 threads to pid 51832 (CPUs 1+10)
Request from pid 51790: max_threads=65535, hint_threads=32
Granted 10 threads to pid 51790 (CPUs 0+0)
Request from pid 51832: max_threads=65535, hint_threads=32
Granted 10 threads to pid 51832 (CPUs 1+10)
Request from pid 51790: max_threads=65535, hint_threads=32
Granted 10 threads to pid 51790 (CPUs 0+0)
Request from pid 51790: max_threads=65535, hint_threads=32
Granted 10 threads to pid 51790 (CPUs 0+0)
Request from pid 51832: max_threads=65535, hint_threads=32
Granted 10 threads to pid 51832 (CPUs 1+10)
Request from pid 51790: max_threads=65535, hint_threads=32
Granted 10 threads to pid 51790 (CPUs 0+0)
Request from pid 51790: max_threads=65535, hint_threads=32
Granted 10 threads to pid 51790 (CPUs 0+0)
Request from pid 51832: max_threads=65535, hint_threads=32
Granted 10 threads to pid 51832 (CPUs 1+10)
Request from pid 51790: max_threads=65535, hint_threads=32
Granted 10 threads to pid 51790 (CPUs 0+0)
Request from pid 51790: max_threads=65535, hint_threads=32
Granted 10 threads to pid 51790 (CPUs 0+0)
Request from pid 51832: max_threads=65535, hint_threads=32
Granted 10 threads to pid 51832 (CPUs 1+10)
Request from pid 51790: max_threads=65535, hint_threads=32
Granted 10 threads to pid 51790 (CPUs 0+0)
Request from pid 51790: max_threads=65535, hint_threads=32
Granted 10 threads to pid 51790 (CPUs 0+0)
Request from pid 51832: max_threads=65535, hint_threads=32
Granted 10 threads to pid 51832 (CPUs 1+10)
Request from pid 51790: max_threads=65535, hint_threads=32
Granted 16 threads to pid 51790 (CPUs 11+16)
Request from pid 51790: max_threads=65535, hint_threads=32
Granted 16 threads to pid 51790 (CPUs 11+16)
Request from pid 51832: max_threads=65535, hint_threads=32
Granted 16 threads to pid 51832 (CPUs 0+0)
Request from pid 51832: max_threads=65535, hint_threads=32
Granted 16 threads to pid 51832 (CPUs 0+0)
Request from pid 51790: max_threads=65535, hint_threads=32
Granted 16 threads to pid 51790 (CPUs 11+16)
Request from pid 51832: max_threads=65535, hint_threads=32
Granted 16 threads to pid 51832 (CPUs 0+0)
Request from pid 51832: max_threads=65535, hint_threads=32
Granted 16 threads to pid 51832 (CPUs 0+0)
Request from pid 51790: max_threads=65535, hint_threads=32
Granted 16 threads to pid 51790 (CPUs 11+16)
Request from pid 51832: max_threads=65535, hint_threads=32
Granted 16 threads to pid 51832 (CPUs 0+0)
Request from pid 51832: max_threads=65535, hint_threads=32
Granted 16 threads to pid 51832 (CPUs 0+0)
Request from pid 51790: max_threads=65535, hint_threads=32
Granted 16 threads to pid 51790 (CPUs 11+16)
Request from pid 51832: max_threads=65535, hint_threads=32
Granted 16 threads to pid 51832 (CPUs 0+0)
Request from pid 51832: max_threads=65535, hint_threads=32
Granted 16 threads to pid 51832 (CPUs 0+0)
Request from pid 51790: max_threads=65535, hint_threads=32
Granted 16 threads to pid 51790 (CPUs 11+16)
Request from pid 51832: max_threads=65535, hint_threads=32
Granted 16 threads to pid 51832 (CPUs 0+0)
Request from pid 51832: max_threads=65535, hint_threads=32
Granted 16 threads to pid 51832 (CPUs 0+0)
Request from pid 51790: max_threads=65535, hint_threads=32
Granted 16 threads to pid 51790 (CPUs 11+16)
Request from pid 51832: max_threads=65535, hint_threads=32
Granted 16 threads to pid 51832 (CPUs 0+0)
Request from pid 51832: max_threads=65535, hint_threads=32
Granted 16 threads to pid 51832 (CPUs 0+0)
Request from pid 51790: max_threads=65535, hint_threads=32
Granted 16 threads to pid 51790 (CPUs 11+16)
Request from pid 51832: max_threads=65535, hint_threads=32
Granted 16 threads to pid 51832 (CPUs 0+0)
Request from pid 51832: max_threads=65535, hint_threads=32
Granted 16 threads to pid 51832 (CPUs 0+0)
Request from pid 51790: max_threads=65535, hint_threads=32
Granted 16 threads to pid 51790 (CPUs 11+16)
Request from pid 51790: max_threads=65535, hint_threads=32
Granted 16 threads to pid 51790 (CPUs 11+16)
Request from pid 51832: max_threads=65535, hint_threads=32
Granted 16 threads to pid 51832 (CPUs 0+0)
Request from pid 51832: max_threads=65535, hint_threads=32
Granted 16 threads to pid 51832 (CPUs 0+0)
Request from pid 51790: max_threads=65535, hint_threads=32
Granted 16 threads to pid 51790 (CPUs 11+16)
Request from pid 51790: max_threads=65535, hint_threads=32
Granted 16 threads to pid 51790 (CPUs 11+16)
Request from pid 51832: max_threads=65535, hint_threads=32
Granted 16 threads to pid 51832 (CPUs 0+0)
Request from pid 51832: max_threads=65535, hint_threads=32
Granted 16 threads to pid 51832 (CPUs 0+0)
Request from pid 51790: max_threads=65535, hint_threads=32
Granted 16 threads to pid 51790 (CPUs 11+16)
Request from pid 51790: max_threads=65535, hint_threads=32
Granted 16 threads to pid 51790 (CPUs 11+16)
Request from pid 51832: max_threads=65535, hint_threads=32
Granted 16 threads to pid 51832 (CPUs 0+0)
Request from pid 51832: max_threads=65535, hint_threads=32
Granted 16 threads to pid 51832 (CPUs 0+0)
Request from pid 51790: max_threads=65535, hint_threads=32
Granted 16 threads to pid 51790 (CPUs 11+16)
Request from pid 51790: max_threads=65535, hint_threads=32
Granted 16 threads to pid 51790 (CPUs 11+16)
Request from pid 51832: max_threads=65535, hint_threads=32
Granted 16 threads to pid 51832 (CPUs 0+0)
Request from pid 51832: max_threads=65535, hint_threads=32
Granted 16 threads to pid 51832 (CPUs 0+0)
Request from pid 51790: max_threads=65535, hint_threads=32
Granted 16 threads to pid 51790 (CPUs 11+16)
Request from pid 51790: max_threads=65535, hint_threads=32
Granted 16 threads to pid 51790 (CPUs 11+16)
Read error: Connection reset by peer (os error 104)
Accepted connection
Handling client
Request from pid 51950: max_threads=65535, hint_threads=32
Granted 10 threads to pid 51950 (CPUs 1+10)
Request from pid 51832: max_threads=65535, hint_threads=32
Granted 10 threads to pid 51832 (CPUs 0+0)
Request from pid 51950: max_threads=65535, hint_threads=32
Granted 10 threads to pid 51950 (CPUs 1+10)
Request from pid 51832: max_threads=65535, hint_threads=32
Granted 10 threads to pid 51832 (CPUs 0+0)
Request from pid 51950: max_threads=65535, hint_threads=32
Granted 10 threads to pid 51950 (CPUs 1+10)
Request from pid 51832: max_threads=65535, hint_threads=32
Granted 10 threads to pid 51832 (CPUs 0+0)
Request from pid 51950: max_threads=65535, hint_threads=32
Granted 10 threads to pid 51950 (CPUs 1+10)
Request from pid 51832: max_threads=65535, hint_threads=32
Granted 10 threads to pid 51832 (CPUs 0+0)
Request from pid 51950: max_threads=65535, hint_threads=32
Granted 10 threads to pid 51950 (CPUs 1+10)
Request from pid 51950: max_threads=65535, hint_threads=32
Granted 10 threads to pid 51950 (CPUs 1+10)
Request from pid 51832: max_threads=65535, hint_threads=32
Granted 10 threads to pid 51832 (CPUs 0+0)
Request from pid 51950: max_threads=65535, hint_threads=32
Granted 10 threads to pid 51950 (CPUs 1+10)
Request from pid 51832: max_threads=65535, hint_threads=32
Granted 10 threads to pid 51832 (CPUs 0+0)
Request from pid 51950: max_threads=65535, hint_threads=32
Granted 10 threads to pid 51950 (CPUs 1+10)
Request from pid 51832: max_threads=65535, hint_threads=32
Granted 10 threads to pid 51832 (CPUs 0+0)
Request from pid 51950: max_threads=65535, hint_threads=32
Granted 10 threads to pid 51950 (CPUs 1+10)
Request from pid 51832: max_threads=65535, hint_threads=32
Granted 10 threads to pid 51832 (CPUs 0+0)
Request from pid 51950: max_threads=65535, hint_threads=32
Granted 16 threads to pid 51950 (CPUs 1+16)
Request from pid 51832: max_threads=65535, hint_threads=32
Granted 16 threads to pid 51832 (CPUs 17+16)
Request from pid 51950: max_threads=65535, hint_threads=32
Granted 16 threads to pid 51950 (CPUs 1+16)
Request from pid 51832: max_threads=65535, hint_threads=32
Granted 16 threads to pid 51832 (CPUs 17+16)
Request from pid 51950: max_threads=65535, hint_threads=32
Granted 16 threads to pid 51950 (CPUs 1+16)
Request from pid 51832: max_threads=65535, hint_threads=32
Granted 16 threads to pid 51832 (CPUs 17+16)
Request from pid 51950: max_threads=65535, hint_threads=32
Granted 16 threads to pid 51950 (CPUs 1+16)
Request from pid 51950: max_threads=65535, hint_threads=32
Granted 16 threads to pid 51950 (CPUs 1+16)
Request from pid 51832: max_threads=65535, hint_threads=32
Granted 16 threads to pid 51832 (CPUs 17+16)
Client closed connection
Accepted connection
Handling client
Request from pid 52031: max_threads=65535, hint_threads=32
Granted 10 threads to pid 52031 (CPUs 0+0)
Request from pid 51950: max_threads=65535, hint_threads=32
Granted 10 threads to pid 51950 (CPUs 1+10)
Request from pid 52031: max_threads=65535, hint_threads=32
Granted 10 threads to pid 52031 (CPUs 0+0)
Request from pid 51950: max_threads=65535, hint_threads=32
Granted 10 threads to pid 51950 (CPUs 1+10)
Request from pid 52031: max_threads=65535, hint_threads=32
Granted 10 threads to pid 52031 (CPUs 0+0)
Request from pid 51950: max_threads=65535, hint_threads=32
Granted 10 threads to pid 51950 (CPUs 1+10)
Request from pid 52031: max_threads=65535, hint_threads=32
Granted 10 threads to pid 52031 (CPUs 0+0)
Request from pid 52031: max_threads=65535, hint_threads=32
Granted 10 threads to pid 52031 (CPUs 0+0)
Request from pid 51950: max_threads=65535, hint_threads=32
Granted 10 threads to pid 51950 (CPUs 1+10)
Request from pid 52031: max_threads=65535, hint_threads=32
Granted 10 threads to pid 52031 (CPUs 0+0)
Request from pid 51950: max_threads=65535, hint_threads=32
Granted 10 threads to pid 51950 (CPUs 1+10)
Request from pid 52031: max_threads=65535, hint_threads=32
Granted 10 threads to pid 52031 (CPUs 0+0)
Request from pid 51950: max_threads=65535, hint_threads=32
Granted 10 threads to pid 51950 (CPUs 1+10)
Request from pid 52031: max_threads=65535, hint_threads=32
Granted 10 threads to pid 52031 (CPUs 0+0)
Request from pid 51950: max_threads=65535, hint_threads=32
Granted 10 threads to pid 51950 (CPUs 1+10)
Request from pid 52031: max_threads=65535, hint_threads=32
Granted 10 threads to pid 52031 (CPUs 0+0)
Request from pid 51950: max_threads=65535, hint_threads=32
Granted 10 threads to pid 51950 (CPUs 1+10)
Request from pid 52031: max_threads=65535, hint_threads=32
Granted 10 threads to pid 52031 (CPUs 0+0)
Request from pid 51950: max_threads=65535, hint_threads=32
Granted 10 threads to pid 51950 (CPUs 1+10)
Request from pid 52031: max_threads=65535, hint_threads=32
Granted 10 threads to pid 52031 (CPUs 0+0)
Request from pid 51950: max_threads=65535, hint_threads=32
Granted 10 threads to pid 51950 (CPUs 1+10)
Request from pid 52031: max_threads=65535, hint_threads=32
Granted 10 threads to pid 52031 (CPUs 0+0)
Request from pid 51950: max_threads=65535, hint_threads=32
Granted 10 threads to pid 51950 (CPUs 1+10)
Request from pid 52031: max_threads=65535, hint_threads=32
Granted 10 threads to pid 52031 (CPUs 0+0)
Request from pid 51950: max_threads=65535, hint_threads=32
Granted 10 threads to pid 51950 (CPUs 1+10)
Request from pid 52031: max_threads=65535, hint_threads=32
Granted 10 threads to pid 52031 (CPUs 0+0)
Request from pid 51950: max_threads=65535, hint_threads=32
Granted 10 threads to pid 51950 (CPUs 1+10)
Request from pid 52031: max_threads=65535, hint_threads=32
Granted 10 threads to pid 52031 (CPUs 0+0)
Request from pid 51950: max_threads=65535, hint_threads=32
Granted 10 threads to pid 51950 (CPUs 1+10)
Request from pid 52031: max_threads=65535, hint_threads=32
Granted 10 threads to pid 52031 (CPUs 0+0)
Request from pid 51950: max_threads=65535, hint_threads=32
Granted 10 threads to pid 51950 (CPUs 1+10)
Request from pid 52031: max_threads=65535, hint_threads=32
Granted 10 threads to pid 52031 (CPUs 0+0)
Request from pid 51950: max_threads=65535, hint_threads=32
Granted 10 threads to pid 51950 (CPUs 1+10)
Request from pid 52031: max_threads=65535, hint_threads=32
Granted 10 threads to pid 52031 (CPUs 0+0)
Request from pid 51950: max_threads=65535, hint_threads=32
Granted 10 threads to pid 51950 (CPUs 1+10)
Request from pid 52031: max_threads=65535, hint_threads=32
Granted 10 threads to pid 52031 (CPUs 0+0)
Request from pid 51950: max_threads=65535, hint_threads=32
Granted 10 threads to pid 51950 (CPUs 1+10)
Request from pid 52031: max_threads=65535, hint_threads=32
Granted 16 threads to pid 52031 (CPUs 11+16)
Request from pid 51950: max_threads=65535, hint_threads=32
Granted 16 threads to pid 51950 (CPUs 0+0)
Request from pid 52031: max_threads=65535, hint_threads=32
Granted 16 threads to pid 52031 (CPUs 11+16)
Request from pid 51950: max_threads=65535, hint_threads=32
Granted 16 threads to pid 51950 (CPUs 0+0)
Request from pid 52031: max_threads=65535, hint_threads=32
Granted 16 threads to pid 52031 (CPUs 11+16)
Request from pid 51950: max_threads=65535, hint_threads=32
Granted 16 threads to pid 51950 (CPUs 0+0)
Request from pid 52031: max_threads=65535, hint_threads=32
Granted 16 threads to pid 52031 (CPUs 11+16)
Request from pid 51950: max_threads=65535, hint_threads=32
Granted 16 threads to pid 51950 (CPUs 0+0)
Request from pid 52031: max_threads=65535, hint_threads=32
Granted 16 threads to pid 52031 (CPUs 11+16)
Request from pid 52031: max_threads=65535, hint_threads=32
Granted 16 threads to pid 52031 (CPUs 11+16)
Request from pid 51950: max_threads=65535, hint_threads=32
Granted 16 threads to pid 51950 (CPUs 0+0)
Request from pid 51950: max_threads=65535, hint_threads=32
Granted 16 threads to pid 51950 (CPUs 0+0)
Request from pid 52031: max_threads=65535, hint_threads=32
Granted 16 threads to pid 52031 (CPUs 11+16)
Request from pid 52031: max_threads=65535, hint_threads=32
Granted 16 threads to pid 52031 (CPUs 11+16)
Request from pid 51950: max_threads=65535, hint_threads=32
Granted 16 threads to pid 51950 (CPUs 0+0)
Request from pid 52031: max_threads=65535, hint_threads=32
Granted 16 threads to pid 52031 (CPUs 11+16)
Request from pid 51950: max_threads=65535, hint_threads=32
Granted 16 threads to pid 51950 (CPUs 0+0)
Request from pid 52031: max_threads=65535, hint_threads=32
Granted 16 threads to pid 52031 (CPUs 11+16)
Request from pid 51950: max_threads=65535, hint_threads=32
Granted 16 threads to pid 51950 (CPUs 0+0)
Request from pid 52031: max_threads=65535, hint_threads=32
Granted 16 threads to pid 52031 (CPUs 11+16)
Request from pid 51950: max_threads=65535, hint_threads=32
Granted 16 threads to pid 51950 (CPUs 0+0)
Request from pid 52031: max_threads=65535, hint_threads=32
Granted 16 threads to pid 52031 (CPUs 11+16)
Request from pid 51950: max_threads=65535, hint_threads=32
Granted 16 threads to pid 51950 (CPUs 0+0)
Request from pid 52031: max_threads=65535, hint_threads=32
Granted 16 threads to pid 52031 (CPUs 11+16)
Request from pid 51950: max_threads=65535, hint_threads=32
Granted 16 threads to pid 51950 (CPUs 0+0)
Request from pid 52031: max_threads=65535, hint_threads=32
Granted 16 threads to pid 52031 (CPUs 11+16)
Request from pid 51950: max_threads=65535, hint_threads=32
Granted 16 threads to pid 51950 (CPUs 0+0)
Request from pid 52031: max_threads=65535, hint_threads=32
Granted 16 threads to pid 52031 (CPUs 11+16)
Request from pid 51950: max_threads=65535, hint_threads=32
Granted 16 threads to pid 51950 (CPUs 0+0)
Request from pid 52031: max_threads=65535, hint_threads=32
Granted 16 threads to pid 52031 (CPUs 11+16)
Request from pid 51950: max_threads=65535, hint_threads=32
Granted 16 threads to pid 51950 (CPUs 0+0)
Request from pid 52031: max_threads=65535, hint_threads=32
Granted 16 threads to pid 52031 (CPUs 11+16)
Request from pid 51950: max_threads=65535, hint_threads=32
Granted 16 threads to pid 51950 (CPUs 0+0)
Read error: Connection reset by peer (os error 104)
Accepted connection
Handling client
Request from pid 52110: max_threads=65535, hint_threads=32
Granted 10 threads to pid 52110 (CPUs 1+10)
Request from pid 52031: max_threads=65535, hint_threads=32
Granted 10 threads to pid 52031 (CPUs 11+10)
Request from pid 52110: max_threads=65535, hint_threads=32
Granted 10 threads to pid 52110 (CPUs 1+10)
Request from pid 52031: max_threads=65535, hint_threads=32
Granted 10 threads to pid 52031 (CPUs 11+10)
Request from pid 52031: max_threads=65535, hint_threads=32
Granted 10 threads to pid 52031 (CPUs 11+10)
Request from pid 52110: max_threads=65535, hint_threads=32
Granted 10 threads to pid 52110 (CPUs 1+10)
Request from pid 52110: max_threads=65535, hint_threads=32
Granted 10 threads to pid 52110 (CPUs 1+10)
Request from pid 52110: max_threads=65535, hint_threads=32
Granted 10 threads to pid 52110 (CPUs 1+10)
Request from pid 52031: max_threads=65535, hint_threads=32
Granted 10 threads to pid 52031 (CPUs 11+10)
Request from pid 52031: max_threads=65535, hint_threads=32
Granted 10 threads to pid 52031 (CPUs 11+10)
Request from pid 52110: max_threads=65535, hint_threads=32
Granted 10 threads to pid 52110 (CPUs 1+10)
Request from pid 52031: max_threads=65535, hint_threads=32
Granted 10 threads to pid 52031 (CPUs 11+10)
Request from pid 52110: max_threads=65535, hint_threads=32
Granted 10 threads to pid 52110 (CPUs 1+10)
Request from pid 52031: max_threads=65535, hint_threads=32
Granted 10 threads to pid 52031 (CPUs 11+10)
Request from pid 52110: max_threads=65535, hint_threads=32
Granted 10 threads to pid 52110 (CPUs 1+10)
Request from pid 52031: max_threads=65535, hint_threads=32
Granted 10 threads to pid 52031 (CPUs 11+10)
Request from pid 52110: max_threads=65535, hint_threads=32
Granted 10 threads to pid 52110 (CPUs 1+10)
Request from pid 52031: max_threads=65535, hint_threads=32
Granted 10 threads to pid 52031 (CPUs 11+10)
Request from pid 52110: max_threads=65535, hint_threads=32
Granted 10 threads to pid 52110 (CPUs 1+10)
Request from pid 52031: max_threads=65535, hint_threads=32
Granted 10 threads to pid 52031 (CPUs 11+10)
Request from pid 52110: max_threads=65535, hint_threads=32
Granted 10 threads to pid 52110 (CPUs 1+10)
Request from pid 52031: max_threads=65535, hint_threads=32
Granted 10 threads to pid 52031 (CPUs 11+10)
Request from pid 52110: max_threads=65535, hint_threads=32
Granted 10 threads to pid 52110 (CPUs 1+10)
Request from pid 52031: max_threads=65535, hint_threads=32
Granted 10 threads to pid 52031 (CPUs 11+10)
Request from pid 52110: max_threads=65535, hint_threads=32
Granted 10 threads to pid 52110 (CPUs 1+10)
Request from pid 52031: max_threads=65535, hint_threads=32
Granted 10 threads to pid 52031 (CPUs 11+10)
Read error: Connection reset by peer (os error 104)
Accepted connection
Handling client
Request from pid 52203: max_threads=65535, hint_threads=32
Granted 8 threads to pid 52203 (CPUs 21+8)
Request from pid 52110: max_threads=65535, hint_threads=32
Granted 8 threads to pid 52110 (CPUs 1+8)
Request from pid 52203: max_threads=65535, hint_threads=32
Granted 8 threads to pid 52203 (CPUs 21+8)
Request from pid 52110: max_threads=65535, hint_threads=32
Granted 8 threads to pid 52110 (CPUs 1+8)
Request from pid 52203: max_threads=65535, hint_threads=32
Granted 8 threads to pid 52203 (CPUs 21+8)
Request from pid 52110: max_threads=65535, hint_threads=32
Granted 8 threads to pid 52110 (CPUs 1+8)
Request from pid 52203: max_threads=65535, hint_threads=32
Granted 8 threads to pid 52203 (CPUs 21+8)
Request from pid 52203: max_threads=65535, hint_threads=32
Granted 8 threads to pid 52203 (CPUs 21+8)
Request from pid 52110: max_threads=65535, hint_threads=32
Granted 8 threads to pid 52110 (CPUs 1+8)
Request from pid 52203: max_threads=65535, hint_threads=32
Granted 10 threads to pid 52203 (CPUs 21+10)
Request from pid 52110: max_threads=65535, hint_threads=32
Granted 10 threads to pid 52110 (CPUs 1+10)
Request from pid 52110: max_threads=65535, hint_threads=32
Granted 10 threads to pid 52110 (CPUs 1+10)
Request from pid 52203: max_threads=65535, hint_threads=32
Granted 10 threads to pid 52203 (CPUs 21+10)
Request from pid 52110: max_threads=65535, hint_threads=32
Granted 10 threads to pid 52110 (CPUs 1+10)
Request from pid 52203: max_threads=65535, hint_threads=32
Granted 10 threads to pid 52203 (CPUs 21+10)
Request from pid 52110: max_threads=65535, hint_threads=32
Granted 10 threads to pid 52110 (CPUs 1+10)
Request from pid 52203: max_threads=65535, hint_threads=32
Granted 10 threads to pid 52203 (CPUs 21+10)
Request from pid 52110: max_threads=65535, hint_threads=32
Granted 10 threads to pid 52110 (CPUs 1+10)
Request from pid 52203: max_threads=65535, hint_threads=32
Granted 10 threads to pid 52203 (CPUs 21+10)
Request from pid 52110: max_threads=65535, hint_threads=32
Granted 10 threads to pid 52110 (CPUs 1+10)
Request from pid 52203: max_threads=65535, hint_threads=32
Granted 10 threads to pid 52203 (CPUs 21+10)
Request from pid 52110: max_threads=65535, hint_threads=32
Granted 10 threads to pid 52110 (CPUs 1+10)
Request from pid 52203: max_threads=65535, hint_threads=32
Granted 10 threads to pid 52203 (CPUs 21+10)
Request from pid 52110: max_threads=65535, hint_threads=32
Granted 10 threads to pid 52110 (CPUs 1+10)
Request from pid 52203: max_threads=65535, hint_threads=32
Granted 10 threads to pid 52203 (CPUs 21+10)
Request from pid 52110: max_threads=65535, hint_threads=32
Granted 10 threads to pid 52110 (CPUs 1+10)
Request from pid 52203: max_threads=65535, hint_threads=32
Granted 10 threads to pid 52203 (CPUs 21+10)
Request from pid 52110: max_threads=65535, hint_threads=32
Granted 10 threads to pid 52110 (CPUs 1+10)
Request from pid 52203: max_threads=65535, hint_threads=32
Granted 10 threads to pid 52203 (CPUs 21+10)
Request from pid 52110: max_threads=65535, hint_threads=32
Granted 10 threads to pid 52110 (CPUs 1+10)
Request from pid 52203: max_threads=65535, hint_threads=32
Granted 10 threads to pid 52203 (CPUs 21+10)
Request from pid 52110: max_threads=65535, hint_threads=32
Granted 10 threads to pid 52110 (CPUs 1+10)
Request from pid 52203: max_threads=65535, hint_threads=32
Granted 10 threads to pid 52203 (CPUs 21+10)
Request from pid 52110: max_threads=65535, hint_threads=32
Granted 10 threads to pid 52110 (CPUs 1+10)
Request from pid 52203: max_threads=65535, hint_threads=32
Granted 10 threads to pid 52203 (CPUs 21+10)
Request from pid 52110: max_threads=65535, hint_threads=32
Granted 16 threads to pid 52110 (CPUs 1+16)
Request from pid 52203: max_threads=65535, hint_threads=32
Granted 16 threads to pid 52203 (CPUs 17+16)
Request from pid 52110: max_threads=65535, hint_threads=32
Granted 16 threads to pid 52110 (CPUs 1+16)
Request from pid 52203: max_threads=65535, hint_threads=32
Granted 16 threads to pid 52203 (CPUs 17+16)
Request from pid 52110: max_threads=65535, hint_threads=32
Granted 16 threads to pid 52110 (CPUs 1+16)
Request from pid 52203: max_threads=65535, hint_threads=32
Granted 16 threads to pid 52203 (CPUs 17+16)
Request from pid 52110: max_threads=65535, hint_threads=32
Granted 16 threads to pid 52110 (CPUs 1+16)
Request from pid 52203: max_threads=65535, hint_threads=32
Granted 16 threads to pid 52203 (CPUs 17+16)
Request from pid 52110: max_threads=65535, hint_threads=32
Granted 16 threads to pid 52110 (CPUs 1+16)
Request from pid 52203: max_threads=65535, hint_threads=32
Granted 16 threads to pid 52203 (CPUs 17+16)
Request from pid 52110: max_threads=65535, hint_threads=32
Granted 16 threads to pid 52110 (CPUs 1+16)
Request from pid 52203: max_threads=65535, hint_threads=32
Granted 16 threads to pid 52203 (CPUs 17+16)
Request from pid 52110: max_threads=65535, hint_threads=32
Granted 16 threads to pid 52110 (CPUs 1+16)
Request from pid 52203: max_threads=65535, hint_threads=32
Granted 16 threads to pid 52203 (CPUs 17+16)
Request from pid 52110: max_threads=65535, hint_threads=32
Granted 16 threads to pid 52110 (CPUs 1+16)
Request from pid 52203: max_threads=65535, hint_threads=32
Granted 16 threads to pid 52203 (CPUs 17+16)
Request from pid 52110: max_threads=65535, hint_threads=32
Granted 16 threads to pid 52110 (CPUs 1+16)
Request from pid 52203: max_threads=65535, hint_threads=32
Granted 16 threads to pid 52203 (CPUs 17+16)
Request from pid 52110: max_threads=65535, hint_threads=32
Granted 16 threads to pid 52110 (CPUs 1+16)
Request from pid 52203: max_threads=65535, hint_threads=32
Granted 16 threads to pid 52203 (CPUs 17+16)
Request from pid 52110: max_threads=65535, hint_threads=32
Granted 16 threads to pid 52110 (CPUs 1+16)
Request from pid 52203: max_threads=65535, hint_threads=32
Granted 16 threads to pid 52203 (CPUs 17+16)
Request from pid 52110: max_threads=65535, hint_threads=32
Granted 16 threads to pid 52110 (CPUs 1+16)
Request from pid 52203: max_threads=65535, hint_threads=32
Granted 16 threads to pid 52203 (CPUs 17+16)
Request from pid 52110: max_threads=65535, hint_threads=32
Granted 16 threads to pid 52110 (CPUs 1+16)
Request from pid 52203: max_threads=65535, hint_threads=32
Granted 16 threads to pid 52203 (CPUs 17+16)
Request from pid 52110: max_threads=65535, hint_threads=32
Granted 16 threads to pid 52110 (CPUs 1+16)
Request from pid 52203: max_threads=65535, hint_threads=32
Granted 16 threads to pid 52203 (CPUs 17+16)
Request from pid 52110: max_threads=65535, hint_threads=32
Granted 16 threads to pid 52110 (CPUs 1+16)
Request from pid 52203: max_threads=65535, hint_threads=32
Granted 16 threads to pid 52203 (CPUs 17+16)
Request from pid 52110: max_threads=65535, hint_threads=32
Granted 16 threads to pid 52110 (CPUs 1+16)
Request from pid 52203: max_threads=65535, hint_threads=32
Granted 16 threads to pid 52203 (CPUs 17+16)
Request from pid 52110: max_threads=65535, hint_threads=32
Granted 16 threads to pid 52110 (CPUs 1+16)
Read error: Connection reset by peer (os error 104)
Accepted connection
Handling client
Request from pid 52282: max_threads=65535, hint_threads=32
Granted 10 threads to pid 52282 (CPUs 0+0)
Request from pid 52203: max_threads=65535, hint_threads=32
Granted 10 threads to pid 52203 (CPUs 17+10)
Request from pid 52282: max_threads=65535, hint_threads=32
Granted 10 threads to pid 52282 (CPUs 0+0)
Request from pid 52282: max_threads=65535, hint_threads=32
Granted 10 threads to pid 52282 (CPUs 0+0)
Request from pid 52203: max_threads=65535, hint_threads=32
Granted 10 threads to pid 52203 (CPUs 17+10)
Request from pid 52282: max_threads=65535, hint_threads=32
Granted 10 threads to pid 52282 (CPUs 0+0)
Request from pid 52282: max_threads=65535, hint_threads=32
Granted 10 threads to pid 52282 (CPUs 0+0)
Request from pid 52203: max_threads=65535, hint_threads=32
Granted 10 threads to pid 52203 (CPUs 17+10)
Request from pid 52282: max_threads=65535, hint_threads=32
Granted 10 threads to pid 52282 (CPUs 0+0)
Request from pid 52282: max_threads=65535, hint_threads=32
Granted 10 threads to pid 52282 (CPUs 0+0)
Request from pid 52203: max_threads=65535, hint_threads=32
Granted 10 threads to pid 52203 (CPUs 17+10)
Request from pid 52282: max_threads=65535, hint_threads=32
Granted 10 threads to pid 52282 (CPUs 0+0)
Request from pid 52282: max_threads=65535, hint_threads=32
Granted 10 threads to pid 52282 (CPUs 0+0)
Request from pid 52203: max_threads=65535, hint_threads=32
Granted 10 threads to pid 52203 (CPUs 17+10)
Request from pid 52282: max_threads=65535, hint_threads=32
Granted 10 threads to pid 52282 (CPUs 0+0)
Request from pid 52282: max_threads=65535, hint_threads=32
Granted 10 threads to pid 52282 (CPUs 0+0)
Request from pid 52203: max_threads=65535, hint_threads=32
Granted 10 threads to pid 52203 (CPUs 17+10)
Request from pid 52282: max_threads=65535, hint_threads=32
Granted 10 threads to pid 52282 (CPUs 0+0)
Request from pid 52203: max_threads=65535, hint_threads=32
Granted 10 threads to pid 52203 (CPUs 17+10)
Request from pid 52282: max_threads=65535, hint_threads=32
Granted 10 threads to pid 52282 (CPUs 0+0)
Request from pid 52282: max_threads=65535, hint_threads=32
Granted 10 threads to pid 52282 (CPUs 0+0)
Request from pid 52282: max_threads=65535, hint_threads=32
Granted 10 threads to pid 52282 (CPUs 0+0)
Request from pid 52203: max_threads=65535, hint_threads=32
Granted 10 threads to pid 52203 (CPUs 17+10)
Request from pid 52282: max_threads=65535, hint_threads=32
Granted 10 threads to pid 52282 (CPUs 0+0)
Request from pid 52203: max_threads=65535, hint_threads=32
Granted 10 threads to pid 52203 (CPUs 17+10)
Request from pid 52282: max_threads=65535, hint_threads=32
Granted 10 threads to pid 52282 (CPUs 0+0)
Request from pid 52282: max_threads=65535, hint_threads=32
Granted 10 threads to pid 52282 (CPUs 0+0)
Request from pid 52282: max_threads=65535, hint_threads=32
Granted 10 threads to pid 52282 (CPUs 0+0)
Request from pid 52203: max_threads=65535, hint_threads=32
Granted 10 threads to pid 52203 (CPUs 17+10)
Request from pid 52282: max_threads=65535, hint_threads=32
Granted 10 threads to pid 52282 (CPUs 0+0)
Request from pid 52203: max_threads=65535, hint_threads=32
Granted 16 threads to pid 52203 (CPUs 1+16)
Request from pid 52282: max_threads=65535, hint_threads=32
Granted 16 threads to pid 52282 (CPUs 17+16)
Request from pid 52282: max_threads=65535, hint_threads=32
Granted 16 threads to pid 52282 (CPUs 17+16)
Request from pid 52203: max_threads=65535, hint_threads=32
Granted 16 threads to pid 52203 (CPUs 1+16)
Request from pid 52282: max_threads=65535, hint_threads=32
Granted 16 threads to pid 52282 (CPUs 17+16)
Request from pid 52203: max_threads=65535, hint_threads=32
Granted 16 threads to pid 52203 (CPUs 1+16)
Read error: Connection reset by peer (os error 104)
Accepted connection
Handling client
Request from pid 52400: max_threads=65535, hint_threads=32
Granted 10 threads to pid 52400 (CPUs 0+0)
Request from pid 52400: max_threads=65535, hint_threads=32
Granted 10 threads to pid 52400 (CPUs 0+0)
Request from pid 52282: max_threads=65535, hint_threads=32
Granted 10 threads to pid 52282 (CPUs 17+10)
Request from pid 52400: max_threads=65535, hint_threads=32
Granted 10 threads to pid 52400 (CPUs 0+0)
Request from pid 52282: max_threads=65535, hint_threads=32
Granted 10 threads to pid 52282 (CPUs 17+10)
Request from pid 52400: max_threads=65535, hint_threads=32
Granted 10 threads to pid 52400 (CPUs 0+0)
Request from pid 52400: max_threads=65535, hint_threads=32
Granted 10 threads to pid 52400 (CPUs 0+0)
Request from pid 52282: max_threads=65535, hint_threads=32
Granted 10 threads to pid 52282 (CPUs 17+10)
Request from pid 52282: max_threads=65535, hint_threads=32
Granted 10 threads to pid 52282 (CPUs 17+10)
Request from pid 52400: max_threads=65535, hint_threads=32
Granted 10 threads to pid 52400 (CPUs 0+0)
Request from pid 52282: max_threads=65535, hint_threads=32
Granted 10 threads to pid 52282 (CPUs 17+10)
Request from pid 52400: max_threads=65535, hint_threads=32
Granted 10 threads to pid 52400 (CPUs 0+0)
Request from pid 52282: max_threads=65535, hint_threads=32
Granted 10 threads to pid 52282 (CPUs 17+10)
Request from pid 52400: max_threads=65535, hint_threads=32
Granted 10 threads to pid 52400 (CPUs 0+0)
Request from pid 52282: max_threads=65535, hint_threads=32
Granted 10 threads to pid 52282 (CPUs 17+10)
Request from pid 52400: max_threads=65535, hint_threads=32
Granted 10 threads to pid 52400 (CPUs 0+0)
Request from pid 52282: max_threads=65535, hint_threads=32
Granted 10 threads to pid 52282 (CPUs 17+10)
Request from pid 52400: max_threads=65535, hint_threads=32
Granted 10 threads to pid 52400 (CPUs 0+0)
Request from pid 52282: max_threads=65535, hint_threads=32
Granted 10 threads to pid 52282 (CPUs 17+10)
Request from pid 52400: max_threads=65535, hint_threads=32
Granted 10 threads to pid 52400 (CPUs 0+0)
Request from pid 52282: max_threads=65535, hint_threads=32
Granted 10 threads to pid 52282 (CPUs 17+10)
Request from pid 52400: max_threads=65535, hint_threads=32
Granted 10 threads to pid 52400 (CPUs 0+0)
Request from pid 52282: max_threads=65535, hint_threads=32
Granted 10 threads to pid 52282 (CPUs 17+10)
Request from pid 52400: max_threads=65535, hint_threads=32
Granted 10 threads to pid 52400 (CPUs 0+0)
Request from pid 52282: max_threads=65535, hint_threads=32
Granted 10 threads to pid 52282 (CPUs 17+10)
Request from pid 52400: max_threads=65535, hint_threads=32
Granted 10 threads to pid 52400 (CPUs 0+0)
Request from pid 52282: max_threads=65535, hint_threads=32
Granted 10 threads to pid 52282 (CPUs 17+10)
Request from pid 52400: max_threads=65535, hint_threads=32
Granted 10 threads to pid 52400 (CPUs 0+0)
Request from pid 52282: max_threads=65535, hint_threads=32
Granted 10 threads to pid 52282 (CPUs 17+10)
Request from pid 52400: max_threads=65535, hint_threads=32
Granted 10 threads to pid 52400 (CPUs 0+0)
Request from pid 52282: max_threads=65535, hint_threads=32
Granted 10 threads to pid 52282 (CPUs 17+10)
Request from pid 52400: max_threads=65535, hint_threads=32
Granted 10 threads to pid 52400 (CPUs 0+0)
Request from pid 52282: max_threads=65535, hint_threads=32
Granted 10 threads to pid 52282 (CPUs 17+10)
Request from pid 52400: max_threads=65535, hint_threads=32
Granted 10 threads to pid 52400 (CPUs 0+0)
Request from pid 52282: max_threads=65535, hint_threads=32
Granted 10 threads to pid 52282 (CPUs 17+10)
Request from pid 52400: max_threads=65535, hint_threads=32
Granted 10 threads to pid 52400 (CPUs 0+0)
Request from pid 52282: max_threads=65535, hint_threads=32
Granted 10 threads to pid 52282 (CPUs 17+10)
Request from pid 52400: max_threads=65535, hint_threads=32
Granted 10 threads to pid 52400 (CPUs 0+0)
Request from pid 52400: max_threads=65535, hint_threads=32
Granted 16 threads to pid 52400 (CPUs 1+16)
Request from pid 52282: max_threads=65535, hint_threads=32
Granted 16 threads to pid 52282 (CPUs 17+16)
Request from pid 52282: max_threads=65535, hint_threads=32
Granted 16 threads to pid 52282 (CPUs 17+16)
Request from pid 52400: max_threads=65535, hint_threads=32
Granted 16 threads to pid 52400 (CPUs 1+16)
Request from pid 52282: max_threads=65535, hint_threads=32
Granted 16 threads to pid 52282 (CPUs 17+16)
Request from pid 52400: max_threads=65535, hint_threads=32
Granted 16 threads to pid 52400 (CPUs 1+16)
Request from pid 52282: max_threads=65535, hint_threads=32
Granted 16 threads to pid 52282 (CPUs 17+16)
Request from pid 52400: max_threads=65535, hint_threads=32
Granted 16 threads to pid 52400 (CPUs 1+16)
Request from pid 52282: max_threads=65535, hint_threads=32
Granted 16 threads to pid 52282 (CPUs 17+16)
Request from pid 52400: max_threads=65535, hint_threads=32
Granted 16 threads to pid 52400 (CPUs 1+16)
Request from pid 52282: max_threads=65535, hint_threads=32
Granted 16 threads to pid 52282 (CPUs 17+16)
Read error: Connection reset by peer (os error 104)
Accepted connection
Handling client
Request from pid 52481: max_threads=65535, hint_threads=32
Granted 10 threads to pid 52481 (CPUs 0+0)
Request from pid 52400: max_threads=65535, hint_threads=32
Granted 10 threads to pid 52400 (CPUs 1+10)
Request from pid 52481: max_threads=65535, hint_threads=32
Granted 10 threads to pid 52481 (CPUs 0+0)
Request from pid 52400: max_threads=65535, hint_threads=32
Granted 10 threads to pid 52400 (CPUs 1+10)
Request from pid 52481: max_threads=65535, hint_threads=32
Granted 10 threads to pid 52481 (CPUs 0+0)
Request from pid 52400: max_threads=65535, hint_threads=32
Granted 10 threads to pid 52400 (CPUs 1+10)
Request from pid 52481: max_threads=65535, hint_threads=32
Granted 10 threads to pid 52481 (CPUs 0+0)
Request from pid 52481: max_threads=65535, hint_threads=32
Granted 10 threads to pid 52481 (CPUs 0+0)
Request from pid 52400: max_threads=65535, hint_threads=32
Granted 10 threads to pid 52400 (CPUs 1+10)
Request from pid 52481: max_threads=65535, hint_threads=32
Granted 10 threads to pid 52481 (CPUs 0+0)
Request from pid 52400: max_threads=65535, hint_threads=32
Granted 10 threads to pid 52400 (CPUs 1+10)
Request from pid 52481: max_threads=65535, hint_threads=32
Granted 10 threads to pid 52481 (CPUs 0+0)
Request from pid 52400: max_threads=65535, hint_threads=32
Granted 10 threads to pid 52400 (CPUs 1+10)
Request from pid 52400: max_threads=65535, hint_threads=32
Granted 10 threads to pid 52400 (CPUs 1+10)
Request from pid 52481: max_threads=65535, hint_threads=32
Granted 10 threads to pid 52481 (CPUs 0+0)
Request from pid 52400: max_threads=65535, hint_threads=32
Granted 10 threads to pid 52400 (CPUs 1+10)
Request from pid 52481: max_threads=65535, hint_threads=32
Granted 10 threads to pid 52481 (CPUs 0+0)
Request from pid 52400: max_threads=65535, hint_threads=32
Granted 10 threads to pid 52400 (CPUs 1+10)
Request from pid 52481: max_threads=65535, hint_threads=32
Granted 10 threads to pid 52481 (CPUs 0+0)
Request from pid 52400: max_threads=65535, hint_threads=32
Granted 10 threads to pid 52400 (CPUs 1+10)
Request from pid 52481: max_threads=65535, hint_threads=32
Granted 10 threads to pid 52481 (CPUs 0+0)
Request from pid 52400: max_threads=65535, hint_threads=32
Granted 10 threads to pid 52400 (CPUs 1+10)
Request from pid 52481: max_threads=65535, hint_threads=32
Granted 10 threads to pid 52481 (CPUs 0+0)
Request from pid 52400: max_threads=65535, hint_threads=32
Granted 10 threads to pid 52400 (CPUs 1+10)
Request from pid 52481: max_threads=65535, hint_threads=32
Granted 10 threads to pid 52481 (CPUs 0+0)
Request from pid 52400: max_threads=65535, hint_threads=32
Granted 10 threads to pid 52400 (CPUs 1+10)
Request from pid 52481: max_threads=65535, hint_threads=32
Granted 10 threads to pid 52481 (CPUs 0+0)
Request from pid 52400: max_threads=65535, hint_threads=32
Granted 10 threads to pid 52400 (CPUs 1+10)
Request from pid 52481: max_threads=65535, hint_threads=32
Granted 10 threads to pid 52481 (CPUs 0+0)
Request from pid 52400: max_threads=65535, hint_threads=32
Granted 10 threads to pid 52400 (CPUs 1+10)
Request from pid 52481: max_threads=65535, hint_threads=32
Granted 10 threads to pid 52481 (CPUs 0+0)
Request from pid 52400: max_threads=65535, hint_threads=32
Granted 10 threads to pid 52400 (CPUs 1+10)
Request from pid 52481: max_threads=65535, hint_threads=32
Granted 10 threads to pid 52481 (CPUs 0+0)
Request from pid 52400: max_threads=65535, hint_threads=32
Granted 10 threads to pid 52400 (CPUs 1+10)
Request from pid 52481: max_threads=65535, hint_threads=32
Granted 10 threads to pid 52481 (CPUs 0+0)
Request from pid 52400: max_threads=65535, hint_threads=32
Granted 10 threads to pid 52400 (CPUs 1+10)
Request from pid 52481: max_threads=65535, hint_threads=32
Granted 10 threads to pid 52481 (CPUs 0+0)
Request from pid 52400: max_threads=65535, hint_threads=32
Granted 16 threads to pid 52400 (CPUs 1+16)
Request from pid 52481: max_threads=65535, hint_threads=32
Granted 16 threads to pid 52481 (CPUs 17+16)
Request from pid 52400: max_threads=65535, hint_threads=32
Granted 16 threads to pid 52400 (CPUs 1+16)
Request from pid 52481: max_threads=65535, hint_threads=32
Granted 16 threads to pid 52481 (CPUs 17+16)
Request from pid 52400: max_threads=65535, hint_threads=32
Granted 16 threads to pid 52400 (CPUs 1+16)
Request from pid 52481: max_threads=65535, hint_threads=32
Granted 16 threads to pid 52481 (CPUs 17+16)
Request from pid 52400: max_threads=65535, hint_threads=32
Granted 16 threads to pid 52400 (CPUs 1+16)
Read error: Connection reset by peer (os error 104)
Accepted connection
Handling client
Request from pid 52560: max_threads=65535, hint_threads=32
Granted 10 threads to pid 52560 (CPUs 0+0)
Request from pid 52481: max_threads=65535, hint_threads=32
Granted 10 threads to pid 52481 (CPUs 17+10)
Request from pid 52560: max_threads=65535, hint_threads=32
Granted 10 threads to pid 52560 (CPUs 0+0)
Request from pid 52560: max_threads=65535, hint_threads=32
Granted 10 threads to pid 52560 (CPUs 0+0)
Request from pid 52481: max_threads=65535, hint_threads=32
Granted 10 threads to pid 52481 (CPUs 17+10)
Request from pid 52560: max_threads=65535, hint_threads=32
Granted 10 threads to pid 52560 (CPUs 0+0)
Request from pid 52481: max_threads=65535, hint_threads=32
Granted 10 threads to pid 52481 (CPUs 17+10)
Request from pid 52560: max_threads=65535, hint_threads=32
Granted 10 threads to pid 52560 (CPUs 0+0)
Request from pid 52481: max_threads=65535, hint_threads=32
Granted 10 threads to pid 52481 (CPUs 17+10)
Request from pid 52560: max_threads=65535, hint_threads=32
Granted 10 threads to pid 52560 (CPUs 0+0)
Request from pid 52481: max_threads=65535, hint_threads=32
Granted 10 threads to pid 52481 (CPUs 17+10)
Request from pid 52560: max_threads=65535, hint_threads=32
Granted 10 threads to pid 52560 (CPUs 0+0)
Request from pid 52481: max_threads=65535, hint_threads=32
Granted 10 threads to pid 52481 (CPUs 17+10)
Request from pid 52560: max_threads=65535, hint_threads=32
Granted 10 threads to pid 52560 (CPUs 0+0)
Request from pid 52481: max_threads=65535, hint_threads=32
Granted 10 threads to pid 52481 (CPUs 17+10)
Request from pid 52560: max_threads=65535, hint_threads=32
Granted 10 threads to pid 52560 (CPUs 0+0)
Request from pid 52481: max_threads=65535, hint_threads=32
Granted 10 threads to pid 52481 (CPUs 17+10)
Request from pid 52560: max_threads=65535, hint_threads=32
Granted 10 threads to pid 52560 (CPUs 0+0)
Request from pid 52481: max_threads=65535, hint_threads=32
Granted 10 threads to pid 52481 (CPUs 17+10)
Request from pid 52560: max_threads=65535, hint_threads=32
Granted 10 threads to pid 52560 (CPUs 0+0)
Request from pid 52481: max_threads=65535, hint_threads=32
Granted 10 threads to pid 52481 (CPUs 17+10)
Request from pid 52560: max_threads=65535, hint_threads=32
Granted 10 threads to pid 52560 (CPUs 0+0)
Request from pid 52481: max_threads=65535, hint_threads=32
Granted 10 threads to pid 52481 (CPUs 17+10)
Request from pid 52560: max_threads=65535, hint_threads=32
Granted 10 threads to pid 52560 (CPUs 0+0)
Request from pid 52481: max_threads=65535, hint_threads=32
Granted 10 threads to pid 52481 (CPUs 17+10)
Request from pid 52560: max_threads=65535, hint_threads=32
Granted 10 threads to pid 52560 (CPUs 0+0)
Request from pid 52481: max_threads=65535, hint_threads=32
Granted 10 threads to pid 52481 (CPUs 17+10)
Request from pid 52560: max_threads=65535, hint_threads=32
Granted 10 threads to pid 52560 (CPUs 0+0)
Request from pid 52481: max_threads=65535, hint_threads=32
Granted 10 threads to pid 52481 (CPUs 17+10)
Request from pid 52560: max_threads=65535, hint_threads=32
Granted 10 threads to pid 52560 (CPUs 0+0)
Request from pid 52481: max_threads=65535, hint_threads=32
Granted 10 threads to pid 52481 (CPUs 17+10)
Request from pid 52560: max_threads=65535, hint_threads=32
Granted 10 threads to pid 52560 (CPUs 0+0)
Request from pid 52481: max_threads=65535, hint_threads=32
Granted 10 threads to pid 52481 (CPUs 17+10)
Request from pid 52560: max_threads=65535, hint_threads=32
Granted 10 threads to pid 52560 (CPUs 0+0)
Request from pid 52481: max_threads=65535, hint_threads=32
Granted 10 threads to pid 52481 (CPUs 17+10)
Request from pid 52560: max_threads=65535, hint_threads=32
Granted 10 threads to pid 52560 (CPUs 0+0)
Request from pid 52560: max_threads=65535, hint_threads=32
Granted 16 threads to pid 52560 (CPUs 1+16)
Request from pid 52481: max_threads=65535, hint_threads=32
Granted 16 threads to pid 52481 (CPUs 17+16)
Request from pid 52560: max_threads=65535, hint_threads=32
Granted 16 threads to pid 52560 (CPUs 1+16)
Request from pid 52481: max_threads=65535, hint_threads=32
Granted 16 threads to pid 52481 (CPUs 17+16)
Request from pid 52560: max_threads=65535, hint_threads=32
Granted 16 threads to pid 52560 (CPUs 1+16)
Request from pid 52481: max_threads=65535, hint_threads=32
Granted 16 threads to pid 52481 (CPUs 17+16)
Request from pid 52560: max_threads=65535, hint_threads=32
Granted 16 threads to pid 52560 (CPUs 1+16)
Request from pid 52481: max_threads=65535, hint_threads=32
Granted 16 threads to pid 52481 (CPUs 17+16)
Request from pid 52560: max_threads=65535, hint_threads=32
Granted 16 threads to pid 52560 (CPUs 1+16)
Request from pid 52481: max_threads=65535, hint_threads=32
Granted 16 threads to pid 52481 (CPUs 17+16)
Request from pid 52560: max_threads=65535, hint_threads=32
Granted 16 threads to pid 52560 (CPUs 1+16)
Request from pid 52481: max_threads=65535, hint_threads=32
Granted 16 threads to pid 52481 (CPUs 17+16)
Request from pid 52560: max_threads=65535, hint_threads=32
Granted 16 threads to pid 52560 (CPUs 1+16)
Request from pid 52481: max_threads=65535, hint_threads=32
Granted 16 threads to pid 52481 (CPUs 17+16)
Request from pid 52560: max_threads=65535, hint_threads=32
Granted 16 threads to pid 52560 (CPUs 1+16)
Request from pid 52481: max_threads=65535, hint_threads=32
Granted 16 threads to pid 52481 (CPUs 17+16)
Read error: Connection reset by peer (os error 104)
Accepted connection
Handling client
Request from pid 52658: max_threads=65535, hint_threads=32
Granted 10 threads to pid 52658 (CPUs 0+0)
Request from pid 52560: max_threads=65535, hint_threads=32
Granted 10 threads to pid 52560 (CPUs 1+10)
Request from pid 52658: max_threads=65535, hint_threads=32
Granted 10 threads to pid 52658 (CPUs 0+0)
Request from pid 52560: max_threads=65535, hint_threads=32
Granted 10 threads to pid 52560 (CPUs 1+10)
Request from pid 52658: max_threads=65535, hint_threads=32
Granted 10 threads to pid 52658 (CPUs 0+0)
Request from pid 52658: max_threads=65535, hint_threads=32
Granted 10 threads to pid 52658 (CPUs 0+0)
Request from pid 52658: max_threads=65535, hint_threads=32
Granted 10 threads to pid 52658 (CPUs 0+0)
Request from pid 52560: max_threads=65535, hint_threads=32
Granted 10 threads to pid 52560 (CPUs 1+10)
Request from pid 52560: max_threads=65535, hint_threads=32
Granted 10 threads to pid 52560 (CPUs 1+10)
Request from pid 52658: max_threads=65535, hint_threads=32
Granted 10 threads to pid 52658 (CPUs 0+0)
Request from pid 52560: max_threads=65535, hint_threads=32
Granted 10 threads to pid 52560 (CPUs 1+10)
Request from pid 52658: max_threads=65535, hint_threads=32
Granted 10 threads to pid 52658 (CPUs 0+0)
Request from pid 52560: max_threads=65535, hint_threads=32
Granted 10 threads to pid 52560 (CPUs 1+10)
Request from pid 52658: max_threads=65535, hint_threads=32
Granted 10 threads to pid 52658 (CPUs 0+0)
Request from pid 52560: max_threads=65535, hint_threads=32
Granted 10 threads to pid 52560 (CPUs 1+10)
Request from pid 52658: max_threads=65535, hint_threads=32
Granted 10 threads to pid 52658 (CPUs 0+0)
Request from pid 52560: max_threads=65535, hint_threads=32
Granted 10 threads to pid 52560 (CPUs 1+10)
Request from pid 52658: max_threads=65535, hint_threads=32
Granted 10 threads to pid 52658 (CPUs 0+0)
Request from pid 52560: max_threads=65535, hint_threads=32
Granted 10 threads to pid 52560 (CPUs 1+10)
Request from pid 52658: max_threads=65535, hint_threads=32
Granted 10 threads to pid 52658 (CPUs 0+0)
Request from pid 52560: max_threads=65535, hint_threads=32
Granted 10 threads to pid 52560 (CPUs 1+10)
Request from pid 52658: max_threads=65535, hint_threads=32
Granted 10 threads to pid 52658 (CPUs 0+0)
Request from pid 52560: max_threads=65535, hint_threads=32
Granted 10 threads to pid 52560 (CPUs 1+10)
Request from pid 52658: max_threads=65535, hint_threads=32
Granted 10 threads to pid 52658 (CPUs 0+0)
Request from pid 52560: max_threads=65535, hint_threads=32
Granted 10 threads to pid 52560 (CPUs 1+10)
Request from pid 52658: max_threads=65535, hint_threads=32
Granted 10 threads to pid 52658 (CPUs 0+0)
Request from pid 52560: max_threads=65535, hint_threads=32
Granted 10 threads to pid 52560 (CPUs 1+10)
Request from pid 52658: max_threads=65535, hint_threads=32
Granted 10 threads to pid 52658 (CPUs 0+0)
Request from pid 52560: max_threads=65535, hint_threads=32
Granted 10 threads to pid 52560 (CPUs 1+10)
Request from pid 52658: max_threads=65535, hint_threads=32
Granted 10 threads to pid 52658 (CPUs 0+0)
Request from pid 52560: max_threads=65535, hint_threads=32
Granted 10 threads to pid 52560 (CPUs 1+10)
Request from pid 52658: max_threads=65535, hint_threads=32
Granted 10 threads to pid 52658 (CPUs 0+0)
Request from pid 52560: max_threads=65535, hint_threads=32
Granted 10 threads to pid 52560 (CPUs 1+10)
Request from pid 52658: max_threads=65535, hint_threads=32
Granted 10 threads to pid 52658 (CPUs 0+0)
Request from pid 52560: max_threads=65535, hint_threads=32
Granted 10 threads to pid 52560 (CPUs 1+10)
Request from pid 52658: max_threads=65535, hint_threads=32
Granted 10 threads to pid 52658 (CPUs 0+0)
Request from pid 52560: max_threads=65535, hint_threads=32
Granted 10 threads to pid 52560 (CPUs 1+10)
Request from pid 52658: max_threads=65535, hint_threads=32
Granted 16 threads to pid 52658 (CPUs 11+16)
Request from pid 52560: max_threads=65535, hint_threads=32
Granted 16 threads to pid 52560 (CPUs 0+0)
Request from pid 52658: max_threads=65535, hint_threads=32
Granted 16 threads to pid 52658 (CPUs 11+16)
Request from pid 52560: max_threads=65535, hint_threads=32
Granted 16 threads to pid 52560 (CPUs 0+0)
Read error: Connection reset by peer (os error 104)
Accepted connection
Handling client
Request from pid 52868: max_threads=65535, hint_threads=32
Granted 10 threads to pid 52868 (CPUs 1+10)
Request from pid 52658: max_threads=65535, hint_threads=32
Granted 10 threads to pid 52658 (CPUs 11+10)
Request from pid 52868: max_threads=65535, hint_threads=32
Granted 10 threads to pid 52868 (CPUs 1+10)
Request from pid 52658: max_threads=65535, hint_threads=32
Granted 10 threads to pid 52658 (CPUs 11+10)
Request from pid 52868: max_threads=65535, hint_threads=32
Granted 10 threads to pid 52868 (CPUs 1+10)
Request from pid 52658: max_threads=65535, hint_threads=32
Granted 10 threads to pid 52658 (CPUs 11+10)
Request from pid 52868: max_threads=65535, hint_threads=32
Granted 10 threads to pid 52868 (CPUs 1+10)
Request from pid 52868: max_threads=65535, hint_threads=32
Granted 10 threads to pid 52868 (CPUs 1+10)
Request from pid 52658: max_threads=65535, hint_threads=32
Granted 10 threads to pid 52658 (CPUs 11+10)
Request from pid 52868: max_threads=65535, hint_threads=32
Granted 10 threads to pid 52868 (CPUs 1+10)
Request from pid 52658: max_threads=65535, hint_threads=32
Granted 10 threads to pid 52658 (CPUs 11+10)
Request from pid 52658: max_threads=65535, hint_threads=32
Granted 10 threads to pid 52658 (CPUs 11+10)
Request from pid 52868: max_threads=65535, hint_threads=32
Granted 10 threads to pid 52868 (CPUs 1+10)
Request from pid 52658: max_threads=65535, hint_threads=32
Granted 10 threads to pid 52658 (CPUs 11+10)
Request from pid 52868: max_threads=65535, hint_threads=32
Granted 10 threads to pid 52868 (CPUs 1+10)
Request from pid 52658: max_threads=65535, hint_threads=32
Granted 10 threads to pid 52658 (CPUs 11+10)
Request from pid 52868: max_threads=65535, hint_threads=32
Granted 10 threads to pid 52868 (CPUs 1+10)
Request from pid 52658: max_threads=65535, hint_threads=32
Granted 10 threads to pid 52658 (CPUs 11+10)
Request from pid 52868: max_threads=65535, hint_threads=32
Granted 10 threads to pid 52868 (CPUs 1+10)
Request from pid 52658: max_threads=65535, hint_threads=32
Granted 10 threads to pid 52658 (CPUs 11+10)
Request from pid 52868: max_threads=65535, hint_threads=32
Granted 10 threads to pid 52868 (CPUs 1+10)
Request from pid 52658: max_threads=65535, hint_threads=32
Granted 10 threads to pid 52658 (CPUs 11+10)
Request from pid 52868: max_threads=65535, hint_threads=32
Granted 10 threads to pid 52868 (CPUs 1+10)
Request from pid 52868: max_threads=65535, hint_threads=32
Granted 10 threads to pid 52868 (CPUs 1+10)
Request from pid 52658: max_threads=65535, hint_threads=32
Granted 10 threads to pid 52658 (CPUs 11+10)
Request from pid 52868: max_threads=65535, hint_threads=32
Granted 10 threads to pid 52868 (CPUs 1+10)
Request from pid 52658: max_threads=65535, hint_threads=32
Granted 10 threads to pid 52658 (CPUs 11+10)
Request from pid 52868: max_threads=65535, hint_threads=32
Granted 10 threads to pid 52868 (CPUs 1+10)
Request from pid 52658: max_threads=65535, hint_threads=32
Granted 10 threads to pid 52658 (CPUs 11+10)
Request from pid 52868: max_threads=65535, hint_threads=32
Granted 10 threads to pid 52868 (CPUs 1+10)
Request from pid 52658: max_threads=65535, hint_threads=32
Granted 10 threads to pid 52658 (CPUs 11+10)
Request from pid 52868: max_threads=65535, hint_threads=32
Granted 10 threads to pid 52868 (CPUs 1+10)
Request from pid 52658: max_threads=65535, hint_threads=32
Granted 10 threads to pid 52658 (CPUs 11+10)
Request from pid 52868: max_threads=65535, hint_threads=32
Granted 10 threads to pid 52868 (CPUs 1+10)
Request from pid 52658: max_threads=65535, hint_threads=32
Granted 10 threads to pid 52658 (CPUs 11+10)
Request from pid 52868: max_threads=65535, hint_threads=32
Granted 10 threads to pid 52868 (CPUs 1+10)
Request from pid 52658: max_threads=65535, hint_threads=32
Granted 10 threads to pid 52658 (CPUs 11+10)
Request from pid 52868: max_threads=65535, hint_threads=32
Granted 16 threads to pid 52868 (CPUs 0+0)
Request from pid 52658: max_threads=65535, hint_threads=32
Granted 16 threads to pid 52658 (CPUs 1+16)
Request from pid 52868: max_threads=65535, hint_threads=32
Granted 16 threads to pid 52868 (CPUs 17+16)
Request from pid 52658: max_threads=65535, hint_threads=32
Granted 16 threads to pid 52658 (CPUs 1+16)
Request from pid 52868: max_threads=65535, hint_threads=32
Granted 16 threads to pid 52868 (CPUs 17+16)
Request from pid 52658: max_threads=65535, hint_threads=32
Granted 16 threads to pid 52658 (CPUs 1+16)
Request from pid 52868: max_threads=65535, hint_threads=32
Granted 16 threads to pid 52868 (CPUs 17+16)
Request from pid 52658: max_threads=65535, hint_threads=32
Granted 16 threads to pid 52658 (CPUs 1+16)
Request from pid 52868: max_threads=65535, hint_threads=32
Granted 16 threads to pid 52868 (CPUs 17+16)
Request from pid 52658: max_threads=65535, hint_threads=32
Granted 16 threads to pid 52658 (CPUs 1+16)
Request from pid 52868: max_threads=65535, hint_threads=32
Granted 16 threads to pid 52868 (CPUs 17+16)
Request from pid 52658: max_threads=65535, hint_threads=32
Granted 16 threads to pid 52658 (CPUs 1+16)
Request from pid 52868: max_threads=65535, hint_threads=32
Granted 16 threads to pid 52868 (CPUs 17+16)
Request from pid 52658: max_threads=65535, hint_threads=32
Granted 16 threads to pid 52658 (CPUs 1+16)
Request from pid 52868: max_threads=65535, hint_threads=32
Granted 16 threads to pid 52868 (CPUs 17+16)
Request from pid 52658: max_threads=65535, hint_threads=32
Granted 16 threads to pid 52658 (CPUs 1+16)
Read error: Connection reset by peer (os error 104)
Accepted connection
Handling client
Request from pid 52987: max_threads=65535, hint_threads=32
Granted 10 threads to pid 52987 (CPUs 0+0)
Request from pid 52868: max_threads=65535, hint_threads=32
Granted 10 threads to pid 52868 (CPUs 17+10)
Request from pid 52987: max_threads=65535, hint_threads=32
Granted 10 threads to pid 52987 (CPUs 0+0)
Request from pid 52868: max_threads=65535, hint_threads=32
Granted 10 threads to pid 52868 (CPUs 17+10)
Request from pid 52987: max_threads=65535, hint_threads=32
Granted 10 threads to pid 52987 (CPUs 0+0)
Request from pid 52987: max_threads=65535, hint_threads=32
Granted 10 threads to pid 52987 (CPUs 0+0)
Request from pid 52987: max_threads=65535, hint_threads=32
Granted 10 threads to pid 52987 (CPUs 0+0)
Request from pid 52868: max_threads=65535, hint_threads=32
Granted 10 threads to pid 52868 (CPUs 17+10)
Request from pid 52987: max_threads=65535, hint_threads=32
Granted 10 threads to pid 52987 (CPUs 0+0)
Request from pid 52868: max_threads=65535, hint_threads=32
Granted 10 threads to pid 52868 (CPUs 17+10)
Request from pid 52987: max_threads=65535, hint_threads=32
Granted 10 threads to pid 52987 (CPUs 0+0)
Request from pid 52987: max_threads=65535, hint_threads=32
Granted 10 threads to pid 52987 (CPUs 0+0)
Request from pid 52987: max_threads=65535, hint_threads=32
Granted 10 threads to pid 52987 (CPUs 0+0)
Request from pid 52868: max_threads=65535, hint_threads=32
Granted 10 threads to pid 52868 (CPUs 17+10)
Request from pid 52987: max_threads=65535, hint_threads=32
Granted 10 threads to pid 52987 (CPUs 0+0)
Request from pid 52868: max_threads=65535, hint_threads=32
Granted 10 threads to pid 52868 (CPUs 17+10)
Request from pid 52987: max_threads=65535, hint_threads=32
Granted 10 threads to pid 52987 (CPUs 0+0)
Request from pid 52987: max_threads=65535, hint_threads=32
Granted 10 threads to pid 52987 (CPUs 0+0)
Request from pid 52868: max_threads=65535, hint_threads=32
Granted 10 threads to pid 52868 (CPUs 17+10)
Request from pid 52987: max_threads=65535, hint_threads=32
Granted 10 threads to pid 52987 (CPUs 0+0)
Request from pid 52868: max_threads=65535, hint_threads=32
Granted 10 threads to pid 52868 (CPUs 17+10)
Request from pid 52987: max_threads=65535, hint_threads=32
Granted 10 threads to pid 52987 (CPUs 0+0)
Request from pid 52868: max_threads=65535, hint_threads=32
Granted 10 threads to pid 52868 (CPUs 17+10)
Request from pid 52987: max_threads=65535, hint_threads=32
Granted 10 threads to pid 52987 (CPUs 0+0)
Request from pid 52868: max_threads=65535, hint_threads=32
Granted 10 threads to pid 52868 (CPUs 17+10)
Request from pid 52868: max_threads=65535, hint_threads=32
Granted 10 threads to pid 52868 (CPUs 17+10)
Request from pid 52987: max_threads=65535, hint_threads=32
Granted 10 threads to pid 52987 (CPUs 0+0)
Request from pid 52987: max_threads=65535, hint_threads=32
Granted 10 threads to pid 52987 (CPUs 0+0)
Request from pid 52868: max_threads=65535, hint_threads=32
Granted 10 threads to pid 52868 (CPUs 17+10)
Request from pid 52868: max_threads=65535, hint_threads=32
Granted 10 threads to pid 52868 (CPUs 17+10)
Request from pid 52987: max_threads=65535, hint_threads=32
Granted 10 threads to pid 52987 (CPUs 0+0)
Request from pid 52987: max_threads=65535, hint_threads=32
Granted 10 threads to pid 52987 (CPUs 0+0)
Request from pid 52868: max_threads=65535, hint_threads=32
Granted 10 threads to pid 52868 (CPUs 17+10)
Request from pid 52868: max_threads=65535, hint_threads=32
Granted 16 threads to pid 52868 (CPUs 1+16)
Request from pid 52987: max_threads=65535, hint_threads=32
Granted 16 threads to pid 52987 (CPUs 17+16)
Request from pid 52987: max_threads=65535, hint_threads=32
Granted 16 threads to pid 52987 (CPUs 17+16)
Request from pid 52868: max_threads=65535, hint_threads=32
Granted 16 threads to pid 52868 (CPUs 1+16)
Request from pid 52987: max_threads=65535, hint_threads=32
Granted 16 threads to pid 52987 (CPUs 17+16)
Request from pid 52868: max_threads=65535, hint_threads=32
Granted 16 threads to pid 52868 (CPUs 1+16)
Request from pid 52987: max_threads=65535, hint_threads=32
Granted 16 threads to pid 52987 (CPUs 17+16)
Request from pid 52868: max_threads=65535, hint_threads=32
Granted 16 threads to pid 52868 (CPUs 1+16)
Request from pid 52987: max_threads=65535, hint_threads=32
Granted 16 threads to pid 52987 (CPUs 17+16)
Request from pid 52868: max_threads=65535, hint_threads=32
Granted 16 threads to pid 52868 (CPUs 1+16)
Request from pid 52987: max_threads=65535, hint_threads=32
Granted 16 threads to pid 52987 (CPUs 17+16)
Request from pid 52868: max_threads=65535, hint_threads=32
Granted 16 threads to pid 52868 (CPUs 1+16)
Request from pid 52987: max_threads=65535, hint_threads=32
Granted 16 threads to pid 52987 (CPUs 17+16)
Request from pid 52868: max_threads=65535, hint_threads=32
Granted 16 threads to pid 52868 (CPUs 1+16)
Read error: Connection reset by peer (os error 104)
Accepted connection
Handling client
Request from pid 53029: max_threads=65535, hint_threads=32
Granted 10 threads to pid 53029 (CPUs 0+0)
Request from pid 52987: max_threads=65535, hint_threads=32
Granted 10 threads to pid 52987 (CPUs 17+10)
Request from pid 53029: max_threads=65535, hint_threads=32
Granted 10 threads to pid 53029 (CPUs 0+0)
Request from pid 53029: max_threads=65535, hint_threads=32
Granted 10 threads to pid 53029 (CPUs 0+0)
Request from pid 52987: max_threads=65535, hint_threads=32
Granted 10 threads to pid 52987 (CPUs 17+10)
Request from pid 52987: max_threads=65535, hint_threads=32
Granted 10 threads to pid 52987 (CPUs 17+10)
Request from pid 53029: max_threads=65535, hint_threads=32
Granted 10 threads to pid 53029 (CPUs 0+0)
Request from pid 53029: max_threads=65535, hint_threads=32
Granted 10 threads to pid 53029 (CPUs 0+0)
Request from pid 52987: max_threads=65535, hint_threads=32
Granted 10 threads to pid 52987 (CPUs 17+10)
Request from pid 53029: max_threads=65535, hint_threads=32
Granted 10 threads to pid 53029 (CPUs 0+0)
Request from pid 52987: max_threads=65535, hint_threads=32
Granted 10 threads to pid 52987 (CPUs 17+10)
Request from pid 53029: max_threads=65535, hint_threads=32
Granted 10 threads to pid 53029 (CPUs 0+0)
Request from pid 52987: max_threads=65535, hint_threads=32
Granted 10 threads to pid 52987 (CPUs 17+10)
Request from pid 52987: max_threads=65535, hint_threads=32
Granted 10 threads to pid 52987 (CPUs 17+10)
Request from pid 53029: max_threads=65535, hint_threads=32
Granted 10 threads to pid 53029 (CPUs 0+0)
Request from pid 53029: max_threads=65535, hint_threads=32
Granted 10 threads to pid 53029 (CPUs 0+0)
Request from pid 52987: max_threads=65535, hint_threads=32
Granted 10 threads to pid 52987 (CPUs 17+10)
Request from pid 52987: max_threads=65535, hint_threads=32
Granted 10 threads to pid 52987 (CPUs 17+10)
Request from pid 53029: max_threads=65535, hint_threads=32
Granted 10 threads to pid 53029 (CPUs 0+0)
Request from pid 53029: max_threads=65535, hint_threads=32
Granted 10 threads to pid 53029 (CPUs 0+0)
Request from pid 52987: max_threads=65535, hint_threads=32
Granted 10 threads to pid 52987 (CPUs 17+10)
Request from pid 52987: max_threads=65535, hint_threads=32
Granted 10 threads to pid 52987 (CPUs 17+10)
Request from pid 53029: max_threads=65535, hint_threads=32
Granted 10 threads to pid 53029 (CPUs 0+0)
Request from pid 53029: max_threads=65535, hint_threads=32
Granted 10 threads to pid 53029 (CPUs 0+0)
Request from pid 52987: max_threads=65535, hint_threads=32
Granted 10 threads to pid 52987 (CPUs 17+10)
Request from pid 52987: max_threads=65535, hint_threads=32
Granted 10 threads to pid 52987 (CPUs 17+10)
Request from pid 53029: max_threads=65535, hint_threads=32
Granted 10 threads to pid 53029 (CPUs 0+0)
Request from pid 53029: max_threads=65535, hint_threads=32
Granted 10 threads to pid 53029 (CPUs 0+0)
Request from pid 52987: max_threads=65535, hint_threads=32
Granted 10 threads to pid 52987 (CPUs 17+10)
Request from pid 52987: max_threads=65535, hint_threads=32
Granted 10 threads to pid 52987 (CPUs 17+10)
Request from pid 53029: max_threads=65535, hint_threads=32
Granted 10 threads to pid 53029 (CPUs 0+0)
Request from pid 53029: max_threads=65535, hint_threads=32
Granted 10 threads to pid 53029 (CPUs 0+0)
Request from pid 52987: max_threads=65535, hint_threads=32
Granted 10 threads to pid 52987 (CPUs 17+10)
Request from pid 52987: max_threads=65535, hint_threads=32
Granted 10 threads to pid 52987 (CPUs 17+10)
Request from pid 53029: max_threads=65535, hint_threads=32
Granted 10 threads to pid 53029 (CPUs 0+0)
Request from pid 53029: max_threads=65535, hint_threads=32
Granted 10 threads to pid 53029 (CPUs 0+0)
Request from pid 52987: max_threads=65535, hint_threads=32
Granted 10 threads to pid 52987 (CPUs 17+10)
Request from pid 52987: max_threads=65535, hint_threads=32
Granted 10 threads to pid 52987 (CPUs 17+10)
Request from pid 53029: max_threads=65535, hint_threads=32
Granted 16 threads to pid 53029 (CPUs 1+16)
Request from pid 53029: max_threads=65535, hint_threads=32
Granted 16 threads to pid 53029 (CPUs 1+16)
Request from pid 52987: max_threads=65535, hint_threads=32
Granted 16 threads to pid 52987 (CPUs 17+16)
Request from pid 53029: max_threads=65535, hint_threads=32
Granted 16 threads to pid 53029 (CPUs 1+16)
Request from pid 52987: max_threads=65535, hint_threads=32
Granted 16 threads to pid 52987 (CPUs 17+16)
Read error: Connection reset by peer (os error 104)
Accepted connection
Handling client
Request from pid 53148: max_threads=65535, hint_threads=32
Granted 10 threads to pid 53148 (CPUs 0+0)
Request from pid 53029: max_threads=65535, hint_threads=32
Granted 10 threads to pid 53029 (CPUs 1+10)
Request from pid 53148: max_threads=65535, hint_threads=32
Granted 10 threads to pid 53148 (CPUs 0+0)
Request from pid 53148: max_threads=65535, hint_threads=32
Granted 10 threads to pid 53148 (CPUs 0+0)
Request from pid 53029: max_threads=65535, hint_threads=32
Granted 10 threads to pid 53029 (CPUs 1+10)
Request from pid 53148: max_threads=65535, hint_threads=32
Granted 10 threads to pid 53148 (CPUs 0+0)
Request from pid 53148: max_threads=65535, hint_threads=32
Granted 10 threads to pid 53148 (CPUs 0+0)
Request from pid 53029: max_threads=65535, hint_threads=32
Granted 10 threads to pid 53029 (CPUs 1+10)
Request from pid 53148: max_threads=65535, hint_threads=32
Granted 10 threads to pid 53148 (CPUs 0+0)
Request from pid 53148: max_threads=65535, hint_threads=32
Granted 10 threads to pid 53148 (CPUs 0+0)
Request from pid 53029: max_threads=65535, hint_threads=32
Granted 10 threads to pid 53029 (CPUs 1+10)
Request from pid 53148: max_threads=65535, hint_threads=32
Granted 10 threads to pid 53148 (CPUs 0+0)
Request from pid 53029: max_threads=65535, hint_threads=32
Granted 10 threads to pid 53029 (CPUs 1+10)
Request from pid 53148: max_threads=65535, hint_threads=32
Granted 10 threads to pid 53148 (CPUs 0+0)
Request from pid 53148: max_threads=65535, hint_threads=32
Granted 10 threads to pid 53148 (CPUs 0+0)
Request from pid 53148: max_threads=65535, hint_threads=32
Granted 10 threads to pid 53148 (CPUs 0+0)
Request from pid 53029: max_threads=65535, hint_threads=32
Granted 10 threads to pid 53029 (CPUs 1+10)
Request from pid 53148: max_threads=65535, hint_threads=32
Granted 10 threads to pid 53148 (CPUs 0+0)
Request from pid 53029: max_threads=65535, hint_threads=32
Granted 10 threads to pid 53029 (CPUs 1+10)
Request from pid 53148: max_threads=65535, hint_threads=32
Granted 10 threads to pid 53148 (CPUs 0+0)
Request from pid 53148: max_threads=65535, hint_threads=32
Granted 10 threads to pid 53148 (CPUs 0+0)
Request from pid 53148: max_threads=65535, hint_threads=32
Granted 10 threads to pid 53148 (CPUs 0+0)
Request from pid 53029: max_threads=65535, hint_threads=32
Granted 10 threads to pid 53029 (CPUs 1+10)
Request from pid 53148: max_threads=65535, hint_threads=32
Granted 10 threads to pid 53148 (CPUs 0+0)
Request from pid 53029: max_threads=65535, hint_threads=32
Granted 10 threads to pid 53029 (CPUs 1+10)
Request from pid 53148: max_threads=65535, hint_threads=32
Granted 10 threads to pid 53148 (CPUs 0+0)
Request from pid 53148: max_threads=65535, hint_threads=32
Granted 10 threads to pid 53148 (CPUs 0+0)
Request from pid 53029: max_threads=65535, hint_threads=32
Granted 10 threads to pid 53029 (CPUs 1+10)
Request from pid 53148: max_threads=65535, hint_threads=32
Granted 10 threads to pid 53148 (CPUs 0+0)
Request from pid 53148: max_threads=65535, hint_threads=32
Granted 10 threads to pid 53148 (CPUs 0+0)
Request from pid 53029: max_threads=65535, hint_threads=32
Granted 10 threads to pid 53029 (CPUs 1+10)
Request from pid 53148: max_threads=65535, hint_threads=32
Granted 16 threads to pid 53148 (CPUs 11+16)
Request from pid 53148: max_threads=65535, hint_threads=32
Granted 16 threads to pid 53148 (CPUs 11+16)
Request from pid 53029: max_threads=65535, hint_threads=32
Granted 16 threads to pid 53029 (CPUs 0+0)
Request from pid 53029: max_threads=65535, hint_threads=32
Granted 16 threads to pid 53029 (CPUs 0+0)
Request from pid 53148: max_threads=65535, hint_threads=32
Granted 16 threads to pid 53148 (CPUs 11+16)
Request from pid 53029: max_threads=65535, hint_threads=32
Granted 16 threads to pid 53029 (CPUs 0+0)
Request from pid 53148: max_threads=65535, hint_threads=32
Granted 16 threads to pid 53148 (CPUs 11+16)
Request from pid 53029: max_threads=65535, hint_threads=32
Granted 16 threads to pid 53029 (CPUs 0+0)
Request from pid 53148: max_threads=65535, hint_threads=32
Granted 16 threads to pid 53148 (CPUs 11+16)
Request from pid 53029: max_threads=65535, hint_threads=32
Granted 16 threads to pid 53029 (CPUs 0+0)
Request from pid 53148: max_threads=65535, hint_threads=32
Granted 16 threads to pid 53148 (CPUs 11+16)
Request from pid 53148: max_threads=65535, hint_threads=32
Granted 16 threads to pid 53148 (CPUs 11+16)
Request from pid 53029: max_threads=65535, hint_threads=32
Granted 16 threads to pid 53029 (CPUs 0+0)
Request from pid 53148: max_threads=65535, hint_threads=32
Granted 16 threads to pid 53148 (CPUs 11+16)
Request from pid 53029: max_threads=65535, hint_threads=32
Granted 16 threads to pid 53029 (CPUs 0+0)
Request from pid 53148: max_threads=65535, hint_threads=32
Granted 16 threads to pid 53148 (CPUs 11+16)
Request from pid 53029: max_threads=65535, hint_threads=32
Granted 16 threads to pid 53029 (CPUs 0+0)
Request from pid 53148: max_threads=65535, hint_threads=32
Granted 16 threads to pid 53148 (CPUs 11+16)
Request from pid 53029: max_threads=65535, hint_threads=32
Granted 16 threads to pid 53029 (CPUs 0+0)
Request from pid 53148: max_threads=65535, hint_threads=32
Granted 16 threads to pid 53148 (CPUs 11+16)
Request from pid 53029: max_threads=65535, hint_threads=32
Granted 16 threads to pid 53029 (CPUs 0+0)
Request from pid 53148: max_threads=65535, hint_threads=32
Granted 16 threads to pid 53148 (CPUs 11+16)
Request from pid 53029: max_threads=65535, hint_threads=32
Granted 16 threads to pid 53029 (CPUs 0+0)
Request from pid 53148: max_threads=65535, hint_threads=32
Granted 16 threads to pid 53148 (CPUs 11+16)
Request from pid 53029: max_threads=65535, hint_threads=32
Granted 16 threads to pid 53029 (CPUs 0+0)
Request from pid 53148: max_threads=65535, hint_threads=32
Granted 16 threads to pid 53148 (CPUs 11+16)
Request from pid 53029: max_threads=65535, hint_threads=32
Granted 16 threads to pid 53029 (CPUs 0+0)
Request from pid 53148: max_threads=65535, hint_threads=32
Granted 16 threads to pid 53148 (CPUs 11+16)
Request from pid 53029: max_threads=65535, hint_threads=32
Granted 16 threads to pid 53029 (CPUs 0+0)
Read error: Connection reset by peer (os error 104)
Accepted connection
Handling client
Request from pid 53277: max_threads=65535, hint_threads=32
Granted 10 threads to pid 53277 (CPUs 1+10)
Request from pid 53277: max_threads=65535, hint_threads=32
Granted 10 threads to pid 53277 (CPUs 1+10)
Request from pid 53148: max_threads=65535, hint_threads=32
Granted 10 threads to pid 53148 (CPUs 11+10)
Request from pid 53148: max_threads=65535, hint_threads=32
Granted 10 threads to pid 53148 (CPUs 11+10)
Request from pid 53277: max_threads=65535, hint_threads=32
Granted 10 threads to pid 53277 (CPUs 1+10)
Request from pid 53148: max_threads=65535, hint_threads=32
Granted 10 threads to pid 53148 (CPUs 11+10)
Request from pid 53277: max_threads=65535, hint_threads=32
Granted 10 threads to pid 53277 (CPUs 1+10)
Request from pid 53277: max_threads=65535, hint_threads=32
Granted 10 threads to pid 53277 (CPUs 1+10)
Request from pid 53148: max_threads=65535, hint_threads=32
Granted 10 threads to pid 53148 (CPUs 11+10)
Request from pid 53277: max_threads=65535, hint_threads=32
Granted 10 threads to pid 53277 (CPUs 1+10)
Request from pid 53148: max_threads=65535, hint_threads=32
Granted 10 threads to pid 53148 (CPUs 11+10)
Request from pid 53277: max_threads=65535, hint_threads=32
Granted 10 threads to pid 53277 (CPUs 1+10)
Request from pid 53148: max_threads=65535, hint_threads=32
Granted 10 threads to pid 53148 (CPUs 11+10)
Request from pid 53277: max_threads=65535, hint_threads=32
Granted 10 threads to pid 53277 (CPUs 1+10)
Request from pid 53148: max_threads=65535, hint_threads=32
Granted 10 threads to pid 53148 (CPUs 11+10)
Request from pid 53277: max_threads=65535, hint_threads=32
Granted 10 threads to pid 53277 (CPUs 1+10)
Request from pid 53148: max_threads=65535, hint_threads=32
Granted 10 threads to pid 53148 (CPUs 11+10)
Request from pid 53277: max_threads=65535, hint_threads=32
Granted 10 threads to pid 53277 (CPUs 1+10)
Request from pid 53148: max_threads=65535, hint_threads=32
Granted 10 threads to pid 53148 (CPUs 11+10)
Request from pid 53277: max_threads=65535, hint_threads=32
Granted 10 threads to pid 53277 (CPUs 1+10)
Request from pid 53148: max_threads=65535, hint_threads=32
Granted 10 threads to pid 53148 (CPUs 11+10)
Request from pid 53277: max_threads=65535, hint_threads=32
Granted 10 threads to pid 53277 (CPUs 1+10)
Request from pid 53148: max_threads=65535, hint_threads=32
Granted 10 threads to pid 53148 (CPUs 11+10)
Request from pid 53148: max_threads=65535, hint_threads=32
Granted 10 threads to pid 53148 (CPUs 11+10)
Read error: Connection reset by peer (os error 104)
Request from pid 53277: max_threads=65535, hint_threads=32
Granted 10 threads to pid 53277 (CPUs 1+10)
Accepted connection
Handling client
Request from pid 53317: max_threads=65535, hint_threads=32
Granted 8 threads to pid 53317 (CPUs 21+8)
Request from pid 53317: max_threads=65535, hint_threads=32
Granted 8 threads to pid 53317 (CPUs 21+8)
Request from pid 53277: max_threads=65535, hint_threads=32
Granted 8 threads to pid 53277 (CPUs 1+8)
Request from pid 53317: max_threads=65535, hint_threads=32
Granted 8 threads to pid 53317 (CPUs 21+8)
Request from pid 53277: max_threads=65535, hint_threads=32
Granted 8 threads to pid 53277 (CPUs 1+8)
Request from pid 53317: max_threads=65535, hint_threads=32
Granted 8 threads to pid 53317 (CPUs 21+8)
Request from pid 53317: max_threads=65535, hint_threads=32
Granted 8 threads to pid 53317 (CPUs 21+8)
Request from pid 53277: max_threads=65535, hint_threads=32
Granted 8 threads to pid 53277 (CPUs 1+8)
Request from pid 53317: max_threads=65535, hint_threads=32
Granted 8 threads to pid 53317 (CPUs 21+8)
Request from pid 53277: max_threads=65535, hint_threads=32
Granted 8 threads to pid 53277 (CPUs 1+8)
Request from pid 53317: max_threads=65535, hint_threads=32
Granted 10 threads to pid 53317 (CPUs 21+10)
Request from pid 53277: max_threads=65535, hint_threads=32
Granted 10 threads to pid 53277 (CPUs 1+10)
Request from pid 53317: max_threads=65535, hint_threads=32
Granted 10 threads to pid 53317 (CPUs 21+10)
Request from pid 53277: max_threads=65535, hint_threads=32
Granted 10 threads to pid 53277 (CPUs 1+10)
Request from pid 53317: max_threads=65535, hint_threads=32
Granted 10 threads to pid 53317 (CPUs 21+10)
Request from pid 53277: max_threads=65535, hint_threads=32
Granted 10 threads to pid 53277 (CPUs 1+10)
Request from pid 53317: max_threads=65535, hint_threads=32
Granted 10 threads to pid 53317 (CPUs 21+10)
Request from pid 53277: max_threads=65535, hint_threads=32
Granted 10 threads to pid 53277 (CPUs 1+10)
Request from pid 53317: max_threads=65535, hint_threads=32
Granted 10 threads to pid 53317 (CPUs 21+10)
Request from pid 53277: max_threads=65535, hint_threads=32
Granted 10 threads to pid 53277 (CPUs 1+10)
Request from pid 53317: max_threads=65535, hint_threads=32
Granted 10 threads to pid 53317 (CPUs 21+10)
Request from pid 53277: max_threads=65535, hint_threads=32
Granted 10 threads to pid 53277 (CPUs 1+10)
Request from pid 53317: max_threads=65535, hint_threads=32
Granted 10 threads to pid 53317 (CPUs 21+10)
Request from pid 53277: max_threads=65535, hint_threads=32
Granted 10 threads to pid 53277 (CPUs 1+10)
Request from pid 53317: max_threads=65535, hint_threads=32
Granted 10 threads to pid 53317 (CPUs 21+10)
Request from pid 53277: max_threads=65535, hint_threads=32
Granted 10 threads to pid 53277 (CPUs 1+10)
Request from pid 53317: max_threads=65535, hint_threads=32
Granted 10 threads to pid 53317 (CPUs 21+10)
Request from pid 53277: max_threads=65535, hint_threads=32
Granted 10 threads to pid 53277 (CPUs 1+10)
Request from pid 53317: max_threads=65535, hint_threads=32
Granted 10 threads to pid 53317 (CPUs 21+10)
Request from pid 53277: max_threads=65535, hint_threads=32
Granted 10 threads to pid 53277 (CPUs 1+10)
Request from pid 53317: max_threads=65535, hint_threads=32
Granted 10 threads to pid 53317 (CPUs 21+10)
Request from pid 53277: max_threads=65535, hint_threads=32
Granted 10 threads to pid 53277 (CPUs 1+10)
Request from pid 53317: max_threads=65535, hint_threads=32
Granted 10 threads to pid 53317 (CPUs 21+10)
Request from pid 53277: max_threads=65535, hint_threads=32
Granted 10 threads to pid 53277 (CPUs 1+10)
Request from pid 53317: max_threads=65535, hint_threads=32
Granted 10 threads to pid 53317 (CPUs 21+10)
Request from pid 53277: max_threads=65535, hint_threads=32
Granted 16 threads to pid 53277 (CPUs 1+16)
Request from pid 53317: max_threads=65535, hint_threads=32
Granted 16 threads to pid 53317 (CPUs 17+16)
Request from pid 53277: max_threads=65535, hint_threads=32
Granted 16 threads to pid 53277 (CPUs 1+16)
Request from pid 53317: max_threads=65535, hint_threads=32
Granted 16 threads to pid 53317 (CPUs 17+16)
Request from pid 53277: max_threads=65535, hint_threads=32
Granted 16 threads to pid 53277 (CPUs 1+16)
Request from pid 53277: max_threads=65535, hint_threads=32
Granted 16 threads to pid 53277 (CPUs 1+16)
Request from pid 53317: max_threads=65535, hint_threads=32
Granted 16 threads to pid 53317 (CPUs 17+16)
Request from pid 53317: max_threads=65535, hint_threads=32
Granted 16 threads to pid 53317 (CPUs 17+16)
Request from pid 53277: max_threads=65535, hint_threads=32
Granted 16 threads to pid 53277 (CPUs 1+16)
Request from pid 53277: max_threads=65535, hint_threads=32
Granted 16 threads to pid 53277 (CPUs 1+16)
Request from pid 53317: max_threads=65535, hint_threads=32
Granted 16 threads to pid 53317 (CPUs 17+16)
Request from pid 53317: max_threads=65535, hint_threads=32
Granted 16 threads to pid 53317 (CPUs 17+16)
Request from pid 53277: max_threads=65535, hint_threads=32
Granted 16 threads to pid 53277 (CPUs 1+16)
Request from pid 53277: max_threads=65535, hint_threads=32
Granted 16 threads to pid 53277 (CPUs 1+16)
Request from pid 53317: max_threads=65535, hint_threads=32
Granted 16 threads to pid 53317 (CPUs 17+16)
Request from pid 53317: max_threads=65535, hint_threads=32
Granted 16 threads to pid 53317 (CPUs 17+16)
Request from pid 53277: max_threads=65535, hint_threads=32
Granted 16 threads to pid 53277 (CPUs 1+16)
Request from pid 53277: max_threads=65535, hint_threads=32
Granted 16 threads to pid 53277 (CPUs 1+16)
Request from pid 53317: max_threads=65535, hint_threads=32
Granted 16 threads to pid 53317 (CPUs 17+16)
Request from pid 53317: max_threads=65535, hint_threads=32
Granted 16 threads to pid 53317 (CPUs 17+16)
Request from pid 53277: max_threads=65535, hint_threads=32
Granted 16 threads to pid 53277 (CPUs 1+16)
Request from pid 53277: max_threads=65535, hint_threads=32
Granted 16 threads to pid 53277 (CPUs 1+16)
Request from pid 53317: max_threads=65535, hint_threads=32
Granted 16 threads to pid 53317 (CPUs 17+16)
Request from pid 53317: max_threads=65535, hint_threads=32
Granted 16 threads to pid 53317 (CPUs 17+16)
Request from pid 53277: max_threads=65535, hint_threads=32
Granted 16 threads to pid 53277 (CPUs 1+16)
Request from pid 53277: max_threads=65535, hint_threads=32
Granted 16 threads to pid 53277 (CPUs 1+16)
Request from pid 53317: max_threads=65535, hint_threads=32
Granted 16 threads to pid 53317 (CPUs 17+16)
Request from pid 53317: max_threads=65535, hint_threads=32
Granted 16 threads to pid 53317 (CPUs 17+16)
Request from pid 53277: max_threads=65535, hint_threads=32
Granted 16 threads to pid 53277 (CPUs 1+16)
Request from pid 53277: max_threads=65535, hint_threads=32
Granted 16 threads to pid 53277 (CPUs 1+16)
Request from pid 53317: max_threads=65535, hint_threads=32
Granted 16 threads to pid 53317 (CPUs 17+16)
Request from pid 53317: max_threads=65535, hint_threads=32
Granted 16 threads to pid 53317 (CPUs 17+16)
Request from pid 53277: max_threads=65535, hint_threads=32
Granted 16 threads to pid 53277 (CPUs 1+16)
Request from pid 53277: max_threads=65535, hint_threads=32
Granted 16 threads to pid 53277 (CPUs 1+16)
Read error: Connection reset by peer (os error 104)
Request from pid 53317: max_threads=65535, hint_threads=32
Granted 16 threads to pid 53317 (CPUs 17+16)
Accepted connection
Handling client
Request from pid 53437: max_threads=65535, hint_threads=32
Granted 10 threads to pid 53437 (CPUs 0+0)
Request from pid 53317: max_threads=65535, hint_threads=32
Granted 10 threads to pid 53317 (CPUs 17+10)
Request from pid 53437: max_threads=65535, hint_threads=32
Granted 10 threads to pid 53437 (CPUs 0+0)
Request from pid 53437: max_threads=65535, hint_threads=32
Granted 10 threads to pid 53437 (CPUs 0+0)
Request from pid 53317: max_threads=65535, hint_threads=32
Granted 10 threads to pid 53317 (CPUs 17+10)
Request from pid 53317: max_threads=65535, hint_threads=32
Granted 10 threads to pid 53317 (CPUs 17+10)
Request from pid 53437: max_threads=65535, hint_threads=32
Granted 10 threads to pid 53437 (CPUs 0+0)
Request from pid 53437: max_threads=65535, hint_threads=32
Granted 10 threads to pid 53437 (CPUs 0+0)
Request from pid 53317: max_threads=65535, hint_threads=32
Granted 10 threads to pid 53317 (CPUs 17+10)
Request from pid 53437: max_threads=65535, hint_threads=32
Granted 10 threads to pid 53437 (CPUs 0+0)
Request from pid 53317: max_threads=65535, hint_threads=32
Granted 10 threads to pid 53317 (CPUs 17+10)
Request from pid 53437: max_threads=65535, hint_threads=32
Granted 10 threads to pid 53437 (CPUs 0+0)
Request from pid 53317: max_threads=65535, hint_threads=32
Granted 10 threads to pid 53317 (CPUs 17+10)
Request from pid 53437: max_threads=65535, hint_threads=32
Granted 10 threads to pid 53437 (CPUs 0+0)
Request from pid 53317: max_threads=65535, hint_threads=32
Granted 10 threads to pid 53317 (CPUs 17+10)
Request from pid 53437: max_threads=65535, hint_threads=32
Granted 10 threads to pid 53437 (CPUs 0+0)
Request from pid 53317: max_threads=65535, hint_threads=32
Granted 10 threads to pid 53317 (CPUs 17+10)
Request from pid 53437: max_threads=65535, hint_threads=32
Granted 10 threads to pid 53437 (CPUs 0+0)
Request from pid 53317: max_threads=65535, hint_threads=32
Granted 10 threads to pid 53317 (CPUs 17+10)
Request from pid 53437: max_threads=65535, hint_threads=32
Granted 10 threads to pid 53437 (CPUs 0+0)
Request from pid 53317: max_threads=65535, hint_threads=32
Granted 10 threads to pid 53317 (CPUs 17+10)
Request from pid 53317: max_threads=65535, hint_threads=32
Granted 10 threads to pid 53317 (CPUs 17+10)
Read error: Connection reset by peer (os error 104)
Accepted connection
Handling client
Request from pid 53477: max_threads=65535, hint_threads=32
Granted 8 threads to pid 53477 (CPUs 0+0)
Request from pid 53437: max_threads=65535, hint_threads=32
Granted 8 threads to pid 53437 (CPUs 0+0)
Request from pid 53477: max_threads=65535, hint_threads=32
Granted 8 threads to pid 53477 (CPUs 0+0)
Request from pid 53437: max_threads=65535, hint_threads=32
Granted 8 threads to pid 53437 (CPUs 0+0)
Request from pid 53477: max_threads=65535, hint_threads=32
Granted 8 threads to pid 53477 (CPUs 0+0)
Request from pid 53437: max_threads=65535, hint_threads=32
Granted 8 threads to pid 53437 (CPUs 0+0)
Request from pid 53477: max_threads=65535, hint_threads=32
Granted 8 threads to pid 53477 (CPUs 0+0)
Request from pid 53437: max_threads=65535, hint_threads=32
Granted 8 threads to pid 53437 (CPUs 0+0)
Request from pid 53477: max_threads=65535, hint_threads=32
Granted 8 threads to pid 53477 (CPUs 0+0)
Request from pid 53437: max_threads=65535, hint_threads=32
Granted 8 threads to pid 53437 (CPUs 0+0)
Request from pid 53477: max_threads=65535, hint_threads=32
Granted 8 threads to pid 53477 (CPUs 0+0)
Request from pid 53437: max_threads=65535, hint_threads=32
Granted 8 threads to pid 53437 (CPUs 0+0)
Request from pid 53477: max_threads=65535, hint_threads=32
Granted 8 threads to pid 53477 (CPUs 0+0)
Request from pid 53437: max_threads=65535, hint_threads=32
Granted 8 threads to pid 53437 (CPUs 0+0)
Request from pid 53477: max_threads=65535, hint_threads=32
Granted 10 threads to pid 53477 (CPUs 1+10)
Request from pid 53437: max_threads=65535, hint_threads=32
Granted 10 threads to pid 53437 (CPUs 0+0)
Request from pid 53477: max_threads=65535, hint_threads=32
Granted 10 threads to pid 53477 (CPUs 1+10)
Request from pid 53437: max_threads=65535, hint_threads=32
Granted 10 threads to pid 53437 (CPUs 0+0)
Request from pid 53437: max_threads=65535, hint_threads=32
Granted 10 threads to pid 53437 (CPUs 0+0)
Request from pid 53477: max_threads=65535, hint_threads=32
Granted 10 threads to pid 53477 (CPUs 1+10)
Request from pid 53437: max_threads=65535, hint_threads=32
Granted 10 threads to pid 53437 (CPUs 0+0)
Request from pid 53437: max_threads=65535, hint_threads=32
Granted 10 threads to pid 53437 (CPUs 0+0)
Request from pid 53477: max_threads=65535, hint_threads=32
Granted 10 threads to pid 53477 (CPUs 1+10)
Request from pid 53437: max_threads=65535, hint_threads=32
Granted 10 threads to pid 53437 (CPUs 0+0)
Request from pid 53437: max_threads=65535, hint_threads=32
Granted 10 threads to pid 53437 (CPUs 0+0)
Request from pid 53477: max_threads=65535, hint_threads=32
Granted 10 threads to pid 53477 (CPUs 1+10)
Request from pid 53437: max_threads=65535, hint_threads=32
Granted 10 threads to pid 53437 (CPUs 0+0)
Request from pid 53437: max_threads=65535, hint_threads=32
Granted 10 threads to pid 53437 (CPUs 0+0)
Request from pid 53477: max_threads=65535, hint_threads=32
Granted 10 threads to pid 53477 (CPUs 1+10)
Request from pid 53437: max_threads=65535, hint_threads=32
Granted 10 threads to pid 53437 (CPUs 0+0)
Request from pid 53437: max_threads=65535, hint_threads=32
Granted 16 threads to pid 53437 (CPUs 11+16)
Request from pid 53477: max_threads=65535, hint_threads=32
Granted 16 threads to pid 53477 (CPUs 0+0)
Request from pid 53437: max_threads=65535, hint_threads=32
Granted 16 threads to pid 53437 (CPUs 11+16)
Request from pid 53477: max_threads=65535, hint_threads=32
Granted 16 threads to pid 53477 (CPUs 0+0)
Request from pid 53437: max_threads=65535, hint_threads=32
Granted 16 threads to pid 53437 (CPUs 11+16)
Request from pid 53477: max_threads=65535, hint_threads=32
Granted 16 threads to pid 53477 (CPUs 0+0)
Request from pid 53477: max_threads=65535, hint_threads=32
Granted 16 threads to pid 53477 (CPUs 0+0)
Request from pid 53437: max_threads=65535, hint_threads=32
Granted 16 threads to pid 53437 (CPUs 11+16)
Request from pid 53477: max_threads=65535, hint_threads=32
Granted 16 threads to pid 53477 (CPUs 0+0)
Request from pid 53477: max_threads=65535, hint_threads=32
Granted 16 threads to pid 53477 (CPUs 0+0)
Request from pid 53437: max_threads=65535, hint_threads=32
Granted 16 threads to pid 53437 (CPUs 11+16)
Request from pid 53477: max_threads=65535, hint_threads=32
Granted 16 threads to pid 53477 (CPUs 0+0)
Request from pid 53477: max_threads=65535, hint_threads=32
Granted 16 threads to pid 53477 (CPUs 0+0)
Request from pid 53437: max_threads=65535, hint_threads=32
Granted 16 threads to pid 53437 (CPUs 11+16)
Request from pid 53477: max_threads=65535, hint_threads=32
Granted 16 threads to pid 53477 (CPUs 0+0)
Request from pid 53477: max_threads=65535, hint_threads=32
Granted 16 threads to pid 53477 (CPUs 0+0)
Request from pid 53437: max_threads=65535, hint_threads=32
Granted 16 threads to pid 53437 (CPUs 11+16)
Request from pid 53477: max_threads=65535, hint_threads=32
Granted 16 threads to pid 53477 (CPUs 0+0)
Request from pid 53477: max_threads=65535, hint_threads=32
Granted 16 threads to pid 53477 (CPUs 0+0)
Request from pid 53437: max_threads=65535, hint_threads=32
Granted 16 threads to pid 53437 (CPUs 11+16)
Request from pid 53477: max_threads=65535, hint_threads=32
Granted 16 threads to pid 53477 (CPUs 0+0)
Request from pid 53477: max_threads=65535, hint_threads=32
Granted 16 threads to pid 53477 (CPUs 0+0)
Request from pid 53437: max_threads=65535, hint_threads=32
Granted 16 threads to pid 53437 (CPUs 11+16)
Request from pid 53477: max_threads=65535, hint_threads=32
Granted 16 threads to pid 53477 (CPUs 0+0)
Request from pid 53477: max_threads=65535, hint_threads=32
Granted 16 threads to pid 53477 (CPUs 0+0)
Request from pid 53437: max_threads=65535, hint_threads=32
Granted 16 threads to pid 53437 (CPUs 11+16)
Request from pid 53477: max_threads=65535, hint_threads=32
Granted 16 threads to pid 53477 (CPUs 0+0)
Request from pid 53477: max_threads=65535, hint_threads=32
Granted 16 threads to pid 53477 (CPUs 0+0)
Request from pid 53437: max_threads=65535, hint_threads=32
Granted 16 threads to pid 53437 (CPUs 11+16)
Request from pid 53477: max_threads=65535, hint_threads=32
Granted 16 threads to pid 53477 (CPUs 0+0)
Request from pid 53437: max_threads=65535, hint_threads=32
Granted 16 threads to pid 53437 (CPUs 11+16)
Request from pid 53437: max_threads=65535, hint_threads=32
Granted 16 threads to pid 53437 (CPUs 11+16)
Request from pid 53477: max_threads=65535, hint_threads=32
Granted 16 threads to pid 53477 (CPUs 0+0)
Request from pid 53437: max_threads=65535, hint_threads=32
Granted 16 threads to pid 53437 (CPUs 11+16)
Request from pid 53477: max_threads=65535, hint_threads=32
Granted 16 threads to pid 53477 (CPUs 0+0)
Request from pid 53437: max_threads=65535, hint_threads=32
Granted 16 threads to pid 53437 (CPUs 11+16)
Request from pid 53477: max_threads=65535, hint_threads=32
Granted 16 threads to pid 53477 (CPUs 0+0)
Request from pid 53437: max_threads=65535, hint_threads=32
Granted 16 threads to pid 53437 (CPUs 11+16)
Request from pid 53477: max_threads=65535, hint_threads=32
Granted 16 threads to pid 53477 (CPUs 0+0)
Request from pid 53437: max_threads=65535, hint_threads=32
Granted 16 threads to pid 53437 (CPUs 11+16)
Request from pid 53477: max_threads=65535, hint_threads=32
Granted 16 threads to pid 53477 (CPUs 0+0)
Request from pid 53437: max_threads=65535, hint_threads=32
Granted 16 threads to pid 53437 (CPUs 11+16)
Request from pid 53477: max_threads=65535, hint_threads=32
Granted 16 threads to pid 53477 (CPUs 0+0)
Request from pid 53437: max_threads=65535, hint_threads=32
Granted 16 threads to pid 53437 (CPUs 11+16)
Read error: Connection reset by peer (os error 104)
Accepted connection
Handling client
Request from pid 53675: max_threads=65535, hint_threads=32
Granted 10 threads to pid 53675 (CPUs 1+10)
Request from pid 53477: max_threads=65535, hint_threads=32
Granted 10 threads to pid 53477 (CPUs 0+0)
Request from pid 53675: max_threads=65535, hint_threads=32
Granted 10 threads to pid 53675 (CPUs 1+10)
Request from pid 53477: max_threads=65535, hint_threads=32
Granted 10 threads to pid 53477 (CPUs 0+0)
Request from pid 53675: max_threads=65535, hint_threads=32
Granted 10 threads to pid 53675 (CPUs 1+10)
Request from pid 53477: max_threads=65535, hint_threads=32
Granted 10 threads to pid 53477 (CPUs 0+0)
Request from pid 53675: max_threads=65535, hint_threads=32
Granted 10 threads to pid 53675 (CPUs 1+10)
Request from pid 53675: max_threads=65535, hint_threads=32
Granted 10 threads to pid 53675 (CPUs 1+10)
Request from pid 53477: max_threads=65535, hint_threads=32
Granted 10 threads to pid 53477 (CPUs 0+0)
Request from pid 53477: max_threads=65535, hint_threads=32
Granted 10 threads to pid 53477 (CPUs 0+0)
Request from pid 53675: max_threads=65535, hint_threads=32
Granted 10 threads to pid 53675 (CPUs 1+10)
Request from pid 53675: max_threads=65535, hint_threads=32
Granted 10 threads to pid 53675 (CPUs 1+10)
Request from pid 53477: max_threads=65535, hint_threads=32
Granted 10 threads to pid 53477 (CPUs 0+0)
Request from pid 53477: max_threads=65535, hint_threads=32
Granted 10 threads to pid 53477 (CPUs 0+0)
Request from pid 53675: max_threads=65535, hint_threads=32
Granted 10 threads to pid 53675 (CPUs 1+10)
Request from pid 53477: max_threads=65535, hint_threads=32
Granted 10 threads to pid 53477 (CPUs 0+0)
Request from pid 53675: max_threads=65535, hint_threads=32
Granted 10 threads to pid 53675 (CPUs 1+10)
Request from pid 53477: max_threads=65535, hint_threads=32
Granted 16 threads to pid 53477 (CPUs 11+16)
Client closed connection
Accepted connection
Handling client
Request from pid 53720: max_threads=65535, hint_threads=32
Granted 10 threads to pid 53720 (CPUs 0+0)
Request from pid 53675: max_threads=65535, hint_threads=32
Granted 10 threads to pid 53675 (CPUs 1+10)
Request from pid 53720: max_threads=65535, hint_threads=32
Granted 10 threads to pid 53720 (CPUs 0+0)
Request from pid 53675: max_threads=65535, hint_threads=32
Granted 10 threads to pid 53675 (CPUs 1+10)
Request from pid 53720: max_threads=65535, hint_threads=32
Granted 10 threads to pid 53720 (CPUs 0+0)
Request from pid 53675: max_threads=65535, hint_threads=32
Granted 10 threads to pid 53675 (CPUs 1+10)
Request from pid 53720: max_threads=65535, hint_threads=32
Granted 10 threads to pid 53720 (CPUs 0+0)
Request from pid 53720: max_threads=65535, hint_threads=32
Granted 10 threads to pid 53720 (CPUs 0+0)
Request from pid 53675: max_threads=65535, hint_threads=32
Granted 10 threads to pid 53675 (CPUs 1+10)
Request from pid 53720: max_threads=65535, hint_threads=32
Granted 10 threads to pid 53720 (CPUs 0+0)
Request from pid 53675: max_threads=65535, hint_threads=32
Granted 10 threads to pid 53675 (CPUs 1+10)
Request from pid 53675: max_threads=65535, hint_threads=32
Granted 10 threads to pid 53675 (CPUs 1+10)
Request from pid 53720: max_threads=65535, hint_threads=32
Granted 10 threads to pid 53720 (CPUs 0+0)
Request from pid 53675: max_threads=65535, hint_threads=32
Granted 10 threads to pid 53675 (CPUs 1+10)
Request from pid 53720: max_threads=65535, hint_threads=32
Granted 10 threads to pid 53720 (CPUs 0+0)
Request from pid 53675: max_threads=65535, hint_threads=32
Granted 10 threads to pid 53675 (CPUs 1+10)
Request from pid 53720: max_threads=65535, hint_threads=32
Granted 10 threads to pid 53720 (CPUs 0+0)
Request from pid 53675: max_threads=65535, hint_threads=32
Granted 10 threads to pid 53675 (CPUs 1+10)
Request from pid 53720: max_threads=65535, hint_threads=32
Granted 10 threads to pid 53720 (CPUs 0+0)
Request from pid 53675: max_threads=65535, hint_threads=32
Granted 10 threads to pid 53675 (CPUs 1+10)
Request from pid 53720: max_threads=65535, hint_threads=32
Granted 10 threads to pid 53720 (CPUs 0+0)
Request from pid 53720: max_threads=65535, hint_threads=32
Granted 10 threads to pid 53720 (CPUs 0+0)
Request from pid 53675: max_threads=65535, hint_threads=32
Granted 10 threads to pid 53675 (CPUs 1+10)
Request from pid 53720: max_threads=65535, hint_threads=32
Granted 10 threads to pid 53720 (CPUs 0+0)
Request from pid 53675: max_threads=65535, hint_threads=32
Granted 10 threads to pid 53675 (CPUs 1+10)
Request from pid 53720: max_threads=65535, hint_threads=32
Granted 10 threads to pid 53720 (CPUs 0+0)
Request from pid 53675: max_threads=65535, hint_threads=32
Granted 10 threads to pid 53675 (CPUs 1+10)
Request from pid 53720: max_threads=65535, hint_threads=32
Granted 10 threads to pid 53720 (CPUs 0+0)
Request from pid 53675: max_threads=65535, hint_threads=32
Granted 10 threads to pid 53675 (CPUs 1+10)
Request from pid 53720: max_threads=65535, hint_threads=32
Granted 10 threads to pid 53720 (CPUs 0+0)
Request from pid 53675: max_threads=65535, hint_threads=32
Granted 10 threads to pid 53675 (CPUs 1+10)
Request from pid 53720: max_threads=65535, hint_threads=32
Granted 10 threads to pid 53720 (CPUs 0+0)
Request from pid 53675: max_threads=65535, hint_threads=32
Granted 10 threads to pid 53675 (CPUs 1+10)
Request from pid 53720: max_threads=65535, hint_threads=32
Granted 10 threads to pid 53720 (CPUs 0+0)
Request from pid 53675: max_threads=65535, hint_threads=32
Granted 10 threads to pid 53675 (CPUs 1+10)
Request from pid 53720: max_threads=65535, hint_threads=32
Granted 10 threads to pid 53720 (CPUs 0+0)
Request from pid 53675: max_threads=65535, hint_threads=32
Granted 16 threads to pid 53675 (CPUs 1+16)
Request from pid 53675: max_threads=65535, hint_threads=32
Granted 16 threads to pid 53675 (CPUs 1+16)
Request from pid 53720: max_threads=65535, hint_threads=32
Granted 16 threads to pid 53720 (CPUs 17+16)
Request from pid 53675: max_threads=65535, hint_threads=32
Granted 16 threads to pid 53675 (CPUs 1+16)
Request from pid 53720: max_threads=65535, hint_threads=32
Granted 16 threads to pid 53720 (CPUs 17+16)
Request from pid 53720: max_threads=65535, hint_threads=32
Granted 16 threads to pid 53720 (CPUs 17+16)
Request from pid 53720: max_threads=65535, hint_threads=32
Granted 16 threads to pid 53720 (CPUs 17+16)
Request from pid 53675: max_threads=65535, hint_threads=32
Granted 16 threads to pid 53675 (CPUs 1+16)
Request from pid 53720: max_threads=65535, hint_threads=32
Granted 16 threads to pid 53720 (CPUs 17+16)
Request from pid 53675: max_threads=65535, hint_threads=32
Granted 16 threads to pid 53675 (CPUs 1+16)
Request from pid 53720: max_threads=65535, hint_threads=32
Granted 16 threads to pid 53720 (CPUs 17+16)
Request from pid 53675: max_threads=65535, hint_threads=32
Granted 16 threads to pid 53675 (CPUs 1+16)
Request from pid 53720: max_threads=65535, hint_threads=32
Granted 16 threads to pid 53720 (CPUs 17+16)
Request from pid 53675: max_threads=65535, hint_threads=32
Granted 16 threads to pid 53675 (CPUs 1+16)
Request from pid 53720: max_threads=65535, hint_threads=32
Granted 16 threads to pid 53720 (CPUs 17+16)
Request from pid 53720: max_threads=65535, hint_threads=32
Granted 16 threads to pid 53720 (CPUs 17+16)
Request from pid 53675: max_threads=65535, hint_threads=32
Granted 16 threads to pid 53675 (CPUs 1+16)
Request from pid 53720: max_threads=65535, hint_threads=32
Granted 16 threads to pid 53720 (CPUs 17+16)
Request from pid 53675: max_threads=65535, hint_threads=32
Granted 16 threads to pid 53675 (CPUs 1+16)
Request from pid 53720: max_threads=65535, hint_threads=32
Granted 16 threads to pid 53720 (CPUs 17+16)
Request from pid 53675: max_threads=65535, hint_threads=32
Granted 16 threads to pid 53675 (CPUs 1+16)
Request from pid 53720: max_threads=65535, hint_threads=32
Granted 16 threads to pid 53720 (CPUs 17+16)
Request from pid 53675: max_threads=65535, hint_threads=32
Granted 16 threads to pid 53675 (CPUs 1+16)
Request from pid 53720: max_threads=65535, hint_threads=32
Granted 16 threads to pid 53720 (CPUs 17+16)
Request from pid 53675: max_threads=65535, hint_threads=32
Granted 16 threads to pid 53675 (CPUs 1+16)
Request from pid 53720: max_threads=65535, hint_threads=32
Granted 16 threads to pid 53720 (CPUs 17+16)
Request from pid 53675: max_threads=65535, hint_threads=32
Granted 16 threads to pid 53675 (CPUs 1+16)
Request from pid 53720: max_threads=65535, hint_threads=32
Granted 16 threads to pid 53720 (CPUs 17+16)
Request from pid 53675: max_threads=65535, hint_threads=32
Granted 16 threads to pid 53675 (CPUs 1+16)
Request from pid 53720: max_threads=65535, hint_threads=32
Granted 16 threads to pid 53720 (CPUs 17+16)
Request from pid 53675: max_threads=65535, hint_threads=32
Granted 16 threads to pid 53675 (CPUs 1+16)
Request from pid 53720: max_threads=65535, hint_threads=32
Granted 16 threads to pid 53720 (CPUs 17+16)
Request from pid 53675: max_threads=65535, hint_threads=32
Granted 16 threads to pid 53675 (CPUs 1+16)
Request from pid 53720: max_threads=65535, hint_threads=32
Granted 16 threads to pid 53720 (CPUs 17+16)
Request from pid 53675: max_threads=65535, hint_threads=32
Granted 16 threads to pid 53675 (CPUs 1+16)
Request from pid 53720: max_threads=65535, hint_threads=32
Granted 16 threads to pid 53720 (CPUs 17+16)
Request from pid 53675: max_threads=65535, hint_threads=32
Granted 16 threads to pid 53675 (CPUs 1+16)
Request from pid 53720: max_threads=65535, hint_threads=32
Granted 16 threads to pid 53720 (CPUs 17+16)
Request from pid 53675: max_threads=65535, hint_threads=32
Granted 16 threads to pid 53675 (CPUs 1+16)
Request from pid 53720: max_threads=65535, hint_threads=32
Granted 16 threads to pid 53720 (CPUs 17+16)
Request from pid 53675: max_threads=65535, hint_threads=32
Granted 16 threads to pid 53675 (CPUs 1+16)
Request from pid 53720: max_threads=65535, hint_threads=32
Granted 16 threads to pid 53720 (CPUs 17+16)
Request from pid 53675: max_threads=65535, hint_threads=32
Granted 16 threads to pid 53675 (CPUs 1+16)
Read error: Connection reset by peer (os error 104)
Accepted connection
Handling client
Request from pid 53762: max_threads=65535, hint_threads=32
Granted 10 threads to pid 53762 (CPUs 0+0)
Request from pid 53720: max_threads=65535, hint_threads=32
Granted 10 threads to pid 53720 (CPUs 17+10)
Request from pid 53762: max_threads=65535, hint_threads=32
Granted 10 threads to pid 53762 (CPUs 0+0)
Request from pid 53762: max_threads=65535, hint_threads=32
Granted 10 threads to pid 53762 (CPUs 0+0)
Request from pid 53720: max_threads=65535, hint_threads=32
Granted 10 threads to pid 53720 (CPUs 17+10)
Request from pid 53762: max_threads=65535, hint_threads=32
Granted 10 threads to pid 53762 (CPUs 0+0)
Request from pid 53762: max_threads=65535, hint_threads=32
Granted 10 threads to pid 53762 (CPUs 0+0)
Request from pid 53720: max_threads=65535, hint_threads=32
Granted 10 threads to pid 53720 (CPUs 17+10)
Request from pid 53762: max_threads=65535, hint_threads=32
Granted 10 threads to pid 53762 (CPUs 0+0)
Request from pid 53762: max_threads=65535, hint_threads=32
Granted 10 threads to pid 53762 (CPUs 0+0)
Request from pid 53720: max_threads=65535, hint_threads=32
Granted 10 threads to pid 53720 (CPUs 17+10)
Request from pid 53762: max_threads=65535, hint_threads=32
Granted 10 threads to pid 53762 (CPUs 0+0)
Request from pid 53762: max_threads=65535, hint_threads=32
Granted 10 threads to pid 53762 (CPUs 0+0)
Request from pid 53720: max_threads=65535, hint_threads=32
Granted 10 threads to pid 53720 (CPUs 17+10)
Request from pid 53762: max_threads=65535, hint_threads=32
Granted 10 threads to pid 53762 (CPUs 0+0)
Request from pid 53762: max_threads=65535, hint_threads=32
Granted 10 threads to pid 53762 (CPUs 0+0)
Request from pid 53720: max_threads=65535, hint_threads=32
Granted 10 threads to pid 53720 (CPUs 17+10)
Request from pid 53762: max_threads=65535, hint_threads=32
Granted 10 threads to pid 53762 (CPUs 0+0)
Request from pid 53720: max_threads=65535, hint_threads=32
Granted 10 threads to pid 53720 (CPUs 17+10)
Read error: Connection reset by peer (os error 104)
Accepted connection
Handling client
Request from pid 53802: max_threads=65535, hint_threads=32
Granted 8 threads to pid 53802 (CPUs 0+0)
Request from pid 53762: max_threads=65535, hint_threads=32
Granted 8 threads to pid 53762 (CPUs 0+0)
Request from pid 53802: max_threads=65535, hint_threads=32
Granted 8 threads to pid 53802 (CPUs 0+0)
Request from pid 53802: max_threads=65535, hint_threads=32
Granted 8 threads to pid 53802 (CPUs 0+0)
Request from pid 53762: max_threads=65535, hint_threads=32
Granted 8 threads to pid 53762 (CPUs 0+0)
Request from pid 53762: max_threads=65535, hint_threads=32
Granted 8 threads to pid 53762 (CPUs 0+0)
Request from pid 53802: max_threads=65535, hint_threads=32
Granted 8 threads to pid 53802 (CPUs 0+0)
Request from pid 53802: max_threads=65535, hint_threads=32
Granted 8 threads to pid 53802 (CPUs 0+0)
Request from pid 53762: max_threads=65535, hint_threads=32
Granted 8 threads to pid 53762 (CPUs 0+0)
Request from pid 53802: max_threads=65535, hint_threads=32
Granted 8 threads to pid 53802 (CPUs 0+0)
Request from pid 53762: max_threads=65535, hint_threads=32
Granted 8 threads to pid 53762 (CPUs 0+0)
Request from pid 53802: max_threads=65535, hint_threads=32
Granted 8 threads to pid 53802 (CPUs 0+0)
Request from pid 53762: max_threads=65535, hint_threads=32
Granted 8 threads to pid 53762 (CPUs 0+0)
Request from pid 53762: max_threads=65535, hint_threads=32
Granted 10 threads to pid 53762 (CPUs 1+10)
Request from pid 53802: max_threads=65535, hint_threads=32
Granted 10 threads to pid 53802 (CPUs 0+0)
Request from pid 53802: max_threads=65535, hint_threads=32
Granted 10 threads to pid 53802 (CPUs 0+0)
Request from pid 53762: max_threads=65535, hint_threads=32
Granted 10 threads to pid 53762 (CPUs 1+10)
Request from pid 53802: max_threads=65535, hint_threads=32
Granted 10 threads to pid 53802 (CPUs 0+0)
Request from pid 53802: max_threads=65535, hint_threads=32
Granted 10 threads to pid 53802 (CPUs 0+0)
Request from pid 53762: max_threads=65535, hint_threads=32
Granted 10 threads to pid 53762 (CPUs 1+10)
Request from pid 53802: max_threads=65535, hint_threads=32
Granted 10 threads to pid 53802 (CPUs 0+0)
Request from pid 53802: max_threads=65535, hint_threads=32
Granted 10 threads to pid 53802 (CPUs 0+0)
Request from pid 53762: max_threads=65535, hint_threads=32
Granted 10 threads to pid 53762 (CPUs 1+10)
Request from pid 53802: max_threads=65535, hint_threads=32
Granted 10 threads to pid 53802 (CPUs 0+0)
Request from pid 53802: max_threads=65535, hint_threads=32
Granted 10 threads to pid 53802 (CPUs 0+0)
Request from pid 53762: max_threads=65535, hint_threads=32
Granted 10 threads to pid 53762 (CPUs 1+10)
Request from pid 53802: max_threads=65535, hint_threads=32
Granted 10 threads to pid 53802 (CPUs 0+0)
Request from pid 53802: max_threads=65535, hint_threads=32
Granted 10 threads to pid 53802 (CPUs 0+0)
Request from pid 53762: max_threads=65535, hint_threads=32
Granted 10 threads to pid 53762 (CPUs 1+10)
Request from pid 53802: max_threads=65535, hint_threads=32
Granted 10 threads to pid 53802 (CPUs 0+0)
Request from pid 53802: max_threads=65535, hint_threads=32
Granted 16 threads to pid 53802 (CPUs 11+16)
Request from pid 53762: max_threads=65535, hint_threads=32
Granted 16 threads to pid 53762 (CPUs 0+0)
Request from pid 53762: max_threads=65535, hint_threads=32
Granted 16 threads to pid 53762 (CPUs 0+0)
Request from pid 53802: max_threads=65535, hint_threads=32
Granted 16 threads to pid 53802 (CPUs 11+16)
Request from pid 53762: max_threads=65535, hint_threads=32
Granted 16 threads to pid 53762 (CPUs 0+0)
Request from pid 53802: max_threads=65535, hint_threads=32
Granted 16 threads to pid 53802 (CPUs 11+16)
Request from pid 53762: max_threads=65535, hint_threads=32
Granted 16 threads to pid 53762 (CPUs 0+0)
Request from pid 53762: max_threads=65535, hint_threads=32
Granted 16 threads to pid 53762 (CPUs 0+0)
Request from pid 53802: max_threads=65535, hint_threads=32
Granted 16 threads to pid 53802 (CPUs 11+16)
Request from pid 53762: max_threads=65535, hint_threads=32
Granted 16 threads to pid 53762 (CPUs 0+0)
Request from pid 53762: max_threads=65535, hint_threads=32
Granted 16 threads to pid 53762 (CPUs 0+0)
Request from pid 53802: max_threads=65535, hint_threads=32
Granted 16 threads to pid 53802 (CPUs 11+16)
Request from pid 53762: max_threads=65535, hint_threads=32
Granted 16 threads to pid 53762 (CPUs 0+0)
Request from pid 53762: max_threads=65535, hint_threads=32
Granted 16 threads to pid 53762 (CPUs 0+0)
Request from pid 53802: max_threads=65535, hint_threads=32
Granted 16 threads to pid 53802 (CPUs 11+16)
Request from pid 53762: max_threads=65535, hint_threads=32
Granted 16 threads to pid 53762 (CPUs 0+0)
Request from pid 53762: max_threads=65535, hint_threads=32
Granted 16 threads to pid 53762 (CPUs 0+0)
Request from pid 53802: max_threads=65535, hint_threads=32
Granted 16 threads to pid 53802 (CPUs 11+16)
Request from pid 53762: max_threads=65535, hint_threads=32
Granted 16 threads to pid 53762 (CPUs 0+0)
Request from pid 53762: max_threads=65535, hint_threads=32
Granted 16 threads to pid 53762 (CPUs 0+0)
Request from pid 53802: max_threads=65535, hint_threads=32
Granted 16 threads to pid 53802 (CPUs 11+16)
Request from pid 53762: max_threads=65535, hint_threads=32
Granted 16 threads to pid 53762 (CPUs 0+0)
Request from pid 53762: max_threads=65535, hint_threads=32
Granted 16 threads to pid 53762 (CPUs 0+0)
Request from pid 53802: max_threads=65535, hint_threads=32
Granted 16 threads to pid 53802 (CPUs 11+16)
Request from pid 53762: max_threads=65535, hint_threads=32
Granted 16 threads to pid 53762 (CPUs 0+0)
Request from pid 53762: max_threads=65535, hint_threads=32
Granted 16 threads to pid 53762 (CPUs 0+0)
Request from pid 53802: max_threads=65535, hint_threads=32
Granted 16 threads to pid 53802 (CPUs 11+16)
Request from pid 53762: max_threads=65535, hint_threads=32
Granted 16 threads to pid 53762 (CPUs 0+0)
Request from pid 53802: max_threads=65535, hint_threads=32
Granted 16 threads to pid 53802 (CPUs 11+16)
Request from pid 53762: max_threads=65535, hint_threads=32
Granted 16 threads to pid 53762 (CPUs 0+0)
Request from pid 53762: max_threads=65535, hint_threads=32
Granted 16 threads to pid 53762 (CPUs 0+0)
Request from pid 53762: max_threads=65535, hint_threads=32
Granted 16 threads to pid 53762 (CPUs 0+0)
Request from pid 53802: max_threads=65535, hint_threads=32
Granted 16 threads to pid 53802 (CPUs 11+16)
Request from pid 53762: max_threads=65535, hint_threads=32
Granted 16 threads to pid 53762 (CPUs 0+0)
Request from pid 53802: max_threads=65535, hint_threads=32
Granted 16 threads to pid 53802 (CPUs 11+16)
Request from pid 53762: max_threads=65535, hint_threads=32
Granted 16 threads to pid 53762 (CPUs 0+0)
Read error: Connection reset by peer (os error 104)
Request from pid 53802: max_threads=65535, hint_threads=32
Granted 16 threads to pid 53802 (CPUs 11+16)
Request from pid 53802: max_threads=65535, hint_threads=32
Granted 16 threads to pid 53802 (CPUs 11+16)
Request from pid 53802: max_threads=65535, hint_threads=32
Granted 16 threads to pid 53802 (CPUs 11+16)
Request from pid 53802: max_threads=65535, hint_threads=32
Granted 16 threads to pid 53802 (CPUs 11+16)
Request from pid 53802: max_threads=65535, hint_threads=32
Granted 16 threads to pid 53802 (CPUs 11+16)
Request from pid 53802: max_threads=65535, hint_threads=32
Granted 16 threads to pid 53802 (CPUs 11+16)
Request from pid 53802: max_threads=65535, hint_threads=32
Granted 16 threads to pid 53802 (CPUs 11+16)
Request from pid 53802: max_threads=65535, hint_threads=32
Granted 16 threads to pid 53802 (CPUs 11+16)
Request from pid 53802: max_threads=65535, hint_threads=32
Granted 16 threads to pid 53802 (CPUs 11+16)
Request from pid 53802: max_threads=65535, hint_threads=32
Granted 16 threads to pid 53802 (CPUs 11+16)
Request from pid 53802: max_threads=65535, hint_threads=32
Granted 16 threads to pid 53802 (CPUs 11+16)
Request from pid 53802: max_threads=65535, hint_threads=32
Granted 16 threads to pid 53802 (CPUs 11+16)
Request from pid 53802: max_threads=65535, hint_threads=32
Granted 16 threads to pid 53802 (CPUs 11+16)
Request from pid 53802: max_threads=65535, hint_threads=32
Granted 16 threads to pid 53802 (CPUs 11+16)
Request from pid 53802: max_threads=65535, hint_threads=32
Granted 16 threads to pid 53802 (CPUs 11+16)
Request from pid 53802: max_threads=65535, hint_threads=32
Granted 16 threads to pid 53802 (CPUs 11+16)
Read error: Connection reset by peer (os error 104)
Accepted connection
Handling client
Request from pid 53856: max_threads=65535, hint_threads=32
Granted 10 threads to pid 53856 (CPUs 1+10)
Request from pid 53856: max_threads=65535, hint_threads=32
Granted 10 threads to pid 53856 (CPUs 1+10)
Request from pid 53856: max_threads=65535, hint_threads=32
Granted 10 threads to pid 53856 (CPUs 1+10)
Request from pid 53856: max_threads=65535, hint_threads=32
Granted 10 threads to pid 53856 (CPUs 1+10)
Request from pid 53856: max_threads=65535, hint_threads=32
Granted 10 threads to pid 53856 (CPUs 1+10)
Request from pid 53856: max_threads=65535, hint_threads=32
Granted 10 threads to pid 53856 (CPUs 1+10)
Request from pid 53856: max_threads=65535, hint_threads=32
Granted 10 threads to pid 53856 (CPUs 1+10)
Request from pid 53856: max_threads=65535, hint_threads=32
Granted 10 threads to pid 53856 (CPUs 1+10)
Request from pid 53856: max_threads=65535, hint_threads=32
Granted 10 threads to pid 53856 (CPUs 1+10)
Request from pid 53856: max_threads=65535, hint_threads=32
Granted 10 threads to pid 53856 (CPUs 1+10)
Request from pid 53856: max_threads=65535, hint_threads=32
Granted 16 threads to pid 53856 (CPUs 0+0)
Request from pid 53856: max_threads=65535, hint_threads=32
Granted 16 threads to pid 53856 (CPUs 0+0)
Request from pid 53856: max_threads=65535, hint_threads=32
Granted 16 threads to pid 53856 (CPUs 0+0)
Request from pid 53856: max_threads=65535, hint_threads=32
Granted 16 threads to pid 53856 (CPUs 0+0)
Request from pid 53856: max_threads=65535, hint_threads=32
Granted 16 threads to pid 53856 (CPUs 0+0)
Request from pid 53856: max_threads=65535, hint_threads=32
Granted 16 threads to pid 53856 (CPUs 0+0)
Request from pid 53856: max_threads=65535, hint_threads=32
Granted 16 threads to pid 53856 (CPUs 0+0)
Request from pid 53856: max_threads=65535, hint_threads=32
Granted 16 threads to pid 53856 (CPUs 0+0)
Request from pid 53856: max_threads=65535, hint_threads=32
Granted 16 threads to pid 53856 (CPUs 0+0)
Request from pid 53856: max_threads=65535, hint_threads=32
Granted 16 threads to pid 53856 (CPUs 0+0)
Request from pid 53856: max_threads=65535, hint_threads=32
Granted 16 threads to pid 53856 (CPUs 0+0)
Request from pid 53856: max_threads=65535, hint_threads=32
Granted 16 threads to pid 53856 (CPUs 0+0)
Request from pid 53856: max_threads=65535, hint_threads=32
Granted 16 threads to pid 53856 (CPUs 0+0)
Request from pid 53856: max_threads=65535, hint_threads=32
Granted 16 threads to pid 53856 (CPUs 0+0)
Request from pid 53856: max_threads=65535, hint_threads=32
Granted 16 threads to pid 53856 (CPUs 0+0)
Request from pid 53856: max_threads=65535, hint_threads=32
Granted 32 threads to pid 53856 (CPUs 1+32)
Request from pid 53856: max_threads=65535, hint_threads=32
Granted 32 threads to pid 53856 (CPUs 1+32)
Request from pid 53856: max_threads=65535, hint_threads=32
Granted 32 threads to pid 53856 (CPUs 1+32)
Request from pid 53856: max_threads=65535, hint_threads=32
Granted 32 threads to pid 53856 (CPUs 1+32)
Request from pid 53856: max_threads=65535, hint_threads=32
Granted 32 threads to pid 53856 (CPUs 1+32)
Request from pid 53856: max_threads=65535, hint_threads=32
Granted 32 threads to pid 53856 (CPUs 1+32)
Request from pid 53856: max_threads=65535, hint_threads=32
Granted 32 threads to pid 53856 (CPUs 1+32)
Request from pid 53856: max_threads=65535, hint_threads=32
Granted 32 threads to pid 53856 (CPUs 1+32)
Request from pid 53856: max_threads=65535, hint_threads=32
Granted 32 threads to pid 53856 (CPUs 1+32)
Request from pid 53856: max_threads=65535, hint_threads=32
Granted 32 threads to pid 53856 (CPUs 1+32)
Request from pid 53856: max_threads=65535, hint_threads=32
Granted 32 threads to pid 53856 (CPUs 1+32)
Request from pid 53856: max_threads=65535, hint_threads=32
Granted 32 threads to pid 53856 (CPUs 1+32)
Request from pid 53856: max_threads=65535, hint_threads=32
Granted 32 threads to pid 53856 (CPUs 1+32)
Request from pid 53856: max_threads=65535, hint_threads=32
Granted 32 threads to pid 53856 (CPUs 1+32)
Request from pid 53856: max_threads=65535, hint_threads=32
Granted 32 threads to pid 53856 (CPUs 1+32)
Request from pid 53856: max_threads=65535, hint_threads=32
Granted 32 threads to pid 53856 (CPUs 1+32)
Request from pid 53856: max_threads=65535, hint_threads=32
Granted 32 threads to pid 53856 (CPUs 1+32)
Request from pid 53856: max_threads=65535, hint_threads=32
Granted 32 threads to pid 53856 (CPUs 1+32)
Request from pid 53856: max_threads=65535, hint_threads=32
Granted 32 threads to pid 53856 (CPUs 1+32)
Request from pid 53856: max_threads=65535, hint_threads=32
Granted 32 threads to pid 53856 (CPUs 1+32)
Request from pid 53856: max_threads=65535, hint_threads=32
Granted 32 threads to pid 53856 (CPUs 1+32)
Request from pid 53856: max_threads=65535, hint_threads=32
Granted 32 threads to pid 53856 (CPUs 1+32)
Read error: Connection reset by peer (os error 104)
